season,player_code,role,dc,hit,mins,opp_str,own_str,conceded,is_home
2025-2026,247955,FB,14.0,1.0,90,1.2277852348993288,1.0265625,1.0,True
2025-2026,223827,CB,12.0,1.0,90,1.2277852348993288,1.0265625,1.0,True
2025-2026,106611,CB,19.0,1.0,90,1.0117021276595746,1.2333802816901407,1.0,False
2025-2026,224967,FB,11.0,1.0,90,1.0117021276595746,1.2333802816901407,1.0,False
2025-2026,512462,CB,12.0,1.0,82,1.0117021276595746,1.2333802816901407,1.0,False
2025-2026,200834,CB,6.0,0.0,90,1.2277852348993288,1.0265625,1.0,True
2025-2026,17761,CB,9.0,0.0,90,1.0117021276595746,1.2333802816901407,1.0,False
2025-2026,434399,CB,10.0,1.0,90,1.2277852348993288,1.0265625,1.0,True
2025-2026,487676,FB,2.0,0.0,90,1.2277852348993288,1.0265625,1.0,True
2025-2026,122798,FB,9.0,0.0,90,1.241111111111111,1.5653225806451612,0.0,True
2025-2026,97032,CB,10.0,1.0,90,1.241111111111111,1.5653225806451612,0.0,True
2025-2026,492777,FB,8.0,0.0,90,1.241111111111111,1.5653225806451612,0.0,True
2025-2026,204716,CB,15.0,1.0,90,1.241111111111111,1.5653225806451612,0.0,True
2025-2026,199798,FB,10.0,1.0,90,1.6056953642384106,1.2532258064516129,2.0,False
2025-2026,101188,FB,9.0,0.0,74,1.6056953642384106,1.2532258064516129,2.0,False
2025-2026,244954,CB,9.0,0.0,73,1.6056953642384106,1.2532258064516129,2.0,False
2025-2026,199796,FB,7.0,0.0,90,1.6056953642384106,1.2532258064516129,2.0,False
2025-2026,171314,CB,8.0,0.0,90,1.6012587412587411,1.8621383647798742,1.0,True
2025-2026,477424,CB,6.0,0.0,90,1.6012587412587411,1.8621383647798742,1.0,True
2025-2026,221466,CB,24.0,1.0,90,1.8812337662337661,1.598169014084507,3.0,False
2025-2026,494521,FB,16.0,1.0,90,1.8812337662337661,1.598169014084507,3.0,False
2025-2026,551483,FB,9.0,0.0,61,1.8812337662337661,1.598169014084507,3.0,False
2025-2026,242882,CB,9.0,0.0,90,1.8812337662337661,1.598169014084507,3.0,False
2025-2026,472769,FB,6.0,0.0,90,1.6012587412587411,1.8621383647798742,1.0,True
2025-2026,465351,FB,13.0,1.0,90,1.6012587412587411,1.8621383647798742,1.0,True
2025-2026,209036,CB,16.0,1.0,90,1.5676973684210527,1.8621383647798742,2.0,False
2025-2026,437499,CB,11.0,1.0,90,1.565845070422535,1.561027397260274,0.0,True
2025-2026,247348,FB,10.0,1.0,90,1.565845070422535,1.561027397260274,0.0,True
2025-2026,244723,FB,9.0,0.0,90,1.565845070422535,1.561027397260274,0.0,True
2025-2026,444765,CB,15.0,1.0,90,1.5676973684210527,1.5833962264150943,2.0,False
2025-2026,607464,FB,12.0,1.0,66,1.5676973684210527,1.5833962264150943,2.0,False
2025-2026,191866,CB,9.0,0.0,90,1.5676973684210527,1.5833962264150943,2.0,False
2025-2026,432830,CB,16.0,1.0,90,1.5676973684210527,1.5833962264150943,2.0,False
2025-2026,427623,CB,10.0,1.0,90,1.565845070422535,1.561027397260274,0.0,True
2025-2026,613804,FB,16.0,1.0,90,1.5206081081081082,1.2106569343065694,1.0,True
2025-2026,462116,CB,15.0,1.0,90,1.5206081081081082,1.2106569343065694,1.0,True
2025-2026,214590,FB,14.0,1.0,90,1.5206081081081082,1.2106569343065694,1.0,True
2025-2026,214048,CB,9.0,0.0,90,1.5206081081081082,1.2106569343065694,1.0,True
2025-2026,465642,CB,11.0,1.0,90,1.238896551724138,1.461830985915493,3.0,False
2025-2026,78916,CB,7.0,0.0,90,1.238896551724138,1.461830985915493,3.0,False
2025-2026,220237,CB,7.0,0.0,64,1.238896551724138,1.461830985915493,3.0,False
2025-2026,575476,CB,19.0,1.0,90,1.7102097902097901,1.1928571428571428,2.0,True
2025-2026,500151,FB,9.0,0.0,90,1.7102097902097901,1.1928571428571428,2.0,True
2025-2026,209365,CB,11.0,1.0,90,1.1952777777777779,1.7063125,2.0,False
2025-2026,215136,FB,14.0,1.0,90,1.7102097902097901,1.1928571428571428,2.0,True
2025-2026,106760,FB,7.0,0.0,90,1.1952777777777779,1.7063125,2.0,False
2025-2026,216051,FB,10.0,1.0,67,1.1952777777777779,1.7063125,2.0,False
2025-2026,550864,CB,8.0,0.0,76,1.1952777777777779,1.7063125,2.0,False
2025-2026,227444,CB,11.0,1.0,90,1.7102097902097901,1.1928571428571428,2.0,True
2025-2026,226597,CB,12.0,1.0,90,0.8622666666666667,1.7187234042553192,0.0,False
2025-2026,477717,CB,10.0,1.0,90,1.6668918918918918,0.8541558441558441,2.0,True
2025-2026,494960,FB,5.0,0.0,90,1.6668918918918918,0.8541558441558441,2.0,True
2025-2026,462424,CB,11.0,1.0,90,0.8622666666666667,1.7187234042553192,0.0,False
2025-2026,180804,CB,21.0,1.0,90,1.6668918918918918,0.8541558441558441,2.0,True
2025-2026,466075,CB,10.0,1.0,71,0.8622666666666667,1.7187234042553192,0.0,False
2025-2026,445122,FB,7.0,0.0,90,0.8622666666666667,1.7187234042553192,0.0,False
2025-2026,58621,FB,11.0,1.0,90,1.6668918918918918,0.8541558441558441,2.0,True
2025-2026,174874,CB,13.0,1.0,90,0.975608108108108,1.270763358778626,0.0,True
2025-2026,167074,FB,6.0,0.0,90,0.975608108108108,1.270763358778626,0.0,True
2025-2026,232892,CB,5.0,0.0,90,0.975608108108108,1.270763358778626,0.0,True
2025-2026,431248,CB,10.0,1.0,90,1.2529139072847681,0.9484567901234568,3.0,False
2025-2026,231480,CB,16.0,1.0,90,1.2529139072847681,0.9484567901234568,3.0,False
2025-2026,490721,FB,10.0,1.0,90,1.2529139072847681,0.9484567901234568,3.0,False
2025-2026,469142,CB,12.0,1.0,90,1.378445945945946,1.5276335877862597,0.0,True
2025-2026,83299,CB,9.0,0.0,90,1.378445945945946,1.5276335877862597,0.0,True
2025-2026,231416,FB,8.0,0.0,90,1.378445945945946,1.5276335877862597,0.0,True
2025-2026,243526,FB,12.0,1.0,90,1.4670422535211267,1.4740853658536586,3.0,False
2025-2026,214225,CB,11.0,1.0,90,1.4670422535211267,1.4740853658536586,3.0,False
2025-2026,434752,CB,9.0,0.0,90,1.4670422535211267,1.4740853658536586,3.0,False
2025-2026,226182,FB,2.0,0.0,76,1.4670422535211267,1.4740853658536586,3.0,False
2025-2026,482609,FB,11.0,1.0,75,1.0653061224489795,1.7587671232876714,0.0,False
2025-2026,444463,CB,11.0,1.0,88,1.0653061224489795,1.7587671232876714,0.0,False
2025-2026,179268,FB,13.0,1.0,90,1.0653061224489795,1.7587671232876714,0.0,False
2025-2026,225796,FB,17.0,1.0,90,1.0653061224489795,1.7587671232876714,0.0,False
2025-2026,180736,CB,14.0,1.0,90,1.0653061224489795,1.7587671232876714,0.0,False
2025-2026,232859,FB,10.0,1.0,90,1.7197222222222224,1.078201438848921,1.0,True
2025-2026,441164,FB,3.0,0.0,72,1.7197222222222224,1.078201438848921,1.0,True
2025-2026,491279,CB,6.0,0.0,90,1.7197222222222224,1.078201438848921,1.0,True
2025-2026,431248,CB,9.0,0.0,90,1.7197222222222224,0.9484567901234568,3.0,False
2025-2026,523705,FB,10.0,1.0,90,1.7197222222222224,0.9484567901234568,3.0,False
2025-2026,490721,FB,6.0,0.0,90,1.7197222222222224,0.9484567901234568,3.0,False
2025-2026,231480,CB,6.0,0.0,90,1.7197222222222224,0.9484567901234568,3.0,False
2025-2026,510362,CB,3.0,0.0,90,1.7197222222222224,0.9484567901234568,3.0,False
2025-2026,179268,FB,6.0,0.0,90,0.975608108108108,1.7587671232876714,0.0,True
2025-2026,180736,CB,5.0,0.0,90,0.975608108108108,1.7587671232876714,0.0,True
2025-2026,444463,CB,7.0,0.0,90,0.975608108108108,1.7587671232876714,0.0,True
2025-2026,482609,FB,3.0,0.0,76,0.975608108108108,1.7587671232876714,0.0,True
2025-2026,465351,FB,11.0,1.0,90,1.6056953642384106,1.8621383647798742,0.0,True
2025-2026,472769,FB,10.0,1.0,90,1.6056953642384106,1.8621383647798742,0.0,True
2025-2026,171314,CB,7.0,0.0,90,1.6056953642384106,1.8621383647798742,0.0,True
2025-2026,477424,CB,5.0,0.0,90,1.6056953642384106,1.8621383647798742,0.0,True
2025-2026,492777,FB,8.0,0.0,82,1.8812337662337661,1.5653225806451612,3.0,False
2025-2026,97032,CB,4.0,0.0,90,1.8812337662337661,1.5653225806451612,3.0,False
2025-2026,204716,CB,7.0,0.0,90,1.8812337662337661,1.5653225806451612,3.0,False
2025-2026,215136,FB,9.0,0.0,90,1.378445945945946,1.1928571428571428,1.0,True
2025-2026,227444,CB,15.0,1.0,90,1.378445945945946,1.1928571428571428,1.0,True
2025-2026,500151,FB,7.0,0.0,90,1.378445945945946,1.1928571428571428,1.0,True
2025-2026,575476,CB,6.0,0.0,90,1.378445945945946,1.1928571428571428,1.0,True
2025-2026,434752,CB,6.0,0.0,81,1.1952777777777779,1.4740853658536586,3.0,False
2025-2026,214225,CB,9.0,0.0,90,1.1952777777777779,1.4740853658536586,3.0,False
2025-2026,243526,FB,6.0,0.0,81,1.1952777777777779,1.4740853658536586,3.0,False
2025-2026,226182,FB,6.0,0.0,90,1.1952777777777779,1.4740853658536586,3.0,False
2025-2026,101188,FB,4.0,0.0,90,1.6012587412587411,1.2532258064516129,0.0,True
2025-2026,244954,CB,2.0,0.0,90,1.6012587412587411,1.2532258064516129,0.0,True
2025-2026,199798,FB,4.0,0.0,90,1.6012587412587411,1.2532258064516129,0.0,True
2025-2026,199796,FB,5.0,0.0,90,1.6012587412587411,1.2532258064516129,0.0,True
2025-2026,494521,FB,6.0,0.0,62,1.241111111111111,1.598169014084507,4.0,False
2025-2026,221466,CB,14.0,1.0,90,1.241111111111111,1.598169014084507,4.0,False
2025-2026,607464,FB,3.0,0.0,90,1.5206081081081082,1.5833962264150943,1.0,True
2025-2026,472713,FB,6.0,0.0,69,1.5206081081081082,1.5833962264150943,1.0,True
2025-2026,444765,CB,9.0,0.0,90,1.5206081081081082,1.5833962264150943,1.0,True
2025-2026,432830,CB,5.0,0.0,90,1.5206081081081082,1.5833962264150943,1.0,True
2025-2026,465642,CB,15.0,1.0,90,1.565845070422535,1.461830985915493,3.0,False
2025-2026,77794,FB,3.0,0.0,90,1.565845070422535,1.461830985915493,3.0,False
2025-2026,220237,CB,10.0,1.0,90,1.565845070422535,1.461830985915493,3.0,False
2025-2026,78916,CB,14.0,1.0,72,1.565845070422535,1.461830985915493,3.0,False
2025-2026,200834,CB,6.0,0.0,90,1.6668918918918918,1.0265625,2.0,True
2025-2026,223827,CB,7.0,0.0,90,1.6668918918918918,1.0265625,2.0,True
2025-2026,445122,FB,4.0,0.0,90,1.0117021276595746,1.7187234042553192,2.0,False
2025-2026,462424,CB,6.0,0.0,90,1.0117021276595746,1.7187234042553192,2.0,False
2025-2026,247955,FB,7.0,0.0,86,1.6668918918918918,1.0265625,2.0,True
2025-2026,466075,CB,5.0,0.0,90,1.0117021276595746,1.7187234042553192,2.0,False
2025-2026,226597,CB,5.0,0.0,90,1.0117021276595746,1.7187234042553192,2.0,False
2025-2026,487676,FB,5.0,0.0,90,1.6668918918918918,1.0265625,2.0,True
2025-2026,434399,CB,7.0,0.0,90,1.6668918918918918,1.0265625,2.0,True
2025-2026,437499,CB,5.0,0.0,90,1.4670422535211267,1.561027397260274,0.0,True
2025-2026,247348,FB,4.0,0.0,90,1.4670422535211267,1.561027397260274,0.0,True
2025-2026,244723,FB,10.0,1.0,90,1.4670422535211267,1.561027397260274,0.0,True
2025-2026,427623,CB,12.0,1.0,90,1.4670422535211267,1.561027397260274,0.0,True
2025-2026,469142,CB,7.0,0.0,90,1.5676973684210527,1.5276335877862597,0.0,False
2025-2026,651426,CB,15.0,1.0,90,1.4670422535211267,1.561027397260274,0.0,True
2025-2026,83299,CB,6.0,0.0,90,1.5676973684210527,1.5276335877862597,0.0,False
2025-2026,231416,FB,4.0,0.0,90,1.5676973684210527,1.5276335877862597,0.0,False
2025-2026,106611,CB,2.0,0.0,90,1.2529139072847681,1.2333802816901407,0.0,True
2025-2026,224967,FB,7.0,0.0,90,1.2529139072847681,1.2333802816901407,0.0,True
2025-2026,232892,CB,10.0,1.0,90,1.2277852348993288,1.270763358778626,2.0,False
2025-2026,174874,CB,13.0,1.0,90,1.2277852348993288,1.270763358778626,2.0,False
2025-2026,17761,CB,7.0,0.0,90,1.2529139072847681,1.2333802816901407,0.0,True
2025-2026,167074,FB,13.0,1.0,90,1.2277852348993288,1.270763358778626,2.0,False
2025-2026,209365,CB,11.0,1.0,90,1.0653061224489795,1.7063125,2.0,False
2025-2026,221632,CB,7.0,0.0,87,1.7102097902097901,1.078201438848921,2.0,True
2025-2026,596777,FB,7.0,0.0,79,1.0653061224489795,1.7063125,2.0,False
2025-2026,441164,FB,4.0,0.0,66,1.7102097902097901,1.078201438848921,2.0,True
2025-2026,491279,CB,7.0,0.0,90,1.7102097902097901,1.078201438848921,2.0,True
2025-2026,106760,FB,7.0,0.0,90,1.0653061224489795,1.7063125,2.0,False
2025-2026,232859,FB,6.0,0.0,90,1.7102097902097901,1.078201438848921,2.0,True
2025-2026,95658,CB,0.0,0.0,71,1.0653061224489795,1.7063125,2.0,False
2025-2026,613804,FB,7.0,0.0,90,0.8622666666666667,1.2106569343065694,2.0,True
2025-2026,214590,FB,11.0,1.0,90,0.8622666666666667,1.2106569343065694,2.0,True
2025-2026,494960,FB,6.0,0.0,80,1.238896551724138,0.8541558441558441,3.0,False
2025-2026,58621,FB,7.0,0.0,90,1.238896551724138,0.8541558441558441,3.0,False
2025-2026,477717,CB,13.0,1.0,90,1.238896551724138,0.8541558441558441,3.0,False
2025-2026,462116,CB,8.0,0.0,90,0.8622666666666667,1.2106569343065694,2.0,True
2025-2026,214048,CB,7.0,0.0,90,0.8622666666666667,1.2106569343065694,2.0,True
2025-2026,180804,CB,10.0,1.0,90,1.238896551724138,0.8541558441558441,3.0,False
2025-2026,247348,FB,9.0,0.0,90,0.975608108108108,1.561027397260274,0.0,False
2025-2026,437499,CB,8.0,0.0,90,0.975608108108108,1.561027397260274,0.0,False
2025-2026,244723,FB,6.0,0.0,90,0.975608108108108,1.561027397260274,0.0,False
2025-2026,209036,CB,6.0,0.0,90,0.975608108108108,1.8621383647798742,0.0,False
2025-2026,516939,CB,12.0,1.0,90,1.5676973684210527,0.9484567901234568,2.0,True
2025-2026,427623,CB,7.0,0.0,82,0.975608108108108,1.561027397260274,0.0,False
2025-2026,497949,FB,4.0,0.0,87,1.5676973684210527,0.9484567901234568,2.0,True
2025-2026,510362,CB,11.0,1.0,90,1.5676973684210527,0.9484567901234568,2.0,True
2025-2026,431248,CB,8.0,0.0,74,1.5676973684210527,0.9484567901234568,2.0,True
2025-2026,523705,FB,4.0,0.0,90,1.5676973684210527,0.9484567901234568,2.0,True
2025-2026,106611,CB,11.0,1.0,90,1.7102097902097901,1.2333802816901407,0.0,False
2025-2026,106760,FB,6.0,0.0,90,1.2277852348993288,1.7063125,1.0,True
2025-2026,224967,FB,10.0,1.0,90,1.7102097902097901,1.2333802816901407,0.0,False
2025-2026,17761,CB,14.0,1.0,90,1.7102097902097901,1.2333802816901407,0.0,False
2025-2026,512462,CB,6.0,0.0,80,1.7102097902097901,1.2333802816901407,0.0,False
2025-2026,209365,CB,7.0,0.0,90,1.2277852348993288,1.7063125,1.0,True
2025-2026,550864,CB,5.0,0.0,90,1.2277852348993288,1.7063125,1.0,True
2025-2026,469142,CB,5.0,0.0,90,1.565845070422535,1.5276335877862597,1.0,True
2025-2026,444765,CB,11.0,1.0,90,1.4670422535211267,1.5833962264150943,2.0,False
2025-2026,432830,CB,8.0,0.0,90,1.4670422535211267,1.5833962264150943,2.0,False
2025-2026,231416,FB,6.0,0.0,90,1.565845070422535,1.5276335877862597,1.0,True
2025-2026,191866,CB,10.0,1.0,79,1.4670422535211267,1.5833962264150943,2.0,False
2025-2026,607464,FB,4.0,0.0,90,1.4670422535211267,1.5833962264150943,2.0,False
2025-2026,199796,FB,5.0,0.0,90,1.378445945945946,1.2532258064516129,1.0,False
2025-2026,214225,CB,12.0,1.0,90,1.241111111111111,1.4740853658536586,2.0,True
2025-2026,243526,FB,9.0,0.0,90,1.241111111111111,1.4740853658536586,2.0,True
2025-2026,199798,FB,6.0,0.0,90,1.378445945945946,1.2532258064516129,1.0,False
2025-2026,226182,FB,2.0,0.0,90,1.241111111111111,1.4740853658536586,2.0,True
2025-2026,222694,CB,6.0,0.0,90,1.241111111111111,1.4740853658536586,2.0,True
2025-2026,244954,CB,11.0,1.0,90,1.378445945945946,1.2532258064516129,1.0,False
2025-2026,215136,FB,18.0,1.0,90,1.6056953642384106,1.1928571428571428,0.0,False
2025-2026,97032,CB,11.0,1.0,90,1.1952777777777779,1.5653225806451612,3.0,True
2025-2026,575476,CB,19.0,1.0,90,1.6056953642384106,1.1928571428571428,0.0,False
2025-2026,544877,FB,3.0,0.0,67,1.1952777777777779,1.5653225806451612,3.0,True
2025-2026,227444,CB,13.0,1.0,90,1.6056953642384106,1.1928571428571428,0.0,False
2025-2026,500151,FB,7.0,0.0,90,1.6056953642384106,1.1928571428571428,0.0,False
2025-2026,232892,CB,7.0,0.0,90,1.0117021276595746,1.270763358778626,0.0,True
2025-2026,174874,CB,15.0,1.0,90,1.0117021276595746,1.270763358778626,0.0,True
2025-2026,200834,CB,14.0,1.0,90,1.2529139072847681,1.0265625,1.0,False
2025-2026,167074,FB,5.0,0.0,90,1.0117021276595746,1.270763358778626,0.0,True
2025-2026,247955,FB,6.0,0.0,90,1.2529139072847681,1.0265625,1.0,False
2025-2026,434399,CB,8.0,0.0,90,1.2529139072847681,1.0265625,1.0,False
2025-2026,487676,FB,6.0,0.0,89,1.2529139072847681,1.0265625,1.0,False
2025-2026,223827,CB,5.0,0.0,90,1.2529139072847681,1.0265625,1.0,False
2025-2026,58621,FB,8.0,0.0,90,1.7197222222222224,0.8541558441558441,2.0,True
2025-2026,109646,CB,11.0,1.0,90,0.8622666666666667,1.7587671232876714,0.0,False
2025-2026,180736,CB,6.0,0.0,90,0.8622666666666667,1.7587671232876714,0.0,False
2025-2026,180804,CB,7.0,0.0,90,1.7197222222222224,0.8541558441558441,2.0,True
2025-2026,179268,FB,4.0,0.0,90,0.8622666666666667,1.7587671232876714,0.0,False
2025-2026,494960,FB,7.0,0.0,90,1.7197222222222224,0.8541558441558441,2.0,True
2025-2026,477717,CB,12.0,1.0,90,1.7197222222222224,0.8541558441558441,2.0,True
2025-2026,214590,FB,11.0,1.0,90,1.6012587412587411,1.2106569343065694,2.0,False
2025-2026,613804,FB,10.0,1.0,90,1.6012587412587411,1.2106569343065694,2.0,False
2025-2026,221466,CB,5.0,0.0,90,1.238896551724138,1.598169014084507,2.0,True
2025-2026,462116,CB,10.0,1.0,90,1.6012587412587411,1.2106569343065694,2.0,False
2025-2026,214048,CB,11.0,1.0,90,1.6012587412587411,1.2106569343065694,2.0,False
2025-2026,494521,FB,4.0,0.0,90,1.238896551724138,1.598169014084507,2.0,True
2025-2026,466075,CB,7.0,0.0,90,1.0653061224489795,1.7187234042553192,1.0,True
2025-2026,448104,CB,6.0,0.0,87,1.0653061224489795,1.7187234042553192,1.0,True
2025-2026,487053,FB,6.0,0.0,90,1.6668918918918918,1.078201438848921,4.0,False
2025-2026,491279,CB,7.0,0.0,90,1.6668918918918918,1.078201438848921,4.0,False
2025-2026,221632,CB,13.0,1.0,90,1.6668918918918918,1.078201438848921,4.0,False
2025-2026,445122,FB,1.0,0.0,90,1.0653061224489795,1.7187234042553192,1.0,True
2025-2026,462424,CB,5.0,0.0,90,1.0653061224489795,1.7187234042553192,1.0,True
2025-2026,232859,FB,5.0,0.0,77,1.6668918918918918,1.078201438848921,4.0,False
2025-2026,171314,CB,4.0,0.0,90,1.5206081081081082,1.8621383647798742,2.0,False
2025-2026,465642,CB,10.0,1.0,90,1.8812337662337661,1.461830985915493,1.0,True
2025-2026,119471,CB,13.0,1.0,90,1.8812337662337661,1.461830985915493,1.0,True
2025-2026,472769,FB,2.0,0.0,90,1.5206081081081082,1.8621383647798742,2.0,False
2025-2026,477424,CB,6.0,0.0,90,1.5206081081081082,1.8621383647798742,2.0,False
2025-2026,487838,FB,5.0,0.0,76,1.8812337662337661,1.461830985915493,1.0,True
2025-2026,465351,FB,9.0,0.0,90,1.5206081081081082,1.8621383647798742,2.0,False
2025-2026,441191,FB,8.0,0.0,90,1.8812337662337661,1.461830985915493,1.0,True
2025-2026,432830,CB,22.0,1.0,90,0.8622666666666667,1.5833962264150943,1.0,True
2025-2026,607464,FB,9.0,0.0,90,0.8622666666666667,1.5833962264150943,1.0,True
2025-2026,444765,CB,8.0,0.0,90,0.8622666666666667,1.5833962264150943,1.0,True
2025-2026,494960,FB,12.0,1.0,90,1.565845070422535,0.8541558441558441,3.0,False
2025-2026,472713,FB,10.0,1.0,73,0.8622666666666667,1.5833962264150943,1.0,True
2025-2026,477717,CB,11.0,1.0,90,1.565845070422535,0.8541558441558441,3.0,False
2025-2026,180804,CB,7.0,0.0,90,1.565845070422535,0.8541558441558441,3.0,False
2025-2026,58621,FB,12.0,1.0,90,1.565845070422535,0.8541558441558441,3.0,False
2025-2026,97032,CB,7.0,0.0,90,1.238896551724138,1.5653225806451612,0.0,False
2025-2026,171287,FB,6.0,0.0,90,1.238896551724138,1.5653225806451612,0.0,False
2025-2026,204716,CB,13.0,1.0,90,1.238896551724138,1.5653225806451612,0.0,False
2025-2026,544877,FB,5.0,0.0,84,1.238896551724138,1.5653225806451612,0.0,False
2025-2026,233963,CB,10.0,1.0,90,1.6056953642384106,1.2106569343065694,2.0,True
2025-2026,462116,CB,5.0,0.0,90,1.6056953642384106,1.2106569343065694,2.0,True
2025-2026,613804,FB,6.0,0.0,90,1.6056953642384106,1.2106569343065694,2.0,True
2025-2026,214590,FB,6.0,0.0,90,1.6056953642384106,1.2106569343065694,2.0,True
2025-2026,171314,CB,1.0,0.0,90,1.378445945945946,1.8621383647798742,2.0,True
2025-2026,220627,CB,5.0,0.0,68,1.8812337662337661,1.4740853658536586,3.0,False
2025-2026,465351,FB,4.0,0.0,90,1.378445945945946,1.8621383647798742,2.0,True
2025-2026,214225,CB,9.0,0.0,90,1.8812337662337661,1.4740853658536586,3.0,False
2025-2026,226182,FB,3.0,0.0,90,1.8812337662337661,1.4740853658536586,3.0,False
2025-2026,222694,CB,10.0,1.0,90,1.8812337662337661,1.4740853658536586,3.0,False
2025-2026,472769,FB,8.0,0.0,90,1.378445945945946,1.8621383647798742,2.0,True
2025-2026,477424,CB,4.0,0.0,90,1.378445945945946,1.8621383647798742,2.0,True
2025-2026,465730,FB,3.0,0.0,83,1.1952777777777779,1.5276335877862597,0.0,False
2025-2026,231416,FB,7.0,0.0,90,1.1952777777777779,1.5276335877862597,0.0,False
2025-2026,469142,CB,4.0,0.0,90,1.1952777777777779,1.5276335877862597,0.0,False
2025-2026,485047,CB,13.0,1.0,90,1.4670422535211267,1.1928571428571428,2.0,True
2025-2026,227444,CB,5.0,0.0,90,1.4670422535211267,1.1928571428571428,2.0,True
2025-2026,215136,FB,8.0,0.0,90,1.4670422535211267,1.1928571428571428,2.0,True
2025-2026,83299,CB,7.0,0.0,90,1.1952777777777779,1.5276335877862597,0.0,False
2025-2026,500151,FB,3.0,0.0,90,1.4670422535211267,1.1928571428571428,2.0,True
2025-2026,482609,FB,6.0,0.0,90,1.6668918918918918,1.7587671232876714,1.0,True
2025-2026,225796,FB,3.0,0.0,90,1.6668918918918918,1.7587671232876714,1.0,True
2025-2026,180736,CB,7.0,0.0,90,1.6668918918918918,1.7587671232876714,1.0,True
2025-2026,445122,FB,6.0,0.0,90,1.7197222222222224,1.7187234042553192,1.0,False
2025-2026,444463,CB,13.0,1.0,90,1.6668918918918918,1.7587671232876714,1.0,True
2025-2026,500040,CB,5.0,0.0,90,1.7197222222222224,1.7187234042553192,1.0,False
2025-2026,448104,CB,6.0,0.0,90,1.7197222222222224,1.7187234042553192,1.0,False
2025-2026,179268,FB,8.0,0.0,90,1.6668918918918918,1.7587671232876714,1.0,True
2025-2026,167074,FB,18.0,1.0,90,1.0653061224489795,1.270763358778626,1.0,False
2025-2026,174874,CB,15.0,1.0,90,1.0653061224489795,1.270763358778626,1.0,False
2025-2026,441164,FB,7.0,0.0,90,1.2529139072847681,1.078201438848921,2.0,True
2025-2026,135720,CB,10.0,1.0,90,1.2529139072847681,1.078201438848921,2.0,True
2025-2026,232892,CB,10.0,1.0,90,1.0653061224489795,1.270763358778626,1.0,False
2025-2026,487053,FB,5.0,0.0,84,1.2529139072847681,1.078201438848921,2.0,True
2025-2026,491279,CB,7.0,0.0,90,1.2529139072847681,1.078201438848921,2.0,True
2025-2026,216051,FB,5.0,0.0,90,1.5676973684210527,1.7063125,1.0,False
2025-2026,106760,FB,8.0,0.0,81,1.5676973684210527,1.7063125,1.0,False
2025-2026,209365,CB,6.0,0.0,90,1.5676973684210527,1.7063125,1.0,False
2025-2026,247348,FB,7.0,0.0,90,1.7102097902097901,1.561027397260274,2.0,True
2025-2026,427623,CB,9.0,0.0,90,1.7102097902097901,1.561027397260274,2.0,True
2025-2026,437499,CB,14.0,1.0,90,1.7102097902097901,1.561027397260274,2.0,True
2025-2026,209036,CB,5.0,0.0,90,1.5676973684210527,1.8621383647798742,1.0,False
2025-2026,244723,FB,5.0,0.0,84,1.7102097902097901,1.561027397260274,2.0,True
2025-2026,441191,FB,9.0,0.0,90,1.2277852348993288,1.461830985915493,1.0,False
2025-2026,106611,CB,11.0,1.0,90,1.5206081081081082,1.2333802816901407,4.0,True
2025-2026,512462,CB,5.0,0.0,90,1.5206081081081082,1.2333802816901407,4.0,True
2025-2026,224967,FB,11.0,1.0,90,1.5206081081081082,1.2333802816901407,4.0,True
2025-2026,465642,CB,6.0,0.0,90,1.2277852348993288,1.461830985915493,1.0,False
2025-2026,487838,FB,4.0,0.0,89,1.2277852348993288,1.461830985915493,1.0,False
2025-2026,78916,CB,9.0,0.0,90,1.2277852348993288,1.461830985915493,1.0,False
2025-2026,17761,CB,7.0,0.0,90,1.5206081081081082,1.2333802816901407,4.0,True
2025-2026,221466,CB,14.0,1.0,90,1.0117021276595746,1.598169014084507,3.0,False
2025-2026,434399,CB,5.0,0.0,90,1.6012587412587411,1.0265625,2.0,True
2025-2026,494521,FB,7.0,0.0,90,1.0117021276595746,1.598169014084507,3.0,False
2025-2026,200834,CB,9.0,0.0,90,1.6012587412587411,1.0265625,2.0,True
2025-2026,223827,CB,10.0,1.0,90,1.6012587412587411,1.0265625,2.0,True
2025-2026,242882,CB,7.0,0.0,90,1.0117021276595746,1.598169014084507,3.0,False
2025-2026,201895,CB,9.0,0.0,90,1.6012587412587411,1.0265625,2.0,True
2025-2026,54469,FB,3.0,0.0,79,1.0117021276595746,1.598169014084507,3.0,False
2025-2026,199798,FB,9.0,0.0,90,0.975608108108108,1.2532258064516129,0.0,True
2025-2026,101188,FB,4.0,0.0,90,0.975608108108108,1.2532258064516129,0.0,True
2025-2026,199796,FB,5.0,0.0,90,0.975608108108108,1.2532258064516129,0.0,True
2025-2026,244954,CB,5.0,0.0,90,0.975608108108108,1.2532258064516129,0.0,True
2025-2026,510362,CB,12.0,1.0,90,1.241111111111111,0.9484567901234568,1.0,False
2025-2026,523705,FB,4.0,0.0,90,1.241111111111111,0.9484567901234568,1.0,False
2025-2026,516939,CB,8.0,0.0,90,1.241111111111111,0.9484567901234568,1.0,False
2025-2026,501837,CB,3.0,0.0,76,1.241111111111111,0.9484567901234568,1.0,False
2025-2026,497949,FB,2.0,0.0,76,1.241111111111111,0.9484567901234568,1.0,False
2025-2026,17761,CB,10.0,1.0,90,1.6012587412587411,1.2333802816901407,0.0,False
2025-2026,512462,CB,8.0,0.0,90,1.6012587412587411,1.2333802816901407,0.0,False
2025-2026,494521,FB,13.0,1.0,90,1.2277852348993288,1.598169014084507,1.0,True
2025-2026,224967,FB,6.0,0.0,90,1.6012587412587411,1.2333802816901407,0.0,False
2025-2026,551483,FB,11.0,1.0,90,1.2277852348993288,1.598169014084507,1.0,True
2025-2026,242882,CB,10.0,1.0,90,1.2277852348993288,1.598169014084507,1.0,True
2025-2026,465351,FB,11.0,1.0,90,1.2529139072847681,1.8621383647798742,4.0,False
2025-2026,477424,CB,8.0,0.0,90,1.2529139072847681,1.8621383647798742,4.0,False
2025-2026,171314,CB,8.0,0.0,90,1.2529139072847681,1.8621383647798742,4.0,False
2025-2026,472769,FB,8.0,0.0,90,1.2529139072847681,1.8621383647798742,4.0,False
2025-2026,232892,CB,13.0,1.0,90,1.8812337662337661,1.270763358778626,5.0,True
2025-2026,174874,CB,8.0,0.0,90,1.8812337662337661,1.270763358778626,5.0,True
2025-2026,221632,CB,12.0,1.0,90,1.5206081081081082,1.078201438848921,2.0,False
2025-2026,78916,CB,14.0,1.0,90,1.0653061224489795,1.461830985915493,2.0,True
2025-2026,135720,CB,15.0,1.0,90,1.5206081081081082,1.078201438848921,2.0,False
2025-2026,487838,FB,11.0,1.0,90,1.0653061224489795,1.461830985915493,2.0,True
2025-2026,441191,FB,12.0,1.0,90,1.0653061224489795,1.461830985915493,2.0,True
2025-2026,441164,FB,9.0,0.0,90,1.5206081081081082,1.078201438848921,2.0,False
2025-2026,465642,CB,4.0,0.0,90,1.0653061224489795,1.461830985915493,2.0,True
2025-2026,487053,FB,3.0,0.0,90,1.5206081081081082,1.078201438848921,2.0,False
2025-2026,198869,FB,13.0,1.0,90,1.565845070422535,1.7187234042553192,0.0,True
2025-2026,466075,CB,9.0,0.0,90,1.565845070422535,1.7187234042553192,0.0,True
2025-2026,448104,CB,10.0,1.0,90,1.565845070422535,1.7187234042553192,0.0,True
2025-2026,194010,FB,2.0,0.0,73,1.6668918918918918,1.5833962264150943,2.0,False
2025-2026,607464,FB,8.0,0.0,90,1.6668918918918918,1.5833962264150943,2.0,False
2025-2026,444765,CB,7.0,0.0,90,1.6668918918918918,1.5833962264150943,2.0,False
2025-2026,191866,CB,6.0,0.0,90,1.6668918918918918,1.5833962264150943,2.0,False
2025-2026,485047,CB,5.0,0.0,90,0.975608108108108,1.1928571428571428,0.0,False
2025-2026,227444,CB,9.0,0.0,90,0.975608108108108,1.1928571428571428,0.0,False
2025-2026,215136,FB,5.0,0.0,90,0.975608108108108,1.1928571428571428,0.0,False
2025-2026,497949,FB,7.0,0.0,90,1.1952777777777779,0.9484567901234568,1.0,True
2025-2026,500151,FB,2.0,0.0,90,0.975608108108108,1.1928571428571428,0.0,False
2025-2026,510362,CB,7.0,0.0,90,1.1952777777777779,0.9484567901234568,1.0,True
2025-2026,501837,CB,6.0,0.0,80,1.1952777777777779,0.9484567901234568,1.0,True
2025-2026,516939,CB,5.0,0.0,90,1.1952777777777779,0.9484567901234568,1.0,True
2025-2026,523705,FB,4.0,0.0,80,1.1952777777777779,0.9484567901234568,1.0,True
2025-2026,434752,CB,12.0,1.0,90,1.7197222222222224,1.4740853658536586,1.0,True
2025-2026,243526,FB,14.0,1.0,90,1.7197222222222224,1.4740853658536586,1.0,True
2025-2026,222694,CB,8.0,0.0,90,1.7197222222222224,1.4740853658536586,1.0,True
2025-2026,226182,FB,1.0,0.0,86,1.7197222222222224,1.4740853658536586,1.0,True
2025-2026,214225,CB,7.0,0.0,90,1.7197222222222224,1.4740853658536586,1.0,True
2025-2026,179268,FB,9.0,0.0,90,1.378445945945946,1.7587671232876714,3.0,False
2025-2026,180736,CB,8.0,0.0,90,1.378445945945946,1.7587671232876714,3.0,False
2025-2026,109646,CB,14.0,1.0,90,1.378445945945946,1.7587671232876714,3.0,False
2025-2026,209036,CB,13.0,1.0,90,0.8622666666666667,1.8621383647798742,0.0,False
2025-2026,477717,CB,18.0,1.0,90,1.5676973684210527,0.8541558441558441,1.0,True
2025-2026,247348,FB,7.0,0.0,90,0.8622666666666667,1.561027397260274,0.0,False
2025-2026,427623,CB,11.0,1.0,90,0.8622666666666667,1.561027397260274,0.0,False
2025-2026,437499,CB,14.0,1.0,90,0.8622666666666667,1.561027397260274,0.0,False
2025-2026,478969,CB,17.0,1.0,90,1.5676973684210527,0.8541558441558441,1.0,True
2025-2026,244723,FB,7.0,0.0,90,0.8622666666666667,1.561027397260274,0.0,False
2025-2026,58621,FB,7.0,0.0,90,1.5676973684210527,0.8541558441558441,1.0,True
2025-2026,494960,FB,4.0,0.0,90,1.5676973684210527,0.8541558441558441,1.0,True
2025-2026,97032,CB,11.0,1.0,90,1.0117021276595746,1.5653225806451612,1.0,True
2025-2026,434399,CB,14.0,1.0,90,1.6056953642384106,1.0265625,1.0,False
2025-2026,204716,CB,11.0,1.0,90,1.0117021276595746,1.5653225806451612,1.0,True
2025-2026,201895,CB,13.0,1.0,90,1.6056953642384106,1.0265625,1.0,False
2025-2026,122798,FB,4.0,0.0,85,1.0117021276595746,1.5653225806451612,1.0,True
2025-2026,223827,CB,12.0,1.0,90,1.6056953642384106,1.0265625,1.0,False
2025-2026,487676,FB,8.0,0.0,90,1.6056953642384106,1.0265625,1.0,False
2025-2026,171287,FB,1.0,0.0,64,1.0117021276595746,1.5653225806451612,1.0,True
2025-2026,200834,CB,9.0,0.0,90,1.6056953642384106,1.0265625,1.0,False
2025-2026,469142,CB,6.0,0.0,90,1.241111111111111,1.5276335877862597,4.0,True
2025-2026,199796,FB,8.0,0.0,90,1.4670422535211267,1.2532258064516129,3.0,False
2025-2026,465730,FB,0.0,0.0,90,1.241111111111111,1.5276335877862597,4.0,True
2025-2026,441302,FB,8.0,0.0,69,1.4670422535211267,1.2532258064516129,3.0,False
2025-2026,199798,FB,5.0,0.0,90,1.4670422535211267,1.2532258064516129,3.0,False
2025-2026,244954,CB,8.0,0.0,90,1.4670422535211267,1.2532258064516129,3.0,False
2025-2026,231416,FB,4.0,0.0,66,1.241111111111111,1.5276335877862597,4.0,True
2025-2026,83299,CB,3.0,0.0,90,1.241111111111111,1.5276335877862597,4.0,True
2025-2026,106760,FB,3.0,0.0,87,1.238896551724138,1.7063125,1.0,True
2025-2026,214590,FB,12.0,1.0,90,1.7102097902097901,1.2106569343065694,1.0,False
2025-2026,216051,FB,2.0,0.0,67,1.238896551724138,1.7063125,1.0,True
2025-2026,230001,CB,8.0,0.0,90,1.238896551724138,1.7063125,1.0,True
2025-2026,233963,CB,11.0,1.0,90,1.7102097902097901,1.2106569343065694,1.0,False
2025-2026,462116,CB,14.0,1.0,90,1.7102097902097901,1.2106569343065694,1.0,False
2025-2026,613804,FB,11.0,1.0,90,1.7102097902097901,1.2106569343065694,1.0,False
2025-2026,199796,FB,6.0,0.0,86,1.6668918918918918,1.2532258064516129,1.0,True
2025-2026,441302,FB,4.0,0.0,90,1.6668918918918918,1.2532258064516129,1.0,True
2025-2026,199798,FB,5.0,0.0,90,1.6668918918918918,1.2532258064516129,1.0,True
2025-2026,198869,FB,5.0,0.0,90,1.241111111111111,1.7187234042553192,2.0,False
2025-2026,448104,CB,13.0,1.0,90,1.241111111111111,1.7187234042553192,2.0,False
2025-2026,445122,FB,10.0,1.0,90,1.241111111111111,1.7187234042553192,2.0,False
2025-2026,466075,CB,6.0,0.0,85,1.241111111111111,1.7187234042553192,2.0,False
2025-2026,244954,CB,5.0,0.0,85,1.6668918918918918,1.2532258064516129,1.0,True
2025-2026,482609,FB,6.0,0.0,90,1.6012587412587411,1.7587671232876714,0.0,False
2025-2026,444463,CB,15.0,1.0,90,1.6012587412587411,1.7587671232876714,0.0,False
2025-2026,180736,CB,11.0,1.0,90,1.6012587412587411,1.7587671232876714,0.0,False
2025-2026,221466,CB,11.0,1.0,61,1.7197222222222224,1.598169014084507,0.0,True
2025-2026,494521,FB,8.0,0.0,90,1.7197222222222224,1.598169014084507,0.0,True
2025-2026,225796,FB,9.0,0.0,90,1.6012587412587411,1.7587671232876714,0.0,False
2025-2026,179268,FB,3.0,0.0,90,1.6012587412587411,1.7587671232876714,0.0,False
2025-2026,54469,FB,6.0,0.0,90,1.7197222222222224,1.598169014084507,0.0,True
2025-2026,242882,CB,6.0,0.0,90,1.7197222222222224,1.598169014084507,0.0,True
2025-2026,551483,FB,0.0,0.0,73,1.7197222222222224,1.598169014084507,0.0,True
2025-2026,17761,CB,17.0,1.0,90,1.1952777777777779,1.2333802816901407,0.0,True
2025-2026,106611,CB,14.0,1.0,90,1.1952777777777779,1.2333802816901407,0.0,True
2025-2026,512462,CB,4.0,0.0,90,1.1952777777777779,1.2333802816901407,0.0,True
2025-2026,224967,FB,8.0,0.0,90,1.1952777777777779,1.2333802816901407,0.0,True
2025-2026,215136,FB,5.0,0.0,90,1.2277852348993288,1.1928571428571428,3.0,False
2025-2026,485047,CB,11.0,1.0,90,1.2277852348993288,1.1928571428571428,3.0,False
2025-2026,227444,CB,11.0,1.0,90,1.2277852348993288,1.1928571428571428,3.0,False
2025-2026,171314,CB,8.0,0.0,90,1.0117021276595746,1.8621383647798742,0.0,True
2025-2026,472769,FB,8.0,0.0,90,1.0117021276595746,1.8621383647798742,0.0,True
2025-2026,465351,FB,6.0,0.0,90,1.0117021276595746,1.8621383647798742,0.0,True
2025-2026,477424,CB,4.0,0.0,69,1.0117021276595746,1.8621383647798742,0.0,True
2025-2026,200834,CB,9.0,0.0,90,1.8812337662337661,1.0265625,3.0,False
2025-2026,247955,FB,7.0,0.0,90,1.8812337662337661,1.0265625,3.0,False
2025-2026,487676,FB,7.0,0.0,87,1.8812337662337661,1.0265625,3.0,False
2025-2026,201895,CB,8.0,0.0,90,1.8812337662337661,1.0265625,3.0,False
2025-2026,223827,CB,7.0,0.0,90,1.8812337662337661,1.0265625,3.0,False
2025-2026,221632,CB,8.0,0.0,80,1.565845070422535,1.078201438848921,0.0,True
2025-2026,441164,FB,8.0,0.0,90,1.565845070422535,1.078201438848921,0.0,True
2025-2026,432830,CB,11.0,1.0,90,1.0653061224489795,1.5833962264150943,2.0,False
2025-2026,232859,FB,4.0,0.0,90,1.565845070422535,1.078201438848921,0.0,True
2025-2026,607464,FB,9.0,0.0,75,1.0653061224489795,1.5833962264150943,2.0,False
2025-2026,491279,CB,7.0,0.0,90,1.565845070422535,1.078201438848921,0.0,True
2025-2026,444765,CB,5.0,0.0,90,1.0653061224489795,1.5833962264150943,2.0,False
2025-2026,441191,FB,7.0,0.0,90,0.8622666666666667,1.461830985915493,1.0,True
2025-2026,465642,CB,8.0,0.0,90,0.8622666666666667,1.461830985915493,1.0,True
2025-2026,119471,CB,6.0,0.0,90,0.8622666666666667,1.461830985915493,1.0,True
2025-2026,78916,CB,5.0,0.0,62,0.8622666666666667,1.461830985915493,1.0,True
2025-2026,477717,CB,10.0,1.0,90,1.5206081081081082,0.8541558441558441,2.0,False
2025-2026,478969,CB,8.0,0.0,90,1.5206081081081082,0.8541558441558441,2.0,False
2025-2026,58621,FB,1.0,0.0,90,1.5206081081081082,0.8541558441558441,2.0,False
2025-2026,97032,CB,16.0,1.0,90,1.378445945945946,1.5653225806451612,3.0,False
2025-2026,492777,FB,4.0,0.0,67,1.378445945945946,1.5653225806451612,3.0,False
2025-2026,243526,FB,3.0,0.0,90,1.6056953642384106,1.4740853658536586,3.0,True
2025-2026,226182,FB,4.0,0.0,90,1.6056953642384106,1.4740853658536586,3.0,True
2025-2026,544877,FB,6.0,0.0,90,1.378445945945946,1.5653225806451612,3.0,False
2025-2026,222694,CB,5.0,0.0,90,1.6056953642384106,1.4740853658536586,3.0,True
2025-2026,434752,CB,7.0,0.0,64,1.6056953642384106,1.4740853658536586,3.0,True
2025-2026,204716,CB,8.0,0.0,90,1.378445945945946,1.5653225806451612,3.0,False
2025-2026,214225,CB,9.0,0.0,90,1.6056953642384106,1.4740853658536586,3.0,True
2025-2026,209036,CB,5.0,0.0,90,1.2529139072847681,1.8621383647798742,1.0,False
2025-2026,244723,FB,8.0,0.0,90,1.2529139072847681,1.561027397260274,1.0,False
2025-2026,427623,CB,11.0,1.0,90,1.2529139072847681,1.561027397260274,1.0,False
2025-2026,167074,FB,12.0,1.0,90,1.5676973684210527,1.270763358778626,2.0,True
2025-2026,57328,FB,9.0,0.0,76,1.2529139072847681,1.561027397260274,1.0,False
2025-2026,174874,CB,7.0,0.0,90,1.5676973684210527,1.270763358778626,2.0,True
2025-2026,437499,CB,6.0,0.0,90,1.2529139072847681,1.561027397260274,1.0,False
2025-2026,232892,CB,10.0,1.0,90,1.5676973684210527,1.270763358778626,2.0,True
2025-2026,166477,FB,3.0,0.0,90,1.5676973684210527,1.270763358778626,2.0,True
2025-2026,214590,FB,10.0,1.0,90,1.4670422535211267,1.2106569343065694,1.0,False
2025-2026,83299,CB,9.0,0.0,90,1.238896551724138,1.5276335877862597,1.0,True
2025-2026,469142,CB,6.0,0.0,90,1.238896551724138,1.5276335877862597,1.0,True
2025-2026,233963,CB,14.0,1.0,90,1.4670422535211267,1.2106569343065694,1.0,False
2025-2026,465730,FB,3.0,0.0,71,1.238896551724138,1.5276335877862597,1.0,True
2025-2026,462116,CB,9.0,0.0,90,1.4670422535211267,1.2106569343065694,1.0,False
2025-2026,214048,CB,11.0,1.0,90,1.4670422535211267,1.2106569343065694,1.0,False
2025-2026,231416,FB,2.0,0.0,82,1.238896551724138,1.5276335877862597,1.0,True
2025-2026,613804,FB,6.0,0.0,82,1.4670422535211267,1.2106569343065694,1.0,False
2025-2026,216051,FB,7.0,0.0,83,0.975608108108108,1.7063125,1.0,False
2025-2026,497949,FB,4.0,0.0,90,1.7102097902097901,0.9484567901234568,4.0,True
2025-2026,516939,CB,15.0,1.0,90,1.7102097902097901,0.9484567901234568,4.0,True
2025-2026,106760,FB,6.0,0.0,90,0.975608108108108,1.7063125,1.0,False
2025-2026,606745,CB,8.0,0.0,68,0.975608108108108,1.7063125,1.0,False
2025-2026,431248,CB,11.0,1.0,90,1.7102097902097901,0.9484567901234568,4.0,True
2025-2026,230001,CB,7.0,0.0,68,0.975608108108108,1.7063125,1.0,False
2025-2026,501837,CB,9.0,0.0,90,1.7102097902097901,0.9484567901234568,4.0,True
2025-2026,510362,CB,7.0,0.0,69,1.7102097902097901,0.9484567901234568,4.0,True
2025-2026,482609,FB,5.0,0.0,90,1.2277852348993288,1.7587671232876714,0.0,True
2025-2026,444463,CB,20.0,1.0,90,1.2277852348993288,1.7587671232876714,0.0,True
2025-2026,180736,CB,13.0,1.0,90,1.2277852348993288,1.7587671232876714,0.0,True
2025-2026,179268,FB,6.0,0.0,90,1.2277852348993288,1.7587671232876714,0.0,True
2025-2026,224967,FB,6.0,0.0,90,1.7197222222222224,1.2333802816901407,2.0,False
2025-2026,225796,FB,3.0,0.0,90,1.2277852348993288,1.7587671232876714,0.0,True
2025-2026,512462,CB,2.0,0.0,90,1.7197222222222224,1.2333802816901407,2.0,False
2025-2026,106611,CB,7.0,0.0,90,1.7197222222222224,1.2333802816901407,2.0,False
2025-2026,17761,CB,3.0,0.0,90,1.7197222222222224,1.2333802816901407,2.0,False
2025-2026,448104,CB,12.0,1.0,90,0.975608108108108,1.7187234042553192,1.0,True
2025-2026,462424,CB,5.0,0.0,90,0.975608108108108,1.7187234042553192,1.0,True
2025-2026,445122,FB,2.0,0.0,90,0.975608108108108,1.7187234042553192,1.0,True
2025-2026,510362,CB,13.0,1.0,85,1.6668918918918918,0.9484567901234568,2.0,False
2025-2026,497949,FB,5.0,0.0,90,1.6668918918918918,0.9484567901234568,2.0,False
2025-2026,516939,CB,9.0,0.0,90,1.6668918918918918,0.9484567901234568,2.0,False
2025-2026,87835,CB,5.0,0.0,68,1.6668918918918918,0.9484567901234568,2.0,False
2025-2026,431248,CB,2.0,0.0,79,1.6668918918918918,0.9484567901234568,2.0,False
2025-2026,501837,CB,10.0,1.0,90,1.6668918918918918,0.9484567901234568,2.0,False
2025-2026,201895,CB,8.0,0.0,90,1.5206081081081082,1.0265625,0.0,True
2025-2026,200834,CB,8.0,0.0,90,1.5206081081081082,1.0265625,0.0,True
2025-2026,434399,CB,10.0,1.0,90,1.5206081081081082,1.0265625,0.0,True
2025-2026,465642,CB,22.0,1.0,90,1.0117021276595746,1.461830985915493,1.0,False
2025-2026,223827,CB,10.0,1.0,90,1.5206081081081082,1.0265625,0.0,True
2025-2026,487838,FB,11.0,1.0,90,1.0117021276595746,1.461830985915493,1.0,False
2025-2026,441191,FB,0.0,0.0,90,1.0117021276595746,1.461830985915493,1.0,False
2025-2026,232892,CB,12.0,1.0,90,0.8622666666666667,1.270763358778626,2.0,False
2025-2026,169528,FB,13.0,1.0,90,0.8622666666666667,1.270763358778626,2.0,False
2025-2026,167074,FB,11.0,1.0,90,0.8622666666666667,1.270763358778626,2.0,False
2025-2026,174874,CB,14.0,1.0,90,0.8622666666666667,1.270763358778626,2.0,False
2025-2026,477717,CB,4.0,0.0,90,1.2529139072847681,0.8541558441558441,3.0,True
2025-2026,478969,CB,3.0,0.0,90,1.2529139072847681,0.8541558441558441,3.0,True
2025-2026,180804,CB,4.0,0.0,76,1.2529139072847681,0.8541558441558441,3.0,True
2025-2026,494960,FB,6.0,0.0,90,1.2529139072847681,0.8541558441558441,3.0,True
2025-2026,184667,FB,4.0,0.0,90,1.238896551724138,1.2532258064516129,2.0,False
2025-2026,199796,FB,6.0,0.0,90,1.238896551724138,1.2532258064516129,2.0,False
2025-2026,441302,FB,5.0,0.0,74,1.238896551724138,1.2532258064516129,2.0,False
2025-2026,462116,CB,2.0,0.0,90,1.241111111111111,1.2106569343065694,3.0,True
2025-2026,199798,FB,2.0,0.0,90,1.238896551724138,1.2532258064516129,2.0,False
2025-2026,214590,FB,4.0,0.0,90,1.241111111111111,1.2106569343065694,3.0,True
2025-2026,233963,CB,10.0,1.0,90,1.241111111111111,1.2106569343065694,3.0,True
2025-2026,613804,FB,6.0,0.0,90,1.241111111111111,1.2106569343065694,3.0,True
2025-2026,465351,FB,8.0,0.0,90,1.5676973684210527,1.8621383647798742,0.0,False
2025-2026,477424,CB,10.0,1.0,90,1.5676973684210527,1.8621383647798742,0.0,False
2025-2026,472769,FB,9.0,0.0,90,1.5676973684210527,1.8621383647798742,0.0,False
2025-2026,171314,CB,13.0,1.0,90,1.5676973684210527,1.8621383647798742,0.0,False
2025-2026,437499,CB,9.0,0.0,90,1.8812337662337661,1.561027397260274,3.0,True
2025-2026,427623,CB,9.0,0.0,90,1.8812337662337661,1.561027397260274,3.0,True
2025-2026,57328,FB,2.0,0.0,76,1.8812337662337661,1.561027397260274,3.0,True
2025-2026,209036,CB,7.0,0.0,90,1.5676973684210527,1.8621383647798742,0.0,False
2025-2026,244723,FB,3.0,0.0,90,1.8812337662337661,1.561027397260274,3.0,True
2025-2026,222694,CB,20.0,1.0,90,1.565845070422535,1.4740853658536586,1.0,False
2025-2026,607464,FB,11.0,1.0,90,1.378445945945946,1.5833962264150943,1.0,True
2025-2026,226182,FB,7.0,0.0,90,1.565845070422535,1.4740853658536586,1.0,False
2025-2026,444765,CB,14.0,1.0,90,1.378445945945946,1.5833962264150943,1.0,True
2025-2026,243526,FB,3.0,0.0,88,1.565845070422535,1.4740853658536586,1.0,False
2025-2026,432830,CB,13.0,1.0,90,1.378445945945946,1.5833962264150943,1.0,True
2025-2026,434752,CB,8.0,0.0,72,1.565845070422535,1.4740853658536586,1.0,False
2025-2026,214225,CB,9.0,0.0,90,1.565845070422535,1.4740853658536586,1.0,False
2025-2026,472713,FB,3.0,0.0,60,1.378445945945946,1.5833962264150943,1.0,True
2025-2026,249231,FB,1.0,0.0,60,1.378445945945946,1.5833962264150943,1.0,True
2025-2026,227444,CB,12.0,1.0,90,1.0653061224489795,1.1928571428571428,0.0,True
2025-2026,575476,CB,7.0,0.0,90,1.0653061224489795,1.1928571428571428,0.0,True
2025-2026,215136,FB,7.0,0.0,90,1.0653061224489795,1.1928571428571428,0.0,True
2025-2026,500151,FB,1.0,0.0,90,1.0653061224489795,1.1928571428571428,0.0,True
2025-2026,221632,CB,7.0,0.0,90,1.1952777777777779,1.078201438848921,3.0,False
2025-2026,441164,FB,6.0,0.0,90,1.1952777777777779,1.078201438848921,3.0,False
2025-2026,491279,CB,2.0,0.0,90,1.1952777777777779,1.078201438848921,3.0,False
2025-2026,204716,CB,16.0,1.0,90,1.4670422535211267,1.5653225806451612,0.0,True
2025-2026,544877,FB,7.0,0.0,90,1.4670422535211267,1.5653225806451612,0.0,True
2025-2026,97032,CB,7.0,0.0,90,1.4670422535211267,1.5653225806451612,0.0,True
2025-2026,231416,FB,5.0,0.0,90,1.6056953642384106,1.5276335877862597,2.0,False
2025-2026,469142,CB,2.0,0.0,90,1.6056953642384106,1.5276335877862597,2.0,False
2025-2026,83299,CB,5.0,0.0,90,1.6056953642384106,1.5276335877862597,2.0,False
2025-2026,216051,FB,6.0,0.0,90,1.6012587412587411,1.7063125,4.0,True
2025-2026,551483,FB,1.0,0.0,90,1.7102097902097901,1.598169014084507,4.0,False
2025-2026,221466,CB,21.0,1.0,90,1.7102097902097901,1.598169014084507,4.0,False
2025-2026,54469,FB,4.0,0.0,90,1.7102097902097901,1.598169014084507,4.0,False
2025-2026,606745,CB,11.0,1.0,90,1.6012587412587411,1.7063125,4.0,True
2025-2026,550864,CB,7.0,0.0,68,1.6012587412587411,1.7063125,4.0,True
2025-2026,106760,FB,8.0,0.0,90,1.6012587412587411,1.7063125,4.0,True
2025-2026,242882,CB,8.0,0.0,90,1.7102097902097901,1.598169014084507,4.0,False
2025-2026,494521,FB,9.0,0.0,90,1.7102097902097901,1.598169014084507,4.0,False
2025-2026,17761,CB,10.0,1.0,90,1.6668918918918918,1.2333802816901407,1.0,True
2025-2026,106611,CB,13.0,1.0,90,1.6668918918918918,1.2333802816901407,1.0,True
2025-2026,445122,FB,3.0,0.0,90,1.2277852348993288,1.7187234042553192,0.0,False
2025-2026,224967,FB,5.0,0.0,90,1.6668918918918918,1.2333802816901407,1.0,True
2025-2026,448104,CB,14.0,1.0,90,1.2277852348993288,1.7187234042553192,0.0,False
2025-2026,462424,CB,6.0,0.0,90,1.2277852348993288,1.7187234042553192,0.0,False
2025-2026,466075,CB,7.0,0.0,90,1.2277852348993288,1.7187234042553192,0.0,False
2025-2026,512462,CB,6.0,0.0,90,1.6668918918918918,1.2333802816901407,1.0,True
2025-2026,225796,FB,4.0,0.0,90,1.5206081081081082,1.7587671232876714,2.0,False
2025-2026,487838,FB,10.0,1.0,90,1.7197222222222224,1.461830985915493,2.0,True
2025-2026,180736,CB,10.0,1.0,90,1.5206081081081082,1.7587671232876714,2.0,False
2025-2026,465642,CB,9.0,0.0,90,1.7197222222222224,1.461830985915493,2.0,True
2025-2026,179268,FB,5.0,0.0,90,1.5206081081081082,1.7587671232876714,2.0,False
2025-2026,444463,CB,5.0,0.0,90,1.5206081081081082,1.7587671232876714,2.0,False
2025-2026,119471,CB,7.0,0.0,90,1.7197222222222224,1.461830985915493,2.0,True
2025-2026,465351,FB,8.0,0.0,90,1.238896551724138,1.8621383647798742,0.0,True
2025-2026,477424,CB,5.0,0.0,90,1.238896551724138,1.8621383647798742,0.0,True
2025-2026,171314,CB,1.0,0.0,90,1.238896551724138,1.8621383647798742,0.0,True
2025-2026,472769,FB,4.0,0.0,90,1.238896551724138,1.8621383647798742,0.0,True
2025-2026,536109,FB,7.0,0.0,63,1.8812337662337661,1.2106569343065694,3.0,False
2025-2026,462116,CB,2.0,0.0,90,1.8812337662337661,1.2106569343065694,3.0,False
2025-2026,158534,FB,10.0,1.0,90,1.8812337662337661,1.2106569343065694,3.0,False
2025-2026,214048,CB,8.0,0.0,90,1.8812337662337661,1.2106569343065694,3.0,False
2025-2026,249231,FB,3.0,0.0,90,0.975608108108108,1.5833962264150943,0.0,False
2025-2026,444765,CB,12.0,1.0,90,0.975608108108108,1.5833962264150943,0.0,False
2025-2026,432830,CB,15.0,1.0,90,0.975608108108108,1.5833962264150943,0.0,False
2025-2026,194010,FB,6.0,0.0,90,0.975608108108108,1.5833962264150943,0.0,False
2025-2026,607464,FB,6.0,0.0,90,0.975608108108108,1.5833962264150943,0.0,False
2025-2026,87835,CB,6.0,0.0,89,1.565845070422535,0.9484567901234568,2.0,True
2025-2026,231480,CB,13.0,1.0,90,1.565845070422535,0.9484567901234568,2.0,True
2025-2026,497949,FB,2.0,0.0,90,1.565845070422535,0.9484567901234568,2.0,True
2025-2026,431248,CB,9.0,0.0,90,1.565845070422535,0.9484567901234568,2.0,True
2025-2026,221466,CB,19.0,1.0,90,0.8622666666666667,1.598169014084507,1.0,True
2025-2026,494521,FB,17.0,1.0,90,0.8622666666666667,1.598169014084507,1.0,True
2025-2026,551483,FB,3.0,0.0,90,0.8622666666666667,1.598169014084507,1.0,True
2025-2026,478969,CB,11.0,1.0,90,1.6012587412587411,0.8541558441558441,1.0,False
2025-2026,549329,FB,8.0,0.0,90,1.6012587412587411,0.8541558441558441,1.0,False
2025-2026,242882,CB,4.0,0.0,90,0.8622666666666667,1.598169014084507,1.0,True
2025-2026,208912,CB,9.0,0.0,90,1.6012587412587411,0.8541558441558441,1.0,False
2025-2026,58621,FB,5.0,0.0,76,1.6012587412587411,0.8541558441558441,1.0,False
2025-2026,97032,CB,7.0,0.0,90,1.0653061224489795,1.5653225806451612,1.0,False
2025-2026,544877,FB,8.0,0.0,90,1.0653061224489795,1.5653225806451612,1.0,False
2025-2026,441164,FB,7.0,0.0,90,1.6056953642384106,1.078201438848921,2.0,True
2025-2026,204716,CB,7.0,0.0,90,1.0653061224489795,1.5653225806451612,1.0,False
2025-2026,232859,FB,4.0,0.0,90,1.6056953642384106,1.078201438848921,2.0,True
2025-2026,491279,CB,6.0,0.0,90,1.6056953642384106,1.078201438848921,2.0,True
2025-2026,221632,CB,15.0,1.0,90,1.6056953642384106,1.078201438848921,2.0,True
2025-2026,434752,CB,7.0,0.0,90,1.5676973684210527,1.4740853658536586,1.0,True
2025-2026,222694,CB,11.0,1.0,90,1.5676973684210527,1.4740853658536586,1.0,True
2025-2026,214225,CB,6.0,0.0,90,1.5676973684210527,1.4740853658536586,1.0,True
2025-2026,243526,FB,5.0,0.0,90,1.5676973684210527,1.4740853658536586,1.0,True
2025-2026,244723,FB,6.0,0.0,90,1.378445945945946,1.561027397260274,4.0,False
2025-2026,57328,FB,6.0,0.0,64,1.378445945945946,1.561027397260274,4.0,False
2025-2026,226182,FB,4.0,0.0,79,1.5676973684210527,1.4740853658536586,1.0,True
2025-2026,437499,CB,17.0,1.0,90,1.378445945945946,1.561027397260274,4.0,False
2025-2026,209036,CB,10.0,1.0,90,1.378445945945946,1.8621383647798742,4.0,False
2025-2026,427623,CB,16.0,1.0,90,1.378445945945946,1.561027397260274,4.0,False
2025-2026,596777,FB,9.0,0.0,90,1.241111111111111,1.7063125,2.0,False
2025-2026,216051,FB,5.0,0.0,90,1.241111111111111,1.7063125,2.0,False
2025-2026,441302,FB,8.0,0.0,74,1.7102097902097901,1.2532258064516129,1.0,True
2025-2026,606745,CB,12.0,1.0,90,1.241111111111111,1.7063125,2.0,False
2025-2026,184667,FB,7.0,0.0,90,1.7102097902097901,1.2532258064516129,1.0,True
2025-2026,199798,FB,6.0,0.0,90,1.7102097902097901,1.2532258064516129,1.0,True
2025-2026,106760,FB,10.0,1.0,90,1.241111111111111,1.7063125,2.0,False
2025-2026,550864,CB,5.0,0.0,83,1.241111111111111,1.7063125,2.0,False
2025-2026,199796,FB,4.0,0.0,90,1.7102097902097901,1.2532258064516129,1.0,True
2025-2026,169528,FB,10.0,1.0,90,1.1952777777777779,1.270763358778626,0.0,True
2025-2026,167074,FB,7.0,0.0,90,1.1952777777777779,1.270763358778626,0.0,True
2025-2026,246301,CB,9.0,0.0,90,1.1952777777777779,1.270763358778626,0.0,True
2025-2026,174874,CB,12.0,1.0,90,1.1952777777777779,1.270763358778626,0.0,True
2025-2026,215136,FB,5.0,0.0,90,1.2529139072847681,1.1928571428571428,1.0,False
2025-2026,227444,CB,5.0,0.0,90,1.2529139072847681,1.1928571428571428,1.0,False
2025-2026,575476,CB,8.0,0.0,90,1.2529139072847681,1.1928571428571428,1.0,False
2025-2026,500151,FB,5.0,0.0,80,1.2529139072847681,1.1928571428571428,1.0,False
2025-2026,223827,CB,11.0,1.0,90,1.4670422535211267,1.0265625,0.0,False
2025-2026,487676,FB,12.0,1.0,90,1.4670422535211267,1.0265625,0.0,False
2025-2026,204120,FB,8.0,0.0,90,1.0117021276595746,1.5276335877862597,0.0,True
2025-2026,201895,CB,8.0,0.0,90,1.4670422535211267,1.0265625,0.0,False
2025-2026,231416,FB,6.0,0.0,90,1.0117021276595746,1.5276335877862597,0.0,True
2025-2026,247955,FB,3.0,0.0,90,1.4670422535211267,1.0265625,0.0,False
2025-2026,200834,CB,7.0,0.0,90,1.4670422535211267,1.0265625,0.0,False
2025-2026,465730,FB,4.0,0.0,63,1.0117021276595746,1.5276335877862597,0.0,True
2025-2026,106611,CB,21.0,1.0,90,0.8622666666666667,1.2333802816901407,0.0,False
2025-2026,478969,CB,13.0,1.0,90,1.2277852348993288,0.8541558441558441,0.0,True
2025-2026,17761,CB,13.0,1.0,90,0.8622666666666667,1.2333802816901407,0.0,False
2025-2026,512462,CB,8.0,0.0,90,0.8622666666666667,1.2333802816901407,0.0,False
2025-2026,224967,FB,8.0,0.0,90,0.8622666666666667,1.2333802816901407,0.0,False
2025-2026,461188,CB,10.0,1.0,90,1.2277852348993288,0.8541558441558441,0.0,True
2025-2026,58621,FB,2.0,0.0,90,1.2277852348993288,0.8541558441558441,0.0,True
2025-2026,549329,FB,4.0,0.0,90,1.2277852348993288,0.8541558441558441,0.0,True
2025-2026,200834,CB,14.0,1.0,90,1.378445945945946,1.0265625,1.0,True
2025-2026,222694,CB,5.0,0.0,90,1.0117021276595746,1.4740853658536586,1.0,False
2025-2026,243526,FB,6.0,0.0,90,1.0117021276595746,1.4740853658536586,1.0,False
2025-2026,201895,CB,15.0,1.0,90,1.378445945945946,1.0265625,1.0,True
2025-2026,226182,FB,5.0,0.0,90,1.0117021276595746,1.4740853658536586,1.0,False
2025-2026,434752,CB,4.0,0.0,90,1.0117021276595746,1.4740853658536586,1.0,False
2025-2026,487676,FB,6.0,0.0,90,1.378445945945946,1.0265625,1.0,True
2025-2026,247955,FB,6.0,0.0,90,1.378445945945946,1.0265625,1.0,True
2025-2026,487838,FB,2.0,0.0,90,1.7102097902097901,1.461830985915493,1.0,False
2025-2026,596777,FB,10.0,1.0,90,1.5206081081081082,1.7063125,0.0,True
2025-2026,106760,FB,8.0,0.0,87,1.5206081081081082,1.7063125,0.0,True
2025-2026,221820,FB,10.0,1.0,87,1.5206081081081082,1.7063125,0.0,True
2025-2026,216051,FB,12.0,1.0,90,1.5206081081081082,1.7063125,0.0,True
2025-2026,465642,CB,8.0,0.0,90,1.7102097902097901,1.461830985915493,1.0,False
2025-2026,606745,CB,10.0,1.0,90,1.5206081081081082,1.7063125,0.0,True
2025-2026,119471,CB,4.0,0.0,90,1.7102097902097901,1.461830985915493,1.0,False
2025-2026,462424,CB,3.0,0.0,90,1.4670422535211267,1.7187234042553192,1.0,True
2025-2026,448104,CB,6.0,0.0,90,1.4670422535211267,1.7187234042553192,1.0,True
2025-2026,469142,CB,15.0,1.0,90,1.6668918918918918,1.5276335877862597,2.0,False
2025-2026,499169,FB,3.0,0.0,70,1.4670422535211267,1.7187234042553192,1.0,True
2025-2026,83299,CB,7.0,0.0,90,1.6668918918918918,1.5276335877862597,2.0,False
2025-2026,231416,FB,3.0,0.0,90,1.6668918918918918,1.5276335877862597,2.0,False
2025-2026,607464,FB,12.0,1.0,90,1.6012587412587411,1.5833962264150943,1.0,True
2025-2026,191866,CB,21.0,1.0,90,1.6012587412587411,1.5833962264150943,1.0,True
2025-2026,432830,CB,15.0,1.0,90,1.6012587412587411,1.5833962264150943,1.0,True
2025-2026,551483,FB,4.0,0.0,90,1.565845070422535,1.598169014084507,4.0,False
2025-2026,249231,FB,1.0,0.0,88,1.6012587412587411,1.5833962264150943,1.0,True
2025-2026,494521,FB,3.0,0.0,76,1.565845070422535,1.598169014084507,4.0,False
2025-2026,194010,FB,4.0,0.0,76,1.6012587412587411,1.5833962264150943,1.0,True
2025-2026,221466,CB,10.0,1.0,90,1.565845070422535,1.598169014084507,4.0,False
2025-2026,169528,FB,9.0,0.0,90,1.238896551724138,1.270763358778626,0.0,False
2025-2026,246301,CB,14.0,1.0,90,1.238896551724138,1.270763358778626,0.0,False
2025-2026,158534,FB,9.0,0.0,90,1.2529139072847681,1.2106569343065694,1.0,True
2025-2026,462116,CB,9.0,0.0,90,1.2529139072847681,1.2106569343065694,1.0,True
2025-2026,174874,CB,8.0,0.0,90,1.238896551724138,1.270763358778626,0.0,False
2025-2026,167074,FB,4.0,0.0,81,1.238896551724138,1.270763358778626,0.0,False
2025-2026,214048,CB,12.0,1.0,90,1.2529139072847681,1.2106569343065694,1.0,True
2025-2026,536109,FB,6.0,0.0,90,1.2529139072847681,1.2106569343065694,1.0,True
2025-2026,225796,FB,10.0,1.0,90,1.241111111111111,1.7587671232876714,2.0,True
2025-2026,179268,FB,4.0,0.0,68,1.241111111111111,1.7587671232876714,2.0,True
2025-2026,199798,FB,10.0,1.0,90,1.7197222222222224,1.2532258064516129,1.0,False
2025-2026,199796,FB,5.0,0.0,90,1.7197222222222224,1.2532258064516129,1.0,False
2025-2026,184667,FB,8.0,0.0,90,1.7197222222222224,1.2532258064516129,1.0,False
2025-2026,441302,FB,4.0,0.0,82,1.7197222222222224,1.2532258064516129,1.0,False
2025-2026,180736,CB,0.0,0.0,90,1.241111111111111,1.7587671232876714,2.0,True
2025-2026,242880,CB,7.0,0.0,90,1.241111111111111,1.7587671232876714,2.0,True
2025-2026,216094,FB,2.0,0.0,90,0.975608108108108,1.5653225806451612,1.0,True
2025-2026,544877,FB,9.0,0.0,90,0.975608108108108,1.5653225806451612,1.0,True
2025-2026,97032,CB,5.0,0.0,90,0.975608108108108,1.5653225806451612,1.0,True
2025-2026,204716,CB,4.0,0.0,90,0.975608108108108,1.5653225806451612,1.0,True
2025-2026,231480,CB,3.0,0.0,90,1.6056953642384106,0.9484567901234568,2.0,False
2025-2026,431248,CB,5.0,0.0,90,1.6056953642384106,0.9484567901234568,2.0,False
2025-2026,501837,CB,12.0,1.0,78,1.6056953642384106,0.9484567901234568,2.0,False
2025-2026,490721,FB,5.0,0.0,61,1.6056953642384106,0.9484567901234568,2.0,False
2025-2026,87835,CB,1.0,0.0,61,1.6056953642384106,0.9484567901234568,2.0,False
2025-2026,477424,CB,13.0,1.0,90,1.1952777777777779,1.8621383647798742,1.0,False
2025-2026,472769,FB,4.0,0.0,90,1.1952777777777779,1.8621383647798742,1.0,False
2025-2026,171314,CB,10.0,1.0,90,1.1952777777777779,1.8621383647798742,1.0,False
2025-2026,227444,CB,12.0,1.0,90,1.8812337662337661,1.1928571428571428,2.0,True
2025-2026,500151,FB,4.0,0.0,90,1.8812337662337661,1.1928571428571428,2.0,True
2025-2026,215136,FB,3.0,0.0,90,1.8812337662337661,1.1928571428571428,2.0,True
2025-2026,575476,CB,13.0,1.0,90,1.8812337662337661,1.1928571428571428,2.0,True
2025-2026,465351,FB,11.0,1.0,90,1.1952777777777779,1.8621383647798742,1.0,False
2025-2026,135720,CB,17.0,1.0,90,1.5676973684210527,1.078201438848921,0.0,False
2025-2026,491279,CB,14.0,1.0,90,1.5676973684210527,1.078201438848921,0.0,False
2025-2026,437499,CB,12.0,1.0,90,1.0653061224489795,1.561027397260274,1.0,True
2025-2026,209036,CB,7.0,0.0,90,1.5676973684210527,1.8621383647798742,0.0,False
2025-2026,441164,FB,3.0,0.0,90,1.5676973684210527,1.078201438848921,0.0,False
2025-2026,244723,FB,3.0,0.0,90,1.0653061224489795,1.561027397260274,1.0,True
2025-2026,232859,FB,6.0,0.0,90,1.5676973684210527,1.078201438848921,0.0,False
2025-2026,119471,CB,11.0,1.0,90,0.8622666666666667,1.461830985915493,1.0,False
2025-2026,487838,FB,10.0,1.0,90,0.8622666666666667,1.461830985915493,1.0,False
2025-2026,465642,CB,12.0,1.0,90,0.8622666666666667,1.461830985915493,1.0,False
2025-2026,58621,FB,8.0,0.0,90,1.5206081081081082,0.8541558441558441,3.0,True
2025-2026,549329,FB,7.0,0.0,90,1.5206081081081082,0.8541558441558441,3.0,True
2025-2026,461188,CB,6.0,0.0,75,1.5206081081081082,0.8541558441558441,3.0,True
2025-2026,478969,CB,11.0,1.0,90,1.5206081081081082,0.8541558441558441,3.0,True
2025-2026,448104,CB,6.0,0.0,90,1.241111111111111,1.7187234042553192,1.0,True
2025-2026,462424,CB,4.0,0.0,90,1.241111111111111,1.7187234042553192,1.0,True
2025-2026,226597,CB,4.0,0.0,76,1.241111111111111,1.7187234042553192,1.0,True
2025-2026,199798,FB,7.0,0.0,90,1.6668918918918918,1.2532258064516129,4.0,False
2025-2026,515597,FB,5.0,0.0,90,1.6668918918918918,1.2532258064516129,4.0,False
2025-2026,445122,FB,3.0,0.0,82,1.241111111111111,1.7187234042553192,1.0,True
2025-2026,101188,FB,6.0,0.0,90,1.6668918918918918,1.2532258064516129,4.0,False
2025-2026,184667,FB,4.0,0.0,90,1.6668918918918918,1.2532258064516129,4.0,False
2025-2026,111478,CB,11.0,1.0,90,1.238896551724138,1.5276335877862597,2.0,False
2025-2026,536109,FB,13.0,1.0,90,1.4670422535211267,1.2106569343065694,2.0,True
2025-2026,83299,CB,11.0,1.0,90,1.238896551724138,1.5276335877862597,2.0,False
2025-2026,231416,FB,4.0,0.0,90,1.238896551724138,1.5276335877862597,2.0,False
2025-2026,469142,CB,7.0,0.0,90,1.238896551724138,1.5276335877862597,2.0,False
2025-2026,158534,FB,6.0,0.0,82,1.4670422535211267,1.2106569343065694,2.0,True
2025-2026,214048,CB,8.0,0.0,90,1.4670422535211267,1.2106569343065694,2.0,True
2025-2026,444463,CB,22.0,1.0,90,1.6012587412587411,1.7587671232876714,2.0,True
2025-2026,551483,FB,13.0,1.0,90,1.7197222222222224,1.598169014084507,2.0,False
2025-2026,494521,FB,14.0,1.0,90,1.7197222222222224,1.598169014084507,2.0,False
2025-2026,463981,CB,13.0,1.0,90,1.7197222222222224,1.598169014084507,2.0,False
2025-2026,221466,CB,11.0,1.0,90,1.7197222222222224,1.598169014084507,2.0,False
2025-2026,180736,CB,8.0,0.0,90,1.6012587412587411,1.7587671232876714,2.0,True
2025-2026,482609,FB,5.0,0.0,90,1.6012587412587411,1.7587671232876714,2.0,True
2025-2026,501837,CB,14.0,1.0,90,1.7102097902097901,0.9484567901234568,1.0,False
2025-2026,431248,CB,3.0,0.0,90,1.7102097902097901,0.9484567901234568,1.0,False
2025-2026,490721,FB,5.0,0.0,90,1.7102097902097901,0.9484567901234568,1.0,False
2025-2026,221820,FB,4.0,0.0,90,0.975608108108108,1.7063125,1.0,True
2025-2026,106760,FB,1.0,0.0,90,0.975608108108108,1.7063125,1.0,True
2025-2026,596777,FB,3.0,0.0,90,0.975608108108108,1.7063125,1.0,True
2025-2026,523705,FB,3.0,0.0,90,1.7102097902097901,0.9484567901234568,1.0,False
2025-2026,606745,CB,7.0,0.0,74,0.975608108108108,1.7063125,1.0,True
2025-2026,216051,FB,4.0,0.0,90,0.975608108108108,1.7063125,1.0,True
2025-2026,87835,CB,9.0,0.0,90,1.7102097902097901,0.9484567901234568,1.0,False
2025-2026,215136,FB,7.0,0.0,90,1.2277852348993288,1.1928571428571428,2.0,True
2025-2026,575476,CB,7.0,0.0,90,1.2277852348993288,1.1928571428571428,2.0,True
2025-2026,227444,CB,8.0,0.0,90,1.2277852348993288,1.1928571428571428,2.0,True
2025-2026,224967,FB,10.0,1.0,90,1.1952777777777779,1.2333802816901407,0.0,False
2025-2026,17761,CB,19.0,1.0,90,1.1952777777777779,1.2333802816901407,0.0,False
2025-2026,512462,CB,13.0,1.0,90,1.1952777777777779,1.2333802816901407,0.0,False
2025-2026,57328,FB,7.0,0.0,90,1.2529139072847681,1.561027397260274,1.0,True
2025-2026,169528,FB,5.0,0.0,90,1.5676973684210527,1.270763358778626,1.0,False
2025-2026,244723,FB,12.0,1.0,90,1.2529139072847681,1.561027397260274,1.0,True
2025-2026,174874,CB,12.0,1.0,90,1.5676973684210527,1.270763358778626,1.0,False
2025-2026,209036,CB,9.0,0.0,90,1.5676973684210527,1.8621383647798742,1.0,False
2025-2026,246301,CB,14.0,1.0,90,1.5676973684210527,1.270763358778626,1.0,False
2025-2026,437499,CB,8.0,0.0,90,1.2529139072847681,1.561027397260274,1.0,True
2025-2026,432830,CB,8.0,0.0,90,1.0653061224489795,1.5833962264150943,0.0,True
2025-2026,441164,FB,11.0,1.0,90,1.565845070422535,1.078201438848921,0.0,False
2025-2026,221632,CB,12.0,1.0,90,1.565845070422535,1.078201438848921,0.0,False
2025-2026,491279,CB,8.0,0.0,90,1.565845070422535,1.078201438848921,0.0,False
2025-2026,191866,CB,14.0,1.0,90,1.0653061224489795,1.5833962264150943,0.0,True
2025-2026,249231,FB,2.0,0.0,90,1.0653061224489795,1.5833962264150943,0.0,True
2025-2026,607464,FB,7.0,0.0,90,1.0653061224489795,1.5833962264150943,0.0,True
2025-2026,232859,FB,4.0,0.0,90,1.565845070422535,1.078201438848921,0.0,False
2025-2026,194010,FB,3.0,0.0,90,1.0653061224489795,1.5833962264150943,0.0,True
2025-2026,465351,FB,11.0,1.0,90,1.0117021276595746,1.8621383647798742,0.0,False
2025-2026,126184,CB,12.0,1.0,90,1.0117021276595746,1.8621383647798742,0.0,False
2025-2026,200834,CB,11.0,1.0,90,1.8812337662337661,1.0265625,0.0,True
2025-2026,201895,CB,17.0,1.0,90,1.8812337662337661,1.0265625,0.0,True
2025-2026,171314,CB,8.0,0.0,90,1.0117021276595746,1.8621383647798742,0.0,False
2025-2026,247955,FB,5.0,0.0,90,1.8812337662337661,1.0265625,0.0,True
2025-2026,487676,FB,6.0,0.0,90,1.8812337662337661,1.0265625,0.0,True
2025-2026,204716,CB,9.0,0.0,90,1.378445945945946,1.5653225806451612,0.0,True
2025-2026,434752,CB,11.0,1.0,90,1.6056953642384106,1.4740853658536586,0.0,False
2025-2026,97032,CB,6.0,0.0,90,1.378445945945946,1.5653225806451612,0.0,True
2025-2026,243526,FB,5.0,0.0,90,1.6056953642384106,1.4740853658536586,0.0,False
2025-2026,222694,CB,11.0,1.0,90,1.6056953642384106,1.4740853658536586,0.0,False
2025-2026,122798,FB,1.0,0.0,65,1.378445945945946,1.5653225806451612,0.0,True
2025-2026,216094,FB,3.0,0.0,83,1.378445945945946,1.5653225806451612,0.0,True
2025-2026,492777,FB,2.0,0.0,78,1.378445945945946,1.5653225806451612,0.0,True
2025-2026,220627,CB,9.0,0.0,90,1.6056953642384106,1.4740853658536586,0.0,False
2025-2026,106760,FB,4.0,0.0,79,1.6668918918918918,1.7063125,1.0,True
2025-2026,466075,CB,4.0,0.0,71,1.7102097902097901,1.7187234042553192,0.0,False
2025-2026,462424,CB,14.0,1.0,90,1.7102097902097901,1.7187234042553192,0.0,False
2025-2026,198869,FB,8.0,0.0,70,1.7102097902097901,1.7187234042553192,0.0,False
2025-2026,209365,CB,10.0,1.0,90,1.6668918918918918,1.7063125,1.0,True
2025-2026,550864,CB,11.0,1.0,90,1.6668918918918918,1.7063125,1.0,True
2025-2026,596777,FB,5.0,0.0,90,1.6668918918918918,1.7063125,1.0,True
2025-2026,226597,CB,7.0,0.0,90,1.7102097902097901,1.7187234042553192,0.0,False
2025-2026,159506,FB,12.0,1.0,90,1.565845070422535,1.1928571428571428,1.0,True
2025-2026,227444,CB,8.0,0.0,90,1.565845070422535,1.1928571428571428,1.0,True
2025-2026,575476,CB,5.0,0.0,90,1.565845070422535,1.1928571428571428,1.0,True
2025-2026,215136,FB,6.0,0.0,90,1.565845070422535,1.1928571428571428,1.0,True
2025-2026,607464,FB,6.0,0.0,90,1.1952777777777779,1.5833962264150943,3.0,False
2025-2026,194010,FB,3.0,0.0,87,1.1952777777777779,1.5833962264150943,3.0,False
2025-2026,249231,FB,5.0,0.0,68,1.1952777777777779,1.5833962264150943,3.0,False
2025-2026,444765,CB,14.0,1.0,90,1.1952777777777779,1.5833962264150943,3.0,False
2025-2026,432830,CB,5.0,0.0,90,1.1952777777777779,1.5833962264150943,3.0,False
2025-2026,246301,CB,3.0,0.0,83,1.4670422535211267,1.270763358778626,1.0,False
2025-2026,232892,CB,4.0,0.0,90,1.4670422535211267,1.270763358778626,1.0,False
2025-2026,83299,CB,8.0,0.0,90,1.2529139072847681,1.5276335877862597,1.0,True
2025-2026,167074,FB,7.0,0.0,90,1.4670422535211267,1.270763358778626,1.0,False
2025-2026,174874,CB,8.0,0.0,90,1.4670422535211267,1.270763358778626,1.0,False
2025-2026,469142,CB,8.0,0.0,90,1.2529139072847681,1.5276335877862597,1.0,True
2025-2026,465730,FB,6.0,0.0,90,1.2529139072847681,1.5276335877862597,1.0,True
2025-2026,225796,FB,7.0,0.0,78,1.5676973684210527,1.7587671232876714,0.0,True
2025-2026,577016,FB,8.0,0.0,90,1.5676973684210527,1.7587671232876714,0.0,True
2025-2026,180736,CB,9.0,0.0,90,1.5676973684210527,1.7587671232876714,0.0,True
2025-2026,179268,FB,4.0,0.0,90,1.5676973684210527,1.7587671232876714,0.0,True
2025-2026,437499,CB,16.0,1.0,90,1.7197222222222224,1.561027397260274,0.0,False
2025-2026,244723,FB,11.0,1.0,90,1.7197222222222224,1.561027397260274,0.0,False
2025-2026,427623,CB,8.0,0.0,90,1.7197222222222224,1.561027397260274,0.0,False
2025-2026,247348,FB,8.0,0.0,90,1.7197222222222224,1.561027397260274,0.0,False
2025-2026,209036,CB,6.0,0.0,90,1.7197222222222224,1.8621383647798742,0.0,False
2025-2026,243526,FB,8.0,0.0,90,1.2277852348993288,1.4740853658536586,0.0,True
2025-2026,222694,CB,8.0,0.0,90,1.2277852348993288,1.4740853658536586,0.0,True
2025-2026,214225,CB,7.0,0.0,90,1.2277852348993288,1.4740853658536586,0.0,True
2025-2026,226182,FB,5.0,0.0,90,1.2277852348993288,1.4740853658536586,0.0,True
2025-2026,17761,CB,15.0,1.0,90,1.378445945945946,1.2333802816901407,1.0,False
2025-2026,106611,CB,7.0,0.0,90,1.378445945945946,1.2333802816901407,1.0,False
2025-2026,512462,CB,4.0,0.0,90,1.378445945945946,1.2333802816901407,1.0,False
2025-2026,223827,CB,14.0,1.0,90,1.238896551724138,1.0265625,0.0,True
2025-2026,487676,FB,6.0,0.0,90,1.238896551724138,1.0265625,0.0,True
2025-2026,214590,FB,3.0,0.0,90,1.0117021276595746,1.2106569343065694,3.0,False
2025-2026,434399,CB,8.0,0.0,90,1.238896551724138,1.0265625,0.0,True
2025-2026,613804,FB,3.0,0.0,90,1.0117021276595746,1.2106569343065694,3.0,False
2025-2026,214048,CB,9.0,0.0,90,1.0117021276595746,1.2106569343065694,3.0,False
2025-2026,462116,CB,8.0,0.0,81,1.0117021276595746,1.2106569343065694,3.0,False
2025-2026,97032,CB,21.0,1.0,90,1.6012587412587411,1.5653225806451612,2.0,True
2025-2026,204716,CB,7.0,0.0,90,1.6012587412587411,1.5653225806451612,2.0,True
2025-2026,242882,CB,9.0,0.0,90,1.6056953642384106,1.598169014084507,4.0,False
2025-2026,54469,FB,9.0,0.0,89,1.6056953642384106,1.598169014084507,4.0,False
2025-2026,221466,CB,15.0,1.0,90,1.6056953642384106,1.598169014084507,4.0,False
2025-2026,494521,FB,6.0,0.0,90,1.6056953642384106,1.598169014084507,4.0,False
2025-2026,448514,FB,15.0,1.0,90,0.975608108108108,1.8621383647798742,0.0,False
2025-2026,171314,CB,4.0,0.0,90,0.975608108108108,1.8621383647798742,0.0,False
2025-2026,497949,FB,4.0,0.0,71,1.8812337662337661,0.9484567901234568,4.0,True
2025-2026,87835,CB,5.0,0.0,90,1.8812337662337661,0.9484567901234568,4.0,True
2025-2026,510362,CB,4.0,0.0,90,1.8812337662337661,0.9484567901234568,4.0,True
2025-2026,516939,CB,7.0,0.0,90,1.8812337662337661,0.9484567901234568,4.0,True
2025-2026,491279,CB,6.0,0.0,90,0.8622666666666667,1.078201438848921,0.0,True
2025-2026,441164,FB,4.0,0.0,90,0.8622666666666667,1.078201438848921,0.0,True
2025-2026,232859,FB,3.0,0.0,90,0.8622666666666667,1.078201438848921,0.0,True
2025-2026,221632,CB,5.0,0.0,90,0.8622666666666667,1.078201438848921,0.0,True
2025-2026,494960,FB,6.0,0.0,90,1.0653061224489795,0.8541558441558441,3.0,False
2025-2026,477717,CB,8.0,0.0,90,1.0653061224489795,0.8541558441558441,3.0,False
2025-2026,58621,FB,5.0,0.0,90,1.0653061224489795,0.8541558441558441,3.0,False
2025-2026,478969,CB,5.0,0.0,90,1.0653061224489795,0.8541558441558441,3.0,False
2025-2026,441191,FB,5.0,0.0,90,1.241111111111111,1.461830985915493,0.0,False
2025-2026,119471,CB,11.0,1.0,90,1.241111111111111,1.461830985915493,0.0,False
2025-2026,78916,CB,11.0,1.0,90,1.241111111111111,1.461830985915493,0.0,False
2025-2026,77794,FB,4.0,0.0,90,1.241111111111111,1.461830985915493,0.0,False
2025-2026,199796,FB,11.0,1.0,90,1.5206081081081082,1.2532258064516129,0.0,True
2025-2026,101188,FB,7.0,0.0,90,1.5206081081081082,1.2532258064516129,0.0,True
2025-2026,149484,CB,5.0,0.0,90,1.5206081081081082,1.2532258064516129,0.0,True
2025-2026,199798,FB,3.0,0.0,65,1.5206081081081082,1.2532258064516129,0.0,True
2025-2026,461188,CB,10.0,1.0,90,1.4670422535211267,0.8541558441558441,2.0,False
2025-2026,478969,CB,6.0,0.0,90,1.4670422535211267,0.8541558441558441,2.0,False
2025-2026,58621,FB,1.0,0.0,90,1.4670422535211267,0.8541558441558441,2.0,False
2025-2026,549329,FB,3.0,0.0,90,1.4670422535211267,0.8541558441558441,2.0,False
2025-2026,231416,FB,4.0,0.0,90,0.8622666666666667,1.5276335877862597,0.0,True
2025-2026,469142,CB,9.0,0.0,90,0.8622666666666667,1.5276335877862597,0.0,True
2025-2026,111478,CB,9.0,0.0,90,0.8622666666666667,1.5276335877862597,0.0,True
2025-2026,83299,CB,7.0,0.0,90,0.8622666666666667,1.5276335877862597,0.0,True
2025-2026,199798,FB,3.0,0.0,90,1.1952777777777779,1.2532258064516129,1.0,True
2025-2026,159506,FB,9.0,0.0,68,1.241111111111111,1.1928571428571428,3.0,False
2025-2026,441302,FB,5.0,0.0,68,1.1952777777777779,1.2532258064516129,1.0,True
2025-2026,184667,FB,6.0,0.0,90,1.1952777777777779,1.2532258064516129,1.0,True
2025-2026,215136,FB,9.0,0.0,90,1.241111111111111,1.1928571428571428,3.0,False
2025-2026,227444,CB,10.0,1.0,90,1.241111111111111,1.1928571428571428,3.0,False
2025-2026,199796,FB,3.0,0.0,89,1.1952777777777779,1.2532258064516129,1.0,True
2025-2026,575476,CB,15.0,1.0,90,1.241111111111111,1.1928571428571428,3.0,False
2025-2026,169528,FB,6.0,0.0,90,1.6056953642384106,1.270763358778626,2.0,True
2025-2026,492777,FB,11.0,1.0,90,1.2529139072847681,1.5653225806451612,2.0,False
2025-2026,166477,FB,9.0,0.0,90,1.6056953642384106,1.270763358778626,2.0,True
2025-2026,204716,CB,5.0,0.0,90,1.2529139072847681,1.5653225806451612,2.0,False
2025-2026,246301,CB,11.0,1.0,90,1.6056953642384106,1.270763358778626,2.0,True
2025-2026,544877,FB,4.0,0.0,90,1.2529139072847681,1.5653225806451612,2.0,False
2025-2026,219924,CB,8.0,0.0,90,1.6056953642384106,1.270763358778626,2.0,True
2025-2026,97032,CB,4.0,0.0,90,1.2529139072847681,1.5653225806451612,2.0,False
2025-2026,174874,CB,12.0,1.0,90,1.6056953642384106,1.270763358778626,2.0,True
2025-2026,222694,CB,11.0,1.0,90,1.7102097902097901,1.4740853658536586,1.0,True
2025-2026,221820,FB,12.0,1.0,90,1.378445945945946,1.7063125,1.0,False
2025-2026,434752,CB,15.0,1.0,90,1.7102097902097901,1.4740853658536586,1.0,True
2025-2026,606745,CB,11.0,1.0,90,1.378445945945946,1.7063125,1.0,False
2025-2026,596777,FB,5.0,0.0,90,1.378445945945946,1.7063125,1.0,False
2025-2026,216051,FB,6.0,0.0,90,1.378445945945946,1.7063125,1.0,False
2025-2026,220627,CB,10.0,1.0,90,1.7102097902097901,1.4740853658536586,1.0,True
2025-2026,243526,FB,4.0,0.0,90,1.7102097902097901,1.4740853658536586,1.0,True
2025-2026,106760,FB,8.0,0.0,90,1.378445945945946,1.7063125,1.0,False
2025-2026,550864,CB,4.0,0.0,62,1.378445945945946,1.7063125,1.0,False
2025-2026,441164,FB,11.0,1.0,90,1.0117021276595746,1.078201438848921,1.0,True
2025-2026,491279,CB,9.0,0.0,90,1.0117021276595746,1.078201438848921,1.0,True
2025-2026,487676,FB,6.0,0.0,90,1.0653061224489795,1.0265625,1.0,False
2025-2026,247955,FB,6.0,0.0,90,1.0653061224489795,1.0265625,1.0,False
2025-2026,200834,CB,10.0,1.0,90,1.0653061224489795,1.0265625,1.0,False
2025-2026,201895,CB,6.0,0.0,90,1.0653061224489795,1.0265625,1.0,False
2025-2026,221632,CB,6.0,0.0,90,1.0117021276595746,1.078201438848921,1.0,True
2025-2026,171314,CB,2.0,0.0,80,1.7197222222222224,1.8621383647798742,1.0,True
2025-2026,465351,FB,6.0,0.0,90,1.7197222222222224,1.8621383647798742,1.0,True
2025-2026,472769,FB,7.0,0.0,90,1.7197222222222224,1.8621383647798742,1.0,True
2025-2026,482609,FB,6.0,0.0,90,1.8812337662337661,1.7587671232876714,1.0,False
2025-2026,225796,FB,5.0,0.0,90,1.8812337662337661,1.7587671232876714,1.0,False
2025-2026,180736,CB,10.0,1.0,90,1.8812337662337661,1.7587671232876714,1.0,False
2025-2026,242880,CB,8.0,0.0,90,1.8812337662337661,1.7587671232876714,1.0,False
2025-2026,577016,FB,5.0,0.0,61,1.8812337662337661,1.7587671232876714,1.0,False
2025-2026,445122,FB,10.0,1.0,90,1.6012587412587411,1.7187234042553192,2.0,False
2025-2026,463981,CB,18.0,1.0,90,1.6668918918918918,1.598169014084507,3.0,True
2025-2026,448104,CB,4.0,0.0,90,1.6012587412587411,1.7187234042553192,2.0,False
2025-2026,226597,CB,12.0,1.0,90,1.6012587412587411,1.7187234042553192,2.0,False
2025-2026,462424,CB,8.0,0.0,90,1.6012587412587411,1.7187234042553192,2.0,False
2025-2026,551483,FB,6.0,0.0,90,1.6668918918918918,1.598169014084507,3.0,True
2025-2026,221466,CB,7.0,0.0,90,1.6668918918918918,1.598169014084507,3.0,True
2025-2026,494521,FB,5.0,0.0,90,1.6668918918918918,1.598169014084507,3.0,True
2025-2026,432830,CB,9.0,0.0,90,1.2277852348993288,1.5833962264150943,2.0,False
2025-2026,607464,FB,3.0,0.0,90,1.2277852348993288,1.5833962264150943,2.0,False
2025-2026,191866,CB,11.0,1.0,90,1.2277852348993288,1.5833962264150943,2.0,False
2025-2026,17761,CB,14.0,1.0,90,1.565845070422535,1.2333802816901407,4.0,True
2025-2026,472713,FB,3.0,0.0,75,1.2277852348993288,1.5833962264150943,2.0,False
2025-2026,512462,CB,7.0,0.0,90,1.565845070422535,1.2333802816901407,4.0,True
2025-2026,224967,FB,4.0,0.0,90,1.565845070422535,1.2333802816901407,4.0,True
2025-2026,106611,CB,7.0,0.0,90,1.565845070422535,1.2333802816901407,4.0,True
2025-2026,490721,FB,5.0,0.0,90,1.238896551724138,0.9484567901234568,0.0,True
2025-2026,431248,CB,8.0,0.0,90,1.238896551724138,0.9484567901234568,0.0,True
2025-2026,501837,CB,9.0,0.0,90,1.238896551724138,0.9484567901234568,0.0,True
2025-2026,536109,FB,6.0,0.0,90,0.975608108108108,1.2106569343065694,3.0,False
2025-2026,231480,CB,6.0,0.0,90,1.238896551724138,0.9484567901234568,0.0,True
2025-2026,158534,FB,10.0,1.0,90,0.975608108108108,1.2106569343065694,3.0,False
2025-2026,523705,FB,4.0,0.0,90,1.238896551724138,0.9484567901234568,0.0,True
2025-2026,233963,CB,6.0,0.0,90,0.975608108108108,1.2106569343065694,3.0,False
2025-2026,214048,CB,7.0,0.0,90,0.975608108108108,1.2106569343065694,3.0,False
2025-2026,465642,CB,17.0,1.0,90,1.5676973684210527,1.461830985915493,0.0,True
2025-2026,119471,CB,11.0,1.0,90,1.5676973684210527,1.461830985915493,0.0,True
2025-2026,487838,FB,6.0,0.0,62,1.5676973684210527,1.461830985915493,0.0,True
2025-2026,209036,CB,11.0,1.0,90,1.5206081081081082,1.8621383647798742,2.0,False
2025-2026,437499,CB,13.0,1.0,90,1.5206081081081082,1.561027397260274,2.0,False
2025-2026,244723,FB,11.0,1.0,90,1.5206081081081082,1.561027397260274,2.0,False
2025-2026,221632,CB,18.0,1.0,90,1.6012587412587411,1.078201438848921,3.0,False
2025-2026,221466,CB,16.0,1.0,90,1.0653061224489795,1.598169014084507,2.0,True
2025-2026,463981,CB,11.0,1.0,90,1.0653061224489795,1.598169014084507,2.0,True
2025-2026,494521,FB,9.0,0.0,90,1.0653061224489795,1.598169014084507,2.0,True
2025-2026,551483,FB,4.0,0.0,86,1.0653061224489795,1.598169014084507,2.0,True
2025-2026,232859,FB,6.0,0.0,90,1.6012587412587411,1.078201438848921,3.0,False
2025-2026,441164,FB,5.0,0.0,90,1.6012587412587411,1.078201438848921,3.0,False
2025-2026,491279,CB,3.0,0.0,90,1.6012587412587411,1.078201438848921,3.0,False
2025-2026,174874,CB,8.0,0.0,90,1.7197222222222224,1.270763358778626,1.0,True
2025-2026,169528,FB,6.0,0.0,72,1.7197222222222224,1.270763358778626,1.0,True
2025-2026,551210,FB,9.0,0.0,62,1.2529139072847681,1.7587671232876714,2.0,False
2025-2026,166477,FB,4.0,0.0,90,1.7197222222222224,1.270763358778626,1.0,True
2025-2026,219924,CB,5.0,0.0,90,1.7197222222222224,1.270763358778626,1.0,True
2025-2026,482609,FB,2.0,0.0,75,1.2529139072847681,1.7587671232876714,2.0,False
2025-2026,180736,CB,12.0,1.0,90,1.2529139072847681,1.7587671232876714,2.0,False
2025-2026,109646,CB,8.0,0.0,90,1.2529139072847681,1.7587671232876714,2.0,False
2025-2026,465351,FB,4.0,0.0,72,1.4670422535211267,1.8621383647798742,1.0,True
2025-2026,578153,FB,5.0,0.0,90,1.4670422535211267,1.8621383647798742,1.0,True
2025-2026,469142,CB,15.0,1.0,90,1.8812337662337661,1.5276335877862597,1.0,False
2025-2026,465730,FB,5.0,0.0,90,1.8812337662337661,1.5276335877862597,1.0,False
2025-2026,126184,CB,2.0,0.0,72,1.4670422535211267,1.8621383647798742,1.0,True
2025-2026,231416,FB,5.0,0.0,90,1.8812337662337661,1.5276335877862597,1.0,False
2025-2026,83299,CB,12.0,1.0,90,1.8812337662337661,1.5276335877862597,1.0,False
2025-2026,536109,FB,14.0,1.0,62,1.1952777777777779,1.2106569343065694,2.0,True
2025-2026,575476,CB,11.0,1.0,90,1.238896551724138,1.1928571428571428,1.0,False
2025-2026,159506,FB,7.0,0.0,90,1.238896551724138,1.1928571428571428,1.0,False
2025-2026,233963,CB,12.0,1.0,90,1.1952777777777779,1.2106569343065694,2.0,True
2025-2026,462116,CB,10.0,1.0,90,1.1952777777777779,1.2106569343065694,2.0,True
2025-2026,215136,FB,11.0,1.0,90,1.238896551724138,1.1928571428571428,1.0,False
2025-2026,158534,FB,5.0,0.0,90,1.1952777777777779,1.2106569343065694,2.0,True
2025-2026,227444,CB,7.0,0.0,90,1.238896551724138,1.1928571428571428,1.0,False
2025-2026,512462,CB,5.0,0.0,90,0.975608108108108,1.2333802816901407,1.0,True
2025-2026,17761,CB,14.0,1.0,90,0.975608108108108,1.2333802816901407,1.0,True
2025-2026,523705,FB,0.0,0.0,90,1.2277852348993288,0.9484567901234568,1.0,False
2025-2026,106611,CB,6.0,0.0,82,0.975608108108108,1.2333802816901407,1.0,True
2025-2026,501837,CB,13.0,1.0,90,1.2277852348993288,0.9484567901234568,1.0,False
2025-2026,490721,FB,4.0,0.0,90,1.2277852348993288,0.9484567901234568,1.0,False
2025-2026,231480,CB,7.0,0.0,90,1.2277852348993288,0.9484567901234568,1.0,False
2025-2026,431248,CB,4.0,0.0,67,1.2277852348993288,0.9484567901234568,1.0,False
2025-2026,224967,FB,9.0,0.0,90,0.975608108108108,1.2333802816901407,1.0,True
2025-2026,119471,CB,10.0,1.0,75,1.378445945945946,1.461830985915493,3.0,True
2025-2026,220627,CB,7.0,0.0,90,1.5206081081081082,1.4740853658536586,4.0,False
2025-2026,487838,FB,3.0,0.0,90,1.378445945945946,1.461830985915493,3.0,True
2025-2026,243526,FB,5.0,0.0,90,1.5206081081081082,1.4740853658536586,4.0,False
2025-2026,434752,CB,9.0,0.0,90,1.5206081081081082,1.4740853658536586,4.0,False
2025-2026,214225,CB,3.0,0.0,90,1.5206081081081082,1.4740853658536586,4.0,False
2025-2026,222694,CB,13.0,1.0,90,1.5206081081081082,1.4740853658536586,4.0,False
2025-2026,596777,FB,6.0,0.0,90,0.8622666666666667,1.7063125,2.0,False
2025-2026,216051,FB,7.0,0.0,90,0.8622666666666667,1.7063125,2.0,False
2025-2026,106760,FB,6.0,0.0,90,0.8622666666666667,1.7063125,2.0,False
2025-2026,477717,CB,12.0,1.0,90,1.7102097902097901,0.8541558441558441,2.0,True
2025-2026,221820,FB,3.0,0.0,90,0.8622666666666667,1.7063125,2.0,False
2025-2026,549329,FB,2.0,0.0,90,1.7102097902097901,0.8541558441558441,2.0,True
2025-2026,461188,CB,10.0,1.0,90,1.7102097902097901,0.8541558441558441,2.0,True
2025-2026,58621,FB,4.0,0.0,90,1.7102097902097901,0.8541558441558441,2.0,True
2025-2026,606745,CB,2.0,0.0,60,0.8622666666666667,1.7063125,2.0,False
2025-2026,544877,FB,7.0,0.0,90,1.6668918918918918,1.5653225806451612,0.0,False
2025-2026,97032,CB,3.0,0.0,90,1.6668918918918918,1.5653225806451612,0.0,False
2025-2026,204716,CB,10.0,1.0,90,1.6668918918918918,1.5653225806451612,0.0,False
2025-2026,445122,FB,5.0,0.0,90,1.6056953642384106,1.7187234042553192,0.0,True
2025-2026,492777,FB,8.0,0.0,90,1.6668918918918918,1.5653225806451612,0.0,False
2025-2026,226597,CB,6.0,0.0,90,1.6056953642384106,1.7187234042553192,0.0,True
2025-2026,462424,CB,5.0,0.0,90,1.6056953642384106,1.7187234042553192,0.0,True
2025-2026,216094,FB,0.0,0.0,90,1.6668918918918918,1.5653225806451612,0.0,False
2025-2026,432830,CB,10.0,1.0,90,1.0117021276595746,1.5833962264150943,0.0,True
2025-2026,607464,FB,6.0,0.0,81,1.0117021276595746,1.5833962264150943,0.0,True
2025-2026,194010,FB,3.0,0.0,90,1.0117021276595746,1.5833962264150943,0.0,True
2025-2026,249231,FB,0.0,0.0,60,1.0117021276595746,1.5833962264150943,0.0,True
2025-2026,191866,CB,8.0,0.0,90,1.0117021276595746,1.5833962264150943,0.0,True
2025-2026,200834,CB,10.0,1.0,90,1.565845070422535,1.0265625,3.0,False
2025-2026,223827,CB,9.0,0.0,78,1.565845070422535,1.0265625,3.0,False
2025-2026,487676,FB,5.0,0.0,90,1.565845070422535,1.0265625,3.0,False
2025-2026,201895,CB,6.0,0.0,82,1.565845070422535,1.0265625,3.0,False
2025-2026,247955,FB,3.0,0.0,78,1.565845070422535,1.0265625,3.0,False
2025-2026,199796,FB,8.0,0.0,90,1.5676973684210527,1.2532258064516129,0.0,False
2025-2026,651426,CB,12.0,1.0,90,1.241111111111111,1.561027397260274,0.0,True
2025-2026,101188,FB,6.0,0.0,72,1.5676973684210527,1.2532258064516129,0.0,False
2025-2026,199798,FB,8.0,0.0,90,1.5676973684210527,1.2532258064516129,0.0,False
2025-2026,437499,CB,11.0,1.0,90,1.241111111111111,1.561027397260274,0.0,True
2025-2026,184667,FB,4.0,0.0,90,1.5676973684210527,1.2532258064516129,0.0,False
2025-2026,209036,CB,6.0,0.0,90,1.5676973684210527,1.8621383647798742,0.0,False
2025-2026,244723,FB,4.0,0.0,90,1.241111111111111,1.561027397260274,0.0,True
2025-2026,544877,FB,2.0,0.0,77,0.8622666666666667,1.5653225806451612,1.0,True
2025-2026,461188,CB,12.0,1.0,90,1.6056953642384106,0.8541558441558441,1.0,False
2025-2026,549329,FB,15.0,1.0,90,1.6056953642384106,0.8541558441558441,1.0,False
2025-2026,97032,CB,7.0,0.0,90,0.8622666666666667,1.5653225806451612,1.0,True
2025-2026,216094,FB,1.0,0.0,90,0.8622666666666667,1.5653225806451612,1.0,True
2025-2026,204716,CB,7.0,0.0,90,0.8622666666666667,1.5653225806451612,1.0,True
2025-2026,58621,FB,5.0,0.0,90,1.6056953642384106,0.8541558441558441,1.0,False
2025-2026,477717,CB,6.0,0.0,73,1.6056953642384106,0.8541558441558441,1.0,False
2025-2026,180804,CB,11.0,1.0,90,1.6056953642384106,0.8541558441558441,1.0,False
2025-2026,462424,CB,5.0,0.0,90,1.1952777777777779,1.7187234042553192,0.0,False
2025-2026,215136,FB,4.0,0.0,90,1.6668918918918918,1.1928571428571428,0.0,True
2025-2026,226597,CB,7.0,0.0,90,1.1952777777777779,1.7187234042553192,0.0,False
2025-2026,198869,FB,4.0,0.0,90,1.1952777777777779,1.7187234042553192,0.0,False
2025-2026,227444,CB,9.0,0.0,90,1.6668918918918918,1.1928571428571428,0.0,True
2025-2026,575476,CB,13.0,1.0,90,1.6668918918918918,1.1928571428571428,0.0,True
2025-2026,159506,FB,4.0,0.0,90,1.6668918918918918,1.1928571428571428,0.0,True
2025-2026,445122,FB,2.0,0.0,90,1.1952777777777779,1.7187234042553192,0.0,False
2025-2026,220627,CB,7.0,0.0,90,1.2529139072847681,1.4740853658536586,0.0,True
2025-2026,243526,FB,3.0,0.0,90,1.2529139072847681,1.4740853658536586,0.0,True
2025-2026,226182,FB,3.0,0.0,80,1.2529139072847681,1.4740853658536586,0.0,True
2025-2026,174874,CB,9.0,0.0,90,1.378445945945946,1.270763358778626,1.0,False
2025-2026,222694,CB,5.0,0.0,90,1.2529139072847681,1.4740853658536586,0.0,True
2025-2026,214225,CB,2.0,0.0,90,1.2529139072847681,1.4740853658536586,0.0,True
2025-2026,246301,CB,11.0,1.0,90,1.378445945945946,1.270763358778626,1.0,False
2025-2026,169528,FB,9.0,0.0,90,1.378445945945946,1.270763358778626,1.0,False
2025-2026,166477,FB,9.0,0.0,90,1.378445945945946,1.270763358778626,1.0,False
2025-2026,501837,CB,11.0,1.0,90,1.5206081081081082,0.9484567901234568,0.0,True
2025-2026,487838,FB,5.0,0.0,90,0.975608108108108,1.461830985915493,0.0,False
2025-2026,465642,CB,8.0,0.0,90,0.975608108108108,1.461830985915493,0.0,False
2025-2026,77794,FB,3.0,0.0,90,0.975608108108108,1.461830985915493,0.0,False
2025-2026,490721,FB,9.0,0.0,90,1.5206081081081082,0.9484567901234568,0.0,True
2025-2026,220237,CB,3.0,0.0,90,0.975608108108108,1.461830985915493,0.0,False
2025-2026,523705,FB,7.0,0.0,90,1.5206081081081082,0.9484567901234568,0.0,True
2025-2026,431248,CB,7.0,0.0,90,1.5206081081081082,0.9484567901234568,0.0,True
2025-2026,231480,CB,4.0,0.0,90,1.5206081081081082,0.9484567901234568,0.0,True
2025-2026,200834,CB,11.0,1.0,90,1.5676973684210527,1.0265625,1.0,True
2025-2026,434399,CB,8.0,0.0,90,1.5676973684210527,1.0265625,1.0,True
2025-2026,223827,CB,13.0,1.0,90,1.5676973684210527,1.0265625,1.0,True
2025-2026,427623,CB,17.0,1.0,90,1.0117021276595746,1.561027397260274,2.0,False
2025-2026,201895,CB,8.0,0.0,90,1.5676973684210527,1.0265625,1.0,True
2025-2026,487676,FB,2.0,0.0,90,1.5676973684210527,1.0265625,1.0,True
2025-2026,244723,FB,3.0,0.0,90,1.0117021276595746,1.561027397260274,2.0,False
2025-2026,437499,CB,7.0,0.0,90,1.0117021276595746,1.561027397260274,2.0,False
2025-2026,441164,FB,3.0,0.0,90,1.238896551724138,1.078201438848921,2.0,True
2025-2026,233963,CB,16.0,1.0,90,1.0653061224489795,1.2106569343065694,1.0,False
2025-2026,221632,CB,11.0,1.0,90,1.238896551724138,1.078201438848921,2.0,True
2025-2026,462116,CB,10.0,1.0,90,1.0653061224489795,1.2106569343065694,1.0,False
2025-2026,232859,FB,5.0,0.0,71,1.238896551724138,1.078201438848921,2.0,True
2025-2026,214590,FB,13.0,1.0,90,1.0653061224489795,1.2106569343065694,1.0,False
2025-2026,536109,FB,8.0,0.0,90,1.0653061224489795,1.2106569343065694,1.0,False
2025-2026,491279,CB,9.0,0.0,90,1.238896551724138,1.078201438848921,2.0,True
2025-2026,469142,CB,4.0,0.0,90,1.6012587412587411,1.5276335877862597,1.0,True
2025-2026,231416,FB,5.0,0.0,88,1.6012587412587411,1.5276335877862597,1.0,True
2025-2026,494521,FB,12.0,1.0,90,1.4670422535211267,1.598169014084507,1.0,False
2025-2026,111478,CB,8.0,0.0,90,1.6012587412587411,1.5276335877862597,1.0,True
2025-2026,551483,FB,5.0,0.0,90,1.4670422535211267,1.598169014084507,1.0,False
2025-2026,221466,CB,13.0,1.0,90,1.4670422535211267,1.598169014084507,1.0,False
2025-2026,83299,CB,7.0,0.0,90,1.6012587412587411,1.5276335877862597,1.0,True
2025-2026,463981,CB,9.0,0.0,90,1.4670422535211267,1.598169014084507,1.0,False
2025-2026,512462,CB,12.0,1.0,90,1.241111111111111,1.2333802816901407,0.0,False
2025-2026,17761,CB,11.0,1.0,90,1.241111111111111,1.2333802816901407,0.0,False
2025-2026,199796,FB,4.0,0.0,90,1.2277852348993288,1.2532258064516129,1.0,True
2025-2026,441302,FB,2.0,0.0,72,1.2277852348993288,1.2532258064516129,1.0,True
2025-2026,199798,FB,7.0,0.0,90,1.2277852348993288,1.2532258064516129,1.0,True
2025-2026,515597,FB,5.0,0.0,72,1.2277852348993288,1.2532258064516129,1.0,True
2025-2026,224967,FB,3.0,0.0,90,1.241111111111111,1.2333802816901407,0.0,False
2025-2026,244954,CB,5.0,0.0,90,1.2277852348993288,1.2532258064516129,1.0,True
2025-2026,180736,CB,11.0,1.0,90,1.565845070422535,1.7587671232876714,0.0,True
2025-2026,225796,FB,8.0,0.0,84,1.565845070422535,1.7587671232876714,0.0,True
2025-2026,179268,FB,8.0,0.0,90,1.565845070422535,1.7587671232876714,0.0,True
2025-2026,191866,CB,9.0,0.0,90,1.7197222222222224,1.5833962264150943,2.0,False
2025-2026,432830,CB,7.0,0.0,90,1.7197222222222224,1.5833962264150943,2.0,False
2025-2026,194010,FB,3.0,0.0,81,1.7197222222222224,1.5833962264150943,2.0,False
2025-2026,607464,FB,3.0,0.0,90,1.7197222222222224,1.5833962264150943,2.0,False
2025-2026,596777,FB,6.0,0.0,90,1.8812337662337661,1.7063125,0.0,True
2025-2026,221820,FB,11.0,1.0,90,1.8812337662337661,1.7063125,0.0,True
2025-2026,578153,FB,15.0,1.0,90,1.7102097902097901,1.8621383647798742,2.0,False
2025-2026,95658,CB,7.0,0.0,90,1.8812337662337661,1.7063125,0.0,True
2025-2026,106760,FB,5.0,0.0,90,1.8812337662337661,1.7063125,0.0,True
2025-2026,126184,CB,2.0,0.0,90,1.7102097902097901,1.8621383647798742,2.0,False
2025-2026,216051,FB,8.0,0.0,90,1.8812337662337661,1.7063125,0.0,True
2025-2026,174874,CB,11.0,1.0,90,1.4670422535211267,1.270763358778626,1.0,True
2025-2026,246301,CB,12.0,1.0,90,1.4670422535211267,1.270763358778626,1.0,True
2025-2026,469142,CB,8.0,0.0,90,1.2529139072847681,1.5276335877862597,2.0,False
2025-2026,231416,FB,4.0,0.0,90,1.2529139072847681,1.5276335877862597,2.0,False
2025-2026,204120,FB,3.0,0.0,87,1.2529139072847681,1.5276335877862597,2.0,False
2025-2026,166477,FB,11.0,1.0,90,1.4670422535211267,1.270763358778626,1.0,True
2025-2026,83299,CB,11.0,1.0,90,1.2529139072847681,1.5276335877862597,2.0,False
2025-2026,58621,FB,6.0,0.0,90,1.0653061224489795,0.8541558441558441,2.0,True
2025-2026,491279,CB,6.0,0.0,90,0.8622666666666667,1.078201438848921,2.0,False
2025-2026,180804,CB,7.0,0.0,90,1.0653061224489795,0.8541558441558441,2.0,True
2025-2026,549329,FB,9.0,0.0,90,1.0653061224489795,0.8541558441558441,2.0,True
2025-2026,477717,CB,10.0,1.0,90,1.0653061224489795,0.8541558441558441,2.0,True
2025-2026,135720,CB,7.0,0.0,77,0.8622666666666667,1.078201438848921,2.0,False
2025-2026,221632,CB,10.0,1.0,90,0.8622666666666667,1.078201438848921,2.0,False
2025-2026,232859,FB,4.0,0.0,90,0.8622666666666667,1.078201438848921,2.0,False
2025-2026,461188,CB,6.0,0.0,90,1.0653061224489795,0.8541558441558441,2.0,True
2025-2026,200834,CB,4.0,0.0,82,1.238896551724138,1.0265625,3.0,False
2025-2026,536109,FB,6.0,0.0,70,1.0117021276595746,1.2106569343065694,1.0,True
2025-2026,201895,CB,9.0,0.0,90,1.238896551724138,1.0265625,3.0,False
2025-2026,214590,FB,4.0,0.0,90,1.0117021276595746,1.2106569343065694,1.0,True
2025-2026,462116,CB,5.0,0.0,90,1.0117021276595746,1.2106569343065694,1.0,True
2025-2026,223827,CB,11.0,1.0,90,1.238896551724138,1.0265625,3.0,False
2025-2026,233963,CB,6.0,0.0,90,1.0117021276595746,1.2106569343065694,1.0,True
2025-2026,220627,CB,7.0,0.0,90,1.2277852348993288,1.4740853658536586,1.0,False
2025-2026,222694,CB,15.0,1.0,90,1.2277852348993288,1.4740853658536586,1.0,False
2025-2026,512462,CB,10.0,1.0,90,1.378445945945946,1.2333802816901407,1.0,True
2025-2026,17761,CB,12.0,1.0,90,1.378445945945946,1.2333802816901407,1.0,True
2025-2026,224967,FB,5.0,0.0,90,1.378445945945946,1.2333802816901407,1.0,True
2025-2026,226182,FB,5.0,0.0,90,1.2277852348993288,1.4740853658536586,1.0,False
2025-2026,214225,CB,11.0,1.0,90,1.2277852348993288,1.4740853658536586,1.0,False
2025-2026,465351,FB,3.0,0.0,90,0.975608108108108,1.8621383647798742,0.0,True
2025-2026,472769,FB,9.0,0.0,90,0.975608108108108,1.8621383647798742,0.0,True
2025-2026,209036,CB,5.0,0.0,90,0.975608108108108,1.8621383647798742,0.0,True
2025-2026,578153,FB,6.0,0.0,90,0.975608108108108,1.8621383647798742,0.0,True
2025-2026,490721,FB,7.0,0.0,90,1.8812337662337661,0.9484567901234568,2.0,False
2025-2026,501837,CB,8.0,0.0,90,1.8812337662337661,0.9484567901234568,2.0,False
2025-2026,431248,CB,7.0,0.0,90,1.8812337662337661,0.9484567901234568,2.0,False
2025-2026,231480,CB,6.0,0.0,90,1.8812337662337661,0.9484567901234568,2.0,False
2025-2026,441302,FB,5.0,0.0,90,1.5206081081081082,1.2532258064516129,0.0,False
2025-2026,220237,CB,14.0,1.0,90,1.241111111111111,1.461830985915493,2.0,True
2025-2026,244954,CB,6.0,0.0,74,1.5206081081081082,1.2532258064516129,0.0,False
2025-2026,199798,FB,6.0,0.0,90,1.5206081081081082,1.2532258064516129,0.0,False
2025-2026,199796,FB,4.0,0.0,90,1.5206081081081082,1.2532258064516129,0.0,False
2025-2026,487838,FB,9.0,0.0,90,1.241111111111111,1.461830985915493,2.0,True
2025-2026,77794,FB,4.0,0.0,90,1.241111111111111,1.461830985915493,2.0,True
2025-2026,465642,CB,4.0,0.0,90,1.241111111111111,1.461830985915493,2.0,True
2025-2026,215136,FB,12.0,1.0,90,1.565845070422535,1.1928571428571428,0.0,False
2025-2026,159506,FB,9.0,0.0,90,1.565845070422535,1.1928571428571428,0.0,False
2025-2026,575476,CB,10.0,1.0,90,1.565845070422535,1.1928571428571428,0.0,False
2025-2026,227444,CB,11.0,1.0,90,1.565845070422535,1.1928571428571428,0.0,False
2025-2026,194010,FB,8.0,0.0,66,1.1952777777777779,1.5833962264150943,2.0,True
2025-2026,607464,FB,3.0,0.0,80,1.1952777777777779,1.5833962264150943,2.0,True
2025-2026,432830,CB,5.0,0.0,90,1.1952777777777779,1.5833962264150943,2.0,True
2025-2026,221466,CB,13.0,1.0,90,1.6056953642384106,1.598169014084507,2.0,True
2025-2026,551483,FB,8.0,0.0,84,1.6056953642384106,1.598169014084507,2.0,True
2025-2026,494521,FB,10.0,1.0,90,1.6056953642384106,1.598169014084507,2.0,True
2025-2026,463981,CB,11.0,1.0,90,1.6056953642384106,1.598169014084507,2.0,True
2025-2026,54469,FB,6.0,0.0,90,1.6056953642384106,1.598169014084507,2.0,True
2025-2026,97032,CB,13.0,1.0,90,1.6012587412587411,1.5653225806451612,3.0,False
2025-2026,596777,FB,4.0,0.0,80,1.6668918918918918,1.7063125,2.0,False
2025-2026,95658,CB,11.0,1.0,90,1.6668918918918918,1.7063125,2.0,False
2025-2026,106760,FB,7.0,0.0,90,1.6668918918918918,1.7063125,2.0,False
2025-2026,216051,FB,0.0,0.0,90,1.6668918918918918,1.7063125,2.0,False
2025-2026,462424,CB,4.0,0.0,90,1.7102097902097901,1.7187234042553192,3.0,True
2025-2026,226597,CB,6.0,0.0,90,1.7102097902097901,1.7187234042553192,3.0,True
2025-2026,221820,FB,6.0,0.0,90,1.6668918918918918,1.7063125,2.0,False
2025-2026,445122,FB,2.0,0.0,90,1.7102097902097901,1.7187234042553192,3.0,True
2025-2026,427623,CB,5.0,0.0,90,1.7197222222222224,1.561027397260274,3.0,True
2025-2026,179268,FB,11.0,1.0,90,1.5676973684210527,1.7587671232876714,1.0,False
2025-2026,242880,CB,14.0,1.0,90,1.5676973684210527,1.7587671232876714,1.0,False
2025-2026,180736,CB,13.0,1.0,90,1.5676973684210527,1.7587671232876714,1.0,False
2025-2026,225796,FB,5.0,0.0,80,1.5676973684210527,1.7587671232876714,1.0,False
2025-2026,244723,FB,8.0,0.0,64,1.7197222222222224,1.561027397260274,3.0,True
2025-2026,437499,CB,8.0,0.0,90,1.7197222222222224,1.561027397260274,3.0,True
2025-2026,247348,FB,6.0,0.0,75,1.7197222222222224,1.561027397260274,3.0,True
2025-2026,651426,CB,5.0,0.0,64,1.7197222222222224,1.561027397260274,3.0,True
2025-2026,501837,CB,3.0,0.0,90,1.6012587412587411,0.9484567901234568,2.0,True
2025-2026,490721,FB,4.0,0.0,88,1.6012587412587411,0.9484567901234568,2.0,True
2025-2026,551483,FB,2.0,0.0,85,0.975608108108108,1.598169014084507,0.0,False
2025-2026,516939,CB,10.0,1.0,90,1.6012587412587411,0.9484567901234568,2.0,True
2025-2026,494521,FB,9.0,0.0,90,0.975608108108108,1.598169014084507,0.0,False
2025-2026,221466,CB,11.0,1.0,90,0.975608108108108,1.598169014084507,0.0,False
2025-2026,54469,FB,7.0,0.0,90,0.975608108108108,1.598169014084507,0.0,False
2025-2026,463981,CB,10.0,1.0,90,0.975608108108108,1.598169014084507,0.0,False
2025-2026,231480,CB,5.0,0.0,88,1.6012587412587411,0.9484567901234568,2.0,True
2025-2026,483081,FB,3.0,0.0,70,1.6012587412587411,0.9484567901234568,2.0,True
2025-2026,575476,CB,4.0,0.0,90,1.5676973684210527,1.1928571428571428,1.0,True
2025-2026,515621,CB,3.0,0.0,60,1.1952777777777779,1.561027397260274,1.0,False
2025-2026,427623,CB,7.0,0.0,90,1.1952777777777779,1.561027397260274,1.0,False
2025-2026,437499,CB,8.0,0.0,90,1.1952777777777779,1.561027397260274,1.0,False
2025-2026,244723,FB,4.0,0.0,90,1.1952777777777779,1.561027397260274,1.0,False
2025-2026,159506,FB,7.0,0.0,90,1.5676973684210527,1.1928571428571428,1.0,True
2025-2026,227444,CB,13.0,1.0,90,1.5676973684210527,1.1928571428571428,1.0,True
2025-2026,247348,FB,4.0,0.0,90,1.1952777777777779,1.561027397260274,1.0,False
2025-2026,231416,FB,7.0,0.0,90,1.2277852348993288,1.5276335877862597,1.0,True
2025-2026,83299,CB,11.0,1.0,90,1.2277852348993288,1.5276335877862597,1.0,True
2025-2026,480455,CB,5.0,0.0,88,1.4670422535211267,1.2333802816901407,1.0,False
2025-2026,512462,CB,4.0,0.0,90,1.4670422535211267,1.2333802816901407,1.0,False
2025-2026,106611,CB,9.0,0.0,90,1.4670422535211267,1.2333802816901407,1.0,False
2025-2026,17761,CB,8.0,0.0,90,1.4670422535211267,1.2333802816901407,1.0,False
2025-2026,469142,CB,9.0,0.0,90,1.2277852348993288,1.5276335877862597,1.0,True
2025-2026,465730,FB,2.0,0.0,69,1.2277852348993288,1.5276335877862597,1.0,True
2025-2026,441302,FB,8.0,0.0,90,1.565845070422535,1.2532258064516129,1.0,True
2025-2026,191866,CB,12.0,1.0,90,1.241111111111111,1.5833962264150943,0.0,False
2025-2026,194010,FB,4.0,0.0,83,1.241111111111111,1.5833962264150943,0.0,False
2025-2026,199796,FB,8.0,0.0,90,1.565845070422535,1.2532258064516129,1.0,True
2025-2026,199798,FB,4.0,0.0,90,1.565845070422535,1.2532258064516129,1.0,True
2025-2026,607464,FB,6.0,0.0,90,1.241111111111111,1.5833962264150943,0.0,False
2025-2026,244954,CB,3.0,0.0,90,1.565845070422535,1.2532258064516129,1.0,True
2025-2026,444765,CB,6.0,0.0,90,1.241111111111111,1.5833962264150943,0.0,False
2025-2026,434399,CB,6.0,0.0,90,0.8622666666666667,1.0265625,0.0,True
2025-2026,223827,CB,11.0,1.0,90,0.8622666666666667,1.0265625,0.0,True
2025-2026,201895,CB,6.0,0.0,85,0.8622666666666667,1.0265625,0.0,True
2025-2026,200834,CB,3.0,0.0,90,0.8622666666666667,1.0265625,0.0,True
2025-2026,487676,FB,2.0,0.0,90,0.8622666666666667,1.0265625,0.0,True
2025-2026,58621,FB,3.0,0.0,90,1.0117021276595746,0.8541558441558441,3.0,False
2025-2026,549329,FB,6.0,0.0,90,1.0117021276595746,0.8541558441558441,3.0,False
2025-2026,461188,CB,10.0,1.0,90,1.0117021276595746,0.8541558441558441,3.0,False
2025-2026,477717,CB,11.0,1.0,90,1.0117021276595746,0.8541558441558441,3.0,False
2025-2026,180736,CB,12.0,1.0,90,1.238896551724138,1.7587671232876714,2.0,True
2025-2026,462116,CB,11.0,1.0,90,1.7197222222222224,1.2106569343065694,3.0,False
2025-2026,214590,FB,8.0,0.0,90,1.7197222222222224,1.2106569343065694,3.0,False
2025-2026,613804,FB,7.0,0.0,80,1.7197222222222224,1.2106569343065694,3.0,False
2025-2026,482609,FB,1.0,0.0,80,1.238896551724138,1.7587671232876714,2.0,True
2025-2026,233963,CB,12.0,1.0,90,1.7197222222222224,1.2106569343065694,3.0,False
2025-2026,226597,CB,13.0,1.0,90,1.378445945945946,1.7187234042553192,0.0,False
2025-2026,445122,FB,3.0,0.0,90,1.378445945945946,1.7187234042553192,0.0,False
2025-2026,448104,CB,6.0,0.0,74,1.378445945945946,1.7187234042553192,0.0,False
2025-2026,462424,CB,3.0,0.0,90,1.378445945945946,1.7187234042553192,0.0,False
2025-2026,243526,FB,4.0,0.0,90,1.6668918918918918,1.4740853658536586,4.0,True
2025-2026,222694,CB,16.0,1.0,90,1.6668918918918918,1.4740853658536586,4.0,True
2025-2026,226182,FB,8.0,0.0,90,1.6668918918918918,1.4740853658536586,4.0,True
2025-2026,214225,CB,14.0,1.0,90,1.6668918918918918,1.4740853658536586,4.0,True
2025-2026,204716,CB,13.0,1.0,90,1.5206081081081082,1.5653225806451612,1.0,True
2025-2026,544877,FB,2.0,0.0,90,1.5206081081081082,1.5653225806451612,1.0,True
2025-2026,97032,CB,13.0,1.0,90,1.5206081081081082,1.5653225806451612,1.0,True
2025-2026,487838,FB,10.0,1.0,88,1.6056953642384106,1.461830985915493,4.0,False
2025-2026,77794,FB,8.0,0.0,83,1.6056953642384106,1.461830985915493,4.0,False
2025-2026,78916,CB,14.0,1.0,90,1.6056953642384106,1.461830985915493,4.0,False
2025-2026,465642,CB,4.0,0.0,90,1.6056953642384106,1.461830985915493,4.0,False
2025-2026,216051,FB,8.0,0.0,85,1.2529139072847681,1.7063125,2.0,True
2025-2026,95658,CB,10.0,1.0,90,1.2529139072847681,1.7063125,2.0,True
2025-2026,246301,CB,7.0,0.0,85,1.7102097902097901,1.270763358778626,3.0,False
2025-2026,221820,FB,7.0,0.0,90,1.2529139072847681,1.7063125,2.0,True
2025-2026,106760,FB,4.0,0.0,90,1.2529139072847681,1.7063125,2.0,True
2025-2026,166477,FB,9.0,0.0,90,1.7102097902097901,1.270763358778626,3.0,False
2025-2026,169528,FB,3.0,0.0,70,1.7102097902097901,1.270763358778626,3.0,False
2025-2026,174874,CB,2.0,0.0,90,1.7102097902097901,1.270763358778626,3.0,False
2025-2026,465351,FB,3.0,0.0,90,1.0653061224489795,1.8621383647798742,2.0,False
2025-2026,448514,FB,5.0,0.0,69,1.0653061224489795,1.8621383647798742,2.0,False
2025-2026,493125,CB,5.0,0.0,90,1.8812337662337661,1.078201438848921,2.0,True
2025-2026,487053,FB,5.0,0.0,90,1.8812337662337661,1.078201438848921,2.0,True
2025-2026,578153,FB,9.0,0.0,90,1.0653061224489795,1.8621383647798742,2.0,False
2025-2026,472769,FB,6.0,0.0,90,1.0653061224489795,1.8621383647798742,2.0,False
2025-2026,209036,CB,10.0,1.0,90,1.0653061224489795,1.8621383647798742,2.0,False
2025-2026,465351,FB,7.0,0.0,90,1.6056953642384106,1.8621383647798742,1.0,False
2025-2026,448514,FB,5.0,0.0,90,1.6056953642384106,1.8621383647798742,1.0,False
2025-2026,209036,CB,12.0,1.0,90,1.6056953642384106,1.8621383647798742,1.0,False
2025-2026,204716,CB,9.0,0.0,90,1.8812337662337661,1.5653225806451612,2.0,True
2025-2026,472769,FB,5.0,0.0,90,1.6056953642384106,1.8621383647798742,1.0,False
2025-2026,578153,FB,3.0,0.0,60,1.6056953642384106,1.8621383647798742,1.0,False
2025-2026,97032,CB,8.0,0.0,90,1.8812337662337661,1.5653225806451612,2.0,True
2025-2026,544877,FB,6.0,0.0,90,1.8812337662337661,1.5653225806451612,2.0,True
2025-2026,445122,FB,7.0,0.0,90,1.0117021276595746,1.7187234042553192,0.0,True
2025-2026,466075,CB,4.0,0.0,66,1.0117021276595746,1.7187234042553192,0.0,True
2025-2026,487676,FB,5.0,0.0,84,1.6668918918918918,1.0265625,3.0,False
2025-2026,226597,CB,7.0,0.0,90,1.0117021276595746,1.7187234042553192,0.0,True
2025-2026,462424,CB,11.0,1.0,90,1.0117021276595746,1.7187234042553192,0.0,True
2025-2026,201895,CB,8.0,0.0,90,1.6668918918918918,1.0265625,3.0,False
2025-2026,200834,CB,7.0,0.0,90,1.6668918918918918,1.0265625,3.0,False
2025-2026,223827,CB,8.0,0.0,90,1.6668918918918918,1.0265625,3.0,False
2025-2026,434399,CB,6.0,0.0,90,1.6668918918918918,1.0265625,3.0,False
2025-2026,179268,FB,9.0,0.0,90,0.975608108108108,1.7587671232876714,1.0,False
2025-2026,444463,CB,7.0,0.0,90,0.975608108108108,1.7587671232876714,1.0,False
2025-2026,490721,FB,7.0,0.0,90,1.7197222222222224,0.9484567901234568,3.0,True
2025-2026,501837,CB,9.0,0.0,90,1.7197222222222224,0.9484567901234568,3.0,True
2025-2026,231480,CB,6.0,0.0,90,1.7197222222222224,0.9484567901234568,3.0,True
2025-2026,482609,FB,6.0,0.0,74,0.975608108108108,1.7587671232876714,1.0,False
2025-2026,180736,CB,11.0,1.0,90,0.975608108108108,1.7587671232876714,1.0,False
2025-2026,216051,FB,6.0,0.0,90,1.0653061224489795,1.7063125,0.0,True
2025-2026,221820,FB,8.0,0.0,90,1.0653061224489795,1.7063125,0.0,True
2025-2026,95658,CB,6.0,0.0,90,1.0653061224489795,1.7063125,0.0,True
2025-2026,106760,FB,3.0,0.0,86,1.0653061224489795,1.7063125,0.0,True
2025-2026,491279,CB,8.0,0.0,90,1.7102097902097901,1.078201438848921,2.0,False
2025-2026,512462,CB,10.0,1.0,90,1.2529139072847681,1.2333802816901407,1.0,False
2025-2026,106611,CB,10.0,1.0,90,1.2529139072847681,1.2333802816901407,1.0,False
2025-2026,246301,CB,11.0,1.0,90,1.2277852348993288,1.270763358778626,2.0,True
2025-2026,224967,FB,3.0,0.0,84,1.2529139072847681,1.2333802816901407,1.0,False
2025-2026,174874,CB,9.0,0.0,90,1.2277852348993288,1.270763358778626,2.0,True
2025-2026,17761,CB,3.0,0.0,90,1.2529139072847681,1.2333802816901407,1.0,False
2025-2026,166477,FB,5.0,0.0,82,1.2277852348993288,1.270763358778626,2.0,True
2025-2026,613804,FB,8.0,0.0,78,0.8622666666666667,1.2106569343065694,0.0,False
2025-2026,214590,FB,11.0,1.0,90,0.8622666666666667,1.2106569343065694,0.0,False
2025-2026,549329,FB,6.0,0.0,90,1.238896551724138,0.8541558441558441,2.0,True
2025-2026,233963,CB,15.0,1.0,90,0.8622666666666667,1.2106569343065694,0.0,False
2025-2026,461188,CB,5.0,0.0,90,1.238896551724138,0.8541558441558441,2.0,True
2025-2026,477717,CB,9.0,0.0,90,1.238896551724138,0.8541558441558441,2.0,True
2025-2026,58621,FB,3.0,0.0,90,1.238896551724138,0.8541558441558441,2.0,True
2025-2026,463981,CB,13.0,1.0,90,1.241111111111111,1.598169014084507,1.0,True
2025-2026,199798,FB,6.0,0.0,90,1.6012587412587411,1.2532258064516129,1.0,False
2025-2026,101188,FB,11.0,1.0,85,1.6012587412587411,1.2532258064516129,1.0,False
2025-2026,551483,FB,6.0,0.0,85,1.241111111111111,1.598169014084507,1.0,True
2025-2026,221466,CB,6.0,0.0,90,1.241111111111111,1.598169014084507,1.0,True
2025-2026,149484,CB,8.0,0.0,90,1.6012587412587411,1.2532258064516129,1.0,False
2025-2026,494521,FB,6.0,0.0,90,1.241111111111111,1.598169014084507,1.0,True
2025-2026,199796,FB,4.0,0.0,90,1.6012587412587411,1.2532258064516129,1.0,False
2025-2026,220237,CB,9.0,0.0,90,1.565845070422535,1.461830985915493,3.0,True
2025-2026,191866,CB,12.0,1.0,90,1.5206081081081082,1.5833962264150943,2.0,False
2025-2026,444765,CB,4.0,0.0,90,1.5206081081081082,1.5833962264150943,2.0,False
2025-2026,249231,FB,3.0,0.0,79,1.5206081081081082,1.5833962264150943,2.0,False
2025-2026,194010,FB,2.0,0.0,90,1.5206081081081082,1.5833962264150943,2.0,False
2025-2026,465642,CB,9.0,0.0,90,1.565845070422535,1.461830985915493,3.0,True
2025-2026,487838,FB,6.0,0.0,90,1.565845070422535,1.461830985915493,3.0,True
2025-2026,607464,FB,4.0,0.0,90,1.5206081081081082,1.5833962264150943,2.0,False
2025-2026,77794,FB,4.0,0.0,86,1.565845070422535,1.461830985915493,3.0,True
2025-2026,220627,CB,6.0,0.0,90,1.1952777777777779,1.4740853658536586,1.0,True
2025-2026,226182,FB,7.0,0.0,90,1.1952777777777779,1.4740853658536586,1.0,True
2025-2026,243526,FB,8.0,0.0,90,1.1952777777777779,1.4740853658536586,1.0,True
2025-2026,222694,CB,15.0,1.0,90,1.1952777777777779,1.4740853658536586,1.0,True
2025-2026,227444,CB,7.0,0.0,90,1.378445945945946,1.1928571428571428,3.0,False
2025-2026,159506,FB,6.0,0.0,90,1.378445945945946,1.1928571428571428,3.0,False
2025-2026,214225,CB,10.0,1.0,90,1.1952777777777779,1.4740853658536586,1.0,True
2025-2026,485047,CB,11.0,1.0,90,1.378445945945946,1.1928571428571428,3.0,False
2025-2026,437499,CB,15.0,1.0,90,1.4670422535211267,1.561027397260274,0.0,False
2025-2026,204120,FB,11.0,1.0,90,1.5676973684210527,1.5276335877862597,1.0,True
2025-2026,427623,CB,9.0,0.0,90,1.4670422535211267,1.561027397260274,0.0,False
2025-2026,244723,FB,5.0,0.0,90,1.4670422535211267,1.561027397260274,0.0,False
2025-2026,247348,FB,9.0,0.0,90,1.4670422535211267,1.561027397260274,0.0,False
2025-2026,83299,CB,12.0,1.0,90,1.5676973684210527,1.5276335877862597,1.0,True
2025-2026,465730,FB,1.0,0.0,70,1.5676973684210527,1.5276335877862597,1.0,True
2025-2026,231416,FB,4.0,0.0,90,1.5676973684210527,1.5276335877862597,1.0,True
2025-2026,485047,CB,10.0,1.0,90,0.975608108108108,1.1928571428571428,0.0,True
2025-2026,431248,CB,14.0,1.0,90,1.1952777777777779,0.9484567901234568,0.0,False
2025-2026,215136,FB,5.0,0.0,90,0.975608108108108,1.1928571428571428,0.0,True
2025-2026,159506,FB,6.0,0.0,90,0.975608108108108,1.1928571428571428,0.0,True
2025-2026,501837,CB,8.0,0.0,90,1.1952777777777779,0.9484567901234568,0.0,False
2025-2026,227444,CB,6.0,0.0,90,0.975608108108108,1.1928571428571428,0.0,True
2025-2026,231480,CB,6.0,0.0,90,1.1952777777777779,0.9484567901234568,0.0,False
2025-2026,216051,FB,3.0,0.0,81,1.238896551724138,1.7063125,1.0,False
2025-2026,613804,FB,4.0,0.0,79,1.7102097902097901,1.2106569343065694,1.0,True
2025-2026,221820,FB,5.0,0.0,90,1.238896551724138,1.7063125,1.0,False
2025-2026,233963,CB,5.0,0.0,90,1.7102097902097901,1.2106569343065694,1.0,True
2025-2026,214590,FB,7.0,0.0,90,1.7102097902097901,1.2106569343065694,1.0,True
2025-2026,95658,CB,6.0,0.0,67,1.238896551724138,1.7063125,1.0,False
2025-2026,106760,FB,4.0,0.0,90,1.238896551724138,1.7063125,1.0,False
2025-2026,577016,FB,4.0,0.0,78,1.378445945945946,1.7587671232876714,2.0,True
2025-2026,220627,CB,9.0,0.0,90,1.7197222222222224,1.4740853658536586,2.0,False
2025-2026,214225,CB,12.0,1.0,90,1.7197222222222224,1.4740853658536586,2.0,False
2025-2026,243526,FB,1.0,0.0,90,1.7197222222222224,1.4740853658536586,2.0,False
2025-2026,482609,FB,5.0,0.0,90,1.378445945945946,1.7587671232876714,2.0,True
2025-2026,180736,CB,11.0,1.0,90,1.378445945945946,1.7587671232876714,2.0,True
2025-2026,434752,CB,12.0,1.0,90,1.7197222222222224,1.4740853658536586,2.0,False
2025-2026,226182,FB,4.0,0.0,90,1.7197222222222224,1.4740853658536586,2.0,False
2025-2026,515597,FB,7.0,0.0,90,1.4670422535211267,1.2532258064516129,0.0,True
2025-2026,441302,FB,11.0,1.0,90,1.4670422535211267,1.2532258064516129,0.0,True
2025-2026,469142,CB,6.0,0.0,60,1.241111111111111,1.5276335877862597,1.0,False
2025-2026,111478,CB,5.0,0.0,90,1.241111111111111,1.5276335877862597,1.0,False
2025-2026,149484,CB,5.0,0.0,90,1.4670422535211267,1.2532258064516129,0.0,True
2025-2026,199798,FB,4.0,0.0,90,1.4670422535211267,1.2532258064516129,0.0,True
2025-2026,231416,FB,3.0,0.0,90,1.241111111111111,1.5276335877862597,1.0,False
2025-2026,83299,CB,3.0,0.0,90,1.241111111111111,1.5276335877862597,1.0,False
2025-2026,493125,CB,13.0,1.0,90,1.5206081081081082,1.078201438848921,2.0,True
2025-2026,78916,CB,9.0,0.0,90,1.0653061224489795,1.461830985915493,1.0,False
2025-2026,77794,FB,6.0,0.0,90,1.0653061224489795,1.461830985915493,1.0,False
2025-2026,220237,CB,9.0,0.0,90,1.0653061224489795,1.461830985915493,1.0,False
2025-2026,232859,FB,6.0,0.0,90,1.5206081081081082,1.078201438848921,2.0,True
2025-2026,491279,CB,12.0,1.0,90,1.5206081081081082,1.078201438848921,2.0,True
2025-2026,465642,CB,10.0,1.0,90,1.0653061224489795,1.461830985915493,1.0,False
2025-2026,512462,CB,3.0,0.0,68,1.6012587412587411,1.2333802816901407,2.0,True
2025-2026,480455,CB,9.0,0.0,90,1.6012587412587411,1.2333802816901407,2.0,True
2025-2026,551483,FB,9.0,0.0,90,1.2277852348993288,1.598169014084507,1.0,False
2025-2026,221466,CB,7.0,0.0,90,1.2277852348993288,1.598169014084507,1.0,False
2025-2026,224967,FB,4.0,0.0,90,1.6012587412587411,1.2333802816901407,2.0,True
2025-2026,494521,FB,11.0,1.0,90,1.2277852348993288,1.598169014084507,1.0,False
2025-2026,463981,CB,20.0,1.0,90,1.2277852348993288,1.598169014084507,1.0,False
2025-2026,17761,CB,9.0,0.0,90,1.6012587412587411,1.2333802816901407,2.0,True
2025-2026,500040,CB,13.0,1.0,90,1.565845070422535,1.7187234042553192,1.0,False
2025-2026,191866,CB,10.0,1.0,90,1.6668918918918918,1.5833962264150943,1.0,True
2025-2026,194010,FB,5.0,0.0,90,1.6668918918918918,1.5833962264150943,1.0,True
2025-2026,445122,FB,3.0,0.0,90,1.565845070422535,1.7187234042553192,1.0,False
2025-2026,448104,CB,7.0,0.0,80,1.565845070422535,1.7187234042553192,1.0,False
2025-2026,444765,CB,9.0,0.0,90,1.6668918918918918,1.5833962264150943,1.0,True
2025-2026,249231,FB,2.0,0.0,72,1.6668918918918918,1.5833962264150943,1.0,True
2025-2026,607464,FB,9.0,0.0,90,1.6668918918918918,1.5833962264150943,1.0,True
2025-2026,226597,CB,18.0,1.0,90,1.565845070422535,1.7187234042553192,1.0,False
2025-2026,448104,CB,9.0,0.0,90,0.975608108108108,1.7187234042553192,2.0,False
2025-2026,501837,CB,11.0,1.0,90,1.6668918918918918,0.9484567901234568,2.0,True
2025-2026,490721,FB,6.0,0.0,90,1.6668918918918918,0.9484567901234568,2.0,True
2025-2026,523705,FB,4.0,0.0,69,1.6668918918918918,0.9484567901234568,2.0,True
2025-2026,226597,CB,6.0,0.0,90,0.975608108108108,1.7187234042553192,2.0,False
2025-2026,431248,CB,8.0,0.0,90,1.6668918918918918,0.9484567901234568,2.0,True
2025-2026,445122,FB,4.0,0.0,90,0.975608108108108,1.7187234042553192,2.0,False
2025-2026,462424,CB,8.0,0.0,90,0.975608108108108,1.7187234042553192,2.0,False
2025-2026,231480,CB,4.0,0.0,90,1.6668918918918918,0.9484567901234568,2.0,True
2025-2026,97032,CB,13.0,1.0,90,1.0117021276595746,1.5653225806451612,0.0,False
2025-2026,122798,FB,2.0,0.0,90,1.0117021276595746,1.5653225806451612,0.0,False
2025-2026,434399,CB,8.0,0.0,90,1.6056953642384106,1.0265625,1.0,True
2025-2026,200834,CB,8.0,0.0,90,1.6056953642384106,1.0265625,1.0,True
2025-2026,201895,CB,9.0,0.0,79,1.6056953642384106,1.0265625,1.0,True
2025-2026,487676,FB,7.0,0.0,79,1.6056953642384106,1.0265625,1.0,True
2025-2026,223827,CB,13.0,1.0,90,1.6056953642384106,1.0265625,1.0,True
2025-2026,204716,CB,8.0,0.0,90,1.0117021276595746,1.5653225806451612,0.0,False
2025-2026,167074,FB,7.0,0.0,90,1.8812337662337661,1.270763358778626,3.0,False
2025-2026,174874,CB,10.0,1.0,90,1.8812337662337661,1.270763358778626,3.0,False
2025-2026,171314,CB,8.0,0.0,90,1.2529139072847681,1.8621383647798742,0.0,True
2025-2026,209036,CB,9.0,0.0,90,1.2529139072847681,1.8621383647798742,0.0,True
2025-2026,232892,CB,6.0,0.0,90,1.8812337662337661,1.270763358778626,3.0,False
2025-2026,448514,FB,8.0,0.0,90,1.2529139072847681,1.8621383647798742,0.0,True
2025-2026,472769,FB,0.0,0.0,90,1.2529139072847681,1.8621383647798742,0.0,True
2025-2026,58621,FB,3.0,0.0,90,1.5676973684210527,0.8541558441558441,2.0,False
2025-2026,208912,CB,13.0,1.0,90,1.5676973684210527,0.8541558441558441,2.0,False
2025-2026,247348,FB,1.0,0.0,71,0.8622666666666667,1.561027397260274,3.0,True
2025-2026,437499,CB,11.0,1.0,90,0.8622666666666667,1.561027397260274,3.0,True
2025-2026,427623,CB,6.0,0.0,90,0.8622666666666667,1.561027397260274,3.0,True
2025-2026,244723,FB,4.0,0.0,90,0.8622666666666667,1.561027397260274,3.0,True
2025-2026,461188,CB,6.0,0.0,90,1.5676973684210527,0.8541558441558441,2.0,False
2025-2026,477717,CB,10.0,1.0,90,1.5676973684210527,0.8541558441558441,2.0,False
2025-2026,465642,CB,10.0,1.0,90,1.8812337662337661,1.461830985915493,2.0,False
2025-2026,487838,FB,8.0,0.0,90,1.8812337662337661,1.461830985915493,2.0,False
2025-2026,472769,FB,1.0,0.0,90,1.5206081081081082,1.8621383647798742,1.0,True
2025-2026,78916,CB,12.0,1.0,90,1.8812337662337661,1.461830985915493,2.0,False
2025-2026,77794,FB,2.0,0.0,90,1.8812337662337661,1.461830985915493,2.0,False
2025-2026,209036,CB,7.0,0.0,90,1.5206081081081082,1.8621383647798742,1.0,True
2025-2026,448514,FB,6.0,0.0,90,1.5206081081081082,1.8621383647798742,1.0,True
2025-2026,465351,FB,2.0,0.0,90,1.5206081081081082,1.8621383647798742,1.0,True
2025-2026,480455,CB,7.0,0.0,90,1.7102097902097901,1.2333802816901407,1.0,True
2025-2026,95658,CB,10.0,1.0,90,1.2277852348993288,1.7063125,0.0,False
2025-2026,106611,CB,8.0,0.0,90,1.7102097902097901,1.2333802816901407,1.0,True
2025-2026,17761,CB,9.0,0.0,90,1.7102097902097901,1.2333802816901407,1.0,True
2025-2026,106760,FB,4.0,0.0,90,1.2277852348993288,1.7063125,0.0,False
2025-2026,216051,FB,9.0,0.0,90,1.2277852348993288,1.7063125,0.0,False
2025-2026,550864,CB,8.0,0.0,90,1.2277852348993288,1.7063125,0.0,False
2025-2026,494521,FB,6.0,0.0,90,1.238896551724138,1.598169014084507,0.0,False
2025-2026,613804,FB,10.0,1.0,90,1.6012587412587411,1.2106569343065694,0.0,True
2025-2026,463981,CB,7.0,0.0,90,1.238896551724138,1.598169014084507,0.0,False
2025-2026,233963,CB,8.0,0.0,90,1.6012587412587411,1.2106569343065694,0.0,True
2025-2026,214590,FB,8.0,0.0,90,1.6012587412587411,1.2106569343065694,0.0,True
2025-2026,221466,CB,8.0,0.0,90,1.238896551724138,1.598169014084507,0.0,False
2025-2026,551483,FB,5.0,0.0,88,1.238896551724138,1.598169014084507,0.0,False
2025-2026,231416,FB,6.0,0.0,90,1.565845070422535,1.5276335877862597,0.0,False
2025-2026,83299,CB,7.0,0.0,90,1.565845070422535,1.5276335877862597,0.0,False
2025-2026,191866,CB,2.0,0.0,80,1.4670422535211267,1.5833962264150943,2.0,True
2025-2026,194010,FB,5.0,0.0,90,1.4670422535211267,1.5833962264150943,2.0,True
2025-2026,444765,CB,12.0,1.0,90,1.4670422535211267,1.5833962264150943,2.0,True
2025-2026,469142,CB,10.0,1.0,90,1.565845070422535,1.5276335877862597,0.0,False
2025-2026,441302,FB,4.0,0.0,90,1.378445945945946,1.2532258064516129,1.0,True
2025-2026,149484,CB,8.0,0.0,90,1.378445945945946,1.2532258064516129,1.0,True
2025-2026,220627,CB,8.0,0.0,90,1.241111111111111,1.4740853658536586,1.0,False
2025-2026,222694,CB,7.0,0.0,90,1.241111111111111,1.4740853658536586,1.0,False
2025-2026,199798,FB,10.0,1.0,90,1.378445945945946,1.2532258064516129,1.0,True
2025-2026,199796,FB,7.0,0.0,86,1.378445945945946,1.2532258064516129,1.0,True
2025-2026,214225,CB,14.0,1.0,90,1.241111111111111,1.4740853658536586,1.0,False
2025-2026,226182,FB,9.0,0.0,90,1.241111111111111,1.4740853658536586,1.0,False
2025-2026,159506,FB,5.0,0.0,90,1.6056953642384106,1.1928571428571428,1.0,True
2025-2026,97032,CB,7.0,0.0,90,1.1952777777777779,1.5653225806451612,0.0,False
2025-2026,215136,FB,13.0,1.0,90,1.6056953642384106,1.1928571428571428,1.0,True
2025-2026,575476,CB,9.0,0.0,90,1.6056953642384106,1.1928571428571428,1.0,True
2025-2026,204716,CB,12.0,1.0,90,1.1952777777777779,1.5653225806451612,0.0,False
2025-2026,544877,FB,2.0,0.0,82,1.1952777777777779,1.5653225806451612,0.0,False
2025-2026,227444,CB,11.0,1.0,90,1.6056953642384106,1.1928571428571428,1.0,True
2025-2026,487676,FB,5.0,0.0,90,1.2529139072847681,1.0265625,3.0,True
2025-2026,223827,CB,9.0,0.0,90,1.2529139072847681,1.0265625,3.0,True
2025-2026,167074,FB,11.0,1.0,87,1.0117021276595746,1.270763358778626,1.0,False
2025-2026,174874,CB,11.0,1.0,90,1.0117021276595746,1.270763358778626,1.0,False
2025-2026,201895,CB,7.0,0.0,90,1.2529139072847681,1.0265625,3.0,True
2025-2026,232892,CB,13.0,1.0,90,1.0117021276595746,1.270763358778626,1.0,False
2025-2026,247955,FB,7.0,0.0,78,1.2529139072847681,1.0265625,3.0,True
2025-2026,431248,CB,9.0,0.0,60,1.5676973684210527,0.9484567901234568,1.0,False
2025-2026,247348,FB,14.0,1.0,90,0.975608108108108,1.561027397260274,0.0,True
2025-2026,427623,CB,7.0,0.0,90,0.975608108108108,1.561027397260274,0.0,True
2025-2026,651426,CB,7.0,0.0,90,0.975608108108108,1.561027397260274,0.0,True
2025-2026,490721,FB,14.0,1.0,90,1.5676973684210527,0.9484567901234568,1.0,False
2025-2026,231480,CB,8.0,0.0,90,1.5676973684210527,0.9484567901234568,1.0,False
2025-2026,244723,FB,2.0,0.0,90,0.975608108108108,1.561027397260274,0.0,True
2025-2026,501837,CB,10.0,1.0,90,1.5676973684210527,0.9484567901234568,1.0,False
2025-2026,523705,FB,5.0,0.0,90,1.5676973684210527,0.9484567901234568,1.0,False
2025-2026,515621,CB,2.0,0.0,71,0.975608108108108,1.561027397260274,0.0,True
2025-2026,448104,CB,11.0,1.0,90,1.0653061224489795,1.7187234042553192,1.0,False
2025-2026,232859,FB,5.0,0.0,90,1.6668918918918918,1.078201438848921,4.0,True
2025-2026,462424,CB,8.0,0.0,90,1.0653061224489795,1.7187234042553192,1.0,False
2025-2026,226597,CB,6.0,0.0,90,1.0653061224489795,1.7187234042553192,1.0,False
2025-2026,491279,CB,9.0,0.0,90,1.6668918918918918,1.078201438848921,4.0,True
2025-2026,493125,CB,20.0,1.0,90,1.6668918918918918,1.078201438848921,4.0,True
2025-2026,208912,CB,11.0,1.0,90,1.7197222222222224,0.8541558441558441,1.0,False
2025-2026,180736,CB,9.0,0.0,90,0.8622666666666667,1.7587671232876714,1.0,True
2025-2026,225796,FB,6.0,0.0,88,0.8622666666666667,1.7587671232876714,1.0,True
2025-2026,444463,CB,5.0,0.0,71,0.8622666666666667,1.7587671232876714,1.0,True
2025-2026,482609,FB,2.0,0.0,79,0.8622666666666667,1.7587671232876714,1.0,True
2025-2026,461188,CB,6.0,0.0,82,1.7197222222222224,0.8541558441558441,1.0,False
2025-2026,477717,CB,9.0,0.0,90,1.7197222222222224,0.8541558441558441,1.0,False
2025-2026,214590,FB,3.0,0.0,90,1.6056953642384106,1.2106569343065694,5.0,False
2025-2026,204716,CB,9.0,0.0,90,1.238896551724138,1.5653225806451612,2.0,True
2025-2026,613804,FB,9.0,0.0,89,1.6056953642384106,1.2106569343065694,5.0,False
2025-2026,97032,CB,8.0,0.0,90,1.238896551724138,1.5653225806451612,2.0,True
2025-2026,233963,CB,11.0,1.0,90,1.6056953642384106,1.2106569343065694,5.0,False
2025-2026,171287,FB,5.0,0.0,76,1.238896551724138,1.5653225806451612,2.0,True
2025-2026,544877,FB,5.0,0.0,90,1.238896551724138,1.5653225806451612,2.0,True
2025-2026,78916,CB,4.0,0.0,90,1.2277852348993288,1.461830985915493,3.0,True
2025-2026,17761,CB,13.0,1.0,90,1.5206081081081082,1.2333802816901407,2.0,False
2025-2026,512462,CB,8.0,0.0,90,1.5206081081081082,1.2333802816901407,2.0,False
2025-2026,465642,CB,4.0,0.0,90,1.2277852348993288,1.461830985915493,3.0,True
2025-2026,487838,FB,8.0,0.0,90,1.2277852348993288,1.461830985915493,3.0,True
2025-2026,224967,FB,10.0,1.0,90,1.5206081081081082,1.2333802816901407,2.0,False
2025-2026,480455,CB,11.0,1.0,90,1.5206081081081082,1.2333802816901407,2.0,False
2025-2026,77794,FB,2.0,0.0,74,1.2277852348993288,1.461830985915493,3.0,True
2025-2026,101188,FB,1.0,0.0,69,0.975608108108108,1.2532258064516129,2.0,False
2025-2026,231480,CB,9.0,0.0,90,1.241111111111111,0.9484567901234568,0.0,True
2025-2026,501837,CB,10.0,1.0,90,1.241111111111111,0.9484567901234568,0.0,True
2025-2026,199796,FB,7.0,0.0,90,0.975608108108108,1.2532258064516129,2.0,False
2025-2026,510362,CB,12.0,1.0,90,1.241111111111111,0.9484567901234568,0.0,True
2025-2026,244954,CB,7.0,0.0,90,0.975608108108108,1.2532258064516129,2.0,False
2025-2026,490721,FB,7.0,0.0,90,1.241111111111111,0.9484567901234568,0.0,True
2025-2026,199798,FB,8.0,0.0,90,0.975608108108108,1.2532258064516129,2.0,False
2025-2026,523705,FB,4.0,0.0,90,1.241111111111111,0.9484567901234568,0.0,True
2025-2026,223827,CB,15.0,1.0,90,1.6012587412587411,1.0265625,1.0,False
2025-2026,463981,CB,7.0,0.0,90,1.0117021276595746,1.598169014084507,1.0,True
2025-2026,247955,FB,13.0,1.0,90,1.6012587412587411,1.0265625,1.0,False
2025-2026,487676,FB,7.0,0.0,90,1.6012587412587411,1.0265625,1.0,False
2025-2026,201895,CB,21.0,1.0,90,1.6012587412587411,1.0265625,1.0,False
2025-2026,494521,FB,10.0,1.0,90,1.0117021276595746,1.598169014084507,1.0,True
2025-2026,551483,FB,7.0,0.0,90,1.0117021276595746,1.598169014084507,1.0,True
2025-2026,221466,CB,11.0,1.0,90,1.0117021276595746,1.598169014084507,1.0,True
2025-2026,191866,CB,4.0,0.0,90,0.8622666666666667,1.5833962264150943,3.0,False
2025-2026,194010,FB,4.0,0.0,90,0.8622666666666667,1.5833962264150943,3.0,False
2025-2026,208912,CB,13.0,1.0,90,1.565845070422535,0.8541558441558441,4.0,True
2025-2026,461188,CB,10.0,1.0,90,1.565845070422535,0.8541558441558441,4.0,True
2025-2026,444765,CB,12.0,1.0,90,0.8622666666666667,1.5833962264150943,3.0,False
2025-2026,607464,FB,8.0,0.0,90,0.8622666666666667,1.5833962264150943,3.0,False
2025-2026,477717,CB,8.0,0.0,90,1.565845070422535,0.8541558441558441,4.0,True
2025-2026,549329,FB,5.0,0.0,90,1.565845070422535,0.8541558441558441,4.0,True
2025-2026,171314,CB,14.0,1.0,90,1.378445945945946,1.8621383647798742,0.0,False
2025-2026,220627,CB,8.0,0.0,86,1.8812337662337661,1.4740853658536586,1.0,True
2025-2026,214225,CB,4.0,0.0,86,1.8812337662337661,1.4740853658536586,1.0,True
2025-2026,243526,FB,7.0,0.0,90,1.8812337662337661,1.4740853658536586,1.0,True
2025-2026,226182,FB,5.0,0.0,75,1.8812337662337661,1.4740853658536586,1.0,True
2025-2026,222694,CB,7.0,0.0,90,1.8812337662337661,1.4740853658536586,1.0,True
2025-2026,209036,CB,8.0,0.0,90,1.378445945945946,1.8621383647798742,0.0,False
2025-2026,448514,FB,4.0,0.0,90,1.378445945945946,1.8621383647798742,0.0,False
2025-2026,465351,FB,8.0,0.0,90,1.378445945945946,1.8621383647798742,0.0,False
2025-2026,472769,FB,5.0,0.0,69,1.378445945945946,1.8621383647798742,0.0,False
2025-2026,83299,CB,8.0,0.0,90,1.1952777777777779,1.5276335877862597,1.0,True
2025-2026,469142,CB,11.0,1.0,90,1.1952777777777779,1.5276335877862597,1.0,True
2025-2026,159506,FB,4.0,0.0,81,1.4670422535211267,1.1928571428571428,2.0,False
2025-2026,575476,CB,6.0,0.0,90,1.4670422535211267,1.1928571428571428,2.0,False
2025-2026,227444,CB,4.0,0.0,90,1.4670422535211267,1.1928571428571428,2.0,False
2025-2026,231416,FB,3.0,0.0,90,1.1952777777777779,1.5276335877862597,1.0,True
2025-2026,244723,FB,6.0,0.0,90,1.7102097902097901,1.561027397260274,2.0,False
2025-2026,95658,CB,6.0,0.0,84,1.5676973684210527,1.7063125,1.0,True
2025-2026,550864,CB,5.0,0.0,90,1.5676973684210527,1.7063125,1.0,True
2025-2026,230001,CB,2.0,0.0,66,1.5676973684210527,1.7063125,1.0,True
2025-2026,247348,FB,5.0,0.0,90,1.7102097902097901,1.561027397260274,2.0,False
2025-2026,427623,CB,9.0,0.0,90,1.7102097902097901,1.561027397260274,2.0,False
2025-2026,651426,CB,14.0,1.0,90,1.7102097902097901,1.561027397260274,2.0,False
2025-2026,216051,FB,2.0,0.0,90,1.5676973684210527,1.7063125,1.0,True
2025-2026,167074,FB,8.0,0.0,90,1.0653061224489795,1.270763358778626,1.0,True
2025-2026,493125,CB,13.0,1.0,89,1.2529139072847681,1.078201438848921,2.0,False
2025-2026,232892,CB,8.0,0.0,90,1.0653061224489795,1.270763358778626,1.0,True
2025-2026,441164,FB,8.0,0.0,90,1.2529139072847681,1.078201438848921,2.0,False
2025-2026,491279,CB,3.0,0.0,90,1.2529139072847681,1.078201438848921,2.0,False
2025-2026,219924,CB,9.0,0.0,90,1.0653061224489795,1.270763358778626,1.0,True
2025-2026,180736,CB,6.0,0.0,90,1.6668918918918918,1.7587671232876714,2.0,False
2025-2026,226597,CB,11.0,1.0,90,1.7197222222222224,1.7187234042553192,1.0,True
2025-2026,225796,FB,6.0,0.0,90,1.6668918918918918,1.7587671232876714,2.0,False
2025-2026,445122,FB,4.0,0.0,90,1.7197222222222224,1.7187234042553192,1.0,True
2025-2026,462424,CB,6.0,0.0,90,1.7197222222222224,1.7187234042553192,1.0,True
2025-2026,448104,CB,5.0,0.0,90,1.7197222222222224,1.7187234042553192,1.0,True
2025-2026,551210,FB,9.0,0.0,74,1.6668918918918918,1.7587671232876714,2.0,False
2025-2026,613804,FB,4.0,0.0,90,1.2529139072847681,1.2106569343065694,0.0,False
2025-2026,219924,CB,4.0,0.0,90,1.238896551724138,1.270763358778626,1.0,True
2025-2026,214590,FB,12.0,1.0,90,1.2529139072847681,1.2106569343065694,0.0,False
2025-2026,232892,CB,4.0,0.0,90,1.238896551724138,1.270763358778626,1.0,True
2025-2026,169528,FB,9.0,0.0,90,1.238896551724138,1.270763358778626,1.0,True
2025-2026,462116,CB,10.0,1.0,90,1.2529139072847681,1.2106569343065694,0.0,False
2025-2026,167074,FB,5.0,0.0,81,1.238896551724138,1.270763358778626,1.0,True
2025-2026,550864,CB,6.0,0.0,90,1.5206081081081082,1.7063125,2.0,False
2025-2026,487838,FB,6.0,0.0,90,1.7102097902097901,1.461830985915493,1.0,True
2025-2026,78916,CB,8.0,0.0,90,1.7102097902097901,1.461830985915493,1.0,True
2025-2026,77794,FB,16.0,1.0,90,1.7102097902097901,1.461830985915493,1.0,True
2025-2026,95658,CB,4.0,0.0,90,1.5206081081081082,1.7063125,2.0,False
2025-2026,106760,FB,4.0,0.0,60,1.5206081081081082,1.7063125,2.0,False
2025-2026,465642,CB,10.0,1.0,90,1.7102097902097901,1.461830985915493,1.0,True
2025-2026,230001,CB,5.0,0.0,84,1.5206081081081082,1.7063125,2.0,False
2025-2026,461188,CB,8.0,0.0,90,1.2277852348993288,0.8541558441558441,2.0,False
2025-2026,512462,CB,4.0,0.0,90,0.8622666666666667,1.2333802816901407,0.0,True
2025-2026,17761,CB,4.0,0.0,90,0.8622666666666667,1.2333802816901407,0.0,True
2025-2026,477717,CB,8.0,0.0,90,1.2277852348993288,0.8541558441558441,2.0,False
2025-2026,58621,FB,12.0,1.0,90,1.2277852348993288,0.8541558441558441,2.0,False
2025-2026,224967,FB,8.0,0.0,90,0.8622666666666667,1.2333802816901407,0.0,True
2025-2026,480455,CB,4.0,0.0,82,0.8622666666666667,1.2333802816901407,0.0,True
2025-2026,549329,FB,2.0,0.0,90,1.2277852348993288,0.8541558441558441,2.0,False
2025-2026,441302,FB,9.0,0.0,90,1.7197222222222224,1.2532258064516129,4.0,True
2025-2026,149484,CB,4.0,0.0,90,1.7197222222222224,1.2532258064516129,4.0,True
2025-2026,444463,CB,3.0,0.0,78,1.241111111111111,1.7587671232876714,1.0,False
2025-2026,482609,FB,3.0,0.0,74,1.241111111111111,1.7587671232876714,1.0,False
2025-2026,551210,FB,4.0,0.0,90,1.241111111111111,1.7587671232876714,1.0,False
2025-2026,199798,FB,5.0,0.0,90,1.7197222222222224,1.2532258064516129,4.0,True
2025-2026,180736,CB,6.0,0.0,90,1.241111111111111,1.7587671232876714,1.0,False
2025-2026,225796,FB,4.0,0.0,90,1.241111111111111,1.7587671232876714,1.0,False
2025-2026,515621,CB,7.0,0.0,90,1.0653061224489795,1.561027397260274,1.0,False
2025-2026,244723,FB,6.0,0.0,90,1.0653061224489795,1.561027397260274,1.0,False
2025-2026,651426,CB,6.0,0.0,90,1.0653061224489795,1.561027397260274,1.0,False
2025-2026,57328,FB,5.0,0.0,76,1.0653061224489795,1.561027397260274,1.0,False
2025-2026,135720,CB,11.0,1.0,90,1.5676973684210527,1.078201438848921,3.0,True
2025-2026,441164,FB,5.0,0.0,73,1.5676973684210527,1.078201438848921,3.0,True
2025-2026,427623,CB,15.0,1.0,90,1.0653061224489795,1.561027397260274,1.0,False
2025-2026,448514,FB,3.0,0.0,76,1.1952777777777779,1.8621383647798742,2.0,True
2025-2026,215136,FB,7.0,0.0,89,1.8812337662337661,1.1928571428571428,2.0,False
2025-2026,575476,CB,12.0,1.0,90,1.8812337662337661,1.1928571428571428,2.0,False
2025-2026,465351,FB,2.0,0.0,90,1.1952777777777779,1.8621383647798742,2.0,True
2025-2026,227444,CB,4.0,0.0,90,1.8812337662337661,1.1928571428571428,2.0,False
2025-2026,575458,CB,6.0,0.0,90,1.8812337662337661,1.1928571428571428,2.0,False
2025-2026,159506,FB,7.0,0.0,90,1.8812337662337661,1.1928571428571428,2.0,False
2025-2026,209036,CB,3.0,0.0,90,1.1952777777777779,1.8621383647798742,2.0,True
2025-2026,201895,CB,23.0,1.0,90,1.378445945945946,1.0265625,0.0,False
2025-2026,222694,CB,2.0,0.0,90,1.0117021276595746,1.4740853658536586,1.0,True
2025-2026,487676,FB,9.0,0.0,90,1.378445945945946,1.0265625,0.0,False
2025-2026,223827,CB,16.0,1.0,90,1.378445945945946,1.0265625,0.0,False
2025-2026,226182,FB,1.0,0.0,83,1.0117021276595746,1.4740853658536586,1.0,True
2025-2026,167512,CB,4.0,0.0,90,1.378445945945946,1.0265625,0.0,False
2025-2026,220627,CB,8.0,0.0,73,1.0117021276595746,1.4740853658536586,1.0,True
2025-2026,214225,CB,7.0,0.0,90,1.0117021276595746,1.4740853658536586,1.0,True
2025-2026,243526,FB,2.0,0.0,83,1.0117021276595746,1.4740853658536586,1.0,True
2025-2026,500040,CB,9.0,0.0,63,1.4670422535211267,1.7187234042553192,0.0,False
2025-2026,204120,FB,8.0,0.0,90,1.6668918918918918,1.5276335877862597,1.0,True
2025-2026,231416,FB,4.0,0.0,90,1.6668918918918918,1.5276335877862597,1.0,True
2025-2026,469142,CB,9.0,0.0,90,1.6668918918918918,1.5276335877862597,1.0,True
2025-2026,445122,FB,14.0,1.0,90,1.4670422535211267,1.7187234042553192,0.0,False
2025-2026,448104,CB,16.0,1.0,90,1.4670422535211267,1.7187234042553192,0.0,False
2025-2026,226597,CB,17.0,1.0,90,1.4670422535211267,1.7187234042553192,0.0,False
2025-2026,444765,CB,7.0,0.0,90,1.6012587412587411,1.5833962264150943,0.0,False
2025-2026,607464,FB,5.0,0.0,90,1.6012587412587411,1.5833962264150943,0.0,False
2025-2026,494521,FB,6.0,0.0,90,1.565845070422535,1.598169014084507,0.0,True
2025-2026,551483,FB,7.0,0.0,90,1.565845070422535,1.598169014084507,0.0,True
2025-2026,221466,CB,10.0,1.0,90,1.565845070422535,1.598169014084507,0.0,True
2025-2026,191866,CB,6.0,0.0,69,1.6012587412587411,1.5833962264150943,0.0,False
2025-2026,463981,CB,16.0,1.0,90,1.565845070422535,1.598169014084507,0.0,True
2025-2026,432830,CB,5.0,0.0,90,1.6012587412587411,1.5833962264150943,0.0,False
2025-2026,227444,CB,11.0,1.0,90,1.5676973684210527,1.1928571428571428,1.0,False
2025-2026,209036,CB,9.0,0.0,90,1.5676973684210527,1.8621383647798742,1.0,False
2025-2026,437499,CB,19.0,1.0,90,1.1952777777777779,1.561027397260274,1.0,True
2025-2026,215136,FB,11.0,1.0,90,1.5676973684210527,1.1928571428571428,1.0,False
2025-2026,244723,FB,15.0,1.0,90,1.1952777777777779,1.561027397260274,1.0,True
2025-2026,159506,FB,24.0,1.0,90,1.5676973684210527,1.1928571428571428,1.0,False
2025-2026,247348,FB,8.0,0.0,90,1.1952777777777779,1.561027397260274,1.0,True
2025-2026,427623,CB,10.0,1.0,90,1.1952777777777779,1.561027397260274,1.0,True
2025-2026,575476,CB,17.0,1.0,90,1.5676973684210527,1.1928571428571428,1.0,False
2025-2026,445122,FB,8.0,0.0,63,1.378445945945946,1.7187234042553192,0.0,True
2025-2026,466075,CB,7.0,0.0,63,1.378445945945946,1.7187234042553192,0.0,True
2025-2026,462424,CB,12.0,1.0,90,1.378445945945946,1.7187234042553192,0.0,True
2025-2026,226597,CB,8.0,0.0,90,1.378445945945946,1.7187234042553192,0.0,True
2025-2026,214225,CB,18.0,1.0,90,1.6668918918918918,1.4740853658536586,5.0,False
2025-2026,226182,FB,12.0,1.0,82,1.6668918918918918,1.4740853658536586,5.0,False
2025-2026,243526,FB,15.0,1.0,90,1.6668918918918918,1.4740853658536586,5.0,False
2025-2026,222694,CB,14.0,1.0,90,1.6668918918918918,1.4740853658536586,5.0,False
2025-2026,171314,CB,13.0,1.0,90,1.0653061224489795,1.8621383647798742,2.0,True
2025-2026,221632,CB,19.0,1.0,90,1.8812337662337661,1.078201438848921,0.0,False
2025-2026,441164,FB,14.0,1.0,90,1.8812337662337661,1.078201438848921,0.0,False
2025-2026,491279,CB,11.0,1.0,90,1.8812337662337661,1.078201438848921,0.0,False
2025-2026,126184,CB,7.0,0.0,67,1.0653061224489795,1.8621383647798742,2.0,True
2025-2026,232859,FB,12.0,1.0,90,1.8812337662337661,1.078201438848921,0.0,False
2025-2026,516939,CB,19.0,1.0,90,1.6012587412587411,0.9484567901234568,1.0,False
2025-2026,221466,CB,20.0,1.0,90,0.975608108108108,1.598169014084507,0.0,True
2025-2026,242882,CB,21.0,1.0,90,0.975608108108108,1.598169014084507,0.0,True
2025-2026,494521,FB,12.0,1.0,90,0.975608108108108,1.598169014084507,0.0,True
2025-2026,54469,FB,5.0,0.0,90,0.975608108108108,1.598169014084507,0.0,True
2025-2026,87835,CB,17.0,1.0,90,1.6012587412587411,0.9484567901234568,1.0,False
2025-2026,101188,FB,7.0,0.0,63,1.565845070422535,1.2532258064516129,1.0,False
2025-2026,432830,CB,23.0,1.0,90,1.241111111111111,1.5833962264150943,0.0,True
2025-2026,607464,FB,17.0,1.0,84,1.241111111111111,1.5833962264150943,0.0,True
2025-2026,149484,CB,13.0,1.0,90,1.565845070422535,1.2532258064516129,1.0,False
2025-2026,249231,FB,10.0,1.0,90,1.241111111111111,1.5833962264150943,0.0,True
2025-2026,199796,FB,13.0,1.0,90,1.565845070422535,1.2532258064516129,1.0,False
2025-2026,444765,CB,18.0,1.0,90,1.241111111111111,1.5833962264150943,0.0,True
2025-2026,244954,CB,11.0,1.0,90,1.565845070422535,1.2532258064516129,1.0,False
2025-2026,478969,CB,18.0,1.0,90,1.0117021276595746,0.8541558441558441,0.0,True
2025-2026,477717,CB,10.0,1.0,82,1.0117021276595746,0.8541558441558441,0.0,True
2025-2026,494960,FB,13.0,1.0,90,1.0117021276595746,0.8541558441558441,0.0,True
2025-2026,58621,FB,17.0,1.0,90,1.0117021276595746,0.8541558441558441,0.0,True
2025-2026,434399,CB,18.0,1.0,90,0.8622666666666667,1.0265625,2.0,False
2025-2026,201895,CB,16.0,1.0,90,0.8622666666666667,1.0265625,2.0,False
2025-2026,487676,FB,9.0,0.0,90,0.8622666666666667,1.0265625,2.0,False
2025-2026,214590,FB,13.0,1.0,90,1.7197222222222224,1.2106569343065694,5.0,True
2025-2026,180736,CB,12.0,1.0,68,1.238896551724138,1.7587671232876714,1.0,False
2025-2026,179268,FB,16.0,1.0,68,1.238896551724138,1.7587671232876714,1.0,False
2025-2026,109646,CB,12.0,1.0,90,1.238896551724138,1.7587671232876714,1.0,False
2025-2026,482609,FB,6.0,0.0,68,1.238896551724138,1.7587671232876714,1.0,False
2025-2026,613804,FB,12.0,1.0,90,1.7197222222222224,1.2106569343065694,5.0,True
2025-2026,214048,CB,8.0,0.0,90,1.7197222222222224,1.2106569343065694,5.0,True
2025-2026,97032,CB,20.0,1.0,90,1.5206081081081082,1.5653225806451612,2.0,False
2025-2026,441191,FB,9.0,0.0,90,1.6056953642384106,1.461830985915493,3.0,True
2025-2026,204716,CB,12.0,1.0,90,1.5206081081081082,1.5653225806451612,2.0,False
2025-2026,78916,CB,19.0,1.0,90,1.6056953642384106,1.461830985915493,3.0,True
2025-2026,119471,CB,16.0,1.0,80,1.6056953642384106,1.461830985915493,3.0,True
2025-2026,544877,FB,18.0,1.0,90,1.5206081081081082,1.5653225806451612,2.0,False
2025-2026,77794,FB,8.0,0.0,75,1.6056953642384106,1.461830985915493,3.0,True
2025-2026,166477,FB,3.0,0.0,61,1.7102097902097901,1.270763358778626,1.0,True
2025-2026,596777,FB,7.0,0.0,90,1.2529139072847681,1.7063125,1.0,False
2025-2026,232892,CB,15.0,1.0,90,1.7102097902097901,1.270763358778626,1.0,True
2025-2026,167074,FB,12.0,1.0,90,1.7102097902097901,1.270763358778626,1.0,True
2025-2026,209365,CB,17.0,1.0,90,1.2529139072847681,1.7063125,1.0,False
2025-2026,550864,CB,13.0,1.0,86,1.2529139072847681,1.7063125,1.0,False
2025-2026,174874,CB,14.0,1.0,90,1.7102097902097901,1.270763358778626,1.0,True
2025-2026,106760,FB,11.0,1.0,86,1.2529139072847681,1.7063125,1.0,False
2025-2026,106611,CB,18.0,1.0,90,1.4670422535211267,1.2333802816901407,0.0,True
2025-2026,17761,CB,16.0,1.0,90,1.4670422535211267,1.2333802816901407,0.0,True
2025-2026,512462,CB,10.0,1.0,90,1.4670422535211267,1.2333802816901407,0.0,True
2025-2026,83299,CB,19.0,1.0,90,1.2277852348993288,1.5276335877862597,2.0,False
2025-2026,469142,CB,13.0,1.0,90,1.2277852348993288,1.5276335877862597,2.0,False
2025-2026,465730,FB,10.0,1.0,66,1.2277852348993288,1.5276335877862597,2.0,False
2025-2026,231480,CB,7.0,0.0,90,1.565845070422535,0.9484567901234568,2.0,False
2025-2026,607464,FB,9.0,0.0,90,0.975608108108108,1.5833962264150943,2.0,True
2025-2026,444765,CB,7.0,0.0,90,0.975608108108108,1.5833962264150943,2.0,True
2025-2026,249231,FB,2.0,0.0,90,0.975608108108108,1.5833962264150943,2.0,True
2025-2026,501837,CB,9.0,0.0,90,1.565845070422535,0.9484567901234568,2.0,False
2025-2026,523705,FB,4.0,0.0,90,1.565845070422535,0.9484567901234568,2.0,False
2025-2026,432830,CB,4.0,0.0,90,0.975608108108108,1.5833962264150943,2.0,True
2025-2026,490721,FB,1.0,0.0,90,1.565845070422535,0.9484567901234568,2.0,False
2025-2026,233963,CB,21.0,1.0,90,1.8812337662337661,1.2106569343065694,1.0,True
2025-2026,462116,CB,10.0,1.0,90,1.8812337662337661,1.2106569343065694,1.0,True
2025-2026,465351,FB,3.0,0.0,90,1.238896551724138,1.8621383647798742,1.0,False
2025-2026,578153,FB,8.0,0.0,90,1.238896551724138,1.8621383647798742,1.0,False
2025-2026,209036,CB,8.0,0.0,90,1.238896551724138,1.8621383647798742,1.0,False
2025-2026,214590,FB,6.0,0.0,90,1.8812337662337661,1.2106569343065694,1.0,True
2025-2026,472769,FB,2.0,0.0,90,1.238896551724138,1.8621383647798742,1.0,False
2025-2026,613804,FB,5.0,0.0,90,1.8812337662337661,1.2106569343065694,1.0,True
2025-2026,174874,CB,12.0,1.0,90,1.1952777777777779,1.270763358778626,0.0,False
2025-2026,159506,FB,16.0,1.0,90,1.2529139072847681,1.1928571428571428,0.0,True
2025-2026,169528,FB,9.0,0.0,90,1.1952777777777779,1.270763358778626,0.0,False
2025-2026,227444,CB,4.0,0.0,90,1.2529139072847681,1.1928571428571428,0.0,True
2025-2026,167074,FB,8.0,0.0,90,1.1952777777777779,1.270763358778626,0.0,False
2025-2026,215136,FB,2.0,0.0,90,1.2529139072847681,1.1928571428571428,0.0,True
2025-2026,575476,CB,4.0,0.0,90,1.2529139072847681,1.1928571428571428,0.0,True
2025-2026,232892,CB,4.0,0.0,90,1.1952777777777779,1.270763358778626,0.0,False
2025-2026,462424,CB,12.0,1.0,90,1.2277852348993288,1.7187234042553192,0.0,True
2025-2026,226597,CB,10.0,1.0,90,1.2277852348993288,1.7187234042553192,0.0,True
2025-2026,466075,CB,2.0,0.0,73,1.2277852348993288,1.7187234042553192,0.0,True
2025-2026,224967,FB,7.0,0.0,90,1.6668918918918918,1.2333802816901407,2.0,False
2025-2026,106611,CB,16.0,1.0,90,1.6668918918918918,1.2333802816901407,2.0,False
2025-2026,512462,CB,12.0,1.0,90,1.6668918918918918,1.2333802816901407,2.0,False
2025-2026,83299,CB,13.0,1.0,90,1.0117021276595746,1.5276335877862597,0.0,False
2025-2026,231416,FB,11.0,1.0,90,1.0117021276595746,1.5276335877862597,0.0,False
2025-2026,247955,FB,3.0,0.0,90,1.4670422535211267,1.0265625,1.0,True
2025-2026,487676,FB,4.0,0.0,90,1.4670422535211267,1.0265625,1.0,True
2025-2026,223827,CB,12.0,1.0,63,1.4670422535211267,1.0265625,1.0,True
2025-2026,201895,CB,6.0,0.0,90,1.4670422535211267,1.0265625,1.0,True
2025-2026,469142,CB,16.0,1.0,90,1.0117021276595746,1.5276335877862597,0.0,False
2025-2026,101188,FB,7.0,0.0,81,1.7102097902097901,1.2532258064516129,3.0,False
2025-2026,199798,FB,7.0,0.0,90,1.7102097902097901,1.2532258064516129,3.0,False
2025-2026,216051,FB,6.0,0.0,90,1.241111111111111,1.7063125,1.0,True
2025-2026,515597,FB,8.0,0.0,90,1.7102097902097901,1.2532258064516129,3.0,False
2025-2026,106760,FB,12.0,1.0,90,1.241111111111111,1.7063125,1.0,True
2025-2026,550864,CB,11.0,1.0,90,1.241111111111111,1.7063125,1.0,True
2025-2026,95658,CB,4.0,0.0,90,1.241111111111111,1.7063125,1.0,True
2025-2026,149484,CB,11.0,1.0,90,1.7102097902097901,1.2532258064516129,3.0,False
2025-2026,97032,CB,8.0,0.0,90,1.0653061224489795,1.5653225806451612,1.0,True
2025-2026,232859,FB,11.0,1.0,75,1.6056953642384106,1.078201438848921,1.0,False
2025-2026,122798,FB,4.0,0.0,90,1.0653061224489795,1.5653225806451612,1.0,True
2025-2026,171287,FB,4.0,0.0,90,1.0653061224489795,1.5653225806451612,1.0,True
2025-2026,493125,CB,13.0,1.0,90,1.6056953642384106,1.078201438848921,1.0,False
2025-2026,135720,CB,13.0,1.0,90,1.6056953642384106,1.078201438848921,1.0,False
2025-2026,216094,FB,3.0,0.0,63,1.0653061224489795,1.5653225806451612,1.0,True
2025-2026,441164,FB,5.0,0.0,90,1.6056953642384106,1.078201438848921,1.0,False
2025-2026,220627,CB,6.0,0.0,90,1.5676973684210527,1.4740853658536586,0.0,False
2025-2026,214225,CB,11.0,1.0,90,1.5676973684210527,1.4740853658536586,0.0,False
2025-2026,222694,CB,10.0,1.0,90,1.5676973684210527,1.4740853658536586,0.0,False
2025-2026,434752,CB,18.0,1.0,90,1.5676973684210527,1.4740853658536586,0.0,False
2025-2026,437499,CB,16.0,1.0,90,1.378445945945946,1.561027397260274,0.0,True
2025-2026,427623,CB,10.0,1.0,90,1.378445945945946,1.561027397260274,0.0,True
2025-2026,244723,FB,5.0,0.0,90,1.378445945945946,1.561027397260274,0.0,True
2025-2026,651426,CB,17.0,1.0,79,1.378445945945946,1.561027397260274,0.0,True
2025-2026,487838,FB,5.0,0.0,90,1.7197222222222224,1.461830985915493,0.0,False
2025-2026,180736,CB,3.0,0.0,90,1.5206081081081082,1.7587671232876714,1.0,True
2025-2026,441191,FB,1.0,0.0,90,1.7197222222222224,1.461830985915493,0.0,False
2025-2026,179268,FB,5.0,0.0,90,1.5206081081081082,1.7587671232876714,1.0,True
2025-2026,220237,CB,10.0,1.0,90,1.7197222222222224,1.461830985915493,0.0,False
2025-2026,225796,FB,3.0,0.0,90,1.5206081081081082,1.7587671232876714,1.0,True
2025-2026,444463,CB,12.0,1.0,81,1.5206081081081082,1.7587671232876714,1.0,True
2025-2026,465642,CB,14.0,1.0,90,1.7197222222222224,1.461830985915493,0.0,False
2025-2026,58621,FB,7.0,0.0,90,1.6012587412587411,0.8541558441558441,0.0,True
2025-2026,54469,FB,9.0,0.0,60,0.8622666666666667,1.598169014084507,0.0,False
2025-2026,494521,FB,11.0,1.0,90,0.8622666666666667,1.598169014084507,0.0,False
2025-2026,461188,CB,8.0,0.0,90,1.6012587412587411,0.8541558441558441,0.0,True
2025-2026,477717,CB,9.0,0.0,73,1.6012587412587411,0.8541558441558441,0.0,True
2025-2026,463981,CB,16.0,1.0,90,0.8622666666666667,1.598169014084507,0.0,False
2025-2026,494960,FB,6.0,0.0,73,1.6012587412587411,0.8541558441558441,0.0,True
2025-2026,221466,CB,16.0,1.0,90,0.8622666666666667,1.598169014084507,0.0,False
2025-2026,95658,CB,11.0,1.0,77,1.6012587412587411,1.7063125,2.0,False
2025-2026,494521,FB,6.0,0.0,90,1.7102097902097901,1.598169014084507,2.0,True
2025-2026,106760,FB,10.0,1.0,90,1.6012587412587411,1.7063125,2.0,False
2025-2026,216051,FB,6.0,0.0,90,1.6012587412587411,1.7063125,2.0,False
2025-2026,221466,CB,5.0,0.0,90,1.7102097902097901,1.598169014084507,2.0,True
2025-2026,550864,CB,7.0,0.0,90,1.6012587412587411,1.7063125,2.0,False
2025-2026,463981,CB,7.0,0.0,90,1.7102097902097901,1.598169014084507,2.0,True
2025-2026,214225,CB,6.0,0.0,90,1.565845070422535,1.4740853658536586,0.0,True
2025-2026,226182,FB,5.0,0.0,90,1.565845070422535,1.4740853658536586,0.0,True
2025-2026,434752,CB,16.0,1.0,90,1.565845070422535,1.4740853658536586,0.0,True
2025-2026,249231,FB,5.0,0.0,90,1.378445945945946,1.5833962264150943,0.0,False
2025-2026,607464,FB,5.0,0.0,90,1.378445945945946,1.5833962264150943,0.0,False
2025-2026,220627,CB,9.0,0.0,90,1.565845070422535,1.4740853658536586,0.0,True
2025-2026,222694,CB,9.0,0.0,82,1.565845070422535,1.4740853658536586,0.0,True
2025-2026,444765,CB,6.0,0.0,90,1.378445945945946,1.5833962264150943,0.0,False
2025-2026,432830,CB,9.0,0.0,90,1.378445945945946,1.5833962264150943,0.0,False
2025-2026,512462,CB,4.0,0.0,90,1.7197222222222224,1.2333802816901407,0.0,True
2025-2026,17761,CB,6.0,0.0,90,1.7197222222222224,1.2333802816901407,0.0,True
2025-2026,106611,CB,12.0,1.0,90,1.7197222222222224,1.2333802816901407,0.0,True
2025-2026,179268,FB,5.0,0.0,90,1.2277852348993288,1.7587671232876714,3.0,False
2025-2026,551210,FB,8.0,0.0,90,1.2277852348993288,1.7587671232876714,3.0,False
2025-2026,444463,CB,11.0,1.0,90,1.2277852348993288,1.7587671232876714,3.0,False
2025-2026,224967,FB,8.0,0.0,90,1.7197222222222224,1.2333802816901407,0.0,True
2025-2026,97032,CB,12.0,1.0,90,1.4670422535211267,1.5653225806451612,2.0,False
2025-2026,204716,CB,7.0,0.0,76,1.4670422535211267,1.5653225806451612,2.0,False
2025-2026,544877,FB,4.0,0.0,75,1.4670422535211267,1.5653225806451612,2.0,False
2025-2026,231416,FB,4.0,0.0,90,1.6056953642384106,1.5276335877862597,1.0,True
2025-2026,83299,CB,3.0,0.0,90,1.6056953642384106,1.5276335877862597,1.0,True
2025-2026,216094,FB,3.0,0.0,62,1.4670422535211267,1.5653225806451612,2.0,False
2025-2026,469142,CB,10.0,1.0,90,1.6056953642384106,1.5276335877862597,1.0,True
2025-2026,58621,FB,9.0,0.0,86,1.2529139072847681,0.8541558441558441,3.0,False
2025-2026,166477,FB,8.0,0.0,90,0.8622666666666667,1.270763358778626,1.0,True
2025-2026,174874,CB,10.0,1.0,90,0.8622666666666667,1.270763358778626,1.0,True
2025-2026,169528,FB,7.0,0.0,60,0.8622666666666667,1.270763358778626,1.0,True
2025-2026,232892,CB,4.0,0.0,90,0.8622666666666667,1.270763358778626,1.0,True
2025-2026,461188,CB,7.0,0.0,90,1.2529139072847681,0.8541558441558441,3.0,False
2025-2026,477717,CB,10.0,1.0,90,1.2529139072847681,0.8541558441558441,3.0,False
2025-2026,494960,FB,7.0,0.0,90,1.2529139072847681,0.8541558441558441,3.0,False
2025-2026,101188,FB,7.0,0.0,90,1.238896551724138,1.2532258064516129,0.0,True
2025-2026,214590,FB,3.0,0.0,82,1.241111111111111,1.2106569343065694,2.0,False
2025-2026,244954,CB,5.0,0.0,90,1.238896551724138,1.2532258064516129,0.0,True
2025-2026,613804,FB,5.0,0.0,90,1.241111111111111,1.2106569343065694,2.0,False
2025-2026,199798,FB,3.0,0.0,90,1.238896551724138,1.2532258064516129,0.0,True
2025-2026,233963,CB,15.0,1.0,90,1.241111111111111,1.2106569343065694,2.0,False
2025-2026,199796,FB,4.0,0.0,90,1.238896551724138,1.2532258064516129,0.0,True
2025-2026,487676,FB,5.0,0.0,90,1.5206081081081082,1.0265625,1.0,False
2025-2026,78916,CB,17.0,1.0,90,1.0117021276595746,1.461830985915493,2.0,True
2025-2026,167512,CB,5.0,0.0,90,1.5206081081081082,1.0265625,1.0,False
2025-2026,201895,CB,9.0,0.0,90,1.5206081081081082,1.0265625,1.0,False
2025-2026,247955,FB,10.0,1.0,90,1.5206081081081082,1.0265625,1.0,False
2025-2026,77794,FB,1.0,0.0,64,1.0117021276595746,1.461830985915493,2.0,True
2025-2026,487838,FB,3.0,0.0,90,1.0117021276595746,1.461830985915493,2.0,True
2025-2026,135720,CB,10.0,1.0,90,1.1952777777777779,1.078201438848921,3.0,True
2025-2026,227444,CB,15.0,1.0,90,1.0653061224489795,1.1928571428571428,0.0,False
2025-2026,221632,CB,6.0,0.0,90,1.1952777777777779,1.078201438848921,3.0,True
2025-2026,215136,FB,6.0,0.0,90,1.0653061224489795,1.1928571428571428,0.0,False
2025-2026,575476,CB,11.0,1.0,90,1.0653061224489795,1.1928571428571428,0.0,False
2025-2026,159506,FB,8.0,0.0,90,1.0653061224489795,1.1928571428571428,0.0,False
2025-2026,441164,FB,3.0,0.0,90,1.1952777777777779,1.078201438848921,3.0,True
2025-2026,487838,FB,4.0,0.0,90,1.5676973684210527,1.461830985915493,2.0,False
2025-2026,651426,CB,12.0,1.0,90,1.5206081081081082,1.561027397260274,1.0,True
2025-2026,441191,FB,2.0,0.0,90,1.5676973684210527,1.461830985915493,2.0,False
2025-2026,244723,FB,7.0,0.0,90,1.5206081081081082,1.561027397260274,1.0,True
2025-2026,465642,CB,10.0,1.0,90,1.5676973684210527,1.461830985915493,2.0,False
2025-2026,220237,CB,12.0,1.0,90,1.5676973684210527,1.461830985915493,2.0,False
2025-2026,437499,CB,14.0,1.0,90,1.5206081081081082,1.561027397260274,1.0,True
2025-2026,427623,CB,9.0,0.0,90,1.5206081081081082,1.561027397260274,1.0,True
2025-2026,232892,CB,13.0,1.0,90,1.6056953642384106,1.270763358778626,2.0,False
2025-2026,174874,CB,6.0,0.0,90,1.6056953642384106,1.270763358778626,2.0,False
2025-2026,169528,FB,10.0,1.0,68,1.6056953642384106,1.270763358778626,2.0,False
2025-2026,122798,FB,5.0,0.0,90,1.2529139072847681,1.5653225806451612,0.0,True
2025-2026,204716,CB,3.0,0.0,90,1.2529139072847681,1.5653225806451612,0.0,True
2025-2026,97032,CB,13.0,1.0,90,1.2529139072847681,1.5653225806451612,0.0,True
2025-2026,216094,FB,3.0,0.0,68,1.2529139072847681,1.5653225806451612,0.0,True
2025-2026,166477,FB,8.0,0.0,90,1.6056953642384106,1.270763358778626,2.0,False
2025-2026,472769,FB,5.0,0.0,63,1.7197222222222224,1.8621383647798742,0.0,False
2025-2026,578153,FB,4.0,0.0,90,1.7197222222222224,1.8621383647798742,0.0,False
2025-2026,551210,FB,7.0,0.0,90,1.8812337662337661,1.7587671232876714,3.0,True
2025-2026,209036,CB,9.0,0.0,90,1.7197222222222224,1.8621383647798742,0.0,False
2025-2026,179268,FB,7.0,0.0,90,1.8812337662337661,1.7587671232876714,3.0,True
2025-2026,444463,CB,16.0,1.0,90,1.8812337662337661,1.7587671232876714,3.0,True
2025-2026,465351,FB,4.0,0.0,90,1.7197222222222224,1.8621383647798742,0.0,False
2025-2026,482609,FB,6.0,0.0,87,1.8812337662337661,1.7587671232876714,3.0,True
2025-2026,550864,CB,15.0,1.0,90,1.378445945945946,1.7063125,2.0,True
2025-2026,222694,CB,9.0,0.0,90,1.7102097902097901,1.4740853658536586,1.0,False
2025-2026,230001,CB,9.0,0.0,69,1.378445945945946,1.7063125,2.0,True
2025-2026,106760,FB,5.0,0.0,90,1.378445945945946,1.7063125,2.0,True
2025-2026,226182,FB,6.0,0.0,90,1.7102097902097901,1.4740853658536586,1.0,False
2025-2026,220627,CB,9.0,0.0,90,1.7102097902097901,1.4740853658536586,1.0,False
2025-2026,243526,FB,6.0,0.0,90,1.7102097902097901,1.4740853658536586,1.0,False
2025-2026,434752,CB,10.0,1.0,90,1.7102097902097901,1.4740853658536586,1.0,False
2025-2026,487053,FB,5.0,0.0,90,1.0117021276595746,1.078201438848921,1.0,False
2025-2026,491279,CB,7.0,0.0,90,1.0117021276595746,1.078201438848921,1.0,False
2025-2026,441164,FB,6.0,0.0,90,1.0117021276595746,1.078201438848921,1.0,False
2025-2026,434399,CB,8.0,0.0,90,1.0653061224489795,1.0265625,0.0,True
2025-2026,200834,CB,5.0,0.0,81,1.0653061224489795,1.0265625,0.0,True
2025-2026,167512,CB,7.0,0.0,90,1.0653061224489795,1.0265625,0.0,True
2025-2026,221632,CB,9.0,0.0,69,1.0117021276595746,1.078201438848921,1.0,False
2025-2026,201895,CB,10.0,1.0,90,1.0653061224489795,1.0265625,0.0,True
2025-2026,478969,CB,8.0,0.0,90,1.4670422535211267,0.8541558441558441,2.0,True
2025-2026,469142,CB,6.0,0.0,90,0.8622666666666667,1.5276335877862597,0.0,False
2025-2026,204120,FB,17.0,1.0,90,0.8622666666666667,1.5276335877862597,0.0,False
2025-2026,477717,CB,11.0,1.0,90,1.4670422535211267,0.8541558441558441,2.0,True
2025-2026,494960,FB,4.0,0.0,81,1.4670422535211267,0.8541558441558441,2.0,True
2025-2026,461188,CB,7.0,0.0,81,1.4670422535211267,0.8541558441558441,2.0,True
2025-2026,231416,FB,9.0,0.0,90,0.8622666666666667,1.5276335877862597,0.0,False
2025-2026,494521,FB,7.0,0.0,90,1.6668918918918918,1.598169014084507,1.0,False
2025-2026,499169,FB,5.0,0.0,90,1.6012587412587411,1.7187234042553192,2.0,True
2025-2026,198869,FB,9.0,0.0,75,1.6012587412587411,1.7187234042553192,2.0,True
2025-2026,221466,CB,10.0,1.0,90,1.6668918918918918,1.598169014084507,1.0,False
2025-2026,226597,CB,8.0,0.0,90,1.6012587412587411,1.7187234042553192,2.0,True
2025-2026,463981,CB,12.0,1.0,90,1.6668918918918918,1.598169014084507,1.0,False
2025-2026,462424,CB,6.0,0.0,90,1.6012587412587411,1.7187234042553192,2.0,True
2025-2026,613804,FB,4.0,0.0,90,0.975608108108108,1.2106569343065694,0.0,True
2025-2026,233963,CB,9.0,0.0,90,0.975608108108108,1.2106569343065694,0.0,True
2025-2026,523705,FB,5.0,0.0,90,1.238896551724138,0.9484567901234568,4.0,False
2025-2026,158534,FB,7.0,0.0,90,0.975608108108108,1.2106569343065694,0.0,True
2025-2026,231480,CB,8.0,0.0,90,1.238896551724138,0.9484567901234568,4.0,False
2025-2026,490721,FB,7.0,0.0,90,1.238896551724138,0.9484567901234568,4.0,False
2025-2026,501837,CB,6.0,0.0,70,1.238896551724138,0.9484567901234568,4.0,False
2025-2026,444765,CB,11.0,1.0,90,1.2277852348993288,1.5833962264150943,2.0,True
2025-2026,512462,CB,6.0,0.0,90,1.565845070422535,1.2333802816901407,2.0,False
2025-2026,17761,CB,14.0,1.0,90,1.565845070422535,1.2333802816901407,2.0,False
2025-2026,607464,FB,7.0,0.0,90,1.2277852348993288,1.5833962264150943,2.0,True
2025-2026,432830,CB,11.0,1.0,90,1.2277852348993288,1.5833962264150943,2.0,True
2025-2026,224967,FB,10.0,1.0,90,1.565845070422535,1.2333802816901407,2.0,False
2025-2026,249231,FB,6.0,0.0,90,1.2277852348993288,1.5833962264150943,2.0,True
2025-2026,480455,CB,12.0,1.0,90,1.565845070422535,1.2333802816901407,2.0,False
2025-2026,215136,FB,6.0,0.0,90,1.241111111111111,1.1928571428571428,1.0,True
2025-2026,101188,FB,8.0,0.0,77,1.1952777777777779,1.2532258064516129,1.0,False
2025-2026,184667,FB,2.0,0.0,90,1.1952777777777779,1.2532258064516129,1.0,False
2025-2026,575476,CB,8.0,0.0,90,1.241111111111111,1.1928571428571428,1.0,True
2025-2026,159506,FB,7.0,0.0,88,1.241111111111111,1.1928571428571428,1.0,True
2025-2026,199796,FB,4.0,0.0,90,1.1952777777777779,1.2532258064516129,1.0,False
2025-2026,227444,CB,5.0,0.0,90,1.241111111111111,1.1928571428571428,1.0,True
2025-2026,244954,CB,2.0,0.0,90,1.1952777777777779,1.2532258064516129,1.0,False
2025-2026,221466,CB,7.0,0.0,90,1.5206081081081082,1.598169014084507,1.0,False
2025-2026,441191,FB,5.0,0.0,73,1.6012587412587411,1.461830985915493,2.0,True
2025-2026,465642,CB,5.0,0.0,90,1.6012587412587411,1.461830985915493,2.0,True
2025-2026,494521,FB,8.0,0.0,90,1.5206081081081082,1.598169014084507,1.0,False
2025-2026,220237,CB,12.0,1.0,90,1.6012587412587411,1.461830985915493,2.0,True
2025-2026,463981,CB,12.0,1.0,90,1.5206081081081082,1.598169014084507,1.0,False
2025-2026,469142,CB,6.0,0.0,90,1.7197222222222224,1.5276335877862597,0.0,True
2025-2026,482609,FB,6.0,0.0,90,1.4670422535211267,1.7587671232876714,3.0,False
2025-2026,204120,FB,7.0,0.0,90,1.7197222222222224,1.5276335877862597,0.0,True
2025-2026,180736,CB,6.0,0.0,90,1.4670422535211267,1.7587671232876714,3.0,False
2025-2026,551210,FB,9.0,0.0,90,1.4670422535211267,1.7587671232876714,3.0,False
2025-2026,231416,FB,7.0,0.0,90,1.7197222222222224,1.5276335877862597,0.0,True
2025-2026,179268,FB,6.0,0.0,90,1.4670422535211267,1.7587671232876714,3.0,False
2025-2026,227444,CB,7.0,0.0,90,0.8622666666666667,1.1928571428571428,1.0,True
2025-2026,58621,FB,5.0,0.0,90,1.1952777777777779,0.8541558441558441,4.0,False
2025-2026,477717,CB,16.0,1.0,90,1.1952777777777779,0.8541558441558441,4.0,False
2025-2026,159506,FB,4.0,0.0,90,0.8622666666666667,1.1928571428571428,1.0,True
2025-2026,478969,CB,9.0,0.0,90,1.1952777777777779,0.8541558441558441,4.0,False
2025-2026,215136,FB,3.0,0.0,90,0.8622666666666667,1.1928571428571428,1.0,True
2025-2026,494960,FB,9.0,0.0,90,1.1952777777777779,0.8541558441558441,4.0,False
2025-2026,551210,FB,6.0,0.0,90,1.7102097902097901,1.7587671232876714,1.0,True
2025-2026,482609,FB,3.0,0.0,80,1.7102097902097901,1.7587671232876714,1.0,True
2025-2026,606745,CB,10.0,1.0,90,1.7197222222222224,1.7063125,0.0,False
2025-2026,230001,CB,3.0,0.0,90,1.7197222222222224,1.7063125,0.0,False
2025-2026,216051,FB,6.0,0.0,90,1.7197222222222224,1.7063125,0.0,False
2025-2026,106760,FB,10.0,1.0,90,1.7197222222222224,1.7063125,0.0,False
2025-2026,179268,FB,7.0,0.0,90,1.7102097902097901,1.7587671232876714,1.0,True
2025-2026,444463,CB,8.0,0.0,80,1.7102097902097901,1.7587671232876714,1.0,True
2025-2026,469142,CB,16.0,1.0,90,1.0653061224489795,1.5276335877862597,2.0,False
2025-2026,487053,FB,4.0,0.0,75,1.4670422535211267,1.078201438848921,2.0,True
2025-2026,491279,CB,6.0,0.0,90,1.4670422535211267,1.078201438848921,2.0,True
2025-2026,204120,FB,8.0,0.0,90,1.0653061224489795,1.5276335877862597,2.0,False
2025-2026,135720,CB,12.0,1.0,90,1.4670422535211267,1.078201438848921,2.0,True
2025-2026,231416,FB,5.0,0.0,90,1.0653061224489795,1.5276335877862597,2.0,False
2025-2026,441164,FB,11.0,1.0,90,1.4670422535211267,1.078201438848921,2.0,True
2025-2026,231480,CB,11.0,1.0,90,1.378445945945946,0.9484567901234568,3.0,False
2025-2026,226182,FB,4.0,0.0,90,0.975608108108108,1.4740853658536586,0.0,True
2025-2026,220627,CB,17.0,1.0,90,0.975608108108108,1.4740853658536586,0.0,True
2025-2026,243526,FB,8.0,0.0,90,0.975608108108108,1.4740853658536586,0.0,True
2025-2026,222694,CB,8.0,0.0,90,0.975608108108108,1.4740853658536586,0.0,True
2025-2026,434752,CB,3.0,0.0,90,0.975608108108108,1.4740853658536586,0.0,True
2025-2026,510362,CB,18.0,1.0,90,1.378445945945946,0.9484567901234568,3.0,False
2025-2026,490721,FB,5.0,0.0,90,1.378445945945946,0.9484567901234568,3.0,False
2025-2026,209036,CB,7.0,0.0,90,1.6668918918918918,1.8621383647798742,1.0,True
2025-2026,465351,FB,5.0,0.0,90,1.6668918918918918,1.8621383647798742,1.0,True
2025-2026,448104,CB,9.0,0.0,90,1.8812337662337661,1.7187234042553192,2.0,False
2025-2026,500040,CB,7.0,0.0,73,1.8812337662337661,1.7187234042553192,2.0,False
2025-2026,472769,FB,8.0,0.0,90,1.6668918918918918,1.8621383647798742,1.0,True
2025-2026,578153,FB,11.0,1.0,90,1.6668918918918918,1.8621383647798742,1.0,True
2025-2026,462424,CB,10.0,1.0,90,1.8812337662337661,1.7187234042553192,2.0,False
2025-2026,226597,CB,7.0,0.0,90,1.8812337662337661,1.7187234042553192,2.0,False
2025-2026,437499,CB,10.0,1.0,90,1.238896551724138,1.561027397260274,0.0,True
2025-2026,244723,FB,5.0,0.0,90,1.238896551724138,1.561027397260274,0.0,True
2025-2026,158534,FB,4.0,0.0,90,1.5676973684210527,1.2106569343065694,0.0,False
2025-2026,613804,FB,5.0,0.0,90,1.5676973684210527,1.2106569343065694,0.0,False
2025-2026,651426,CB,15.0,1.0,90,1.238896551724138,1.561027397260274,0.0,True
2025-2026,233963,CB,8.0,0.0,90,1.5676973684210527,1.2106569343065694,0.0,False
2025-2026,427623,CB,9.0,0.0,90,1.238896551724138,1.561027397260274,0.0,True
2025-2026,441302,FB,2.0,0.0,69,1.0117021276595746,1.2532258064516129,3.0,True
2025-2026,434399,CB,3.0,0.0,62,1.241111111111111,1.0265625,4.0,False
2025-2026,200834,CB,7.0,0.0,90,1.241111111111111,1.0265625,4.0,False
2025-2026,199798,FB,4.0,0.0,90,1.0117021276595746,1.2532258064516129,3.0,True
2025-2026,199796,FB,4.0,0.0,90,1.0117021276595746,1.2532258064516129,3.0,True
2025-2026,201895,CB,6.0,0.0,62,1.241111111111111,1.0265625,4.0,False
2025-2026,149484,CB,6.0,0.0,90,1.0117021276595746,1.2532258064516129,3.0,True
2025-2026,167512,CB,7.0,0.0,90,1.241111111111111,1.0265625,4.0,False
2025-2026,432830,CB,6.0,0.0,90,1.2529139072847681,1.5833962264150943,0.0,True
2025-2026,249231,FB,3.0,0.0,90,1.2529139072847681,1.5833962264150943,0.0,True
2025-2026,607464,FB,3.0,0.0,90,1.2529139072847681,1.5833962264150943,0.0,True
2025-2026,174874,CB,8.0,0.0,90,1.565845070422535,1.270763358778626,0.0,False
2025-2026,232892,CB,2.0,0.0,90,1.565845070422535,1.270763358778626,0.0,False
2025-2026,166477,FB,4.0,0.0,90,1.565845070422535,1.270763358778626,0.0,False
2025-2026,444765,CB,6.0,0.0,90,1.2529139072847681,1.5833962264150943,0.0,True
2025-2026,220627,CB,10.0,1.0,90,1.6012587412587411,1.4740853658536586,2.0,False
2025-2026,463981,CB,10.0,1.0,90,1.378445945945946,1.598169014084507,2.0,True
2025-2026,494521,FB,10.0,1.0,90,1.378445945945946,1.598169014084507,2.0,True
2025-2026,243526,FB,8.0,0.0,90,1.6012587412587411,1.4740853658536586,2.0,False
2025-2026,221466,CB,6.0,0.0,90,1.378445945945946,1.598169014084507,2.0,True
2025-2026,222694,CB,19.0,1.0,90,1.6012587412587411,1.4740853658536586,2.0,False
2025-2026,434752,CB,11.0,1.0,63,1.6012587412587411,1.4740853658536586,2.0,False
2025-2026,58621,FB,4.0,0.0,90,1.8812337662337661,0.8541558441558441,1.0,True
2025-2026,448514,FB,1.0,0.0,64,0.8622666666666667,1.8621383647798742,0.0,False
2025-2026,472769,FB,6.0,0.0,90,0.8622666666666667,1.8621383647798742,0.0,False
2025-2026,578153,FB,10.0,1.0,90,0.8622666666666667,1.8621383647798742,0.0,False
2025-2026,461188,CB,6.0,0.0,81,1.8812337662337661,0.8541558441558441,1.0,True
2025-2026,477717,CB,10.0,1.0,90,1.8812337662337661,0.8541558441558441,1.0,True
2025-2026,478969,CB,10.0,1.0,90,1.8812337662337661,0.8541558441558441,1.0,True
2025-2026,209036,CB,8.0,0.0,90,0.8622666666666667,1.8621383647798742,0.0,False
2025-2026,465351,FB,5.0,0.0,90,0.8622666666666667,1.8621383647798742,0.0,False
2025-2026,494960,FB,16.0,1.0,90,1.8812337662337661,0.8541558441558441,1.0,True
2025-2026,97032,CB,8.0,0.0,90,1.2277852348993288,1.5653225806451612,1.0,False
2025-2026,17761,CB,6.0,0.0,90,1.6056953642384106,1.2333802816901407,2.0,True
2025-2026,122798,FB,2.0,0.0,85,1.2277852348993288,1.5653225806451612,1.0,False
2025-2026,224967,FB,12.0,1.0,90,1.6056953642384106,1.2333802816901407,2.0,True
2025-2026,204716,CB,14.0,1.0,90,1.2277852348993288,1.5653225806451612,1.0,False
2025-2026,480455,CB,11.0,1.0,86,1.6056953642384106,1.2333802816901407,2.0,True
2025-2026,512462,CB,8.0,0.0,90,1.6056953642384106,1.2333802816901407,2.0,True
2025-2026,441164,FB,13.0,1.0,90,0.975608108108108,1.078201438848921,0.0,False
2025-2026,510362,CB,5.0,0.0,90,1.0653061224489795,0.9484567901234568,1.0,True
2025-2026,483081,FB,0.0,0.0,70,1.0653061224489795,0.9484567901234568,1.0,True
2025-2026,87835,CB,9.0,0.0,84,1.0653061224489795,0.9484567901234568,1.0,True
2025-2026,231480,CB,8.0,0.0,90,1.0653061224489795,0.9484567901234568,1.0,True
2025-2026,491279,CB,4.0,0.0,90,0.975608108108108,1.078201438848921,0.0,False
2025-2026,490721,FB,12.0,1.0,90,1.0653061224489795,0.9484567901234568,1.0,True
2025-2026,232859,FB,8.0,0.0,90,0.975608108108108,1.078201438848921,0.0,False
2025-2026,135720,CB,8.0,0.0,90,0.975608108108108,1.078201438848921,0.0,False
2025-2026,204716,CB,10.0,1.0,90,1.5676973684210527,1.5653225806451612,1.0,True
2025-2026,427623,CB,6.0,0.0,90,1.6056953642384106,1.561027397260274,3.0,False
2025-2026,437499,CB,11.0,1.0,90,1.6056953642384106,1.561027397260274,3.0,False
2025-2026,97032,CB,10.0,1.0,90,1.5676973684210527,1.5653225806451612,1.0,True
2025-2026,122798,FB,2.0,0.0,86,1.5676973684210527,1.5653225806451612,1.0,True
2025-2026,651426,CB,11.0,1.0,90,1.6056953642384106,1.561027397260274,3.0,False
2025-2026,158534,FB,5.0,0.0,90,1.2277852348993288,1.2106569343065694,1.0,True
2025-2026,224967,FB,7.0,0.0,90,1.238896551724138,1.2333802816901407,2.0,False
2025-2026,233963,CB,11.0,1.0,90,1.2277852348993288,1.2106569343065694,1.0,True
2025-2026,512462,CB,6.0,0.0,64,1.238896551724138,1.2333802816901407,2.0,False
2025-2026,613804,FB,9.0,0.0,90,1.2277852348993288,1.2106569343065694,1.0,True
2025-2026,17761,CB,6.0,0.0,90,1.238896551724138,1.2333802816901407,2.0,False
2025-2026,106611,CB,6.0,0.0,90,1.238896551724138,1.2333802816901407,2.0,False
2025-2026,159506,FB,9.0,0.0,90,1.0117021276595746,1.1928571428571428,0.0,False
2025-2026,201895,CB,5.0,0.0,90,1.1952777777777779,1.0265625,5.0,True
2025-2026,227444,CB,20.0,1.0,90,1.0117021276595746,1.1928571428571428,0.0,False
2025-2026,223827,CB,8.0,0.0,90,1.1952777777777779,1.0265625,5.0,True
2025-2026,215136,FB,6.0,0.0,90,1.0117021276595746,1.1928571428571428,0.0,False
2025-2026,200834,CB,2.0,0.0,90,1.1952777777777779,1.0265625,5.0,True
2025-2026,487676,FB,9.0,0.0,90,1.1952777777777779,1.0265625,5.0,True
2025-2026,199798,FB,5.0,0.0,90,1.2529139072847681,1.2532258064516129,1.0,False
2025-2026,515597,FB,2.0,0.0,73,1.2529139072847681,1.2532258064516129,1.0,False
2025-2026,166477,FB,4.0,0.0,90,1.241111111111111,1.270763358778626,0.0,True
2025-2026,199796,FB,7.0,0.0,90,1.2529139072847681,1.2532258064516129,1.0,False
2025-2026,174874,CB,15.0,1.0,90,1.241111111111111,1.270763358778626,0.0,True
2025-2026,244954,CB,4.0,0.0,90,1.2529139072847681,1.2532258064516129,1.0,False
2025-2026,232892,CB,6.0,0.0,90,1.241111111111111,1.270763358778626,0.0,True
2025-2026,101188,FB,3.0,0.0,90,1.2529139072847681,1.2532258064516129,1.0,False
2025-2026,198869,FB,3.0,0.0,90,1.5206081081081082,1.7187234042553192,0.0,True
2025-2026,226597,CB,9.0,0.0,90,1.5206081081081082,1.7187234042553192,0.0,True
2025-2026,448104,CB,15.0,1.0,90,1.5206081081081082,1.7187234042553192,0.0,True
2025-2026,465642,CB,6.0,0.0,90,1.6668918918918918,1.461830985915493,1.0,False
2025-2026,78916,CB,12.0,1.0,90,1.6668918918918918,1.461830985915493,1.0,False
2025-2026,462424,CB,6.0,0.0,90,1.5206081081081082,1.7187234042553192,0.0,True
2025-2026,220237,CB,13.0,1.0,90,1.6668918918918918,1.461830985915493,1.0,False
2025-2026,95658,CB,12.0,1.0,90,1.565845070422535,1.7063125,1.0,True
2025-2026,106760,FB,9.0,0.0,72,1.565845070422535,1.7063125,1.0,True
2025-2026,216051,FB,11.0,1.0,90,1.565845070422535,1.7063125,1.0,True
2025-2026,607464,FB,4.0,0.0,90,1.7102097902097901,1.5833962264150943,2.0,False
2025-2026,432830,CB,10.0,1.0,90,1.7102097902097901,1.5833962264150943,2.0,False
2025-2026,606745,CB,4.0,0.0,90,1.565845070422535,1.7063125,1.0,True
2025-2026,249231,FB,2.0,0.0,90,1.7102097902097901,1.5833962264150943,2.0,False
2025-2026,444765,CB,7.0,0.0,90,1.7102097902097901,1.5833962264150943,2.0,False
2025-2026,135720,CB,10.0,1.0,90,1.241111111111111,1.078201438848921,1.0,False
2025-2026,199796,FB,9.0,0.0,90,1.0653061224489795,1.2532258064516129,2.0,True
2025-2026,441164,FB,10.0,1.0,90,1.241111111111111,1.078201438848921,1.0,False
2025-2026,441302,FB,3.0,0.0,90,1.0653061224489795,1.2532258064516129,2.0,True
2025-2026,487053,FB,4.0,0.0,90,1.241111111111111,1.078201438848921,1.0,False
2025-2026,491279,CB,2.0,0.0,90,1.241111111111111,1.078201438848921,1.0,False
2025-2026,515597,FB,5.0,0.0,90,1.0653061224489795,1.2532258064516129,2.0,True
2025-2026,184667,FB,8.0,0.0,90,1.0653061224489795,1.2532258064516129,2.0,True
2025-2026,149484,CB,2.0,0.0,90,1.0653061224489795,1.2532258064516129,2.0,True
2025-2026,179268,FB,3.0,0.0,90,1.1952777777777779,1.7587671232876714,3.0,True
2025-2026,482609,FB,3.0,0.0,90,1.1952777777777779,1.7587671232876714,3.0,True
2025-2026,180736,CB,4.0,0.0,90,1.1952777777777779,1.7587671232876714,3.0,True
2025-2026,485047,CB,4.0,0.0,90,1.7197222222222224,1.1928571428571428,1.0,False
2025-2026,606745,CB,6.0,0.0,90,1.6056953642384106,1.7063125,2.0,True
2025-2026,97032,CB,9.0,0.0,90,1.7102097902097901,1.5653225806451612,3.0,False
2025-2026,106760,FB,14.0,1.0,90,1.6056953642384106,1.7063125,2.0,True
2025-2026,216051,FB,5.0,0.0,90,1.6056953642384106,1.7063125,2.0,True
2025-2026,216094,FB,0.0,0.0,74,1.7102097902097901,1.5653225806451612,3.0,False
2025-2026,204716,CB,5.0,0.0,86,1.7102097902097901,1.5653225806451612,3.0,False
2025-2026,95658,CB,9.0,0.0,90,1.6056953642384106,1.7063125,2.0,True
2025-2026,209036,CB,8.0,0.0,90,1.2277852348993288,1.8621383647798742,3.0,False
2025-2026,224967,FB,7.0,0.0,90,1.8812337662337661,1.2333802816901407,3.0,True
2025-2026,465351,FB,9.0,0.0,90,1.2277852348993288,1.8621383647798742,3.0,False
2025-2026,472769,FB,4.0,0.0,90,1.2277852348993288,1.8621383647798742,3.0,False
2025-2026,578153,FB,10.0,1.0,90,1.2277852348993288,1.8621383647798742,3.0,False
2025-2026,512462,CB,6.0,0.0,90,1.8812337662337661,1.2333802816901407,3.0,True
2025-2026,17761,CB,6.0,0.0,90,1.8812337662337661,1.2333802816901407,3.0,True
2025-2026,106611,CB,10.0,1.0,90,1.8812337662337661,1.2333802816901407,3.0,True
2025-2026,226182,FB,4.0,0.0,90,0.8622666666666667,1.4740853658536586,1.0,True
2025-2026,434752,CB,7.0,0.0,90,0.8622666666666667,1.4740853658536586,1.0,True
2025-2026,58621,FB,7.0,0.0,90,1.378445945945946,0.8541558441558441,3.0,False
2025-2026,220627,CB,6.0,0.0,90,0.8622666666666667,1.4740853658536586,1.0,True
2025-2026,461188,CB,9.0,0.0,75,1.378445945945946,0.8541558441558441,3.0,False
2025-2026,477717,CB,13.0,1.0,90,1.378445945945946,0.8541558441558441,3.0,False
2025-2026,478969,CB,15.0,1.0,90,1.378445945945946,0.8541558441558441,3.0,False
2025-2026,214225,CB,2.0,0.0,90,0.8622666666666667,1.4740853658536586,1.0,True
2025-2026,494960,FB,7.0,0.0,64,1.378445945945946,0.8541558441558441,3.0,False
2025-2026,222694,CB,0.0,0.0,90,0.8622666666666667,1.4740853658536586,1.0,True
2025-2026,111478,CB,0.0,0.0,62,1.5206081081081082,1.5276335877862597,3.0,False
2025-2026,220237,CB,15.0,1.0,90,1.4670422535211267,1.461830985915493,1.0,True
2025-2026,469142,CB,10.0,1.0,90,1.5206081081081082,1.5276335877862597,3.0,False
2025-2026,465642,CB,9.0,0.0,90,1.4670422535211267,1.461830985915493,1.0,True
2025-2026,78916,CB,9.0,0.0,90,1.4670422535211267,1.461830985915493,1.0,True
2025-2026,231416,FB,1.0,0.0,90,1.5206081081081082,1.5276335877862597,3.0,False
2025-2026,204120,FB,5.0,0.0,90,1.5206081081081082,1.5276335877862597,3.0,False
2025-2026,463981,CB,15.0,1.0,90,1.5676973684210527,1.598169014084507,0.0,True
2025-2026,221466,CB,14.0,1.0,90,1.5676973684210527,1.598169014084507,0.0,True
2025-2026,437499,CB,10.0,1.0,90,1.6012587412587411,1.561027397260274,3.0,False
2025-2026,651426,CB,6.0,0.0,90,1.6012587412587411,1.561027397260274,3.0,False
2025-2026,494521,FB,4.0,0.0,90,1.5676973684210527,1.598169014084507,0.0,True
2025-2026,515621,CB,9.0,0.0,75,1.6012587412587411,1.561027397260274,3.0,False
2025-2026,166477,FB,5.0,0.0,90,1.6668918918918918,1.270763358778626,3.0,False
2025-2026,169528,FB,5.0,0.0,90,1.6668918918918918,1.270763358778626,3.0,False
2025-2026,198869,FB,4.0,0.0,82,1.2529139072847681,1.7187234042553192,0.0,True
2025-2026,226597,CB,8.0,0.0,90,1.2529139072847681,1.7187234042553192,0.0,True
2025-2026,232892,CB,8.0,0.0,90,1.6668918918918918,1.270763358778626,3.0,False
2025-2026,462424,CB,6.0,0.0,90,1.2529139072847681,1.7187234042553192,0.0,True
2025-2026,466075,CB,6.0,0.0,90,1.2529139072847681,1.7187234042553192,0.0,True
2025-2026,499169,FB,3.0,0.0,90,1.2529139072847681,1.7187234042553192,0.0,True
2025-2026,174874,CB,12.0,1.0,90,1.6668918918918918,1.270763358778626,3.0,False
2025-2026,233963,CB,7.0,0.0,90,1.565845070422535,1.2106569343065694,3.0,False
2025-2026,158534,FB,4.0,0.0,64,1.565845070422535,1.2106569343065694,3.0,False
2025-2026,432830,CB,6.0,0.0,90,1.238896551724138,1.5833962264150943,0.0,True
2025-2026,607464,FB,2.0,0.0,90,1.238896551724138,1.5833962264150943,0.0,True
2025-2026,613804,FB,5.0,0.0,73,1.565845070422535,1.2106569343065694,3.0,False
2025-2026,249231,FB,2.0,0.0,90,1.238896551724138,1.5833962264150943,0.0,True
2025-2026,444765,CB,8.0,0.0,90,1.238896551724138,1.5833962264150943,0.0,True
2025-2026,231480,CB,6.0,0.0,90,1.0117021276595746,0.9484567901234568,1.0,True
2025-2026,510362,CB,12.0,1.0,90,1.0117021276595746,0.9484567901234568,1.0,True
2025-2026,487676,FB,7.0,0.0,90,0.975608108108108,1.0265625,1.0,False
2025-2026,434399,CB,3.0,0.0,71,0.975608108108108,1.0265625,1.0,False
2025-2026,200834,CB,12.0,1.0,90,0.975608108108108,1.0265625,1.0,False
2025-2026,201895,CB,12.0,1.0,90,0.975608108108108,1.0265625,1.0,False
2025-2026,501837,CB,8.0,0.0,90,1.0117021276595746,0.9484567901234568,1.0,True
2025-2026,490721,FB,3.0,0.0,77,1.0117021276595746,0.9484567901234568,1.0,True
2025-2026,221466,CB,10.0,1.0,90,1.2529139072847681,1.598169014084507,0.0,False
2025-2026,463981,CB,9.0,0.0,90,1.2529139072847681,1.598169014084507,0.0,False
2025-2026,54469,FB,6.0,0.0,90,1.2529139072847681,1.598169014084507,0.0,False
2025-2026,166477,FB,6.0,0.0,82,1.6012587412587411,1.270763358778626,1.0,True
2025-2026,169528,FB,8.0,0.0,90,1.6012587412587411,1.270763358778626,1.0,True
2025-2026,232892,CB,2.0,0.0,90,1.6012587412587411,1.270763358778626,1.0,True
2025-2026,494521,FB,4.0,0.0,90,1.2529139072847681,1.598169014084507,0.0,False
2025-2026,97032,CB,5.0,0.0,90,1.7197222222222224,1.5653225806451612,1.0,True
2025-2026,179268,FB,1.0,0.0,90,1.6056953642384106,1.7587671232876714,1.0,False
2025-2026,551210,FB,10.0,1.0,90,1.6056953642384106,1.7587671232876714,1.0,False
2025-2026,204716,CB,3.0,0.0,76,1.7197222222222224,1.5653225806451612,1.0,True
2025-2026,444463,CB,3.0,0.0,90,1.6056953642384106,1.7587671232876714,1.0,False
2025-2026,482609,FB,4.0,0.0,90,1.6056953642384106,1.7587671232876714,1.0,False
2025-2026,544877,FB,1.0,0.0,90,1.7197222222222224,1.5653225806451612,1.0,True
2025-2026,216094,FB,1.0,0.0,90,1.7197222222222224,1.5653225806451612,1.0,True
2025-2026,230001,CB,10.0,1.0,90,1.0117021276595746,1.7063125,0.0,False
2025-2026,221820,FB,6.0,0.0,90,1.0117021276595746,1.7063125,0.0,False
2025-2026,247955,FB,4.0,0.0,90,1.7102097902097901,1.0265625,0.0,True
2025-2026,201895,CB,10.0,1.0,90,1.7102097902097901,1.0265625,0.0,True
2025-2026,487676,FB,1.0,0.0,89,1.7102097902097901,1.0265625,0.0,True
2025-2026,95658,CB,11.0,1.0,90,1.0117021276595746,1.7063125,0.0,False
2025-2026,106760,FB,4.0,0.0,90,1.0117021276595746,1.7063125,0.0,False
2025-2026,434399,CB,10.0,1.0,90,1.7102097902097901,1.0265625,0.0,True
2025-2026,200834,CB,5.0,0.0,90,1.7102097902097901,1.0265625,0.0,True
2025-2026,231416,FB,2.0,0.0,90,0.975608108108108,1.5276335877862597,0.0,True
2025-2026,231480,CB,6.0,0.0,90,1.4670422535211267,0.9484567901234568,3.0,False
2025-2026,469142,CB,9.0,0.0,90,0.975608108108108,1.5276335877862597,0.0,True
2025-2026,465730,FB,2.0,0.0,87,0.975608108108108,1.5276335877862597,0.0,True
2025-2026,83299,CB,2.0,0.0,90,0.975608108108108,1.5276335877862597,0.0,True
2025-2026,510362,CB,11.0,1.0,90,1.4670422535211267,0.9484567901234568,3.0,False
2025-2026,501837,CB,17.0,1.0,90,1.4670422535211267,0.9484567901234568,3.0,False
2025-2026,126184,CB,6.0,0.0,90,1.565845070422535,1.8621383647798742,0.0,True
2025-2026,209036,CB,13.0,1.0,90,1.565845070422535,1.8621383647798742,0.0,True
2025-2026,472713,FB,6.0,0.0,60,1.8812337662337661,1.5833962264150943,3.0,False
2025-2026,249231,FB,3.0,0.0,90,1.8812337662337661,1.5833962264150943,3.0,False
2025-2026,472769,FB,3.0,0.0,90,1.565845070422535,1.8621383647798742,0.0,True
2025-2026,607464,FB,6.0,0.0,90,1.8812337662337661,1.5833962264150943,3.0,False
2025-2026,191866,CB,12.0,1.0,90,1.8812337662337661,1.5833962264150943,3.0,False
2025-2026,465351,FB,7.0,0.0,90,1.565845070422535,1.8621383647798742,0.0,True
2025-2026,432830,CB,4.0,0.0,90,1.8812337662337661,1.5833962264150943,3.0,False
2025-2026,78916,CB,5.0,0.0,90,1.1952777777777779,1.461830985915493,1.0,False
2025-2026,485047,CB,9.0,0.0,90,1.5206081081081082,1.1928571428571428,1.0,True
2025-2026,215136,FB,9.0,0.0,90,1.5206081081081082,1.1928571428571428,1.0,True
2025-2026,487838,FB,9.0,0.0,90,1.1952777777777779,1.461830985915493,1.0,False
2025-2026,220237,CB,20.0,1.0,90,1.1952777777777779,1.461830985915493,1.0,False
2025-2026,465642,CB,5.0,0.0,90,1.1952777777777779,1.461830985915493,1.0,False
2025-2026,227444,CB,9.0,0.0,90,1.5206081081081082,1.1928571428571428,1.0,True
2025-2026,575458,CB,9.0,0.0,90,1.5206081081081082,1.1928571428571428,1.0,True
2025-2026,209036,CB,3.0,0.0,90,1.5676973684210527,1.8621383647798742,0.0,True
2025-2026,448514,FB,2.0,0.0,90,1.5676973684210527,1.8621383647798742,0.0,True
2025-2026,437499,CB,13.0,1.0,90,1.8812337662337661,1.561027397260274,3.0,False
2025-2026,578153,FB,4.0,0.0,90,1.5676973684210527,1.8621383647798742,0.0,True
2025-2026,427623,CB,9.0,0.0,90,1.8812337662337661,1.561027397260274,3.0,False
2025-2026,651426,CB,10.0,1.0,90,1.8812337662337661,1.561027397260274,3.0,False
2025-2026,244723,FB,10.0,1.0,90,1.8812337662337661,1.561027397260274,3.0,False
2025-2026,58621,FB,7.0,0.0,90,1.241111111111111,0.8541558441558441,2.0,True
2025-2026,184667,FB,1.0,0.0,73,0.8622666666666667,1.2532258064516129,2.0,False
2025-2026,199796,FB,0.0,0.0,79,0.8622666666666667,1.2532258064516129,2.0,False
2025-2026,441302,FB,8.0,0.0,73,0.8622666666666667,1.2532258064516129,2.0,False
2025-2026,477717,CB,12.0,1.0,90,1.241111111111111,0.8541558441558441,2.0,True
2025-2026,199798,FB,4.0,0.0,90,0.8622666666666667,1.2532258064516129,2.0,False
2025-2026,149484,CB,8.0,0.0,90,0.8622666666666667,1.2532258064516129,2.0,False
2025-2026,549329,FB,6.0,0.0,90,1.241111111111111,0.8541558441558441,2.0,True
2025-2026,180804,CB,10.0,1.0,90,1.241111111111111,0.8541558441558441,2.0,True
2025-2026,462116,CB,4.0,0.0,90,1.6668918918918918,1.2106569343065694,1.0,True
2025-2026,214590,FB,5.0,0.0,90,1.6668918918918918,1.2106569343065694,1.0,True
2025-2026,226597,CB,12.0,1.0,90,1.238896551724138,1.7187234042553192,0.0,False
2025-2026,233963,CB,13.0,1.0,90,1.6668918918918918,1.2106569343065694,1.0,True
2025-2026,499169,FB,1.0,0.0,90,1.238896551724138,1.7187234042553192,0.0,False
2025-2026,613804,FB,5.0,0.0,90,1.6668918918918918,1.2106569343065694,1.0,True
2025-2026,462424,CB,8.0,0.0,90,1.238896551724138,1.7187234042553192,0.0,False
2025-2026,106611,CB,8.0,0.0,90,1.5676973684210527,1.2333802816901407,2.0,False
2025-2026,224967,FB,4.0,0.0,90,1.5676973684210527,1.2333802816901407,2.0,False
2025-2026,437499,CB,8.0,0.0,90,1.2277852348993288,1.561027397260274,2.0,True
2025-2026,244723,FB,8.0,0.0,90,1.2277852348993288,1.561027397260274,2.0,True
2025-2026,427623,CB,10.0,1.0,90,1.2277852348993288,1.561027397260274,2.0,True
2025-2026,512462,CB,2.0,0.0,90,1.5676973684210527,1.2333802816901407,2.0,False
2025-2026,651426,CB,7.0,0.0,90,1.2277852348993288,1.561027397260274,2.0,True
2025-2026,17761,CB,13.0,1.0,90,1.5676973684210527,1.2333802816901407,2.0,False
2025-2026,135720,CB,10.0,1.0,90,1.378445945945946,1.078201438848921,1.0,True
2025-2026,487053,FB,7.0,0.0,84,1.378445945945946,1.078201438848921,1.0,True
2025-2026,491279,CB,4.0,0.0,90,1.378445945945946,1.078201438848921,1.0,True
2025-2026,214225,CB,8.0,0.0,90,1.0653061224489795,1.4740853658536586,1.0,False
2025-2026,434752,CB,16.0,1.0,90,1.0653061224489795,1.4740853658536586,1.0,False
2025-2026,220627,CB,12.0,1.0,90,1.0653061224489795,1.4740853658536586,1.0,False
2025-2026,441164,FB,9.0,0.0,90,1.378445945945946,1.078201438848921,1.0,True
2025-2026,224967,FB,5.0,0.0,90,1.0117021276595746,1.2333802816901407,3.0,True
2025-2026,247955,FB,6.0,0.0,90,1.2277852348993288,1.0265625,1.0,False
2025-2026,167512,CB,11.0,1.0,67,1.2277852348993288,1.0265625,1.0,False
2025-2026,434399,CB,6.0,0.0,90,1.2277852348993288,1.0265625,1.0,False
2025-2026,17761,CB,11.0,1.0,90,1.0117021276595746,1.2333802816901407,3.0,True
2025-2026,106611,CB,7.0,0.0,90,1.0117021276595746,1.2333802816901407,3.0,True
2025-2026,512462,CB,4.0,0.0,87,1.0117021276595746,1.2333802816901407,3.0,True
2025-2026,200834,CB,5.0,0.0,90,1.2277852348993288,1.0265625,1.0,False
2025-2026,462424,CB,7.0,0.0,90,0.8622666666666667,1.7187234042553192,0.0,True
2025-2026,226597,CB,4.0,0.0,90,0.8622666666666667,1.7187234042553192,0.0,True
2025-2026,466075,CB,1.0,0.0,71,0.8622666666666667,1.7187234042553192,0.0,True
2025-2026,549329,FB,9.0,0.0,90,1.6668918918918918,0.8541558441558441,1.0,False
2025-2026,477717,CB,9.0,0.0,81,1.6668918918918918,0.8541558441558441,1.0,False
2025-2026,180804,CB,5.0,0.0,90,1.6668918918918918,0.8541558441558441,1.0,False
2025-2026,58621,FB,4.0,0.0,90,1.6668918918918918,0.8541558441558441,1.0,False
2025-2026,500040,CB,5.0,0.0,90,0.8622666666666667,1.7187234042553192,0.0,True
2025-2026,463981,CB,7.0,0.0,90,1.8812337662337661,1.598169014084507,1.0,True
2025-2026,472769,FB,5.0,0.0,90,1.6012587412587411,1.8621383647798742,1.0,False
2025-2026,209036,CB,4.0,0.0,90,1.6012587412587411,1.8621383647798742,1.0,False
2025-2026,465351,FB,4.0,0.0,90,1.6012587412587411,1.8621383647798742,1.0,False
2025-2026,494521,FB,6.0,0.0,90,1.8812337662337661,1.598169014084507,1.0,True
2025-2026,578153,FB,3.0,0.0,90,1.6012587412587411,1.8621383647798742,1.0,False
2025-2026,54469,FB,5.0,0.0,89,1.8812337662337661,1.598169014084507,1.0,True
2025-2026,221466,CB,10.0,1.0,90,1.8812337662337661,1.598169014084507,1.0,True
2025-2026,233963,CB,14.0,1.0,90,1.5206081081081082,1.2106569343065694,3.0,False
2025-2026,214590,FB,4.0,0.0,62,1.5206081081081082,1.2106569343065694,3.0,False
2025-2026,465642,CB,9.0,0.0,90,1.238896551724138,1.461830985915493,1.0,True
2025-2026,487838,FB,3.0,0.0,90,1.238896551724138,1.461830985915493,1.0,True
2025-2026,220237,CB,13.0,1.0,90,1.238896551724138,1.461830985915493,1.0,True
2025-2026,77794,FB,3.0,0.0,84,1.238896551724138,1.461830985915493,1.0,True
2025-2026,613804,FB,2.0,0.0,90,1.5206081081081082,1.2106569343065694,3.0,False
2025-2026,169528,FB,11.0,1.0,90,0.975608108108108,1.270763358778626,1.0,False
2025-2026,219924,CB,7.0,0.0,90,0.975608108108108,1.270763358778626,1.0,False
2025-2026,166477,FB,6.0,0.0,90,0.975608108108108,1.270763358778626,1.0,False
2025-2026,231480,CB,9.0,0.0,90,1.2529139072847681,0.9484567901234568,1.0,True
2025-2026,232892,CB,7.0,0.0,90,0.975608108108108,1.270763358778626,1.0,False
2025-2026,483081,FB,5.0,0.0,84,1.2529139072847681,0.9484567901234568,1.0,True
2025-2026,501837,CB,5.0,0.0,90,1.2529139072847681,0.9484567901234568,1.0,True
2025-2026,497949,FB,0.0,0.0,84,1.2529139072847681,0.9484567901234568,1.0,True
2025-2026,487053,FB,4.0,0.0,68,1.7197222222222224,1.078201438848921,2.0,False
2025-2026,135720,CB,10.0,1.0,90,1.7197222222222224,1.078201438848921,2.0,False
2025-2026,179268,FB,5.0,0.0,90,1.0653061224489795,1.7587671232876714,1.0,True
2025-2026,444463,CB,9.0,0.0,80,1.0653061224489795,1.7587671232876714,1.0,True
2025-2026,441164,FB,1.0,0.0,90,1.7197222222222224,1.078201438848921,2.0,False
2025-2026,491279,CB,4.0,0.0,90,1.7197222222222224,1.078201438848921,2.0,False
2025-2026,577016,FB,3.0,0.0,73,1.0653061224489795,1.7587671232876714,1.0,True
2025-2026,551210,FB,6.0,0.0,90,1.0653061224489795,1.7587671232876714,1.0,True
2025-2026,469142,CB,9.0,0.0,90,1.378445945945946,1.5276335877862597,1.0,False
2025-2026,231416,FB,3.0,0.0,90,1.378445945945946,1.5276335877862597,1.0,False
2025-2026,465730,FB,5.0,0.0,90,1.378445945945946,1.5276335877862597,1.0,False
2025-2026,434752,CB,14.0,1.0,90,1.4670422535211267,1.4740853658536586,0.0,True
2025-2026,83299,CB,7.0,0.0,90,1.378445945945946,1.5276335877862597,1.0,False
2025-2026,111478,CB,4.0,0.0,64,1.378445945945946,1.5276335877862597,1.0,False
2025-2026,220627,CB,6.0,0.0,90,1.4670422535211267,1.4740853658536586,0.0,True
2025-2026,214225,CB,7.0,0.0,90,1.4670422535211267,1.4740853658536586,0.0,True
2025-2026,221820,FB,15.0,1.0,90,1.1952777777777779,1.7063125,2.0,True
2025-2026,485047,CB,10.0,1.0,90,1.7102097902097901,1.1928571428571428,3.0,False
2025-2026,95658,CB,14.0,1.0,90,1.1952777777777779,1.7063125,2.0,True
2025-2026,106760,FB,5.0,0.0,90,1.1952777777777779,1.7063125,2.0,True
2025-2026,215136,FB,9.0,0.0,90,1.7102097902097901,1.1928571428571428,3.0,False
2025-2026,227444,CB,4.0,0.0,90,1.7102097902097901,1.1928571428571428,3.0,False
2025-2026,216051,FB,7.0,0.0,90,1.1952777777777779,1.7063125,2.0,True
2025-2026,544877,FB,2.0,0.0,90,1.241111111111111,1.5653225806451612,4.0,False
2025-2026,97032,CB,10.0,1.0,90,1.241111111111111,1.5653225806451612,4.0,False
2025-2026,171287,FB,2.0,0.0,65,1.241111111111111,1.5653225806451612,4.0,False
2025-2026,204716,CB,5.0,0.0,90,1.241111111111111,1.5653225806451612,4.0,False
2025-2026,244954,CB,4.0,0.0,90,1.6056953642384106,1.2532258064516129,2.0,True
2025-2026,199798,FB,6.0,0.0,90,1.6056953642384106,1.2532258064516129,2.0,True
2025-2026,199796,FB,7.0,0.0,90,1.6056953642384106,1.2532258064516129,2.0,True
2025-2026,101188,FB,6.0,0.0,90,1.6056953642384106,1.2532258064516129,2.0,True
2025-2026,191866,CB,12.0,1.0,81,1.5676973684210527,1.5833962264150943,2.0,True
2025-2026,437499,CB,8.0,0.0,60,1.565845070422535,1.561027397260274,2.0,False
2025-2026,432830,CB,13.0,1.0,90,1.5676973684210527,1.5833962264150943,2.0,True
2025-2026,249231,FB,3.0,0.0,90,1.5676973684210527,1.5833962264150943,2.0,True
2025-2026,244723,FB,8.0,0.0,90,1.565845070422535,1.561027397260274,2.0,False
2025-2026,515621,CB,6.0,0.0,73,1.565845070422535,1.561027397260274,2.0,False
2025-2026,607464,FB,3.0,0.0,90,1.5676973684210527,1.5833962264150943,2.0,True
2025-2026,651426,CB,12.0,1.0,90,1.565845070422535,1.561027397260274,2.0,False
2025-2026,122798,FB,4.0,0.0,82,1.565845070422535,1.5653225806451612,1.0,True
2025-2026,432830,CB,14.0,1.0,90,1.6056953642384106,1.5833962264150943,1.0,False
2025-2026,97032,CB,6.0,0.0,90,1.565845070422535,1.5653225806451612,1.0,True
2025-2026,204716,CB,4.0,0.0,88,1.565845070422535,1.5653225806451612,1.0,True
2025-2026,249231,FB,7.0,0.0,88,1.6056953642384106,1.5833962264150943,1.0,False
2025-2026,607464,FB,5.0,0.0,90,1.6056953642384106,1.5833962264150943,1.0,False
2025-2026,444765,CB,10.0,1.0,90,1.6056953642384106,1.5833962264150943,1.0,False
2025-2026,214225,CB,8.0,0.0,90,1.238896551724138,1.4740853658536586,3.0,False
2025-2026,220627,CB,8.0,0.0,90,1.238896551724138,1.4740853658536586,3.0,False
2025-2026,158534,FB,1.0,0.0,90,1.378445945945946,1.2106569343065694,0.0,True
2025-2026,222694,CB,6.0,0.0,90,1.238896551724138,1.4740853658536586,3.0,False
2025-2026,226182,FB,8.0,0.0,77,1.238896551724138,1.4740853658536586,3.0,False
2025-2026,434752,CB,9.0,0.0,69,1.238896551724138,1.4740853658536586,3.0,False
2025-2026,233963,CB,12.0,1.0,90,1.378445945945946,1.2106569343065694,0.0,True
2025-2026,613804,FB,8.0,0.0,90,1.378445945945946,1.2106569343065694,0.0,True
2025-2026,231480,CB,8.0,0.0,90,0.8622666666666667,0.9484567901234568,1.0,False
2025-2026,497949,FB,6.0,0.0,73,0.8622666666666667,0.9484567901234568,1.0,False
2025-2026,58621,FB,3.0,0.0,90,0.975608108108108,0.8541558441558441,1.0,True
2025-2026,501837,CB,13.0,1.0,90,0.8622666666666667,0.9484567901234568,1.0,False
2025-2026,180804,CB,8.0,0.0,90,0.975608108108108,0.8541558441558441,1.0,True
2025-2026,461188,CB,3.0,0.0,90,0.975608108108108,0.8541558441558441,1.0,True
2025-2026,483081,FB,2.0,0.0,81,0.8622666666666667,0.9484567901234568,1.0,False
2025-2026,549329,FB,3.0,0.0,90,0.975608108108108,0.8541558441558441,1.0,True
2025-2026,469142,CB,7.0,0.0,90,1.7102097902097901,1.5276335877862597,3.0,True
2025-2026,83299,CB,5.0,0.0,90,1.7102097902097901,1.5276335877862597,3.0,True
2025-2026,106760,FB,6.0,0.0,81,1.4670422535211267,1.7063125,0.0,False
2025-2026,231416,FB,4.0,0.0,90,1.7102097902097901,1.5276335877862597,3.0,True
2025-2026,230001,CB,5.0,0.0,73,1.4670422535211267,1.7063125,0.0,False
2025-2026,221820,FB,4.0,0.0,90,1.4670422535211267,1.7063125,0.0,False
2025-2026,596777,FB,1.0,0.0,61,1.4670422535211267,1.7063125,0.0,False
2025-2026,95658,CB,7.0,0.0,90,1.4670422535211267,1.7063125,0.0,False
2025-2026,515597,FB,3.0,0.0,72,1.8812337662337661,1.2532258064516129,1.0,False
2025-2026,184667,FB,5.0,0.0,72,1.8812337662337661,1.2532258064516129,1.0,False
2025-2026,441302,FB,14.0,1.0,90,1.8812337662337661,1.2532258064516129,1.0,False
2025-2026,126184,CB,1.0,0.0,76,1.241111111111111,1.8621383647798742,2.0,True
2025-2026,149484,CB,11.0,1.0,90,1.8812337662337661,1.2532258064516129,1.0,False
2025-2026,17761,CB,10.0,1.0,90,1.0653061224489795,1.2333802816901407,1.0,False
2025-2026,106611,CB,11.0,1.0,90,1.0653061224489795,1.2333802816901407,1.0,False
2025-2026,135720,CB,11.0,1.0,90,1.2277852348993288,1.078201438848921,0.0,True
2025-2026,224967,FB,6.0,0.0,90,1.0653061224489795,1.2333802816901407,1.0,False
2025-2026,232859,FB,3.0,0.0,90,1.2277852348993288,1.078201438848921,0.0,True
2025-2026,441164,FB,11.0,1.0,90,1.2277852348993288,1.078201438848921,0.0,True
2025-2026,487053,FB,3.0,0.0,89,1.2277852348993288,1.078201438848921,0.0,True
2025-2026,512462,CB,4.0,0.0,61,1.0653061224489795,1.2333802816901407,1.0,False
2025-2026,491279,CB,6.0,0.0,90,1.2277852348993288,1.078201438848921,0.0,True
2025-2026,179268,FB,2.0,0.0,90,1.0117021276595746,1.7587671232876714,2.0,False
2025-2026,247955,FB,2.0,0.0,90,1.7197222222222224,1.0265625,1.0,True
2025-2026,444463,CB,7.0,0.0,61,1.0117021276595746,1.7587671232876714,2.0,False
2025-2026,487676,FB,3.0,0.0,90,1.7197222222222224,1.0265625,1.0,True
2025-2026,434399,CB,8.0,0.0,90,1.7197222222222224,1.0265625,1.0,True
2025-2026,200834,CB,12.0,1.0,90,1.7197222222222224,1.0265625,1.0,True
2025-2026,482609,FB,7.0,0.0,84,1.0117021276595746,1.7587671232876714,2.0,False
2025-2026,167512,CB,4.0,0.0,90,1.7197222222222224,1.0265625,1.0,True
2025-2026,78916,CB,5.0,0.0,83,1.2529139072847681,1.461830985915493,2.0,False
2025-2026,465642,CB,6.0,0.0,90,1.2529139072847681,1.461830985915493,2.0,False
2025-2026,487838,FB,7.0,0.0,90,1.2529139072847681,1.461830985915493,2.0,False
2025-2026,169528,FB,7.0,0.0,90,1.5206081081081082,1.270763358778626,0.0,True
2025-2026,219924,CB,5.0,0.0,85,1.5206081081081082,1.270763358778626,0.0,True
2025-2026,232892,CB,6.0,0.0,90,1.5206081081081082,1.270763358778626,0.0,True
2025-2026,220237,CB,11.0,1.0,90,1.2529139072847681,1.461830985915493,2.0,False
2025-2026,166477,FB,6.0,0.0,90,1.5206081081081082,1.270763358778626,0.0,True
2025-2026,54469,FB,6.0,0.0,89,1.1952777777777779,1.598169014084507,1.0,False
2025-2026,227444,CB,10.0,1.0,90,1.6012587412587411,1.1928571428571428,1.0,True
2025-2026,221466,CB,7.0,0.0,90,1.1952777777777779,1.598169014084507,1.0,False
2025-2026,463981,CB,10.0,1.0,90,1.1952777777777779,1.598169014084507,1.0,False
2025-2026,485047,CB,12.0,1.0,90,1.6012587412587411,1.1928571428571428,1.0,True
2025-2026,215136,FB,8.0,0.0,90,1.6012587412587411,1.1928571428571428,1.0,True
2025-2026,575458,CB,3.0,0.0,62,1.6012587412587411,1.1928571428571428,1.0,True
2025-2026,494521,FB,9.0,0.0,90,1.1952777777777779,1.598169014084507,1.0,False
2025-2026,57328,FB,8.0,0.0,90,1.6668918918918918,1.561027397260274,2.0,True
2025-2026,500040,CB,10.0,1.0,90,1.5676973684210527,1.7187234042553192,1.0,False
2025-2026,499169,FB,1.0,0.0,90,1.5676973684210527,1.7187234042553192,1.0,False
2025-2026,515621,CB,12.0,1.0,90,1.6668918918918918,1.561027397260274,2.0,True
2025-2026,448104,CB,5.0,0.0,90,1.5676973684210527,1.7187234042553192,1.0,False
2025-2026,544877,FB,11.0,1.0,90,1.6668918918918918,1.5653225806451612,0.0,True
2025-2026,97032,CB,10.0,1.0,90,1.6668918918918918,1.5653225806451612,0.0,True
2025-2026,204716,CB,7.0,0.0,78,1.6668918918918918,1.5653225806451612,0.0,True
2025-2026,466075,CB,10.0,1.0,90,1.6056953642384106,1.7187234042553192,1.0,False
2025-2026,445122,FB,11.0,1.0,90,1.6056953642384106,1.7187234042553192,1.0,False
2025-2026,500040,CB,12.0,1.0,85,1.6056953642384106,1.7187234042553192,1.0,False
2025-2026,226597,CB,9.0,0.0,90,1.6056953642384106,1.7187234042553192,1.0,False
2025-2026,180736,CB,13.0,1.0,90,1.2529139072847681,1.7587671232876714,0.0,True
2025-2026,482609,FB,12.0,1.0,90,1.2529139072847681,1.7587671232876714,0.0,True
2025-2026,179268,FB,12.0,1.0,90,1.2529139072847681,1.7587671232876714,0.0,True
2025-2026,109646,CB,14.0,1.0,90,1.2529139072847681,1.7587671232876714,0.0,True
2025-2026,174874,CB,14.0,1.0,90,1.7197222222222224,1.270763358778626,2.0,False
2025-2026,167074,FB,13.0,1.0,90,1.7197222222222224,1.270763358778626,2.0,False
2025-2026,232892,CB,8.0,0.0,90,1.7197222222222224,1.270763358778626,2.0,False
2025-2026,214048,CB,11.0,1.0,90,1.1952777777777779,1.2106569343065694,0.0,False
2025-2026,613804,FB,9.0,0.0,90,1.1952777777777779,1.2106569343065694,0.0,False
2025-2026,158534,FB,10.0,1.0,90,1.1952777777777779,1.2106569343065694,0.0,False
2025-2026,233963,CB,7.0,0.0,90,1.1952777777777779,1.2106569343065694,0.0,False
2025-2026,575476,CB,13.0,1.0,90,1.238896551724138,1.1928571428571428,3.0,True
2025-2026,159506,FB,6.0,0.0,90,1.238896551724138,1.1928571428571428,3.0,True
2025-2026,227444,CB,7.0,0.0,90,1.238896551724138,1.1928571428571428,3.0,True
2025-2026,215136,FB,10.0,1.0,90,1.238896551724138,1.1928571428571428,3.0,True
2025-2026,523705,FB,5.0,0.0,62,1.2277852348993288,0.9484567901234568,3.0,True
2025-2026,490721,FB,13.0,1.0,74,1.2277852348993288,0.9484567901234568,3.0,True
2025-2026,106611,CB,15.0,1.0,90,0.975608108108108,1.2333802816901407,2.0,False
2025-2026,17761,CB,15.0,1.0,90,0.975608108108108,1.2333802816901407,2.0,False
2025-2026,510362,CB,17.0,1.0,90,1.2277852348993288,0.9484567901234568,3.0,True
2025-2026,512462,CB,10.0,1.0,90,0.975608108108108,1.2333802816901407,2.0,False
2025-2026,231480,CB,13.0,1.0,90,1.2277852348993288,0.9484567901234568,3.0,True
2025-2026,516939,CB,14.0,1.0,90,1.2277852348993288,0.9484567901234568,3.0,True
2025-2026,224967,FB,11.0,1.0,90,0.975608108108108,1.2333802816901407,2.0,False
2025-2026,247348,FB,19.0,1.0,90,1.241111111111111,1.561027397260274,0.0,False
2025-2026,437499,CB,10.0,1.0,90,1.241111111111111,1.561027397260274,0.0,False
2025-2026,199798,FB,10.0,1.0,90,1.5676973684210527,1.2532258064516129,3.0,True
2025-2026,441302,FB,11.0,1.0,83,1.5676973684210527,1.2532258064516129,3.0,True
2025-2026,199796,FB,4.0,0.0,73,1.5676973684210527,1.2532258064516129,3.0,True
2025-2026,149484,CB,6.0,0.0,90,1.5676973684210527,1.2532258064516129,3.0,True
2025-2026,427623,CB,14.0,1.0,90,1.241111111111111,1.561027397260274,0.0,False
2025-2026,209036,CB,14.0,1.0,90,1.241111111111111,1.8621383647798742,0.0,False
2025-2026,244723,FB,12.0,1.0,90,1.241111111111111,1.561027397260274,0.0,False
2025-2026,221466,CB,20.0,1.0,90,1.0653061224489795,1.598169014084507,0.0,False
2025-2026,494521,FB,9.0,0.0,90,1.0653061224489795,1.598169014084507,0.0,False
2025-2026,221632,CB,12.0,1.0,90,1.6012587412587411,1.078201438848921,1.0,True
2025-2026,242882,CB,10.0,1.0,90,1.0653061224489795,1.598169014084507,0.0,False
2025-2026,441164,FB,15.0,1.0,70,1.6012587412587411,1.078201438848921,1.0,True
2025-2026,491279,CB,15.0,1.0,90,1.6012587412587411,1.078201438848921,1.0,True
2025-2026,463981,CB,9.0,0.0,64,1.0653061224489795,1.598169014084507,0.0,False
2025-2026,232859,FB,9.0,0.0,90,1.6012587412587411,1.078201438848921,1.0,True
2025-2026,220237,CB,14.0,1.0,67,1.378445945945946,1.461830985915493,0.0,False
2025-2026,243526,FB,7.0,0.0,79,1.5206081081081082,1.4740853658536586,0.0,True
2025-2026,119471,CB,8.0,0.0,90,1.378445945945946,1.461830985915493,0.0,False
2025-2026,78916,CB,5.0,0.0,90,1.378445945945946,1.461830985915493,0.0,False
2025-2026,222694,CB,7.0,0.0,90,1.5206081081081082,1.4740853658536586,0.0,True
2025-2026,77794,FB,5.0,0.0,61,1.378445945945946,1.461830985915493,0.0,False
2025-2026,441191,FB,7.0,0.0,90,1.378445945945946,1.461830985915493,0.0,False
2025-2026,226182,FB,16.0,1.0,90,1.5206081081081082,1.4740853658536586,0.0,True
2025-2026,214225,CB,10.0,1.0,90,1.5206081081081082,1.4740853658536586,0.0,True
2025-2026,607464,FB,6.0,0.0,90,1.0117021276595746,1.5833962264150943,2.0,False
2025-2026,201895,CB,15.0,1.0,90,1.565845070422535,1.0265625,1.0,True
2025-2026,432830,CB,16.0,1.0,90,1.0117021276595746,1.5833962264150943,2.0,False
2025-2026,487676,FB,11.0,1.0,90,1.565845070422535,1.0265625,1.0,True
2025-2026,434399,CB,12.0,1.0,90,1.565845070422535,1.0265625,1.0,True
2025-2026,444765,CB,15.0,1.0,90,1.0117021276595746,1.5833962264150943,2.0,False
2025-2026,200834,CB,15.0,1.0,90,1.565845070422535,1.0265625,1.0,True
2025-2026,249231,FB,10.0,1.0,71,1.0117021276595746,1.5833962264150943,2.0,False
2025-2026,465351,FB,11.0,1.0,84,1.4670422535211267,1.8621383647798742,2.0,False
2025-2026,469142,CB,10.0,1.0,90,1.8812337662337661,1.5276335877862597,1.0,True
2025-2026,578153,FB,7.0,0.0,84,1.4670422535211267,1.8621383647798742,2.0,False
2025-2026,448514,FB,11.0,1.0,90,1.4670422535211267,1.8621383647798742,2.0,False
2025-2026,111478,CB,5.0,0.0,90,1.8812337662337661,1.5276335877862597,1.0,True
2025-2026,465730,FB,11.0,1.0,90,1.8812337662337661,1.5276335877862597,1.0,True
2025-2026,83299,CB,6.0,0.0,90,1.8812337662337661,1.5276335877862597,1.0,True
2025-2026,216051,FB,9.0,0.0,90,0.8622666666666667,1.7063125,2.0,True
2025-2026,550864,CB,5.0,0.0,84,0.8622666666666667,1.7063125,2.0,True
2025-2026,478969,CB,18.0,1.0,82,1.7102097902097901,0.8541558441558441,3.0,False
2025-2026,106760,FB,6.0,0.0,90,0.8622666666666667,1.7063125,2.0,True
2025-2026,209365,CB,8.0,0.0,90,0.8622666666666667,1.7063125,2.0,True
2025-2026,494960,FB,12.0,1.0,90,1.7102097902097901,0.8541558441558441,3.0,False
2025-2026,58621,FB,10.0,1.0,90,1.7102097902097901,0.8541558441558441,3.0,False
2025-2026,477717,CB,9.0,0.0,90,1.7102097902097901,0.8541558441558441,3.0,False
2025-2026,204716,CB,10.0,1.0,86,0.8622666666666667,1.5653225806451612,0.0,False
2025-2026,97032,CB,7.0,0.0,90,0.8622666666666667,1.5653225806451612,0.0,False
2025-2026,494960,FB,19.0,1.0,90,1.6056953642384106,0.8541558441558441,1.0,True
2025-2026,478969,CB,12.0,1.0,90,1.6056953642384106,0.8541558441558441,1.0,True
2025-2026,477717,CB,15.0,1.0,90,1.6056953642384106,0.8541558441558441,1.0,True
2025-2026,58621,FB,5.0,0.0,90,1.6056953642384106,0.8541558441558441,1.0,True
2025-2026,106611,CB,9.0,0.0,90,1.241111111111111,1.2333802816901407,0.0,True
2025-2026,17761,CB,14.0,1.0,90,1.241111111111111,1.2333802816901407,0.0,True
2025-2026,149484,CB,16.0,1.0,90,1.2277852348993288,1.2532258064516129,0.0,False
2025-2026,512462,CB,9.0,0.0,90,1.241111111111111,1.2333802816901407,0.0,True
2025-2026,515597,FB,10.0,1.0,82,1.2277852348993288,1.2532258064516129,0.0,False
2025-2026,199798,FB,6.0,0.0,90,1.2277852348993288,1.2532258064516129,0.0,False
2025-2026,101188,FB,10.0,1.0,90,1.2277852348993288,1.2532258064516129,0.0,False
2025-2026,199796,FB,4.0,0.0,90,1.2277852348993288,1.2532258064516129,0.0,False
2025-2026,607464,FB,14.0,1.0,82,1.7197222222222224,1.5833962264150943,2.0,True
2025-2026,109646,CB,10.0,1.0,90,1.565845070422535,1.7587671232876714,2.0,False
2025-2026,180736,CB,20.0,1.0,90,1.565845070422535,1.7587671232876714,2.0,False
2025-2026,249231,FB,5.0,0.0,89,1.7197222222222224,1.5833962264150943,2.0,True
2025-2026,444765,CB,8.0,0.0,90,1.7197222222222224,1.5833962264150943,2.0,True
2025-2026,432830,CB,12.0,1.0,90,1.7197222222222224,1.5833962264150943,2.0,True
2025-2026,472769,FB,14.0,1.0,90,1.7102097902097901,1.8621383647798742,0.0,True
2025-2026,578153,FB,17.0,1.0,90,1.7102097902097901,1.8621383647798742,0.0,True
2025-2026,596777,FB,9.0,0.0,90,1.8812337662337661,1.7063125,3.0,False
2025-2026,230001,CB,10.0,1.0,61,1.8812337662337661,1.7063125,3.0,False
2025-2026,171314,CB,8.0,0.0,90,1.7102097902097901,1.8621383647798742,0.0,True
2025-2026,477424,CB,3.0,0.0,90,1.7102097902097901,1.8621383647798742,0.0,True
2025-2026,209365,CB,13.0,1.0,90,1.8812337662337661,1.7063125,3.0,False
2025-2026,106760,FB,7.0,0.0,90,1.8812337662337661,1.7063125,3.0,False
2025-2026,550864,CB,8.0,0.0,61,1.8812337662337661,1.7063125,3.0,False
2025-2026,167074,FB,8.0,0.0,90,1.378445945945946,1.270763358778626,0.0,True
2025-2026,232892,CB,14.0,1.0,90,1.378445945945946,1.270763358778626,0.0,True
2025-2026,214225,CB,11.0,1.0,90,1.2529139072847681,1.4740853658536586,1.0,False
2025-2026,243526,FB,8.0,0.0,90,1.2529139072847681,1.4740853658536586,1.0,False
2025-2026,226182,FB,14.0,1.0,90,1.2529139072847681,1.4740853658536586,1.0,False
2025-2026,222694,CB,9.0,0.0,90,1.2529139072847681,1.4740853658536586,1.0,False
2025-2026,174874,CB,19.0,1.0,90,1.378445945945946,1.270763358778626,0.0,True
2025-2026,77794,FB,10.0,1.0,90,0.975608108108108,1.461830985915493,0.0,True
2025-2026,119471,CB,13.0,1.0,90,0.975608108108108,1.461830985915493,0.0,True
2025-2026,78916,CB,9.0,0.0,90,0.975608108108108,1.461830985915493,0.0,True
2025-2026,490721,FB,15.0,1.0,90,1.5206081081081082,0.9484567901234568,1.0,False
2025-2026,483081,FB,11.0,1.0,76,1.5206081081081082,0.9484567901234568,1.0,False
2025-2026,441191,FB,8.0,0.0,90,0.975608108108108,1.461830985915493,0.0,True
2025-2026,510362,CB,12.0,1.0,90,1.5206081081081082,0.9484567901234568,1.0,False
2025-2026,516939,CB,17.0,1.0,90,1.5206081081081082,0.9484567901234568,1.0,False
2025-2026,501837,CB,8.0,0.0,65,1.5206081081081082,0.9484567901234568,1.0,False
2025-2026,431248,CB,7.0,0.0,90,1.5206081081081082,0.9484567901234568,1.0,False
2025-2026,463981,CB,4.0,0.0,86,1.4670422535211267,1.598169014084507,1.0,True
2025-2026,111478,CB,17.0,1.0,90,1.6012587412587411,1.5276335877862597,2.0,False
2025-2026,494521,FB,7.0,0.0,90,1.4670422535211267,1.598169014084507,1.0,True
2025-2026,469142,CB,12.0,1.0,90,1.6012587412587411,1.5276335877862597,2.0,False
2025-2026,221466,CB,18.0,1.0,90,1.4670422535211267,1.598169014084507,1.0,True
2025-2026,83299,CB,13.0,1.0,90,1.6012587412587411,1.5276335877862597,2.0,False
2025-2026,231416,FB,14.0,1.0,66,1.6012587412587411,1.5276335877862597,2.0,False
2025-2026,200834,CB,14.0,1.0,90,1.5676973684210527,1.0265625,0.0,False
2025-2026,209036,CB,12.0,1.0,90,1.5676973684210527,1.8621383647798742,0.0,False
2025-2026,434399,CB,10.0,1.0,90,1.5676973684210527,1.0265625,0.0,False
2025-2026,201895,CB,15.0,1.0,90,1.5676973684210527,1.0265625,0.0,False
2025-2026,437499,CB,9.0,0.0,90,1.0117021276595746,1.561027397260274,0.0,True
2025-2026,247348,FB,6.0,0.0,90,1.0117021276595746,1.561027397260274,0.0,True
2025-2026,427623,CB,7.0,0.0,90,1.0117021276595746,1.561027397260274,0.0,True
2025-2026,244723,FB,13.0,1.0,90,1.0117021276595746,1.561027397260274,0.0,True
2025-2026,487676,FB,9.0,0.0,90,1.5676973684210527,1.0265625,0.0,False
2025-2026,227444,CB,8.0,0.0,90,1.6668918918918918,1.1928571428571428,3.0,False
2025-2026,466075,CB,4.0,0.0,67,1.1952777777777779,1.7187234042553192,0.0,True
2025-2026,485047,CB,9.0,0.0,90,1.6668918918918918,1.1928571428571428,3.0,False
2025-2026,500040,CB,14.0,1.0,90,1.1952777777777779,1.7187234042553192,0.0,True
2025-2026,445122,FB,8.0,0.0,90,1.1952777777777779,1.7187234042553192,0.0,True
2025-2026,226597,CB,13.0,1.0,90,1.1952777777777779,1.7187234042553192,0.0,True
2025-2026,215136,FB,7.0,0.0,90,1.6668918918918918,1.1928571428571428,3.0,False
2025-2026,613804,FB,12.0,1.0,90,1.0653061224489795,1.2106569343065694,3.0,True
2025-2026,232859,FB,3.0,0.0,70,1.238896551724138,1.078201438848921,0.0,False
2025-2026,233963,CB,14.0,1.0,90,1.0653061224489795,1.2106569343065694,3.0,True
2025-2026,214048,CB,14.0,1.0,90,1.0653061224489795,1.2106569343065694,3.0,True
2025-2026,221632,CB,7.0,0.0,90,1.238896551724138,1.078201438848921,0.0,False
2025-2026,491279,CB,7.0,0.0,79,1.238896551724138,1.078201438848921,0.0,False
2025-2026,441164,FB,10.0,1.0,90,1.238896551724138,1.078201438848921,0.0,False
2025-2026,158534,FB,11.0,1.0,90,1.0653061224489795,1.2106569343065694,3.0,True
2025-2026,149484,CB,14.0,1.0,90,1.0117021276595746,1.2532258064516129,1.0,False
2025-2026,201895,CB,18.0,1.0,90,1.241111111111111,1.0265625,1.0,True
2025-2026,199796,FB,8.0,0.0,90,1.0117021276595746,1.2532258064516129,1.0,False
2025-2026,200834,CB,19.0,1.0,90,1.241111111111111,1.0265625,1.0,True
2025-2026,487676,FB,12.0,1.0,90,1.241111111111111,1.0265625,1.0,True
2025-2026,199798,FB,10.0,1.0,90,1.0117021276595746,1.2532258064516129,1.0,False
2025-2026,462424,CB,17.0,1.0,90,1.8812337662337661,1.7187234042553192,1.0,True
2025-2026,477424,CB,20.0,1.0,90,1.6668918918918918,1.8621383647798742,1.0,False
2025-2026,472769,FB,11.0,1.0,86,1.6668918918918918,1.8621383647798742,1.0,False
2025-2026,171314,CB,7.0,0.0,90,1.6668918918918918,1.8621383647798742,1.0,False
2025-2026,445122,FB,11.0,1.0,79,1.8812337662337661,1.7187234042553192,1.0,True
2025-2026,466075,CB,11.0,1.0,90,1.8812337662337661,1.7187234042553192,1.0,True
2025-2026,226597,CB,9.0,0.0,90,1.8812337662337661,1.7187234042553192,1.0,True
2025-2026,17761,CB,16.0,1.0,90,1.6056953642384106,1.2333802816901407,2.0,False
2025-2026,512462,CB,2.0,0.0,90,1.6056953642384106,1.2333802816901407,2.0,False
2025-2026,224967,FB,9.0,0.0,85,1.6056953642384106,1.2333802816901407,2.0,False
2025-2026,492777,FB,6.0,0.0,90,1.2277852348993288,1.5653225806451612,1.0,True
2025-2026,544877,FB,11.0,1.0,90,1.2277852348993288,1.5653225806451612,1.0,True
2025-2026,204716,CB,13.0,1.0,90,1.2277852348993288,1.5653225806451612,1.0,True
2025-2026,97032,CB,13.0,1.0,90,1.2277852348993288,1.5653225806451612,1.0,True
2025-2026,106611,CB,14.0,1.0,90,1.6056953642384106,1.2333802816901407,2.0,False
2025-2026,78916,CB,20.0,1.0,90,1.6012587412587411,1.461830985915493,0.0,False
2025-2026,221466,CB,14.0,1.0,90,1.5206081081081082,1.598169014084507,0.0,True
2025-2026,220237,CB,16.0,1.0,90,1.6012587412587411,1.461830985915493,0.0,False
2025-2026,242882,CB,10.0,1.0,90,1.5206081081081082,1.598169014084507,0.0,True
2025-2026,494521,FB,15.0,1.0,90,1.5206081081081082,1.598169014084507,0.0,True
2025-2026,465642,CB,16.0,1.0,83,1.6012587412587411,1.461830985915493,0.0,False
2025-2026,441191,FB,8.0,0.0,90,1.6012587412587411,1.461830985915493,0.0,False
2025-2026,487838,FB,12.0,1.0,90,1.6012587412587411,1.461830985915493,0.0,False
2025-2026,478969,CB,11.0,1.0,90,1.1952777777777779,0.8541558441558441,1.0,True
2025-2026,494960,FB,5.0,0.0,90,1.1952777777777779,0.8541558441558441,1.0,True
2025-2026,215136,FB,11.0,1.0,90,0.8622666666666667,1.1928571428571428,1.0,False
2025-2026,227444,CB,10.0,1.0,90,0.8622666666666667,1.1928571428571428,1.0,False
2025-2026,485047,CB,12.0,1.0,90,0.8622666666666667,1.1928571428571428,1.0,False
2025-2026,477717,CB,16.0,1.0,90,1.1952777777777779,0.8541558441558441,1.0,True
2025-2026,58621,FB,16.0,1.0,90,1.1952777777777779,0.8541558441558441,1.0,True
2025-2026,174874,CB,18.0,1.0,90,1.565845070422535,1.270763358778626,1.0,True
2025-2026,232892,CB,14.0,1.0,90,1.565845070422535,1.270763358778626,1.0,True
2025-2026,167074,FB,12.0,1.0,90,1.565845070422535,1.270763358778626,1.0,True
2025-2026,607464,FB,9.0,0.0,90,1.2529139072847681,1.5833962264150943,3.0,False
2025-2026,432830,CB,9.0,0.0,90,1.2529139072847681,1.5833962264150943,3.0,False
2025-2026,444765,CB,9.0,0.0,90,1.2529139072847681,1.5833962264150943,3.0,False
2025-2026,249231,FB,2.0,0.0,65,1.2529139072847681,1.5833962264150943,3.0,False
2025-2026,221632,CB,22.0,1.0,90,1.4670422535211267,1.078201438848921,2.0,False
2025-2026,111478,CB,19.0,1.0,90,1.0653061224489795,1.5276335877862597,2.0,True
2025-2026,441164,FB,10.0,1.0,88,1.4670422535211267,1.078201438848921,2.0,False
2025-2026,231416,FB,10.0,1.0,84,1.0653061224489795,1.5276335877862597,2.0,True
2025-2026,487053,FB,13.0,1.0,90,1.4670422535211267,1.078201438848921,2.0,False
2025-2026,83299,CB,16.0,1.0,90,1.0653061224489795,1.5276335877862597,2.0,True
2025-2026,491279,CB,6.0,0.0,90,1.4670422535211267,1.078201438848921,2.0,False
2025-2026,469142,CB,13.0,1.0,90,1.0653061224489795,1.5276335877862597,2.0,True
2025-2026,244723,FB,11.0,1.0,90,1.238896551724138,1.561027397260274,1.0,False
2025-2026,427623,CB,18.0,1.0,90,1.238896551724138,1.561027397260274,1.0,False
2025-2026,209036,CB,12.0,1.0,90,1.238896551724138,1.8621383647798742,1.0,False
2025-2026,613804,FB,13.0,1.0,90,1.5676973684210527,1.2106569343065694,2.0,True
2025-2026,247348,FB,7.0,0.0,90,1.238896551724138,1.561027397260274,1.0,False
2025-2026,437499,CB,9.0,0.0,90,1.238896551724138,1.561027397260274,1.0,False
2025-2026,158534,FB,7.0,0.0,90,1.5676973684210527,1.2106569343065694,2.0,True
2025-2026,233963,CB,16.0,1.0,90,1.5676973684210527,1.2106569343065694,2.0,True
2025-2026,214048,CB,17.0,1.0,90,1.5676973684210527,1.2106569343065694,2.0,True
2025-2026,431248,CB,12.0,1.0,90,1.378445945945946,0.9484567901234568,3.0,True
2025-2026,523705,FB,11.0,1.0,90,1.378445945945946,0.9484567901234568,3.0,True
2025-2026,516939,CB,20.0,1.0,90,1.378445945945946,0.9484567901234568,3.0,True
2025-2026,243526,FB,15.0,1.0,90,0.975608108108108,1.4740853658536586,1.0,False
2025-2026,222694,CB,16.0,1.0,90,0.975608108108108,1.4740853658536586,1.0,False
2025-2026,214225,CB,11.0,1.0,90,0.975608108108108,1.4740853658536586,1.0,False
2025-2026,510362,CB,4.0,0.0,71,1.378445945945946,0.9484567901234568,3.0,True
2025-2026,226182,FB,13.0,1.0,82,0.975608108108108,1.4740853658536586,1.0,False
2025-2026,501837,CB,10.0,1.0,71,1.378445945945946,0.9484567901234568,3.0,True
2025-2026,230001,CB,11.0,1.0,64,1.7197222222222224,1.7063125,1.0,True
2025-2026,180736,CB,12.0,1.0,90,1.7102097902097901,1.7587671232876714,2.0,False
2025-2026,596777,FB,11.0,1.0,90,1.7197222222222224,1.7063125,1.0,True
2025-2026,95658,CB,5.0,0.0,69,1.7197222222222224,1.7063125,1.0,True
2025-2026,209365,CB,13.0,1.0,90,1.7197222222222224,1.7063125,1.0,True
2025-2026,106760,FB,14.0,1.0,90,1.7197222222222224,1.7063125,1.0,True
2025-2026,225796,FB,14.0,1.0,90,1.7102097902097901,1.7587671232876714,2.0,False
2025-2026,109646,CB,14.0,1.0,83,1.7102097902097901,1.7587671232876714,2.0,False
2025-2026,444463,CB,10.0,1.0,63,1.7102097902097901,1.7587671232876714,2.0,False
2025-2026,179268,FB,6.0,0.0,63,1.7102097902097901,1.7587671232876714,2.0,False
2025-2026,199796,FB,16.0,1.0,90,1.2529139072847681,1.2532258064516129,1.0,True
2025-2026,174874,CB,13.0,1.0,90,1.241111111111111,1.270763358778626,3.0,False
2025-2026,515597,FB,3.0,0.0,81,1.2529139072847681,1.2532258064516129,1.0,True
2025-2026,232892,CB,13.0,1.0,90,1.241111111111111,1.270763358778626,3.0,False
2025-2026,101188,FB,6.0,0.0,90,1.2529139072847681,1.2532258064516129,1.0,True
2025-2026,199798,FB,8.0,0.0,90,1.2529139072847681,1.2532258064516129,1.0,True
2025-2026,166477,FB,16.0,1.0,90,1.241111111111111,1.270763358778626,3.0,False
2025-2026,444765,CB,7.0,0.0,90,1.7102097902097901,1.5833962264150943,1.0,True
2025-2026,607464,FB,8.0,0.0,90,1.7102097902097901,1.5833962264150943,1.0,True
2025-2026,596777,FB,12.0,1.0,84,1.565845070422535,1.7063125,3.0,False
2025-2026,472713,FB,6.0,0.0,74,1.7102097902097901,1.5833962264150943,1.0,True
2025-2026,216051,FB,2.0,0.0,90,1.565845070422535,1.7063125,3.0,False
2025-2026,432830,CB,13.0,1.0,90,1.7102097902097901,1.5833962264150943,1.0,True
2025-2026,209365,CB,14.0,1.0,90,1.565845070422535,1.7063125,3.0,False
2025-2026,95658,CB,9.0,0.0,65,1.565845070422535,1.7063125,3.0,False
2025-2026,106760,FB,9.0,0.0,80,1.565845070422535,1.7063125,3.0,False
2025-2026,215136,FB,6.0,0.0,90,1.0117021276595746,1.1928571428571428,1.0,True
2025-2026,200834,CB,11.0,1.0,90,1.1952777777777779,1.0265625,0.0,False
2025-2026,201895,CB,11.0,1.0,90,1.1952777777777779,1.0265625,0.0,False
2025-2026,485047,CB,14.0,1.0,90,1.0117021276595746,1.1928571428571428,1.0,True
2025-2026,487676,FB,15.0,1.0,90,1.1952777777777779,1.0265625,0.0,False
2025-2026,227444,CB,10.0,1.0,90,1.0117021276595746,1.1928571428571428,1.0,True
2025-2026,209036,CB,13.0,1.0,90,1.5676973684210527,1.8621383647798742,2.0,False
2025-2026,437499,CB,15.0,1.0,90,1.6056953642384106,1.561027397260274,1.0,True
2025-2026,247348,FB,11.0,1.0,90,1.6056953642384106,1.561027397260274,1.0,True
2025-2026,204716,CB,17.0,1.0,73,1.5676973684210527,1.5653225806451612,2.0,False
2025-2026,244723,FB,16.0,1.0,90,1.6056953642384106,1.561027397260274,1.0,True
2025-2026,97032,CB,14.0,1.0,90,1.5676973684210527,1.5653225806451612,2.0,False
2025-2026,544877,FB,11.0,1.0,90,1.5676973684210527,1.5653225806451612,2.0,False
2025-2026,427623,CB,13.0,1.0,90,1.6056953642384106,1.561027397260274,1.0,True
2025-2026,469142,CB,19.0,1.0,90,1.7197222222222224,1.5276335877862597,1.0,False
2025-2026,231416,FB,11.0,1.0,90,1.7197222222222224,1.5276335877862597,1.0,False
2025-2026,83299,CB,10.0,1.0,90,1.7197222222222224,1.5276335877862597,1.0,False
2025-2026,225796,FB,6.0,0.0,90,1.4670422535211267,1.7587671232876714,3.0,True
2025-2026,551210,FB,4.0,0.0,78,1.4670422535211267,1.7587671232876714,3.0,True
2025-2026,179268,FB,6.0,0.0,90,1.4670422535211267,1.7587671232876714,3.0,True
2025-2026,233963,CB,10.0,1.0,90,1.2277852348993288,1.2106569343065694,1.0,False
2025-2026,158534,FB,8.0,0.0,90,1.2277852348993288,1.2106569343065694,1.0,False
2025-2026,613804,FB,9.0,0.0,90,1.2277852348993288,1.2106569343065694,1.0,False
2025-2026,214048,CB,15.0,1.0,90,1.2277852348993288,1.2106569343065694,1.0,False
2025-2026,106611,CB,14.0,1.0,90,1.238896551724138,1.2333802816901407,1.0,True
2025-2026,17761,CB,10.0,1.0,90,1.238896551724138,1.2333802816901407,1.0,True
2025-2026,224967,FB,11.0,1.0,90,1.238896551724138,1.2333802816901407,1.0,True
2025-2026,512462,CB,13.0,1.0,90,1.238896551724138,1.2333802816901407,1.0,True
2025-2026,214225,CB,12.0,1.0,90,1.6012587412587411,1.4740853658536586,2.0,True
2025-2026,221466,CB,18.0,1.0,90,1.378445945945946,1.598169014084507,2.0,False
2025-2026,494521,FB,20.0,1.0,90,1.378445945945946,1.598169014084507,2.0,False
2025-2026,242882,CB,17.0,1.0,90,1.378445945945946,1.598169014084507,2.0,False
2025-2026,222694,CB,16.0,1.0,90,1.6012587412587411,1.4740853658536586,2.0,True
2025-2026,551483,FB,10.0,1.0,72,1.378445945945946,1.598169014084507,2.0,False
2025-2026,226182,FB,13.0,1.0,90,1.6012587412587411,1.4740853658536586,2.0,True
2025-2026,243526,FB,8.0,0.0,90,1.6012587412587411,1.4740853658536586,2.0,True
2025-2026,465351,FB,7.0,0.0,90,0.8622666666666667,1.8621383647798742,1.0,True
2025-2026,171314,CB,10.0,1.0,90,0.8622666666666667,1.8621383647798742,1.0,True
2025-2026,477424,CB,9.0,0.0,69,0.8622666666666667,1.8621383647798742,1.0,True
2025-2026,472769,FB,12.0,1.0,82,0.8622666666666667,1.8621383647798742,1.0,True
2025-2026,494960,FB,7.0,0.0,87,1.8812337662337661,0.8541558441558441,5.0,False
2025-2026,58621,FB,13.0,1.0,90,1.8812337662337661,0.8541558441558441,5.0,False
2025-2026,478969,CB,10.0,1.0,90,1.8812337662337661,0.8541558441558441,5.0,False
2025-2026,477717,CB,15.0,1.0,90,1.8812337662337661,0.8541558441558441,5.0,False
2025-2026,231480,CB,18.0,1.0,90,1.0653061224489795,0.9484567901234568,1.0,False
2025-2026,490721,FB,15.0,1.0,90,1.0653061224489795,0.9484567901234568,1.0,False
2025-2026,491279,CB,11.0,1.0,90,0.975608108108108,1.078201438848921,1.0,True
2025-2026,431248,CB,5.0,0.0,90,1.0653061224489795,0.9484567901234568,1.0,False
2025-2026,487053,FB,8.0,0.0,83,0.975608108108108,1.078201438848921,1.0,True
2025-2026,221632,CB,4.0,0.0,90,0.975608108108108,1.078201438848921,1.0,True
2025-2026,232859,FB,3.0,0.0,62,0.975608108108108,1.078201438848921,1.0,True
2025-2026,226597,CB,21.0,1.0,90,1.5206081081081082,1.7187234042553192,1.0,False
2025-2026,445122,FB,10.0,1.0,90,1.5206081081081082,1.7187234042553192,1.0,False
2025-2026,441191,FB,9.0,0.0,76,1.6668918918918918,1.461830985915493,2.0,True
2025-2026,220237,CB,17.0,1.0,90,1.6668918918918918,1.461830985915493,2.0,True
2025-2026,466075,CB,6.0,0.0,69,1.5206081081081082,1.7187234042553192,1.0,False
2025-2026,465642,CB,14.0,1.0,90,1.6668918918918918,1.461830985915493,2.0,True
2025-2026,78916,CB,10.0,1.0,90,1.6668918918918918,1.461830985915493,2.0,True
2025-2026,214590,FB,6.0,0.0,78,1.6668918918918918,1.2106569343065694,2.0,False
2025-2026,445122,FB,12.0,1.0,90,1.238896551724138,1.7187234042553192,0.0,True
2025-2026,462424,CB,12.0,1.0,90,1.238896551724138,1.7187234042553192,0.0,True
2025-2026,466075,CB,11.0,1.0,74,1.238896551724138,1.7187234042553192,0.0,True
2025-2026,226597,CB,12.0,1.0,90,1.238896551724138,1.7187234042553192,0.0,True
2025-2026,233963,CB,24.0,1.0,90,1.6668918918918918,1.2106569343065694,2.0,False
2025-2026,214048,CB,12.0,1.0,90,1.6668918918918918,1.2106569343065694,2.0,False
2025-2026,613804,FB,15.0,1.0,90,1.6668918918918918,1.2106569343065694,2.0,False
2025-2026,463981,CB,6.0,0.0,60,1.2529139072847681,1.598169014084507,1.0,True
2025-2026,174874,CB,20.0,1.0,90,1.6012587412587411,1.270763358778626,3.0,False
2025-2026,232892,CB,7.0,0.0,90,1.6012587412587411,1.270763358778626,3.0,False
2025-2026,242882,CB,12.0,1.0,90,1.2529139072847681,1.598169014084507,1.0,True
2025-2026,166477,FB,14.0,1.0,90,1.6012587412587411,1.270763358778626,3.0,False
2025-2026,494521,FB,11.0,1.0,90,1.2529139072847681,1.598169014084507,1.0,True
2025-2026,221466,CB,9.0,0.0,77,1.2529139072847681,1.598169014084507,1.0,True
2025-2026,219924,CB,16.0,1.0,85,1.6012587412587411,1.270763358778626,3.0,False
2025-2026,550864,CB,10.0,1.0,84,1.0117021276595746,1.7063125,0.0,True
2025-2026,106760,FB,9.0,0.0,90,1.0117021276595746,1.7063125,0.0,True
2025-2026,209365,CB,10.0,1.0,90,1.0117021276595746,1.7063125,0.0,True
2025-2026,200834,CB,18.0,1.0,90,1.7102097902097901,1.0265625,2.0,False
2025-2026,216051,FB,6.0,0.0,63,1.0117021276595746,1.7063125,0.0,True
2025-2026,201895,CB,7.0,0.0,90,1.7102097902097901,1.0265625,2.0,False
2025-2026,487676,FB,7.0,0.0,78,1.7102097902097901,1.0265625,2.0,False
2025-2026,179268,FB,13.0,1.0,90,1.6056953642384106,1.7587671232876714,1.0,True
2025-2026,97032,CB,10.0,1.0,90,1.7197222222222224,1.5653225806451612,2.0,False
2025-2026,577016,FB,5.0,0.0,67,1.6056953642384106,1.7587671232876714,1.0,True
2025-2026,482609,FB,12.0,1.0,90,1.6056953642384106,1.7587671232876714,1.0,True
2025-2026,225796,FB,12.0,1.0,90,1.6056953642384106,1.7587671232876714,1.0,True
2025-2026,209036,CB,15.0,1.0,90,1.2277852348993288,1.8621383647798742,2.0,False
2025-2026,247348,FB,23.0,1.0,90,1.2277852348993288,1.561027397260274,2.0,False
2025-2026,17761,CB,17.0,1.0,90,1.5676973684210527,1.2333802816901407,1.0,True
2025-2026,512462,CB,11.0,1.0,90,1.5676973684210527,1.2333802816901407,1.0,True
2025-2026,106611,CB,15.0,1.0,64,1.5676973684210527,1.2333802816901407,1.0,True
2025-2026,224967,FB,14.0,1.0,90,1.5676973684210527,1.2333802816901407,1.0,True
2025-2026,427623,CB,11.0,1.0,90,1.2277852348993288,1.561027397260274,2.0,False
2025-2026,244723,FB,11.0,1.0,90,1.2277852348993288,1.561027397260274,2.0,False
2025-2026,437499,CB,12.0,1.0,90,1.2277852348993288,1.561027397260274,2.0,False
2025-2026,575458,CB,12.0,1.0,90,1.5206081081081082,1.1928571428571428,2.0,False
2025-2026,485047,CB,18.0,1.0,76,1.5206081081081082,1.1928571428571428,2.0,False
2025-2026,500151,FB,9.0,0.0,90,1.5206081081081082,1.1928571428571428,2.0,False
2025-2026,220237,CB,13.0,1.0,90,1.1952777777777779,1.461830985915493,0.0,True
2025-2026,215136,FB,13.0,1.0,90,1.5206081081081082,1.1928571428571428,2.0,False
2025-2026,227444,CB,14.0,1.0,90,1.5206081081081082,1.1928571428571428,2.0,False
2025-2026,465642,CB,13.0,1.0,90,1.1952777777777779,1.461830985915493,0.0,True
2025-2026,78916,CB,8.0,0.0,90,1.1952777777777779,1.461830985915493,0.0,True
2025-2026,77794,FB,8.0,0.0,90,1.1952777777777779,1.461830985915493,0.0,True
2025-2026,221632,CB,11.0,1.0,90,1.378445945945946,1.078201438848921,1.0,False
2025-2026,491279,CB,10.0,1.0,90,1.378445945945946,1.078201438848921,1.0,False
2025-2026,487053,FB,9.0,0.0,90,1.378445945945946,1.078201438848921,1.0,False
2025-2026,226182,FB,16.0,1.0,88,1.0653061224489795,1.4740853658536586,2.0,True
2025-2026,214225,CB,10.0,1.0,90,1.0653061224489795,1.4740853658536586,2.0,True
2025-2026,441164,FB,14.0,1.0,90,1.378445945945946,1.078201438848921,1.0,False
2025-2026,222694,CB,5.0,0.0,90,1.0653061224489795,1.4740853658536586,2.0,True
2025-2026,243526,FB,15.0,1.0,78,1.0653061224489795,1.4740853658536586,2.0,True
2025-2026,477717,CB,9.0,0.0,90,1.241111111111111,0.8541558441558441,2.0,False
2025-2026,180804,CB,11.0,1.0,90,1.241111111111111,0.8541558441558441,2.0,False
2025-2026,58621,FB,9.0,0.0,90,1.241111111111111,0.8541558441558441,2.0,False
2025-2026,101188,FB,10.0,1.0,90,0.8622666666666667,1.2532258064516129,1.0,True
2025-2026,244954,CB,20.0,1.0,90,0.8622666666666667,1.2532258064516129,1.0,True
2025-2026,199798,FB,7.0,0.0,90,0.8622666666666667,1.2532258064516129,1.0,True
2025-2026,199796,FB,5.0,0.0,83,0.8622666666666667,1.2532258064516129,1.0,True
2025-2026,515597,FB,2.0,0.0,89,0.8622666666666667,1.2532258064516129,1.0,True
2025-2026,494960,FB,4.0,0.0,90,1.241111111111111,0.8541558441558441,2.0,False
2025-2026,469142,CB,6.0,0.0,90,0.975608108108108,1.5276335877862597,1.0,False
2025-2026,83299,CB,7.0,0.0,90,0.975608108108108,1.5276335877862597,1.0,False
2025-2026,523705,FB,18.0,1.0,90,1.4670422535211267,0.9484567901234568,1.0,True
2025-2026,431248,CB,10.0,1.0,90,1.4670422535211267,0.9484567901234568,1.0,True
2025-2026,490721,FB,5.0,0.0,76,1.4670422535211267,0.9484567901234568,1.0,True
2025-2026,231480,CB,8.0,0.0,90,1.4670422535211267,0.9484567901234568,1.0,True
2025-2026,231416,FB,7.0,0.0,90,0.975608108108108,1.5276335877862597,1.0,False
2025-2026,477424,CB,8.0,0.0,90,1.565845070422535,1.8621383647798742,0.0,False
2025-2026,171314,CB,15.0,1.0,90,1.565845070422535,1.8621383647798742,0.0,False
2025-2026,465351,FB,8.0,0.0,90,1.565845070422535,1.8621383647798742,0.0,False
2025-2026,472769,FB,12.0,1.0,90,1.565845070422535,1.8621383647798742,0.0,False
2025-2026,607464,FB,13.0,1.0,90,1.8812337662337661,1.5833962264150943,1.0,True
2025-2026,191866,CB,8.0,0.0,90,1.8812337662337661,1.5833962264150943,1.0,True
2025-2026,444765,CB,6.0,0.0,90,1.8812337662337661,1.5833962264150943,1.0,True
2025-2026,432830,CB,9.0,0.0,90,1.8812337662337661,1.5833962264150943,1.0,True
2025-2026,472713,FB,5.0,0.0,90,1.8812337662337661,1.5833962264150943,1.0,True
2025-2026,225796,FB,8.0,0.0,90,1.1952777777777779,1.7587671232876714,0.0,False
2025-2026,577016,FB,13.0,1.0,80,1.1952777777777779,1.7587671232876714,0.0,False
2025-2026,179268,FB,15.0,1.0,90,1.1952777777777779,1.7587671232876714,0.0,False
2025-2026,180736,CB,11.0,1.0,90,1.1952777777777779,1.7587671232876714,0.0,False
2025-2026,575476,CB,9.0,0.0,73,1.7197222222222224,1.1928571428571428,3.0,True
2025-2026,227444,CB,5.0,0.0,90,1.7197222222222224,1.1928571428571428,3.0,True
2025-2026,485047,CB,8.0,0.0,90,1.7197222222222224,1.1928571428571428,3.0,True
2025-2026,482609,FB,6.0,0.0,86,1.1952777777777779,1.7587671232876714,0.0,False
2025-2026,215136,FB,8.0,0.0,90,1.7197222222222224,1.1928571428571428,3.0,True
2025-2026,204716,CB,15.0,1.0,90,1.7102097902097901,1.5653225806451612,1.0,True
2025-2026,106760,FB,6.0,0.0,84,1.6056953642384106,1.7063125,0.0,False
2025-2026,209365,CB,6.0,0.0,90,1.6056953642384106,1.7063125,0.0,False
2025-2026,492777,FB,3.0,0.0,61,1.7102097902097901,1.5653225806451612,1.0,True
2025-2026,544877,FB,7.0,0.0,90,1.7102097902097901,1.5653225806451612,1.0,True
2025-2026,95658,CB,14.0,1.0,90,1.6056953642384106,1.7063125,0.0,False
2025-2026,97032,CB,17.0,1.0,90,1.7102097902097901,1.5653225806451612,1.0,True
2025-2026,216051,FB,16.0,1.0,90,1.6056953642384106,1.7063125,0.0,False
2025-2026,199796,FB,6.0,0.0,90,1.0653061224489795,1.2532258064516129,1.0,False
2025-2026,441164,FB,9.0,0.0,90,1.241111111111111,1.078201438848921,2.0,True
2025-2026,135720,CB,12.0,1.0,90,1.241111111111111,1.078201438848921,2.0,True
2025-2026,491279,CB,9.0,0.0,90,1.241111111111111,1.078201438848921,2.0,True
2025-2026,232859,FB,7.0,0.0,85,1.241111111111111,1.078201438848921,2.0,True
2025-2026,101188,FB,7.0,0.0,81,1.0653061224489795,1.2532258064516129,1.0,False
2025-2026,199798,FB,8.0,0.0,90,1.0653061224489795,1.2532258064516129,1.0,False
2025-2026,244954,CB,8.0,0.0,90,1.0653061224489795,1.2532258064516129,1.0,False
2025-2026,472769,FB,8.0,0.0,84,1.2277852348993288,1.8621383647798742,0.0,True
2025-2026,17761,CB,14.0,1.0,90,1.8812337662337661,1.2333802816901407,2.0,False
2025-2026,465351,FB,14.0,1.0,90,1.2277852348993288,1.8621383647798742,0.0,True
2025-2026,126184,CB,7.0,0.0,90,1.2277852348993288,1.8621383647798742,0.0,True
2025-2026,171314,CB,14.0,1.0,90,1.2277852348993288,1.8621383647798742,0.0,True
2025-2026,224967,FB,7.0,0.0,90,1.8812337662337661,1.2333802816901407,2.0,False
2025-2026,106611,CB,10.0,1.0,90,1.8812337662337661,1.2333802816901407,2.0,False
2025-2026,512462,CB,7.0,0.0,90,1.8812337662337661,1.2333802816901407,2.0,False
2025-2026,83299,CB,10.0,1.0,90,1.5206081081081082,1.5276335877862597,1.0,True
2025-2026,465642,CB,11.0,1.0,90,1.4670422535211267,1.461830985915493,2.0,False
2025-2026,78916,CB,15.0,1.0,90,1.4670422535211267,1.461830985915493,2.0,False
2025-2026,220237,CB,9.0,0.0,90,1.4670422535211267,1.461830985915493,2.0,False
2025-2026,469142,CB,21.0,1.0,90,1.5206081081081082,1.5276335877862597,1.0,True
2025-2026,231416,FB,5.0,0.0,90,1.5206081081081082,1.5276335877862597,1.0,True
2025-2026,77794,FB,5.0,0.0,90,1.4670422535211267,1.461830985915493,2.0,False
2025-2026,200834,CB,19.0,1.0,90,0.975608108108108,1.0265625,0.0,True
2025-2026,487676,FB,5.0,0.0,90,0.975608108108108,1.0265625,0.0,True
2025-2026,223827,CB,11.0,1.0,90,0.975608108108108,1.0265625,0.0,True
2025-2026,201895,CB,9.0,0.0,90,0.975608108108108,1.0265625,0.0,True
2025-2026,87835,CB,11.0,1.0,66,1.0117021276595746,0.9484567901234568,2.0,False
2025-2026,231480,CB,8.0,0.0,90,1.0117021276595746,0.9484567901234568,2.0,False
2025-2026,483081,FB,5.0,0.0,76,1.0117021276595746,0.9484567901234568,2.0,False
2025-2026,431248,CB,12.0,1.0,90,1.0117021276595746,0.9484567901234568,2.0,False
2025-2026,490721,FB,7.0,0.0,90,1.0117021276595746,0.9484567901234568,2.0,False
2025-2026,58621,FB,20.0,1.0,90,1.378445945945946,0.8541558441558441,0.0,True
2025-2026,477717,CB,17.0,1.0,90,1.378445945945946,0.8541558441558441,0.0,True
2025-2026,243526,FB,8.0,0.0,90,0.8622666666666667,1.4740853658536586,2.0,False
2025-2026,494960,FB,10.0,1.0,90,1.378445945945946,0.8541558441558441,0.0,True
2025-2026,180804,CB,13.0,1.0,90,1.378445945945946,0.8541558441558441,0.0,True
2025-2026,214225,CB,9.0,0.0,90,0.8622666666666667,1.4740853658536586,2.0,False
2025-2026,222694,CB,7.0,0.0,90,0.8622666666666667,1.4740853658536586,2.0,False
2025-2026,226182,FB,6.0,0.0,90,0.8622666666666667,1.4740853658536586,2.0,False
2025-2026,247348,FB,14.0,1.0,90,1.6012587412587411,1.561027397260274,3.0,True
2025-2026,244723,FB,15.0,1.0,90,1.6012587412587411,1.561027397260274,3.0,True
2025-2026,437499,CB,14.0,1.0,90,1.6012587412587411,1.561027397260274,3.0,True
2025-2026,221466,CB,24.0,1.0,90,1.5676973684210527,1.598169014084507,3.0,False
2025-2026,551483,FB,5.0,0.0,74,1.5676973684210527,1.598169014084507,3.0,False
2025-2026,427623,CB,16.0,1.0,90,1.6012587412587411,1.561027397260274,3.0,True
2025-2026,494521,FB,6.0,0.0,90,1.5676973684210527,1.598169014084507,3.0,False
2025-2026,242882,CB,14.0,1.0,90,1.5676973684210527,1.598169014084507,3.0,False
2025-2026,209036,CB,11.0,1.0,90,1.5676973684210527,1.8621383647798742,3.0,False
2025-2026,226597,CB,10.0,1.0,90,1.2529139072847681,1.7187234042553192,0.0,False
2025-2026,445122,FB,9.0,0.0,90,1.2529139072847681,1.7187234042553192,0.0,False
2025-2026,462424,CB,9.0,0.0,90,1.2529139072847681,1.7187234042553192,0.0,False
2025-2026,466075,CB,11.0,1.0,90,1.2529139072847681,1.7187234042553192,0.0,False
2025-2026,246301,CB,15.0,1.0,81,1.6668918918918918,1.270763358778626,1.0,True
2025-2026,166477,FB,9.0,0.0,90,1.6668918918918918,1.270763358778626,1.0,True
2025-2026,607464,FB,6.0,0.0,90,1.238896551724138,1.5833962264150943,0.0,False
2025-2026,191866,CB,12.0,1.0,90,1.238896551724138,1.5833962264150943,0.0,False
2025-2026,432830,CB,13.0,1.0,90,1.238896551724138,1.5833962264150943,0.0,False
2025-2026,444765,CB,11.0,1.0,90,1.238896551724138,1.5833962264150943,0.0,False
2025-2026,462116,CB,12.0,1.0,90,1.565845070422535,1.2106569343065694,2.0,True
2025-2026,214048,CB,16.0,1.0,90,1.565845070422535,1.2106569343065694,2.0,True
2025-2026,607464,FB,13.0,1.0,90,1.6056953642384106,1.5833962264150943,2.0,True
2025-2026,544877,FB,5.0,0.0,60,1.565845070422535,1.5653225806451612,3.0,False
2025-2026,97032,CB,19.0,1.0,90,1.565845070422535,1.5653225806451612,3.0,False
2025-2026,204716,CB,12.0,1.0,90,1.565845070422535,1.5653225806451612,3.0,False
2025-2026,432830,CB,17.0,1.0,90,1.6056953642384106,1.5833962264150943,2.0,True
2025-2026,191866,CB,8.0,0.0,90,1.6056953642384106,1.5833962264150943,2.0,True
2025-2026,492777,FB,8.0,0.0,61,1.565845070422535,1.5653225806451612,3.0,False
2025-2026,444765,CB,15.0,1.0,90,1.6056953642384106,1.5833962264150943,2.0,True
2025-2026,77794,FB,13.0,1.0,90,1.2529139072847681,1.461830985915493,1.0,True
2025-2026,465642,CB,13.0,1.0,90,1.2529139072847681,1.461830985915493,1.0,True
2025-2026,78916,CB,5.0,0.0,90,1.2529139072847681,1.461830985915493,1.0,True
2025-2026,167074,FB,14.0,1.0,90,1.5206081081081082,1.270763358778626,2.0,False
2025-2026,220237,CB,5.0,0.0,60,1.2529139072847681,1.461830985915493,1.0,True
2025-2026,219924,CB,9.0,0.0,90,1.5206081081081082,1.270763358778626,2.0,False
2025-2026,232892,CB,12.0,1.0,90,1.5206081081081082,1.270763358778626,2.0,False
2025-2026,106760,FB,4.0,0.0,64,1.4670422535211267,1.7063125,2.0,True
2025-2026,216051,FB,8.0,0.0,90,1.4670422535211267,1.7063125,2.0,True
2025-2026,231416,FB,9.0,0.0,90,1.7102097902097901,1.5276335877862597,4.0,False
2025-2026,209365,CB,13.0,1.0,90,1.4670422535211267,1.7063125,2.0,True
2025-2026,550864,CB,10.0,1.0,90,1.4670422535211267,1.7063125,2.0,True
2025-2026,83299,CB,18.0,1.0,90,1.7102097902097901,1.5276335877862597,4.0,False
2025-2026,469142,CB,11.0,1.0,90,1.7102097902097901,1.5276335877862597,4.0,False
2025-2026,209036,CB,12.0,1.0,90,1.6668918918918918,1.8621383647798742,1.0,False
2025-2026,445122,FB,8.0,0.0,90,1.5676973684210527,1.7187234042553192,0.0,True
2025-2026,466075,CB,7.0,0.0,81,1.5676973684210527,1.7187234042553192,0.0,True
2025-2026,244723,FB,13.0,1.0,90,1.6668918918918918,1.561027397260274,1.0,False
2025-2026,427623,CB,10.0,1.0,90,1.6668918918918918,1.561027397260274,1.0,False
2025-2026,437499,CB,22.0,1.0,90,1.6668918918918918,1.561027397260274,1.0,False
2025-2026,226597,CB,9.0,0.0,90,1.5676973684210527,1.7187234042553192,0.0,True
2025-2026,247348,FB,8.0,0.0,90,1.6668918918918918,1.561027397260274,1.0,False
2025-2026,494960,FB,8.0,0.0,90,0.975608108108108,0.8541558441558441,2.0,False
2025-2026,58621,FB,22.0,1.0,90,0.975608108108108,0.8541558441558441,2.0,False
2025-2026,477717,CB,10.0,1.0,90,0.975608108108108,0.8541558441558441,2.0,False
2025-2026,431248,CB,15.0,1.0,90,0.8622666666666667,0.9484567901234568,3.0,True
2025-2026,231480,CB,11.0,1.0,90,0.8622666666666667,0.9484567901234568,3.0,True
2025-2026,483081,FB,7.0,0.0,90,0.8622666666666667,0.9484567901234568,3.0,True
2025-2026,180804,CB,10.0,1.0,90,0.975608108108108,0.8541558441558441,2.0,False
2025-2026,490721,FB,11.0,1.0,84,0.8622666666666667,0.9484567901234568,3.0,True
2025-2026,214225,CB,15.0,1.0,90,1.238896551724138,1.4740853658536586,1.0,True
2025-2026,434752,CB,19.0,1.0,90,1.238896551724138,1.4740853658536586,1.0,True
2025-2026,226182,FB,12.0,1.0,90,1.238896551724138,1.4740853658536586,1.0,True
2025-2026,462116,CB,12.0,1.0,90,1.378445945945946,1.2106569343065694,2.0,False
2025-2026,214048,CB,11.0,1.0,90,1.378445945945946,1.2106569343065694,2.0,False
2025-2026,613804,FB,5.0,0.0,90,1.378445945945946,1.2106569343065694,2.0,False
2025-2026,214590,FB,6.0,0.0,78,1.378445945945946,1.2106569343065694,2.0,False
2025-2026,465351,FB,12.0,1.0,90,1.241111111111111,1.8621383647798742,1.0,False
2025-2026,101188,FB,4.0,0.0,85,1.8812337662337661,1.2532258064516129,0.0,True
2025-2026,171314,CB,14.0,1.0,90,1.241111111111111,1.8621383647798742,1.0,False
2025-2026,199798,FB,16.0,1.0,90,1.8812337662337661,1.2532258064516129,0.0,True
2025-2026,244954,CB,7.0,0.0,90,1.8812337662337661,1.2532258064516129,0.0,True
2025-2026,477424,CB,8.0,0.0,90,1.241111111111111,1.8621383647798742,1.0,False
2025-2026,199796,FB,9.0,0.0,90,1.8812337662337661,1.2532258064516129,0.0,True
2025-2026,225796,FB,11.0,1.0,90,1.0117021276595746,1.7587671232876714,2.0,True
2025-2026,434399,CB,8.0,0.0,90,1.7197222222222224,1.0265625,1.0,False
2025-2026,200834,CB,11.0,1.0,90,1.7197222222222224,1.0265625,1.0,False
2025-2026,487676,FB,9.0,0.0,90,1.7197222222222224,1.0265625,1.0,False
2025-2026,223827,CB,12.0,1.0,90,1.7197222222222224,1.0265625,1.0,False
2025-2026,577016,FB,6.0,0.0,75,1.0117021276595746,1.7587671232876714,2.0,True
2025-2026,247955,FB,9.0,0.0,90,1.7197222222222224,1.0265625,1.0,False
2025-2026,180736,CB,15.0,1.0,90,1.0117021276595746,1.7587671232876714,2.0,True
2025-2026,179268,FB,7.0,0.0,90,1.0117021276595746,1.7587671232876714,2.0,True
2025-2026,491279,CB,12.0,1.0,90,1.2277852348993288,1.078201438848921,0.0,False
2025-2026,135720,CB,24.0,1.0,90,1.2277852348993288,1.078201438848921,0.0,False
2025-2026,441164,FB,11.0,1.0,90,1.2277852348993288,1.078201438848921,0.0,False
2025-2026,106611,CB,11.0,1.0,90,1.0653061224489795,1.2333802816901407,3.0,True
2025-2026,512462,CB,14.0,1.0,65,1.0653061224489795,1.2333802816901407,3.0,True
2025-2026,232859,FB,9.0,0.0,90,1.2277852348993288,1.078201438848921,0.0,False
2025-2026,17761,CB,7.0,0.0,90,1.0653061224489795,1.2333802816901407,3.0,True
2025-2026,224967,FB,7.0,0.0,90,1.0653061224489795,1.2333802816901407,3.0,True
2025-2026,494521,FB,19.0,1.0,90,1.1952777777777779,1.598169014084507,0.0,True
2025-2026,215136,FB,11.0,1.0,90,1.6012587412587411,1.1928571428571428,2.0,False
2025-2026,551483,FB,5.0,0.0,90,1.1952777777777779,1.598169014084507,0.0,True
2025-2026,221466,CB,8.0,0.0,90,1.1952777777777779,1.598169014084507,0.0,True
2025-2026,575476,CB,12.0,1.0,90,1.6012587412587411,1.1928571428571428,2.0,False
2025-2026,500151,FB,10.0,1.0,90,1.6012587412587411,1.1928571428571428,2.0,False
2025-2026,227444,CB,7.0,0.0,90,1.6012587412587411,1.1928571428571428,2.0,False
