season,team,res_gf_early,res_gf_rest,res_total_early,res_total_rest,d_total,d_gf,next,prior_season,prior_position,prior_points,late10_form,promoted,offseason_mgr,churn
0001,Arsenal,0.34928180380843177,0.03178547366725388,0.6708847032115495,-0.016109737291207543,0.686994440502757,0.3174963301411779,,,,,,True,,
0001,Aston Villa,0.08973737608231337,0.05097941330562733,-0.165164370027039,0.09051948738528574,-0.25568385741232474,0.03875796277668604,,,,,,True,,
0001,Bradford,-0.1463356141019783,0.07409469822852685,-0.7207332378021029,0.13496079081347379,-0.8556940286155766,-0.22043031233050514,,,,,,True,,
0001,Charlton,0.3761219915764847,-0.08004195700112027,0.8296738388613689,-0.16245825105394585,0.9921320899153148,0.45616394857760495,,,,,,True,,
0001,Chelsea,-0.63306661560746,0.09606151685904998,-0.1491071419040745,0.03378507131955799,-0.1828922132236325,-0.72912813246651,,,,,,True,,
0001,Coventry,0.01873511961956753,-0.07616695037681931,-0.12465735500900732,-0.07108330390998739,-0.05357405109901993,0.09490206999638684,,,,,,True,,
0001,Derby,1.0118554244014546,-0.19046069584565978,1.928589043080011,-0.38566411652543464,2.3142531596054456,1.2023161202471144,,,,,,True,,
0001,Everton,0.5237432779459529,-0.0751383231264861,0.6828542263217314,-0.11398339813013568,0.7968376244518671,0.5988816010724389,,,,,,True,,
0001,Ipswich,-0.11924060861061607,0.020722326017696857,0.21645905649465544,-0.03207985245876151,0.24853890895341696,-0.13996293462831294,,,,,,True,,
0001,Leeds,-0.7273122150586949,0.1061911170282853,-0.7250903767930051,0.1274476624185507,-0.8525380392115558,-0.8335033320869802,,,,,,True,,
0001,Leicester,0.008901310478718191,0.019891025043909497,-1.1063966910221783,0.21049619826645782,-1.3168928892886362,-0.010989714565191306,,,,,,True,,
0001,Liverpool,-0.18320937129969417,0.012973366748305556,0.39763427759681136,-0.0680361653491802,0.4656704429459916,-0.19618273804799974,,,,,,True,,
0001,Man City,0.5630620376238208,-0.153404164664601,0.8500272535296806,-0.2203085246515984,1.070335778181279,0.7164662022884218,,,,,,True,,
0001,Man United,0.6953740863647666,-0.11664197910915616,0.6173353476155039,-0.07350882871482561,0.6908441763303295,0.8120160654739228,,,,,,True,,
0001,Middlesbrough,0.3026463755103996,-0.11931288358623354,0.9227799907971391,-0.24081673387916472,1.163596724676304,0.4219592590966331,,,,,,True,,
0001,Newcastle,-0.017721630195692523,-0.002780393344321931,-0.3866301134919701,0.05793406801248459,-0.44456418150445465,-0.014941236851370592,,,,,,True,,
0001,Southampton,0.3730131477130189,-0.0814605631341945,0.7040936278776485,-0.15788536740613762,0.8619789952837862,0.45447371084721344,,,,,,True,,
0001,Sunderland,-0.17034144866451406,0.013408120517743614,0.3160517692747474,-0.0820629878380985,0.3981147571128459,-0.18374956918225768,,,,,,True,,
0001,Tottenham,0.07886273061252114,-0.007162704066157835,-0.12277548018996616,0.02645658229601691,-0.14923206248598309,0.08602543467867897,,,,,,True,,
0001,West Ham,-0.04255523750641591,-0.015916345956924,0.1063141978396928,-0.049682152308231475,0.1559963501479243,-0.02663889154949191,,,,,,True,,
0102,Arsenal,0.2631693392176142,-0.11285915809134349,0.26404575115611695,-0.0792237823472198,0.3432695335033368,0.3760284973089577,0102,0001,2.0,70.0,0.21026989206890068,False,,
0102,Aston Villa,0.28434938918608604,-0.14108723864513822,-0.5921910232741557,0.019202783517734953,-0.6113938067918907,0.42543662783122427,0102,0001,8.0,54.0,0.17226789983184207,False,,
0102,Blackburn,-0.5206873518885425,0.02716141755266726,-0.39764987890161513,0.014197986468886648,-0.4118478653705018,-0.5478487694412097,,,,,,True,,
0102,Bolton,0.39736023287119315,-0.08306310506462083,-0.6607568044526477,0.10220284031101559,-0.7629596447636633,0.480423337935814,,,,,,True,,
0102,Charlton,0.09956563378067218,0.0031938001254624288,0.31834130594640375,-0.06040675882484022,0.37874806477124395,0.09637183365520975,0102,0001,9.0,52.0,0.006583469335328862,False,,
0102,Chelsea,0.052777202346588004,0.001835327100488858,0.16797290133820644,-0.002879147995406367,0.1708520493336128,0.050941875246099146,0102,0001,6.0,61.0,-0.02053684481814482,False,,
0102,Derby,-0.04476669915813963,0.07456435329504134,0.17640641971899332,-0.008256209265372655,0.18466262898436597,-0.11933105245318097,0102,0001,14.0,42.0,-0.04933436248240537,False,,
0102,Everton,0.08381557940984896,-0.012026332659934386,0.07529236596708107,-0.021797700713758125,0.0970900666808392,0.09584191206978335,0102,0001,15.0,42.0,0.30281558002391445,False,,
0102,Fulham,0.018873358423794784,-0.025088328942780853,0.04363377943134098,-0.051166020162181074,0.09479979959352205,0.04396168736657564,,,,,,True,,
0102,Ipswich,-0.288270826435188,0.1164435606960641,-0.32559394838088496,0.09883876977600003,-0.424432718156885,-0.4047143871312521,0102,0001,5.0,66.0,-0.007773258777304948,False,,
0102,Leeds,0.033850351861590834,0.019980321531752138,-0.7471484506305003,0.1666234334738229,-0.9137718841043232,0.013870030329838696,0102,0001,4.0,68.0,0.704113910227535,False,,
0102,Leicester,-0.05259640918557118,0.002102136624137038,0.8132500295002075,-0.20353450493609182,1.0167845344362993,-0.05469854580970822,0102,0001,13.0,48.0,-0.23299090515787937,False,,
0102,Liverpool,-0.2353712160531034,0.016135781434844718,0.11055024607486826,-0.03372789552958011,0.14427814160444835,-0.25150699748794814,0102,0001,3.0,69.0,0.43178487490124673,False,,
0102,Man United,0.41679755363329124,-0.09494228475120461,0.8652336342772978,-0.12609422588337674,0.9913278601606745,0.5117398383844959,0102,0001,1.0,80.0,-0.7995381016286107,False,,
0102,Middlesbrough,-0.14880536552896842,0.036235649507717245,0.5596107137854961,-0.12232374335399904,0.6819344571394952,-0.18504101503668566,0102,0001,16.0,42.0,0.21489782666670112,False,,
0102,Newcastle,-0.16409979724194698,0.0052365637689785124,0.0023139093131612962,0.014513484554992115,-0.012199575241830818,-0.1693363610109255,0102,0001,11.0,51.0,-0.023305300226826985,False,,
0102,Southampton,-0.28812197483589613,0.022649858550382797,-0.04550360555488638,-0.030085067304502056,-0.015418538250384327,-0.31077183338627895,0102,0001,10.0,52.0,-0.22752410075426066,False,,
0102,Sunderland,-0.10854009244028762,0.04658886716261377,-0.6500700660937214,0.1094218764306576,-0.759491942524379,-0.15512895960290138,0102,0001,7.0,57.0,0.18145814362746912,False,,
0102,Tottenham,0.061938798500251635,-0.008656304329163853,-0.10895354243619766,0.01951145051883428,-0.12846499295503194,0.07059510282941549,0102,0001,12.0,49.0,0.28628913148261165,False,,
0102,West Ham,-0.465706556414524,0.12330198072981369,-0.5133649082685895,0.12457931337748049,-0.63794422164607,-0.5890085371443377,0102,0001,17.0,42.0,-0.23147271995956048,False,,
0203,Arsenal,0.1269673513709638,-0.0060954654138764275,0.10582442997315367,0.04646519285425085,0.05935923711890281,0.13306281678484022,0203,0102,1.0,87.0,-0.11463529554597768,False,,
0203,Aston Villa,-0.6699037997207337,0.09573757175478073,-0.8213993810689469,0.11527937252133157,-0.9366787535902785,-0.7656413714755144,0203,0102,8.0,50.0,0.024518912610048856,False,,
0203,Birmingham,0.3404422386390313,-0.04224064527080729,-0.013739525562703228,0.010811097359922944,-0.02455062292262617,0.38268288390983857,,,,,,True,,
0203,Blackburn,-0.20821254768173114,-0.033977141078280565,0.0761592083635978,-0.07967928935463289,0.1558384977182307,-0.17423540660345058,0203,0102,10.0,46.0,0.4860230297308519,False,,
0203,Bolton,0.20310704995662388,-0.015113720394264892,0.45169923622979863,-0.07555890336846822,0.5272581395982668,0.21822077035088877,0203,0102,16.0,40.0,0.07761841050306514,False,,
0203,Charlton,-0.17326611537616568,0.039827983217191845,-0.06406029871182832,0.012897086281101755,-0.07695738499293008,-0.21309409859335754,0203,0102,13.0,44.0,-0.3841011557853467,False,,
0203,Chelsea,0.5934705430107722,-0.11936789252475041,0.7489945618863635,-0.12496136677905847,0.8739559286654219,0.7128384355355226,0203,0102,6.0,64.0,-0.1884827987538686,False,,
0203,Everton,-0.16700985363030788,0.03846315781648453,0.12540568666566262,-0.0177068683349091,0.14311255500057174,-0.20547301144679242,0203,0102,15.0,43.0,0.5795610571444082,False,,
0203,Fulham,0.8619071137372724,-0.14036625661800878,0.7968627790986756,-0.14171219611080046,0.9385749752094761,1.002273370355281,0203,0102,14.0,44.0,-0.07675990907113527,False,,
0203,Leeds,0.0021516306551812394,-0.06402419829282496,-0.7043095655647905,0.09080200405047625,-0.7951115696152667,0.06617582894800621,0203,0102,5.0,66.0,0.12383975909129266,False,,
0203,Liverpool,0.6627883221913989,-0.12048604958324607,0.9784918598904735,-0.16382826248260973,1.1423201223730832,0.783274371774645,0203,0102,2.0,80.0,0.38537969689543183,False,,
0203,Man City,-0.003627084214514298,0.013539672465074294,-0.1891027416773725,0.045175515047164425,-0.23427825672453695,-0.017166756679588592,,,,,,True,,
0203,Man United,-1.26917678070432,0.17036349385037272,-1.2338351641905954,0.19320538935194184,-1.4270405535425372,-1.4395402745546926,0203,0102,3.0,77.0,-0.24031945460793333,False,,
0203,Middlesbrough,0.0343070039302538,0.0988346012961496,-0.244743299557032,0.14507421945184895,-0.38981751900888095,-0.0645275973658958,0203,0102,11.0,45.0,-0.07541094564613697,False,,
0203,Newcastle,-0.4717936820320722,0.04788746752166648,-0.4303903921636339,0.06477111853488457,-0.49516151069851844,-0.5196811495537387,0203,0102,4.0,71.0,0.17591700144245567,False,,
0203,Southampton,-0.6054049665280695,0.11134202772725693,-0.6289574331264124,0.10718643463114044,-0.7361438677575528,-0.7167469942553264,0203,0102,12.0,45.0,-0.11262806022907494,False,,
0203,Sunderland,-0.18538618621197697,0.030746962334064605,-0.6830639842462669,0.06614678455885381,-0.7492107688051207,-0.21613314854604157,0203,0102,17.0,40.0,-0.057706157997916674,False,,
0203,Tottenham,0.4980770831118802,-0.031625838416493746,0.40181758300034015,-0.011339739656724787,0.41315732265706495,0.529702921528374,0203,0102,9.0,50.0,-0.16497122201714673,False,,
0203,West Brom,0.2743186466570582,-0.02100060923824716,-0.24424263807986116,0.033299828777091395,-0.27754246685695255,0.29531925589530533,,,,,,True,,
0203,West Ham,-0.6388435361823627,0.08518124821358583,-0.218498774582874,-0.003403544467285427,-0.21509523011558856,-0.7240247843959485,0203,0102,7.0,53.0,0.35669145760192916,False,,
0506,Arsenal,-0.1225921063701682,0.20868783947309863,-0.3702916869232112,0.27273903310855263,-0.6430307200317638,-0.3312799458432668,0506,0203,2.0,78.0,0.12190213646530446,False,,
0506,Aston Villa,-0.22165020812467576,0.03545149625889149,-0.33640022232048866,0.052959752339557145,-0.3893599746600458,-0.2571017043835673,0506,0203,16.0,45.0,0.03737477008259389,False,,
0506,Birmingham,-0.020198692416325565,0.027187283261294184,0.32324700098485476,-0.0673856406396962,0.39063264162455097,-0.04738597567761975,0506,0203,13.0,48.0,0.42111992478138305,False,,
0506,Blackburn,-0.8773003373571943,0.13337768655269167,-0.6901981825805189,0.10859837571229013,-0.798796558292809,-1.010678023909886,0506,0203,6.0,60.0,0.38134237266502735,False,,
0506,Bolton,-0.149975206841778,0.0037460597570883013,-0.5082784881543,0.07775931228993854,-0.5860378004442386,-0.1537212665988663,0506,0203,17.0,44.0,-0.0756513152233794,False,,
0506,Charlton,0.592405950244506,-0.10573015394820642,-0.06378582718951235,0.010656460442894061,-0.07444228763240641,0.6981361041927124,0506,0203,11.0,49.0,-0.4978999369585254,False,,
0506,Chelsea,-0.11058530669604731,-0.11959703986526911,-0.6440871197690377,0.0032362507640237917,-0.6473233705330614,0.009011733169221797,0506,0203,4.0,67.0,0.049418908663938776,False,,
0506,Everton,-0.7176713962700161,0.14143521831208467,-0.9919066214988491,0.17439911058431773,-1.166305732083167,-0.8591066145821007,0506,0203,7.0,59.0,-0.07794747893909906,False,,
0506,Fulham,-0.48932723833131436,-0.0012950057182461588,-0.4986526934477277,0.01448418697758476,-0.5131368804253125,-0.4880322326130682,0506,0203,14.0,48.0,-0.13756603095671702,False,,
0506,Liverpool,-0.7099108945481426,0.13960985341317067,-0.39439774128184374,0.08982772940787212,-0.4842254706897159,-0.8495207479613133,0506,0203,5.0,64.0,0.5500992764386715,False,,
0506,Man City,-0.030382636072369018,0.07424090958687274,-0.2881707731309088,0.11619751303259294,-0.40436828616350173,-0.10462354565924176,0506,0203,9.0,51.0,-0.44675388879381395,False,,
0506,Man United,-0.6007120829507887,0.09612108153004392,-0.9502567121895787,0.19343584836417177,-1.1436925605537505,-0.6968331644808327,0506,0203,1.0,83.0,1.0060920482877904,False,,
0506,Middlesbrough,-0.14772189413375228,-0.023054248256144726,-0.468325647400925,0.04832109029673427,-0.5166467376976593,-0.12466764587760755,0506,0203,12.0,49.0,0.04285904210742218,False,,
0506,Newcastle,-0.442026218515909,0.14604071322626966,-0.5890427862404751,0.17369842914513312,-0.7627412153856082,-0.5880669317421787,0506,0203,3.0,69.0,0.01265999068078253,False,,
0506,Portsmouth,-0.15862248257079406,0.07716892983074979,-0.12042085938524909,0.05147177655921384,-0.1718926359444629,-0.23579141240154383,,,,,,True,,
0506,Sunderland,-0.18821994311577753,0.014199325220557703,-0.44082115018404094,0.019925151801853128,-0.46074630198589406,-0.20241926833633522,0506,0203,20.0,19.0,-0.36256841551731894,False,,
0506,Tottenham,-0.38720593168627,0.09949429004548176,-0.9523437853790133,0.21466493446434268,-1.167008719843356,-0.48670022173175176,0506,0203,10.0,50.0,-0.33064846002484655,False,,
0506,West Brom,0.10527232803973856,-0.018057387086929604,0.552120181903296,-0.12878873967236187,0.6809089215756579,0.12332971512666815,0506,0203,19.0,26.0,0.04937931197420893,False,,
0506,West Ham,0.25368608112076857,-0.09811332795198593,-0.520492519371947,0.06512064503207626,-0.5856131644040232,0.35179940907275453,0506,0203,18.0,42.0,0.07018988606559455,False,,
0506,Wigan,-0.4662666466254992,0.08552305896955793,-1.009080874797853,0.18847259181987203,-1.197553466617725,-0.5517897055950571,,,,,,True,,
0607,Arsenal,-0.30169494969563626,0.05343503974956952,-0.5280943435816154,0.11576391509695576,-0.6438582586785712,-0.3551299894452058,0607,0506,4.0,67.0,0.6161043513507694,False,,
0607,Aston Villa,0.03965543306798772,-0.06923528798964076,-0.4292842239300066,0.016496522167938538,-0.44578074609794516,0.10889072105762848,0607,0506,16.0,42.0,-0.2737926788443073,False,,
0607,Blackburn,-0.175980769222106,0.06114305266192234,-0.1521747090180466,0.06683263082326851,-0.21900733984131512,-0.23712382188402836,0607,0506,6.0,63.0,0.08444503242236628,False,,
0607,Bolton,-0.6749367426504546,0.06084531888845384,-1.3804149051886396,0.19899286147344575,-1.5794077666620854,-0.7357820615389083,0607,0506,8.0,56.0,-0.20947943136156527,False,,
0607,Charlton,-0.12843161475003526,0.02416772596861935,-0.06112134356462436,-0.013234649360930828,-0.047886694203693535,-0.1525993407186546,0607,0506,13.0,47.0,-0.20210383943260826,False,,
0607,Chelsea,0.15510655498194084,-0.010681297980428925,0.07456055260739491,0.017668904780156508,0.056891647827238406,0.16578785296236975,0607,0506,1.0,91.0,-0.17093410273536414,False,,
0607,Everton,0.35382656118566963,-0.10685697254611443,0.2773354935920214,-0.08430260801677834,0.3616381016087998,0.46068353373178406,0607,0506,11.0,50.0,0.3175297403044481,False,,
0607,Fulham,-0.1881759955179277,-0.0626760201703898,-0.512600185479774,-0.011263374560685394,-0.5013368109190887,-0.12549997534753793,0607,0506,12.0,48.0,-0.24719510228677272,False,,
0607,Liverpool,-0.06873520841168064,0.1167736485841189,0.23182669730531794,0.06643120412681253,0.1653954931785054,-0.18550885699579955,0607,0506,3.0,82.0,0.9184865501735926,False,,
0607,Man City,0.06731659795992866,-0.07501695247466891,0.09780469131288083,-0.10452623120934985,0.20233092252223067,0.14233355043459756,0607,0506,15.0,43.0,-0.6047825309554475,False,,
0607,Man United,-0.4337482830895829,0.029368657856648328,-0.44719464517733093,0.06682457051560647,-0.5140192156929374,-0.46311694094623124,0607,0506,2.0,83.0,-0.3983981637463616,False,,
0607,Middlesbrough,-0.16667897598954273,0.0905957855660503,-0.001953373720407011,0.052795010136885034,-0.05474838385729205,-0.25727476155559303,0607,0506,14.0,45.0,-0.13081588404625377,False,,
0607,Newcastle,-0.01175131600154758,0.021903757978620597,0.14489273020213345,-0.02211927942283721,0.16701200962497065,-0.033655073980168176,0607,0506,7.0,58.0,0.6285368328738041,False,,
0607,Portsmouth,0.13551566142479943,-0.03965434538129984,-0.6547109221251918,0.10704592880168626,-0.7617568509268781,0.17517000680609926,0607,0506,17.0,38.0,0.8496599004901059,False,,
0607,Reading,-0.026682094936830585,-0.049145811335927596,-0.019570625644913815,-0.03794437829589682,0.018373752650983007,0.02246371639909701,,,,,,True,,
0607,Sheffield Utd,-0.43266491044979455,0.15973140299261532,-0.5765994403449285,0.15476566186108984,-0.7313651022060184,-0.5923963134424098,,,,,,True,,
0607,Tottenham,-1.0446416529893279,0.26933410097296673,-1.3405154641715367,0.34179418505270076,-1.6823096492242375,-1.3139757539622945,0607,0506,5.0,65.0,0.07445652671880765,False,,
0607,Watford,-0.043422894257672706,0.055296695591348886,-0.5443958115039478,0.11102130172702818,-0.655417113230976,-0.0987195898490216,,,,,,True,,
0607,West Ham,0.07053401602660854,0.00022984976440380833,0.3090353178499891,-0.06773045147849353,0.37676576932848266,0.07030416626220473,0607,0506,9.0,55.0,-0.3226099052510769,False,,
0607,Wigan,-0.004310250147777232,-0.0528426599898422,-0.2719713205579665,-0.017128316014570558,-0.254843004543396,0.04853240984206497,0607,0506,10.0,51.0,-0.061421931108104205,False,,
0708,Arsenal,0.042305241797886674,-0.09956412134112069,0.010706743090047674,-0.06692786335062052,0.07763460644066819,0.14186936313900736,0708,0607,3.0,68.0,-0.38589696125032924,False,,
0708,Aston Villa,-0.6187354764690947,-0.026685361753052153,-1.2269203575179388,0.13166064287295395,-1.3585810003908927,-0.5920501147160425,0708,0607,11.0,50.0,0.2815627465224524,False,,
0708,Birmingham,-0.1992502732919932,0.016702572998000487,-0.037672673885115714,-0.017501751210943634,-0.02017092267417208,-0.2159528462899937,,,,,,True,,
0708,Blackburn,-0.1693423892905964,0.0865473528451351,-0.8823301718060433,0.21860687251784694,-1.1009370443238904,-0.25588974213573146,0708,0607,10.0,52.0,0.3880918116286512,False,,
0708,Bolton,0.1375936907163488,-0.02189516114960469,0.6960903898632123,-0.14992403003075877,0.846014419893971,0.1594888518659535,0708,0607,7.0,56.0,0.21969777191389275,False,,
0708,Chelsea,-0.4737554252946587,0.09033699632297805,-0.2236097475407275,0.05553462487863299,-0.27914437241936046,-0.5640924216176367,0708,0607,2.0,83.0,-0.23847040159144225,False,,
0708,Derby,0.047583588073249826,-0.0611231234967533,0.08061680260280306,-0.14497286992795405,0.22558967253075712,0.10870671157000313,,,,,,True,,
0708,Everton,-0.024360784371441995,0.03617752536135923,0.09866766488599503,0.01729551893340999,0.08137214595258505,-0.06053830973280122,0708,0607,6.0,58.0,0.28324788438067233,False,,
0708,Fulham,0.5197148666851527,-0.039425820809423556,0.58136442608249,-0.07590004215875472,0.6572644682412446,0.5591406874945762,0708,0607,16.0,39.0,-0.1344351714457266,False,,
0708,Liverpool,0.011548351370822404,0.08318107844062639,-0.375568485675994,0.16830233453617943,-0.5438708202121734,-0.07163272706980399,0708,0607,4.0,68.0,-0.16279291366116333,False,,
0708,Man City,-0.32488180924395677,0.07593246506132864,-1.5755984350107026,0.30258338479861213,-1.8781818198093148,-0.4008142743052854,0708,0607,14.0,42.0,0.1989219477403476,False,,
0708,Man United,-1.6280983295384743,0.18282942424563625,-1.8472783666333497,0.24728279005913414,-2.094561156692484,-1.8109277537841106,0708,0607,1.0,89.0,-0.3095191566655774,False,,
0708,Middlesbrough,-0.19540786046623104,-0.05271970596178266,0.1615939554867111,-0.12517730311095937,0.2867712585976705,-0.14268815450444838,0708,0607,12.0,46.0,-0.005715468008108307,False,,
0708,Newcastle,0.14918402622029148,-0.013742776430397112,-0.42331486434600357,0.08523806537538274,-0.5085529297213863,0.1629268026506886,0708,0607,13.0,43.0,-0.5855108414829755,False,,
0708,Portsmouth,0.17538431976773336,-0.002735724354996902,0.322758750725393,-0.033822814018669725,0.3565815647440627,0.17812004412273025,0708,0607,9.0,54.0,-0.07887195862213657,False,,
0708,Reading,-0.39832357743467944,0.04130650217053852,-0.5141944876968515,0.049188595405392554,-0.563383083102244,-0.43963007960521794,0708,0607,8.0,55.0,-0.4323059234510703,False,,
0708,Sunderland,-0.05860813324903721,0.06020569486495167,-0.2695368361990074,0.07182057221526109,-0.34135740841426854,-0.11881382811398888,,,,,,True,,
0708,Tottenham,-0.1788842933300123,0.09399982263517213,0.030438051170364282,0.08606294226699002,-0.05562489109662573,-0.2728841159651844,0708,0607,5.0,60.0,0.5183964297399127,False,,
0708,West Ham,0.27675576237334204,-0.007935768813652197,0.13371289622361035,0.004796411512546839,0.1289164847110635,0.28469153118699425,0708,0607,15.0,41.0,0.8121187564843029,False,,
0708,Wigan,0.21982868285287904,-0.021436776486428603,-0.10589094501778214,0.013226490937212745,-0.11911743595499488,0.24126545933930765,0708,0607,18.0,38.0,-0.28642976602753983,False,,
0809,Arsenal,-0.27003302945594043,-0.07323678568186531,-0.4195101407116471,-0.014876264645594162,-0.40463387606605294,-0.19679624377407512,0809,0708,3.0,83.0,-0.05177364273503765,False,,
0809,Aston Villa,0.495633824480243,-0.1247431363717749,0.5746430696164596,-0.12717065397818295,0.7018137235946426,0.6203769608520179,0809,0708,6.0,60.0,0.05347261645552674,False,,
0809,Blackburn,0.307006363820516,-0.040955275977726094,0.7176070574538519,-0.13394537521718947,0.8515524326710413,0.3479616397982421,0809,0708,7.0,58.0,-0.0987364015390073,False,,
0809,Bolton,-0.26223551747513685,0.032679225945612796,-0.1777513277441416,0.0059556312384919236,-0.1837069589826335,-0.29491474342074964,0809,0708,16.0,37.0,-0.04654601534026238,False,,
0809,Chelsea,0.3200826194365132,-0.05421338692111569,0.2045730354604606,-0.017114136764033575,0.2216871722244942,0.37429600635762894,0809,0708,2.0,85.0,0.1267809117574304,False,,
0809,Everton,-0.12328585889982395,0.04448572678831906,1.1321983964727262,-0.1831310155531581,1.3153294120258843,-0.16777158568814302,0809,0708,5.0,65.0,-0.5962503024825481,False,,
0809,Fulham,-0.31763185449152487,0.048794099806979435,0.010744609377372205,-0.023351269475062872,0.03409587885243508,-0.36642595429850433,0809,0708,17.0,36.0,0.26426396230616866,False,,
0809,Hull,0.4370178023996644,-0.17488974074226815,0.5972391589432305,-0.2158847600327315,0.813123918975962,0.6119075431419325,,,,,,True,,
0809,Liverpool,-0.8849501371783358,0.008698086620351382,-1.2410558445976365,0.10615358446509196,-1.3472094290627286,-0.8936482237986872,0809,0708,4.0,76.0,-0.040060542537802425,False,,
0809,Man City,1.2767983795472064,-0.1470066363665703,1.553268731458571,-0.1856818256291511,1.738950557087722,1.4238050159137767,0809,0708,9.0,55.0,-0.05599164313183083,False,,
0809,Man United,-0.35598185414709826,0.05956543561765069,-0.4116014548003546,0.08577474569930746,-0.497376200499662,-0.415547289764749,0809,0708,1.0,87.0,0.27992405525072656,False,,
0809,Middlesbrough,0.1937921953433176,-0.02791143921018418,0.24650599451128444,-0.07689327110270994,0.32339926561399435,0.22170363455350178,0809,0708,13.0,42.0,0.6894015584448621,False,,
0809,Newcastle,-0.2467610957221488,0.07227049461484068,-0.11671361542412433,0.03142968264346515,-0.14814329806758947,-0.31903159033698947,0809,0708,12.0,43.0,0.3590928182782204,False,,
0809,Portsmouth,0.34479515170061686,-0.0186722987491962,0.6331132767768423,-0.09412143904030565,0.7272347158171479,0.36346745044981305,0809,0708,8.0,57.0,-0.42657328782876863,False,,
0809,Stoke,0.3299319214639634,-0.022667210549604442,0.6820507693653383,-0.10906792211221313,0.7911186914775514,0.35259913201356785,,,,,,True,,
0809,Sunderland,0.1772138209657327,0.020042165832105982,0.010706422974809024,0.022718419672984463,-0.01201199669817544,0.15717165513362674,0809,0708,15.0,39.0,0.08505046224834521,False,,
0809,Tottenham,-0.6332351360019528,-0.002995433300540487,-0.19809536176961084,-0.08285976921703304,-0.1152355925525778,-0.6302397027014123,0809,0708,11.0,46.0,-0.42459246628998887,False,,
0809,West Brom,0.15246016033437818,0.08440233418189266,-0.48666207009372947,0.17016647461484877,-0.6568285447085782,0.06805782615248551,,,,,,True,,
0809,West Ham,0.9649761403732137,-0.14484451292011485,1.6142906195271562,-0.27748695055961337,1.8917775700867696,1.1098206532933286,0809,0708,10.0,49.0,-0.07171126400574956,False,,
0809,Wigan,0.612258977733668,-0.12401013501010671,0.2580443940961325,-0.07876009962612411,0.3368044937222566,0.7362691127437747,0809,0708,14.0,40.0,-0.062092346832972635,False,,
0910,Arsenal,0.8659256055104786,-0.19960444903757824,0.9101197616682951,-0.16907781765991553,1.0791975793282107,1.0655300545480568,0910,0809,4.0,72.0,0.9658405856311039,False,,
0910,Aston Villa,-0.011895663833032736,-0.06288223608482048,-0.00108442819001775,-0.06437733040958575,0.063292902219568,0.050986572251787744,0910,0809,6.0,62.0,-0.16442481356066016,False,,
0910,Birmingham,-0.47911098460211843,0.04208934299440831,-1.0353130219083422,0.12639001743606643,-1.1617030393444086,-0.5212003275965267,,,,,,True,,
0910,Blackburn,-0.11466872026940773,0.05275180416567638,0.009915634157364739,0.00735743076843328,0.0025582033889314584,-0.16742052443508412,0910,0809,13.0,41.0,-0.24443636453386983,False,,
0910,Bolton,0.21770603611309325,-0.033827435868021304,0.40039738590708907,-0.09013124598033947,0.49052863188742857,0.25153347198111453,0910,0809,14.0,41.0,-0.05816859988970064,False,,
0910,Burnley,-0.07327885489597179,0.016505669471953657,-1.0417747296808102,0.17314722245936254,-1.2149219521401728,-0.08978452436792544,,,,,,True,,
0910,Chelsea,-0.5804157196300607,0.040501774671154296,-0.7597421916996115,0.12424807751797397,-0.8839902692175855,-0.620917494301215,0910,0809,3.0,83.0,0.24722201339280775,False,,
0910,Everton,-0.6008793797195776,-0.009000517644669838,-0.02188416390850619,-0.10111898884930834,0.07923482494080215,-0.5918788620749078,0910,0809,5.0,63.0,0.5016572383544842,False,,
0910,Fulham,-0.21292955272421774,0.047402937356477826,-0.17927998687222138,0.020380531572629527,-0.19966051844485092,-0.2603324900806956,0910,0809,7.0,53.0,0.4833747473375837,False,,
0910,Hull,-0.022643350883303215,0.02543662059160347,0.02243063359421882,-0.027144999361634337,0.049575632955853155,-0.04807997147490668,0910,0809,17.0,35.0,-0.5558647578638464,False,,
0910,Liverpool,1.0426031468785473,-0.10272809225950807,1.7107765637743741,-0.223520530653355,1.9342970944277291,1.1453312391380552,0910,0809,2.0,86.0,1.1586060043924327,False,,
0910,Man City,0.30714879144723933,-0.20659689054377628,0.2895992057982564,-0.1692038897051702,0.4588030955034266,0.5137456819910156,0910,0809,10.0,50.0,-0.1603099490488332,False,,
0910,Man United,0.2943989393846263,-0.021400245188927497,0.5127277511870341,-0.03613338856200998,0.548861139749044,0.3157991845735538,0910,0809,1.0,90.0,0.08956532403837181,False,,
0910,Portsmouth,-0.2904909888165637,0.11490090851850464,-0.1486261506105909,0.046201709256148915,-0.1948278598667398,-0.40539189733506836,0910,0809,15.0,41.0,-0.2695335546205833,False,,
0910,Stoke,-0.004888817044510422,0.0875775510713596,-0.12289050989506356,0.076959559984637,-0.19985006987970055,-0.09246636811587003,0910,0809,11.0,45.0,0.01371849242193749,False,,
0910,Sunderland,0.06493984552426907,-0.04022726980384979,0.25759180114154695,-0.0830968084469233,0.34068860958847025,0.10516711532811886,0910,0809,16.0,36.0,-0.2738788135860065,False,,
0910,Tottenham,0.5663495096317788,-0.036357366582747616,0.9934261863848155,-0.10221620697042427,1.0956423933552397,0.6027068762145263,0910,0809,8.0,51.0,0.08327036531369156,False,,
0910,West Ham,-0.048969095206300994,0.06721079527359872,-0.34576099058813825,0.10808619155362478,-0.453847182141763,-0.11617989047989971,0910,0809,9.0,51.0,-0.30485914592387287,False,,
0910,Wigan,-0.2793902058413045,-0.009252964672431247,-0.7175188080342307,0.04107989053975289,-0.7585986985739837,-0.2701372411688732,0910,0809,12.0,45.0,-0.2539465398338506,False,,
0910,Wolves,-0.17457708169028507,0.008176588831031537,-0.16802053692503072,-0.02808059021490096,-0.13993994671012977,-0.1827536705213166,,,,,,True,,
1011,Arsenal,0.4131970419168554,-0.14829449953701868,0.46069740092047634,-0.1280429174986638,0.5887403184191402,0.5614915414538741,1011,0910,3.0,75.0,-0.7292913200310948,False,,
1011,Aston Villa,-0.08186613937393868,-0.04261092189162017,0.1676688981670124,-0.09208142943544743,0.2597503276024598,-0.03925521748231851,1011,0910,6.0,64.0,-0.09339397753560033,False,,
1011,Birmingham,0.0905434673800829,-0.03988529309458891,-0.004705488925775085,-0.046614121224846025,0.04190863229907094,0.1304287604746718,1011,0910,9.0,50.0,-0.0373819505251937,False,,
1011,Blackburn,0.04669737545245093,-0.00605306951860389,-0.3619156003782346,0.06064147905752468,-0.42255707943575926,0.05275044497105482,1011,0910,10.0,50.0,0.14899708447261517,False,,
1011,Blackpool,0.16418659466270932,-0.06671285393371713,0.2662512819474659,-0.07148427397391403,0.33773555592137994,0.23089944859642647,,,,,,True,,
1011,Bolton,0.2765957866139052,0.05608858875027238,0.42039107146435417,0.024046713099251896,0.3963443583651023,0.22050719786363282,1011,0910,14.0,39.0,-0.049081277447577835,False,,
1011,Chelsea,1.514966759225928,-0.22090255708194795,1.041128721665806,-0.11770592064373922,1.1588346423095452,1.735869316307876,1011,0910,1.0,86.0,1.0725426361991195,False,,
1011,Everton,-0.7157266383813018,0.08310998466344378,-0.7193157013434913,0.08461687716452411,-0.8039325785080155,-0.7988366230447456,1011,0910,8.0,61.0,0.032346145793139824,False,,
1011,Fulham,-0.14177770829428984,0.05831752002955701,-0.29064250068671366,0.08076395725095911,-0.3714064579376728,-0.20009522832384685,1011,0910,12.0,46.0,-0.33950808783956415,False,,
1011,Liverpool,-0.5369377754827248,0.01730488022398835,-0.29834351326316083,-0.01449707172913102,-0.2838464415340298,-0.5542426557067132,1011,0910,7.0,63.0,-0.093856444683685,False,,
1011,Man City,-0.24366520612218853,0.07195678404915826,-0.7487617964875225,0.17318520207840732,-0.9219469985659299,-0.3156219901713468,1011,0910,5.0,67.0,0.08559352966813363,False,,
1011,Man United,0.6800796866278835,-0.0834867260841151,1.24695278217577,-0.16255840141324673,1.4095111835890166,0.7635664127119987,1011,0910,2.0,85.0,0.050850387360247065,False,,
1011,Newcastle,-0.005453219550796029,0.07546903969640738,-0.22957979565755626,0.12138798071816613,-0.3509677763757224,-0.0809222592472034,,,,,,True,,
1011,Stoke,-0.06915908806245989,0.0423634402668392,0.1640071443061395,-0.011431802270682495,0.175438946576822,-0.1115225283292991,1011,0910,11.0,47.0,-0.2632469617201073,False,,
1011,Sunderland,0.012470110298989404,-0.033392684558422245,-0.31674921991436694,0.018820993825639815,-0.33557021374000673,0.04586279485741165,1011,0910,13.0,44.0,-0.021374605923366524,False,,
1011,Tottenham,-0.5967811949285724,0.06209955634476502,-0.8638394280334035,0.11869398521591397,-0.9825334132493175,-0.6588807512733375,1011,0910,4.0,70.0,-0.02417889966447332,False,,
1011,West Brom,-0.02283013788393092,-0.007003697558054696,-0.24135516936087983,0.04662657209277092,-0.28798174145365074,-0.015826440325876222,,,,,,True,,
1011,West Ham,-0.3402991212449274,0.05657104247345602,-0.14269733488477723,0.0029506930187680747,-0.1456480279035453,-0.3968701637183834,1011,0910,17.0,35.0,-0.10427022606169797,False,,
1011,Wigan,-0.6650679406939058,0.20031489257295698,-0.00870978084108113,0.05131164583439439,-0.06002142667547552,-0.8653828332668628,1011,0910,16.0,36.0,-0.08761410281750251,False,,
1011,Wolves,-0.017017479508159777,-0.02070937447176606,-0.016171625566844556,-0.029542058484670647,0.013370432917826091,0.0036918949636062827,1011,0910,15.0,38.0,0.26849380081110114,False,,
1112,Arsenal,-0.5385005157938654,0.06330289163976263,0.4352849980879003,-0.08541370776201093,0.5206987058499112,-0.601803407433628,1112,1011,4.0,68.0,-0.32612842037525486,False,,
1112,Aston Villa,0.032365220803145224,0.0017259809331570813,-0.3941510151643682,0.05594102998875247,-0.4500920451531206,0.030639239869988143,1112,1011,9.0,48.0,-0.04045052371522377,False,,
1112,Blackburn,0.005166811628947905,-0.0006295781419020409,0.2268870442217655,-0.05014394416453291,0.2770309883862984,0.005796389770849946,1112,1011,15.0,43.0,-0.11001097773682218,False,,
1112,Bolton,0.26683236636349555,-0.028185203640256923,0.44610866253790654,-0.07629814801124499,0.5224068105491515,0.2950175700037525,1112,1011,12.0,46.0,-0.07745497567424015,False,,
1112,Chelsea,0.37033042994391785,-0.07574864714679538,0.369398991823309,-0.058189868300504086,0.4275888601238131,0.44607907709071326,1112,1011,2.0,71.0,-0.02828157875145292,False,,
1112,Everton,-0.45944219174003864,0.01244577896334323,-0.1465217955874356,-0.0472250776049673,-0.09929671798246831,-0.47188797070338184,1112,1011,7.0,54.0,0.07792027694261977,False,,
1112,Fulham,-0.5824439630841386,0.21768127076339036,-0.7452944378656019,0.23553045346049994,-0.9808248913261018,-0.800125233847529,1112,1011,8.0,49.0,0.691583083722616,False,,
1112,Liverpool,-0.04333684005212348,-0.009890937336392625,0.2590233568462674,-0.07340760594577608,0.33243096279204354,-0.033445902715730856,1112,1011,6.0,58.0,0.8681360006878762,False,,
1112,Man City,0.7045342364614152,-0.2191466213765401,0.8359442731784027,-0.20704872914250982,1.0429930023209124,0.9236808578379553,1112,1011,3.0,71.0,0.06995153670919127,False,,
1112,Man United,1.419611714291661,-0.2759816649304848,1.3882958224595157,-0.234397385015522,1.6226932074750375,1.6955933792221458,1112,1011,1.0,80.0,-0.3970336889179677,False,,
1112,Newcastle,-0.47733936036415453,0.024322019018126313,-1.195446883984441,0.16756885312670114,-1.3630157371111422,-0.5016613793822808,1112,1011,13.0,46.0,-0.2055011992837702,False,,
1112,Norwich,-0.28353646482004663,0.03751788239297436,-0.46996412749796845,0.07385587897564014,-0.5438200064736086,-0.321054347213021,,,,,,True,,
1112,QPR,-0.5282924702661206,0.04234090277341526,-0.8553529066356774,0.08919558064554878,-0.9445484872812262,-0.5706333730395359,,,,,,True,,
1112,Stoke,-0.11690118395724126,0.07236377667542065,-0.5693587172674416,0.12757636461254906,-0.6969350818799906,-0.1892649606326619,1112,1011,14.0,46.0,0.17258870936963636,False,,
1112,Sunderland,0.030242365259175674,-0.01963734118184685,-0.09090820477487142,-0.007378514823826801,-0.08352968995104462,0.04987970644102252,1112,1011,10.0,47.0,-0.027650264182482176,False,,
1112,Swansea,-0.3101790483097472,0.14570117043466674,-0.39296442691335814,0.1433090361395471,-0.5362734630529052,-0.4558802187444139,,,,,,True,,
1112,Tottenham,0.28156841442305863,-0.06753221850101813,0.665834425007913,-0.12290000502093039,0.7887344300288434,0.3491006329240768,1112,1011,5.0,62.0,-0.14594055743355225,False,,
1112,West Brom,-0.5538581987781229,0.158732004679137,-0.6085887307107933,0.1540707567170791,-0.7626594874278725,-0.71259020345726,1112,1011,11.0,47.0,0.5961885706699473,False,,
1112,Wigan,-0.20300247624367726,0.050221754162871717,-0.5064902030907166,0.0870046586330864,-0.593494861723803,-0.25322423040654896,1112,1011,16.0,42.0,0.27648114379427374,False,,
1112,Wolves,-0.2746331465074248,0.052244581454653355,-0.8668335630819057,0.134571383687753,-1.0014049467696586,-0.32687772796207815,1112,1011,17.0,40.0,0.25426864837745106,False,,
1213,Arsenal,0.0990348569351464,0.06595805149742259,-0.25770202000615355,0.1502947241819607,-0.40799674418811427,0.0330768054377238,1213,1112,3.0,70.0,-0.2799357098096862,False,,
1213,Aston Villa,-0.3019222984985815,0.03327430816435402,-0.300707038019737,0.023529732378139254,-0.3242367703978763,-0.3351966066629355,1213,1112,16.0,38.0,-0.324536925485131,False,,
1213,Chelsea,-0.3643505063357259,0.05359603857432686,-0.7330901708983264,0.1486376275704554,-0.8817277984687818,-0.4179465449100528,1213,1112,6.0,64.0,0.01094647734479438,False,,
1213,Everton,0.4609658387697276,-0.06760345309300639,0.3846980454275996,-0.05239575750474239,0.437093802932342,0.5285692918627339,1213,1112,7.0,56.0,0.9117560834657873,False,,
1213,Fulham,0.8810442179377941,-0.13427281795523505,0.7045814649709131,-0.10790725403455227,0.8124887190054654,1.015317035893029,1213,1112,8.0,52.0,-0.10419072080769452,False,,
1213,Liverpool,-0.1389670563235863,-0.020519326668839266,0.6314866437675705,-0.13995806424336005,0.7714447080109306,-0.11844772965474704,1213,1112,9.0,52.0,0.09451506060681931,False,,
1213,Man City,0.37267348387706106,-0.059318862491828085,0.8541445872558263,-0.1375213888289255,0.9916659760847518,0.43199234636888917,1213,1112,1.0,89.0,-0.003421852893801744,False,,
1213,Man United,0.024621316573686047,-0.025145339970722352,0.30552649759450573,-0.034130752459264,0.33965725005376973,0.0497666565444084,1213,1112,2.0,89.0,-0.2832617461498752,False,,
1213,Newcastle,0.06895671708074146,-0.04768229239486292,-0.4868229878489447,0.043553909810923594,-0.5303768976598683,0.11663900947560438,1213,1112,5.0,65.0,0.17308656571653955,False,,
1213,Norwich,-0.5335079719815483,0.0020654102663719698,0.13355618998218563,-0.13847543025922265,0.27203162024140826,-0.5355733822479203,1213,1112,10.0,47.0,-0.027000131744452815,False,,
1213,QPR,-0.021571110321593628,0.022184491896388717,0.4465476860844308,-0.10893213139840341,0.5554798174828341,-0.043755602217982345,1213,1112,17.0,37.0,0.4534749025686041,False,,
1213,Reading,0.19758046011389852,-0.06510821212060837,0.4151349003404565,-0.12439403827180272,0.5395289386122593,0.26268867223450687,,,,,,True,,
1213,Southampton,0.3659216996721058,-0.14447334906413994,1.5478375785028355,-0.3682851742216375,1.916122752724473,0.5103950487362457,,,,,,True,,
1213,Stoke,0.1971216283418873,0.0032935587963164904,-0.23558385378451244,0.05585781080465681,-0.29144166458916926,0.1938280695455708,1213,1112,13.0,45.0,-0.07685759017588116,False,,
1213,Sunderland,-0.10606111921210108,0.05082603453364211,-0.5006008829034129,0.10320990426417546,-0.6038107871675883,-0.1568871537457432,1213,1112,14.0,45.0,-0.3277680572304369,False,,
1213,Swansea,0.49584060366788485,-0.02180200501756459,0.9649109196676665,-0.12291101067545752,1.087821930343124,0.5176426086854494,1213,1112,11.0,47.0,0.08557735725587412,False,,
1213,Tottenham,-0.22622810030597926,-0.08926912935703987,-0.06964644849289048,-0.09477750350892598,0.025131055016035506,-0.13695897094893938,1213,1112,4.0,69.0,-0.49569827509822767,False,,
1213,West Brom,-0.1025221725964343,0.028224961529253023,-0.8567476248397714,0.1695514515635384,-1.0262990764033098,-0.13074713412568734,1213,1112,12.0,47.0,-0.12225774157528008,False,,
1213,West Ham,-0.10839065253071933,0.060802046924606105,-0.38724262652266983,0.09788812179002868,-0.48513074831269853,-0.16919269945532545,,,,,,True,,
1213,Wigan,-0.2998738005047829,0.12038622236189175,-0.4922638072589902,0.14038196130746533,-0.6326457685664555,-0.42026002286667463,1213,1112,15.0,43.0,0.6791712808806433,False,,
1314,Arsenal,0.18458843006382855,-0.007422357214995519,0.3990120222184077,-0.028933711365220202,0.4279457335836279,0.19201078727882406,1314,1213,4.0,73.0,-0.1364863888774847,False,,
1314,Aston Villa,0.5413678150720767,-0.16336159005087614,-0.16269962711286082,-0.051285172309468705,-0.11141445480339211,0.7047294051229528,1314,1213,14.0,41.0,0.8133353823356246,False,,
1314,Cardiff,0.1466968995331229,-0.04518166501870653,-0.6298208712344332,0.057607146427972544,-0.6874280176624057,0.19187856455182944,,,,,,True,,
1314,Chelsea,-0.8231409041941052,0.13040405390682652,-1.0028427590165225,0.1794591695744696,-1.1823019285909921,-0.9535449581009318,1314,1213,3.0,75.0,0.01282762953191033,False,,
1314,Crystal Palace,-0.1812341451727185,0.03306211159597584,0.22720413081829863,-0.0718881411807594,0.299092271999058,-0.21429625676869435,,,,,,True,,
1314,Everton,-0.12187480123963328,0.0406482071843426,0.0607803822643728,0.015961593707260913,0.04481878855711189,-0.16252300842397588,1314,1213,6.0,63.0,-0.1781014783047788,False,,
1314,Fulham,-0.44374697347132663,0.0897711599930508,-1.1054265889294,0.1855146229045484,-1.2909412118339483,-0.5335181334643775,1314,1213,12.0,43.0,-0.20504193770728166,False,,
1314,Hull,0.07331281412940398,0.0846595755423888,-0.22072321334524883,0.1117609986220204,-0.33248421196726924,-0.011346761412984824,,,,,,True,,
1314,Liverpool,-1.3163298749011048,0.20529818611547665,-1.8872818333423995,0.39096779118929026,-2.2782496245316897,-1.5216280610165813,1314,1213,7.0,61.0,-0.14192650413421473,False,,
1314,Man City,-0.5033312367142785,0.08388224400738259,-0.13660041382913843,0.07179210630719951,-0.20839252013633794,-0.5872134807216611,1314,1213,2.0,78.0,-0.32233521317784775,False,,
1314,Man United,-0.1043208744327746,0.03456239701012123,-0.2691362076067802,0.08043931211074172,-0.34957551971752193,-0.13888327144289583,1314,1213,1.0,89.0,-0.3673020440098846,False,,
1314,Newcastle,-0.051569514213438215,-0.008383062117684806,0.16835228021577384,-0.06423013119636241,0.23258241141213626,-0.043186452095753405,1314,1213,15.0,41.0,-0.4563817520756853,False,,
1314,Norwich,-0.05318506874336435,-0.003974042379523195,-0.5335183268079962,0.04137818829728142,-0.5748965151052776,-0.04921102636384116,1314,1213,11.0,44.0,0.2514925169712017,False,,
1314,Southampton,-0.6264791245228624,0.12778556261331947,-1.4435383933921766,0.28319758372972204,-1.7267359771218986,-0.7542646871361818,1314,1213,16.0,41.0,-0.25353836194043805,False,,
1314,Stoke,-0.4427183740303405,0.05314723974141869,-1.0693079932129919,0.16111959141081708,-1.2304275846238089,-0.4958656137717592,1314,1213,13.0,42.0,-0.1239559178785844,False,,
1314,Sunderland,-0.563683406993663,0.008971091485663309,0.11701321797853488,-0.1324581121766908,0.24947133015522566,-0.5726544984793264,1314,1213,17.0,39.0,-0.06477047319748526,False,,
1314,Swansea,0.07556156159362067,0.04293072290138177,0.0002139257067162633,0.05784735411494607,-0.057633428408229805,0.032630838692238893,1314,1213,9.0,46.0,-0.37190607795962216,False,,
1314,Tottenham,-0.36445082886031105,0.09818144909853055,-1.2257894658753978,0.2631584617153823,-1.4889479275907802,-0.4626322779588416,1314,1213,5.0,72.0,0.08951766792749563,False,,
1314,West Brom,-0.2308604357413994,-0.018739306517831743,-0.9497483216616276,0.10405315270064379,-1.0538014743622715,-0.21212112922356766,1314,1213,8.0,49.0,0.11828251026217396,False,,
1314,West Ham,-0.36765357732188636,0.12045329204268103,-0.6822451841574395,0.1579287352940892,-0.8401739194515288,-0.4881068693645674,1314,1213,10.0,46.0,0.0950702676131917,False,,
1415,Arsenal,-0.03469846513130063,0.040124174789630755,0.14317318987609587,0.03216377826337111,0.11100941161272476,-0.07482263992093138,1415,1314,4.0,79.0,-0.06904951799871252,False,0.0,40.0
1415,Aston Villa,-0.1282356766548962,0.010994728853062297,-0.6029900048856435,0.06853047359833563,-0.6715204784839791,-0.1392304055079585,1415,1314,14.0,38.0,-0.1819197896383915,False,0.0,61.0
1415,Burnley,-0.5306857318329848,0.07714184632717738,-0.6012344707187606,0.055998503527254516,-0.6572329742460151,-0.6078275781601622,,,,,,True,0.0,47.0
1415,Chelsea,1.1548730357043893,-0.2680111077822958,1.488744886315447,-0.3033502058128591,1.792095092128306,1.422884143486685,1415,1314,3.0,82.0,-0.005710591183702176,False,0.0,90.0
1415,Crystal Palace,0.3476685384079882,-0.09543549671323376,0.7288107433353401,-0.1668741263317638,0.8956848696671039,0.443104035121222,1415,1314,11.0,45.0,0.5510533148263783,False,1.0,80.0
1415,Everton,0.8540070726202513,-0.14453225973456252,1.7526440096483735,-0.3138780849317502,2.0665220945801237,0.9985393323548138,1415,1314,5.0,72.0,0.5487498584342425,False,0.0,33.0
1415,Hull,0.5601803964751633,-0.11209869829122374,1.1141682072761174,-0.24137317485768825,1.3555413821338056,0.672279094766387,1415,1314,16.0,37.0,-0.17858674395514224,False,0.0,58.0
1415,Leicester,0.4730749937402013,-0.0669060653453033,0.437798036533212,-0.06485564136276413,0.5026536778959761,0.5399810590855045,,,,,,True,0.0,55.0
1415,Liverpool,0.007366868036741543,-0.03266349895413048,0.10611385430232094,-0.043262348941105394,0.14937620324342632,0.04003036699087203,1415,1314,2.0,84.0,0.25133338804879135,False,0.0,46.0
1415,Man City,-0.02881773277071309,-0.028649832311546553,0.0755892660139265,-0.0032837498397414733,0.07887301585366797,-0.00016790045916653673,1415,1314,1.0,86.0,0.05969031843246574,False,0.0,30.0
1415,Man United,0.04467685058308716,0.02942682882599256,0.7571639824178865,-0.08923606742378233,0.8464000498416688,0.015250021757094598,1415,1314,7.0,64.0,0.10172481125452419,False,0.0,51.0
1415,Newcastle,-0.1508208401235538,0.05764952630985402,0.20953809102009782,-0.027770823677150433,0.23730891469724824,-0.2084703664334078,1415,1314,10.0,49.0,-0.5473299005069726,False,0.0,48.0
1415,QPR,-0.3830489435217035,0.09722777232036214,-0.13126534193038775,0.035793728630076224,-0.16705907056046398,-0.48027671584206566,,,,,,True,0.0,70.0
1415,Southampton,0.28380113421221687,0.011938238496304848,0.15606832540897755,0.03920291569170686,0.11686540971727069,0.27186289571591205,1415,1314,8.0,56.0,0.17338499862474754,False,0.0,46.0
1415,Stoke,-0.6048072263641496,0.13360733391309373,-0.9128311859735199,0.18998416057077389,-1.1028153465442938,-0.7384145602772434,1415,1314,9.0,50.0,0.3828070122477755,False,0.0,37.0
1415,Sunderland,-0.07831993042007616,-0.03220998824096387,-0.3505018977971485,-0.008747738355416465,-0.34175415944173204,-0.046109942179112295,1415,1314,15.0,38.0,0.48252873429277043,False,0.0,52.0
1415,Swansea,0.22377889822330518,-0.07937200298561087,-0.059257595058233394,-0.027724250825878857,-0.031533344232354536,0.3031509012089161,1415,1314,12.0,42.0,0.32561151472860544,False,0.0,51.0
1415,Tottenham,-0.3274014944643108,0.041457530005002845,-0.49850707045114956,0.09291982155439701,-0.5914268920055465,-0.3688590244693137,1415,1314,6.0,69.0,0.31875355391724564,False,0.0,44.0
1415,West Brom,0.16142401680132842,-0.027021505796555198,0.07370476053612045,-0.02792079791213714,0.10162555844825759,0.1884455225978836,1415,1314,17.0,36.0,0.06489943241003579,False,0.0,36.0
1415,West Ham,0.592199018492482,-0.10942919023933463,0.9854997781578595,-0.1898397046724381,1.1753394828302977,0.7016282087318166,1415,1314,13.0,40.0,-0.08866855501362333,False,0.0,51.0
1516,Arsenal,-1.0641538619127842,0.05409966493767586,-1.180472385803694,0.09644845789380777,-1.276920843697502,-1.11825352685046,1516,1415,3.0,75.0,-0.07248707432435464,False,0.0,27.0
1516,Aston Villa,0.28954229803459647,-0.059719927866887804,-0.07265846826971427,-0.0476111701516828,-0.02504729811803147,0.34926222590148426,1516,1415,16.0,38.0,0.764586949636539,False,0.0,61.0
1516,Bournemouth,0.009662068960674156,0.015117272891634885,-0.2892865051091588,0.05914915278678287,-0.34843565789594166,-0.005455203930960729,,,,,,True,0.0,69.0
1516,Chelsea,0.10537053528525571,0.02253166953469382,0.6951749556336294,-0.07622099654989367,0.7713959521835231,0.08283886575056189,1516,1415,1.0,87.0,-0.41679875979654024,False,0.0,76.0
1516,Crystal Palace,0.32304004195102026,-0.041953593462859026,0.056284900420419705,-0.012195728628780475,0.06848062904920019,0.3649936354138793,1516,1415,10.0,48.0,0.3406298878678682,False,0.0,42.0
1516,Everton,0.01789169713681323,0.09025712797509755,-0.7271188273640906,0.239531554893098,-0.9666503822571886,-0.07236543083828433,1516,1415,11.0,47.0,0.13163824971246532,False,0.0,35.0
1516,Leicester,0.138666885809095,-0.07699691578103629,0.718791401185578,-0.1652560039413275,0.8840474051269056,0.2156638015901313,1516,1415,14.0,41.0,0.9015081210556801,False,1.0,57.0
1516,Liverpool,-1.015825554999583,0.21794453405999936,-1.1740960192174343,0.2656638883449113,-1.4397599075623457,-1.2337700890595822,1516,1415,6.0,62.0,-0.3517161374695927,False,0.0,48.0
1516,Man City,0.20676352220149652,0.029408060409225112,-0.4747308273644302,0.1799509386870981,-0.6546817660515283,0.1773554617922714,1516,1415,2.0,79.0,0.15512719773215433,False,0.0,47.0
1516,Man United,0.17274854474491222,-0.05710193592254793,0.10411807167551279,-0.04626525215767928,0.15038332383319208,0.22985048066746017,1516,1415,4.0,70.0,-0.04655662209881668,False,0.0,41.0
1516,Newcastle,-0.5163187885349749,0.08364664000619446,-0.8208149748607249,0.12880323415273037,-0.9496182090134553,-0.5999654285411694,1516,1415,15.0,39.0,-0.31388817533430374,False,1.0,49.0
1516,Norwich,0.4353463500583632,-0.029808032285760504,0.39190313179990316,-0.049220594649462074,0.44112372644936526,0.4651543823441237,,,,,,True,0.0,63.0
1516,Southampton,-0.45032498936248394,0.05800637618285817,-0.024527720609146614,-0.010739155460497252,-0.013788565148649363,-0.5083313655453421,1516,1415,7.0,60.0,0.12734595391166142,False,0.0,33.0
1516,Stoke,-0.12093048754608475,0.024475830411665234,-0.22947668383781764,0.02775209913290863,-0.25722878297072627,-0.14540631795775,1516,1415,9.0,54.0,0.284148100745602,False,0.0,27.0
1516,Sunderland,-0.35351663158164964,0.08522192075251978,0.27235800732485216,-0.037818960288303255,0.3101769676131554,-0.4387385523341694,1516,1415,17.0,38.0,3.075602007061168e-05,False,0.0,54.0
1516,Swansea,-0.018180440369495437,-0.040946400277948346,-0.4875808851572048,0.034843014227195254,-0.5224238993844,0.02276595990845291,1516,1415,8.0,56.0,0.08394345195072549,False,0.0,44.0
1516,Tottenham,-0.9062724308063146,0.14908660011869804,-1.1501453024255628,0.21471814217938412,-1.3648634446049468,-1.0553590309250127,1516,1415,5.0,64.0,-0.27810627853940467,False,0.0,32.0
1516,Watford,-0.13647208169942995,0.09201061848855605,-0.631813296075594,0.1641144033527246,-0.7959276994283186,-0.228482700187986,,,,,,True,0.0,63.0
1516,West Brom,-0.27738880313469255,0.0017880515614826162,-0.4413597648376033,0.008994212567750785,-0.4503539774053541,-0.27917685469617515,1516,1415,13.0,44.0,0.2085136864350646,False,0.0,25.0
1516,West Ham,0.4447401693706053,-0.15553391731239147,0.034227280102959355,-0.05157394754902579,0.08580122765198514,0.6002740866829968,1516,1415,12.0,47.0,-0.6971644517300798,False,1.0,51.0
1617,Arsenal,0.4460384752410546,-0.12033923431482962,0.4527855262793082,-0.08717667961473595,0.5399622058940441,0.5663777095558842,1617,1516,2.0,71.0,0.31911637724742425,False,0.0,23.0
1617,Bournemouth,-0.5979819106505958,0.16647341463043494,-0.966998477122304,0.2394693912777934,-1.2064678684000973,-0.7644553252810308,1617,1516,15.0,42.0,0.10895762199712582,False,0.0,50.0
1617,Burnley,-0.3571396529610486,0.0975810122777326,-0.5062853789635585,0.10161671198711797,-0.6079020909506765,-0.4547206652387812,,,,,,True,0.0,53.0
1617,Chelsea,-0.706526467438901,0.09040229268616108,-0.11863856577510479,0.013324409377386229,-0.131962975152491,-0.7969287601250621,1617,1516,10.0,50.0,0.1369223423342539,False,1.0,57.0
1617,Crystal Palace,0.32622444837253955,-0.04371447560036727,0.06546416537634792,0.0008244025123984311,0.06463976286394948,0.36993892397290684,1617,1516,16.0,42.0,-0.1899327923524265,False,0.0,46.0
1617,Everton,0.07024408025022082,-0.016221959223176104,-0.2429317941465917,0.055253735814268595,-0.2981855299608603,0.08646603947339693,1617,1516,11.0,47.0,-0.6841780199560648,False,1.0,36.0
1617,Hull,0.30133424471949505,0.03050700262312724,0.05293395498339515,0.035003580908384416,0.017930374075010733,0.2708272420963678,,,,,,True,1.0,43.0
1617,Leicester,0.05308016696563914,6.601757764598468e-05,0.16979411423912705,-0.029637211042691597,0.19943132528181864,0.05301414938799316,1617,1516,1.0,81.0,-0.073000427700366,False,0.0,35.0
1617,Liverpool,0.7415142784956418,-0.1700881120764744,0.8714972001366498,-0.1607420908767171,1.0322392910133669,0.9116023905721162,1617,1516,8.0,60.0,0.28364933629263633,False,0.0,40.0
1617,Man City,0.6344006850510796,-0.13532586603709681,0.5804061944945857,-0.0923486547227239,0.6727548492173097,0.7697265510881764,1617,1516,4.0,66.0,0.09243622086308662,False,1.0,56.0
1617,Man United,0.4324672894855328,-0.10335794983262192,0.8910292246983392,-0.18819738965648064,1.07922661435482,0.5358252393181547,1617,1516,5.0,66.0,-0.11446294455021198,False,1.0,21.0
1617,Middlesbrough,0.31632885034665936,-0.061721282751767026,0.512694261340008,-0.13964960243578275,0.6523438637757907,0.3780501330984264,,,,,,True,0.0,37.0
1617,Southampton,-0.04338235274722583,-0.013440952243128301,-0.26733399409566433,0.012695502402987849,-0.28002949649865216,-0.029941400504097528,1617,1516,6.0,63.0,0.8205073862919628,False,1.0,21.0
1617,Stoke,-0.24004520817844874,0.055906700038647394,0.7232311884775381,-0.14443867663621252,0.8676698651137507,-0.29595190821709616,1617,1516,9.0,51.0,0.07475771173076573,False,0.0,27.0
1617,Sunderland,0.18034584211603175,0.001106987440060117,0.17453389649932724,-0.04864958931662708,0.22318348581595432,0.17923885467597162,1617,1516,17.0,39.0,0.15314381903527396,False,1.0,48.0
1617,Swansea,-0.41106233744815496,0.015571462916845923,-0.5728938739519361,0.03639505524900556,-0.6092889292009417,-0.42663380036500087,1617,1516,12.0,47.0,0.2838773850607906,False,0.0,38.0
1617,Tottenham,-0.61432545620874,0.11183025994853163,-0.7186796663686609,0.1568698299408304,-0.8755494963094913,-0.7261557161572716,1617,1516,3.0,70.0,0.19531045674986028,False,0.0,16.0
1617,Watford,0.7256077230635775,-0.21541988859326414,0.6896375217786209,-0.22757285058631732,0.9172103723649383,0.9410276116568416,1617,1516,13.0,45.0,-0.00246643776126685,False,1.0,61.0
1617,West Brom,0.0278921198824905,0.07906533054055824,-0.16825216066997065,0.09700717842816278,-0.26525933909813343,-0.051173210658067736,1617,1516,14.0,43.0,-0.35928685660189685,False,0.0,27.0
1617,West Ham,-0.13958060397166444,-0.06281200411506152,0.6688750915609095,-0.2179095412261308,0.8867846327870403,-0.07676859985660292,1617,1516,7.0,62.0,0.7433479669476211,False,0.0,36.0
1718,Arsenal,-0.4965559309748307,0.18292026568839304,-0.5883116777707861,0.23506671652388156,-0.8233783942946676,-0.6794761966632237,1718,1617,5.0,75.0,-0.05504036646041702,False,0.0,26.0
1718,Bournemouth,-0.5030689686008962,0.13377099268038928,-0.37210156695258734,0.09791888598377743,-0.47002045293636474,-0.6368399612812855,1718,1617,8.0,46.0,0.07148457467750666,False,0.0,29.0
1718,Brighton,-0.005520483506002927,0.07612440560877778,-0.3477380133859222,0.10847832908734041,-0.4562163424732626,-0.08164488911478071,,,,,,True,0.0,45.0
1718,Burnley,0.05095888955364788,-0.08941999523829625,-0.2566733814627722,-0.046663597339185306,-0.2100097841235869,0.14037888479194413,1718,1617,16.0,40.0,-0.19066747100778794,False,0.0,42.0
1718,Chelsea,0.34212095471634313,-0.09390668378695731,0.11178766384259364,-0.035746674046113584,0.14753433788870723,0.43602763850330045,1718,1617,1.0,93.0,0.3239040017463629,False,0.0,71.0
1718,Crystal Palace,-1.0405946278695428,0.27568137497444534,-0.4729886504457985,0.15623242812017585,-0.6292210785659744,-1.3162760028439882,1718,1617,14.0,41.0,0.2249455860501323,False,1.0,33.0
1718,Everton,-0.29778407527716994,0.13687828431326693,-0.4788408211349764,0.1554261219870495,-0.6342669431220259,-0.43466235959043686,1718,1617,7.0,61.0,-0.18700037996989907,False,0.0,44.0
1718,Huddersfield,0.05181883826670433,-1.1782431862752268e-05,-0.7718347780641747,0.1131247311498166,-0.8849595092139912,0.05183062069856709,,,,,,True,0.0,38.0
1718,Leicester,0.1261163416688042,-0.12919190879553188,0.3570116542855606,-0.15307471109622245,0.5100863653817831,0.2553082504643361,1718,1617,12.0,44.0,0.22135730182776242,False,0.0,27.0
1718,Liverpool,-0.10572862011931926,0.022825718139096125,0.5071051182186624,-0.05172023606918415,0.5588253542878466,-0.1285543382584154,1718,1617,4.0,76.0,-0.30937385559180747,False,0.0,28.0
1718,Man City,0.5188747590619726,-0.183298472387037,0.19441491934404245,-0.07343078446296884,0.2678457038070113,0.7021732314490096,1718,1617,3.0,78.0,0.5019430998566303,False,0.0,63.0
1718,Man United,0.6863101335925962,-0.1763955010008218,0.43495844154982105,-0.11299162708470084,0.5479500686345219,0.862705634593418,1718,1617,6.0,69.0,-0.05256346284591727,False,0.0,22.0
1718,Newcastle,-0.1511627857689661,0.016325110635389627,-0.26760363515065877,0.02190200428700513,-0.2895056394376639,-0.16748789640435574,,,,,,True,0.0,56.0
1718,Southampton,-0.43576911140130936,0.08107485428182837,-0.7710440972941589,0.12093335062870345,-0.8919774479228624,-0.5168439656831377,1718,1617,9.0,46.0,-0.22534110031073662,False,1.0,26.0
1718,Stoke,-0.016024847095576705,-0.01695696568978905,-0.11946991806029983,-0.02755346876043476,-0.09191644929986506,0.0009321185942123451,1718,1617,13.0,44.0,-0.2391067651167372,False,0.0,35.0
1718,Swansea,-0.13214514708547642,0.0992006362672806,-0.4523724085146373,0.11549642085049715,-0.5678688293651344,-0.23134578335275702,1718,1617,15.0,41.0,-0.2709720855228141,False,0.0,45.0
1718,Tottenham,-0.2688239794915353,-0.010827233028037037,-0.23026874859880198,0.010882209438541735,-0.2411509580373437,-0.25799674646349824,1718,1617,2.0,86.0,0.711076262000624,False,0.0,27.0
1718,Watford,0.36886786482176276,-0.11775051733787383,0.3175409216532931,-0.11588115602762014,0.43342207768091323,0.4866183821596366,1718,1617,17.0,40.0,-0.3447598166746461,False,1.0,62.0
1718,West Brom,-0.3112599699045507,0.015103667745436443,-0.6230095472573914,0.042117720116134676,-0.6651272673735261,-0.3263636376499871,1718,1617,10.0,45.0,-0.3390219267864159,False,0.0,28.0
1718,West Ham,-0.12480636702382546,0.026318512222802223,0.34108426032465067,-0.06358713756469574,0.4046713978893464,-0.15112487924662768,1718,1617,11.0,45.0,-0.3726488906067085,False,0.0,41.0
1819,Arsenal,0.35783800734985766,-0.06045401010957017,0.49686636399591855,-0.05634066224171082,0.5532070262376294,0.41829201745942785,1819,1718,6.0,63.0,0.20575802689984574,False,1.0,29.0
1819,Bournemouth,0.18255010979031774,0.0004955845416515364,0.3146037237351523,-0.018957414494494673,0.33356113822964695,0.18205452524866622,1819,1718,10.0,44.0,0.06015126849229338,False,0.0,30.0
1819,Brighton,0.4109699470863166,-0.06656195239553282,0.5252683074863927,-0.121930535867872,0.6471988433542648,0.47753189948184943,1819,1718,15.0,40.0,-0.004478941533426713,False,0.0,57.0
1819,Burnley,-0.24223646727944784,0.033320100645617426,-0.21583293792108282,0.013182382102016513,-0.22901532002309932,-0.2755565679250653,1819,1718,7.0,54.0,0.3392609707899019,False,0.0,23.0
1819,Cardiff,-0.3215498525349741,0.09259308210755157,0.09178750550668509,-0.026923245459915895,0.11871075096660098,-0.41414293464252566,,,,,,True,0.0,36.0
1819,Chelsea,0.5054530142066813,-0.038543223363164875,0.29971888771116256,0.0084319904404212,0.29128689727074136,0.5439962375698462,1819,1718,5.0,70.0,-0.33044763924211196,False,1.0,61.0
1819,Crystal Palace,-0.9331167999032152,-0.019119065498497193,-1.1308100192889534,0.024226559036522016,-1.1550365783254755,-0.913997734404718,1819,1718,11.0,44.0,0.7925374222612757,False,0.0,27.0
1819,Everton,-0.2589265608092303,0.0633436497197344,0.4349513052326586,-0.06702160103350308,0.5019729062661618,-0.3222702105289647,1819,1718,8.0,49.0,0.05045601504387609,False,1.0,42.0
1819,Fulham,0.49563444113930605,-0.03956397522184783,0.32013582576081895,-0.05669495087042324,0.3768307766312422,0.5351984163611538,,,,,,True,0.0,29.0
1819,Huddersfield,-0.032395139575670084,-0.009259957030730674,0.09866476730995055,-0.10454263350533063,0.2032074008152812,-0.02313518254493941,1819,1718,16.0,37.0,-0.42602180752789487,False,0.0,30.0
1819,Leicester,0.41514003988093834,-0.14460151393173284,0.8068846164610445,-0.2187468872355557,1.0256315036966002,0.5597415538126712,1819,1718,9.0,47.0,0.04897491032521532,False,0.0,35.0
1819,Liverpool,0.05904323318882965,0.01035346441015842,-0.17209634957535416,0.07552423511312244,-0.24762058468847659,0.048689768778671226,1819,1718,4.0,75.0,-0.4033010347808702,False,0.0,39.0
1819,Man City,0.3434956392919412,-0.05427681624630948,0.35129931067893927,-0.028499189819102544,0.3797985004980418,0.3977724555382507,1819,1718,1.0,100.0,-0.3398892862246381,False,0.0,41.0
1819,Man United,-0.13878246737273833,0.0646142910203432,0.04683323247526509,0.04716620640320765,-0.00033297392794256336,-0.20339675839308152,1819,1718,2.0,81.0,-0.3208919595671983,False,0.0,20.0
1819,Newcastle,-0.31813905490526856,-0.017095643106279243,-0.4814910666250664,0.00012399824520617497,-0.4816150648702726,-0.3010434117989893,1819,1718,12.0,44.0,0.1648062061072606,False,0.0,45.0
1819,Southampton,-0.15295134100178462,-0.0012372321961180363,-0.44375475213564625,0.03964782060608389,-0.48340257274173015,-0.15171410880566658,1819,1718,17.0,36.0,-0.18666267254752664,False,0.0,34.0
1819,Tottenham,0.28179122225412234,-0.10068914830479628,0.42243645937094687,-0.11001125789258395,0.5324477172635308,0.3824803705589186,1819,1718,3.0,77.0,0.10178786227851563,False,0.0,8.0
1819,Watford,0.31512735512297163,-0.029989702995450736,-0.06802596720607486,0.038275278439825505,-0.10630124564590036,0.34511705811842236,1819,1718,14.0,41.0,-0.49494745657478256,False,0.0,53.0
1819,West Ham,-0.28981925140261355,0.1387068365412536,-0.17405412824967556,0.11033728371398753,-0.2843914119636631,-0.42852608794386715,1819,1718,13.0,42.0,0.05907403850685841,False,1.0,31.0
1819,Wolves,-0.1684001314673357,-0.04046230341401647,-0.5019331986050729,0.01589755466462646,-0.5178307532696994,-0.12793782805331924,,,,,,True,0.0,80.0
1920,Arsenal,0.3597688481008077,-0.019970301302638965,0.7823639143112815,-0.09418625887312387,0.8765501731844054,0.37973914940344666,1920,1819,5.0,70.0,-0.5263968425363048,False,0.0,35.0
1920,Aston Villa,-0.14658215691638463,0.05765495227197372,-0.26027351001187915,0.05697481960644364,-0.3172483296183228,-0.20423710918835836,,,,,,True,0.0,44.0
1920,Bournemouth,0.7835027303702318,-0.19595233442859566,0.5864643025419986,-0.17730426882816175,0.7637685713701603,0.9794550647988274,1920,1819,13.0,45.0,0.14738392174217022,False,0.0,25.0
1920,Brighton,-0.2580441882210402,0.05435152008465194,-0.3878978417159235,0.05793291269975001,-0.44583075441567355,-0.31239570830569213,1920,1819,17.0,36.0,-0.3793145391808907,False,1.0,55.0
1920,Burnley,0.21822190471991995,-0.011924910828754732,0.08926736807155551,-0.0020436642981642023,0.09131103236971971,0.2301468155486747,1920,1819,15.0,40.0,0.32602922468941914,False,0.0,19.0
1920,Chelsea,0.3942083128902221,-0.19033070103719218,1.0742302958672798,-0.2801991704985136,1.3544294663657934,0.5845390139274143,1920,1819,3.0,72.0,-0.22471978209039495,False,1.0,51.0
1920,Crystal Palace,-0.10727883194251125,0.0029943140801591966,-0.23637421466172723,-0.0038098110753918488,-0.23256440358633537,-0.11027314602267045,1920,1819,12.0,49.0,0.519480572199792,False,0.0,28.0
1920,Everton,-0.40672019581132934,0.03247796744440875,-0.034485264427757345,-0.04691412698041417,0.012428862552656822,-0.43919816325573807,1920,1819,8.0,54.0,0.1694664528120658,False,0.0,44.0
1920,Leicester,-0.21395640184197087,0.10240801070986683,-0.5404201052930755,0.1809911713155154,-0.721411276608591,-0.31636441255183767,1920,1819,9.0,52.0,0.2750036162055841,False,0.0,26.0
1920,Liverpool,0.3537338713723586,-0.09290078903946698,0.364108786769141,-0.05993028805742033,0.42403907482656134,0.4466346604118256,1920,1819,2.0,97.0,0.07471571207114452,False,0.0,31.0
1920,Man City,0.9529621976892976,-0.13772709395942856,1.2097623616006916,-0.13241093887929412,1.3421733004799856,1.090689291648726,1920,1819,1.0,98.0,-0.634265321897995,False,0.0,51.0
1920,Man United,-0.3548867719047255,0.057919344517049456,-0.32214533752606794,0.0680948560013696,-0.39024019352743755,-0.41280611642177495,1920,1819,6.0,66.0,-0.7211655983588557,False,0.0,25.0
1920,Newcastle,-0.40918340488373883,0.04233010637357265,-0.5875917812292757,0.054312816392008856,-0.6419045976212845,-0.4515135112573115,1920,1819,14.0,45.0,0.5120691749849959,False,1.0,24.0
1920,Norwich,0.8275088240040853,-0.17024609137685606,0.7429613203234783,-0.2113275180078022,0.9542888383312804,0.9977549153809414,,,,,,True,0.0,49.0
1920,Sheffield Utd,0.1159465531038118,-0.015786432920632785,0.08787167941498424,-0.026247200365652493,0.11411887978063673,0.13173298602444458,,,,,,True,0.0,44.0
1920,Southampton,-0.239378960471304,-0.001683778112112233,-0.27949274689622955,0.009558334975378738,-0.2890510818716083,-0.23769518235919176,1920,1819,16.0,39.0,0.32394638517287244,False,0.0,31.0
1920,Tottenham,0.3961048252584909,-0.11553450131428922,0.36895996380734286,-0.09394431783190503,0.4629042816392479,0.5116393265727801,1920,1819,4.0,71.0,-0.5476941590525665,False,0.0,26.0
1920,Watford,-0.28299620902486394,0.08042302157477459,0.9306492785467023,-0.17852780884536007,1.1091770873920623,-0.36341923059963854,1920,1819,11.0,50.0,-0.12407988719378103,False,0.0,42.0
1920,West Ham,0.03504120632817823,0.07550365572930309,-0.3646742158892648,0.14231781089314577,-0.5069920267824106,-0.04046244940112486,1920,1819,10.0,52.0,0.3065859050831181,False,0.0,27.0
1920,Wolves,-0.05540451666195203,0.012505969410178758,0.7018510187119124,-0.1303134935904653,0.8321645123023776,-0.0679104860721308,1920,1819,7.0,57.0,-0.12079620924612389,False,0.0,53.0
2021,Arsenal,0.03446093791630248,0.04136314443340208,0.09930172383881497,0.03135188820287027,0.0679498356359447,-0.0069022065170996,2021,1920,8.0,56.0,0.16283359914154452,False,0.0,32.0
2021,Aston Villa,0.9202229597429836,-0.2069253063896937,1.2586507787450254,-0.26342372543645465,1.52207450418148,1.1271482661326773,2021,1920,17.0,35.0,-0.32444655383505383,False,0.0,27.0
2021,Brighton,0.5075972161859977,-0.1258635587523939,1.329489909373381,-0.29523295393092763,1.6247228633043087,0.6334607749383916,2021,1920,15.0,41.0,-0.23487661958091244,False,0.0,50.0
2021,Burnley,-0.4461103692273158,0.09427747397799291,0.024121591193574227,-0.026234634712580474,0.0503562259061547,-0.5403878432053086,2021,1920,9.0,54.0,-0.08850178731294768,False,0.0,12.0
2021,Chelsea,0.5399960859918819,-0.050774473814508024,1.091235364021882,-0.14901656248308878,1.2402519265049707,0.5907705598063899,2021,1920,3.0,66.0,0.3568316469140884,False,0.0,57.0
2021,Crystal Palace,0.3199536500235116,-0.0123579385159647,0.17974431777673497,-0.009408618137837998,0.18915293591457297,0.3323115885394763,2021,1920,14.0,43.0,-0.1832090400916395,False,0.0,20.0
2021,Everton,0.9307085001700925,-0.20269195433812132,1.1831128758360776,-0.2551821600024248,1.4382950358385025,1.133400454508214,2021,1920,12.0,49.0,-0.47534599314931675,False,0.0,40.0
2021,Fulham,0.1123913282271753,0.0021431841858285186,1.2321827288827076,-0.2500213773788446,1.4822041062615523,0.11024814404134678,,,,,,True,0.0,42.0
2021,Leeds,0.5020891753043537,-0.048893612759866506,0.6555705802146942,-0.06096162578359779,0.7165322059982919,0.5509827880642202,,,,,,True,0.0,32.0
2021,Leicester,0.4160353345336572,-0.1204968872682661,0.3650369556799897,-0.08173399021393793,0.44677094589392763,0.5365322218019233,2021,1920,5.0,62.0,-0.4614831173191704,False,0.0,37.0
2021,Liverpool,0.8048603018838194,-0.20777703420225194,2.0808312881689015,-0.42263959165596754,2.503470879824869,1.0126373360860714,2021,1920,1.0,99.0,-0.19752957145509148,False,0.0,30.0
2021,Man City,-0.634346414267576,0.10524600922809609,-0.13151254085778322,0.04255302252556176,-0.17406556338334497,-0.7395924234956721,2021,1920,2.0,81.0,0.48255995593594464,False,0.0,54.0
2021,Man United,-0.29493136352126176,0.0952082449778774,0.7328066458695832,-0.06907973201550403,0.8018863778850872,-0.39013960849913915,2021,1920,4.0,66.0,0.6798760176449469,False,0.0,34.0
2021,Newcastle,0.1797985477184156,-0.036115512432066545,0.19754553191023727,-0.04840544249668742,0.2459509744069247,0.21591406015048215,2021,1920,13.0,44.0,0.38218803921578903,False,0.0,25.0
2021,Sheffield Utd,-0.019446481833651125,-0.025597649717971217,-0.14825981896833107,-0.06195919797512043,-0.08630062099321065,0.006151167884320092,2021,1920,10.0,54.0,-0.07208391687193419,False,0.0,35.0
2021,Southampton,0.3115519740408768,-0.07966223357643312,0.17531669673531028,-0.05974592511642664,0.23506262185173693,0.39121420761730996,2021,1920,11.0,52.0,0.23015960238726751,False,0.0,41.0
2021,Tottenham,0.8101046328876862,-0.1308221536060762,0.9531796908533874,-0.13480121793911265,1.0879809087925,0.9409267864937624,2021,1920,6.0,59.0,-0.05272338968668729,False,0.0,26.0
2021,West Brom,0.015156192349782069,-0.06488975693010543,0.43100310162811456,-0.17494362803488997,0.6059467296630046,0.0800459492798875,,,,,,True,0.0,45.0
2021,West Ham,0.51400233821797,-0.10295138404244068,0.4209237317159374,-0.06911931658958968,0.4900430483055271,0.6169537222604107,2021,1920,16.0,39.0,0.042119545192559865,False,0.0,33.0
2021,Wolves,0.01999304918260632,-0.02758735794452594,0.023465654772151196,-0.05212740386337325,0.07559305863552444,0.04758040712713226,2021,1920,7.0,59.0,-0.39835675433309004,False,0.0,43.0
2122,Arsenal,-0.5881994938317808,0.1592716770128047,-0.2828029635090769,0.10978616601555932,-0.3925891295246362,-0.7474711708445856,2122,2021,8.0,61.0,0.29687175275063415,False,0.0,33.0
2122,Aston Villa,-0.025888466725640935,-0.02218042861375994,-0.19561792132541952,0.008073384627865138,-0.20369130595328466,-0.0037080381118809944,2122,2021,11.0,55.0,0.22259370078523646,False,0.0,40.0
2122,Brentford,0.2901549942703558,-0.0865309040540653,-0.4129352742337184,0.03723354712612584,-0.45016882135984426,0.3766858983244211,,,,,,True,0.0,34.0
2122,Brighton,0.020192154817253134,-0.09425412885391429,-0.12659788427739463,-0.07937739440042131,-0.04722048987697332,0.11444628367116742,2122,2021,16.0,41.0,0.1263608748759079,False,0.0,55.0
2122,Burnley,-0.05587652891548608,0.023573972723808477,0.266780428303161,-0.06992488733167249,0.3367053156348335,-0.07945050163929455,2122,2021,17.0,39.0,0.3936283279169664,False,0.0,14.0
2122,Chelsea,0.5353635194571692,-0.09210912131866877,-0.27866836979259385,0.08119910526924302,-0.35986747506183686,0.627472640775838,2122,2021,4.0,67.0,-0.09513926805470763,False,0.0,44.0
2122,Crystal Palace,-0.05173710979599592,-0.03065733515278235,-0.05084451257161134,-0.03495264629089441,-0.015891866280716933,-0.021079774643213568,2122,2021,14.0,44.0,0.030065684620772318,False,1.0,28.0
2122,Everton,0.6670732245905963,-0.0929653958255837,0.5216387803215817,-0.0886900700498101,0.6103288503713918,0.76003862041618,2122,2021,9.0,59.0,-0.45968368432383583,False,1.0,28.0
2122,Leeds,-0.08037568585484489,0.04297468686797009,0.13806292462943537,-0.026307731817471952,0.16437065644690732,-0.12335037272281499,2122,2021,10.0,59.0,0.22617136984706412,False,0.0,28.0
2122,Leicester,-0.33770003544718113,0.07724805416194468,-0.0910363383832069,0.045586927003150396,-0.1366232653863573,-0.4149480896091258,2122,2021,5.0,66.0,0.11456764158230523,False,0.0,22.0
2122,Liverpool,-0.15291212271781976,-0.05084097460166477,-0.05906706066022801,-0.0363635616148161,-0.022703499045411905,-0.10207114811615499,2122,2021,3.0,69.0,0.15107429844859738,False,0.0,26.0
2122,Man City,-0.6637378848319159,0.11096227867872073,-1.2147556159539719,0.2485963371618885,-1.4633519531158603,-0.7747001635106366,2122,2021,1.0,86.0,0.4887153503683553,False,0.0,46.0
2122,Man United,0.5090350369640574,-0.07235438614236456,0.022136417538791326,0.023520989813982346,-0.0013845722751910199,0.5813894231064219,2122,2021,2.0,74.0,-0.02805261253607998,False,0.0,30.0
2122,Newcastle,-0.19990064464567733,0.07174153856794932,0.6515230644222054,-0.10803311909690172,0.7595561835191071,-0.27164218321362665,2122,2021,12.0,45.0,0.6718419343985477,False,0.0,22.0
2122,Norwich,-0.2212041905926021,0.0842284202242548,-0.23253767152835247,0.004990973117562844,-0.23752864464591533,-0.3054326108168569,,,,,,True,0.0,62.0
2122,Southampton,-0.4427715463931112,0.05625567733339967,-1.1450951567070626,0.16861532504921234,-1.313710481756275,-0.49902722372651087,2122,2021,15.0,43.0,-0.11486408815474616,False,0.0,24.0
2122,Tottenham,-0.8798455608792568,0.13044489672377332,-0.5228638006423177,0.08236690261794691,-0.6052307032602646,-1.01029045760303,2122,2021,7.0,62.0,0.2493637081355027,False,1.0,33.0
2122,Watford,0.24865198208367056,-0.032703563726723756,0.04592573726482496,-0.04078391430172264,0.0867096515665476,0.28135554581039435,,,,,,True,0.0,60.0
2122,West Ham,0.3083835120106928,-0.12166509004541814,0.4043920704712571,-0.12705313613989194,0.531445206611149,0.43004860205611095,2122,2021,6.0,65.0,0.31240568224598975,False,0.0,18.0
2122,Wolves,-0.5885852262794007,0.10672864787476119,-0.8573969988001394,0.13585384690994856,-0.9932508457100879,-0.6953138741541619,2122,2021,13.0,45.0,-0.16195634861914537,False,1.0,46.0
2223,Arsenal,-0.022571258014096318,-0.02778082683282622,0.13806446847481366,-0.013855542604808188,0.15192001107962183,0.005209568818729901,2223,2122,5.0,69.0,0.08698239079916278,False,0.0,43.0
2223,Aston Villa,-0.4490614743439206,0.043336117818479396,-0.015266700875053552,-0.04137592334369401,0.02610922246864046,-0.4923975921624,2223,2122,14.0,45.0,-0.14182896178222382,False,0.0,45.0
2223,Bournemouth,-0.02524173355300589,0.054838990667279,0.7946309215773386,-0.1383776146587862,0.9330085362361248,-0.0800807242202849,,,,,,True,1.0,30.0
2223,Brentford,0.860568793695979,-0.1764930814523244,1.2818183498017628,-0.2502988653564025,1.5321172151581652,1.0370618751483034,2223,2122,13.0,46.0,0.421778448314116,False,0.0,44.0
2223,Brighton,-0.16222491071595604,-0.02899967286766708,-0.7048268294161316,0.10410491492795583,-0.8089317443440874,-0.13322523784828896,2223,2122,9.0,51.0,0.4966586640717976,False,0.0,44.0
2223,Chelsea,0.1629713288663474,-0.00767396129009108,0.6031515115276428,-0.11488692827941731,0.7180384398070601,0.17064529015643848,2223,2122,3.0,74.0,-0.32428302730438596,False,0.0,53.0
2223,Crystal Palace,0.36447481383935204,-0.05775973047692384,0.12960236844369866,-0.035802730260903096,0.16540509870460174,0.4222345443162759,2223,2122,12.0,48.0,-0.3508418730396041,False,0.0,28.0
2223,Everton,-0.26618955165046565,0.02646923145697623,-0.6912702527636551,0.07249850017427524,-0.7637687529379303,-0.29265878310744187,2223,2122,16.0,39.0,0.20148223724969902,False,0.0,40.0
2223,Fulham,0.14270933927345575,-0.015239035839537236,-0.03961742327918949,0.019357754677201022,-0.05897517795639051,0.15794837511299298,,,,,,True,0.0,41.0
2223,Leeds,0.3337139216495862,-0.07472851527811605,0.222002400551469,-0.06509370935921333,0.28709610991068235,0.4084424369277022,2223,2122,17.0,38.0,0.19325638398126074,False,0.0,43.0
2223,Leicester,0.0275387733507253,-0.027908764474719926,0.7173282299762218,-0.16112802980652782,0.8784562597827497,0.055447537825445224,2223,2122,8.0,52.0,0.0699962291336124,False,0.0,19.0
2223,Liverpool,0.6696966962297505,-0.10782857908443699,0.5611335482810031,-0.05951427405646875,0.6206478223374718,0.7775252753141875,2223,2122,2.0,92.0,-0.33634986810867024,False,0.0,23.0
2223,Man City,0.8541805959055093,-0.184715304319663,1.108242755524562,-0.19373636452578016,1.301979120050342,1.0388959002251723,2223,2122,1.0,93.0,0.5692575957964424,False,0.0,53.0
2223,Man United,-0.19660475620060613,0.0036461468714188497,-0.15340353163924628,0.0009153619878420893,-0.15431889362708837,-0.20025090307202498,2223,2122,6.0,58.0,-0.22069574437070041,False,1.0,42.0
2223,Newcastle,-0.5085311524988402,0.06857549943365604,-0.44158544217211965,0.06919698699924452,-0.5107824291713642,-0.5771066519324962,2223,2122,11.0,49.0,0.13462983323259498,False,0.0,26.0
2223,Nott'm Forest,-0.29332520020291825,0.10526514002787597,0.12078265114760038,-0.008340408806377098,0.1291230599539775,-0.3985903402307942,,,,,,True,0.0,68.0
2223,Southampton,0.09712290088313814,-0.038861769551435305,-0.005453508079724001,-0.05722123312589178,0.05176772504616778,0.13598467043457346,2223,2122,15.0,40.0,-0.30554336242889696,False,0.0,35.0
2223,Tottenham,-0.011843175061213426,0.02624688921254978,-0.3833068273111473,0.12555815686967156,-0.5088649841808188,-0.038090064273763206,2223,2122,4.0,71.0,0.6790311443183243,False,0.0,29.0
2223,West Ham,-0.514849527815315,0.13862426349450757,-0.7222019300298856,0.15475780636727537,-0.8769597363971611,-0.6534737913098225,2223,2122,7.0,56.0,-0.07682056430941589,False,0.0,25.0
2223,Wolves,-0.41296330902814055,0.07924724393992569,-1.2206825305212285,0.1897627050906598,-1.4104452356118884,-0.49221055296806626,2223,2122,10.0,51.0,0.019624979621936243,False,0.0,58.0
2324,Arsenal,-0.4293007725030497,0.12972157243820537,-0.08790188828593763,0.08502837516070873,-0.17293026344664636,-0.559022344941255,2324,2223,2.0,84.0,-0.14890845659304322,False,0.0,31.0
2324,Aston Villa,0.1866377904403279,-0.031554997722302455,0.12740838483107342,0.0021970028740067316,0.1252113819570667,0.21819278816263038,2324,2223,7.0,61.0,0.09102727044424089,False,0.0,28.0
2324,Bournemouth,-0.5351232725503814,0.14791275025890732,-0.6407318588217404,0.15169338631624862,-0.7924252451379891,-0.6830360228092887,2324,2223,15.0,39.0,-0.05734735808659393,False,1.0,44.0
2324,Brentford,0.06842978777876363,0.02900302156881527,-0.07194236061222366,0.0433829481680707,-0.11532530878029436,0.03942676620994836,2324,2223,9.0,59.0,-0.16667209782680634,False,0.0,35.0
2324,Brighton,1.3727879702902388,-0.23002665890373755,1.1901898177095356,-0.20828457788262944,1.398474395592165,1.6028146291939764,2324,2223,6.0,62.0,0.24036482130086909,False,0.0,50.0
2324,Burnley,-0.3189790370440001,0.11223702940744266,-0.11394625808239578,0.028710188228122047,-0.14265644631051783,-0.4312160664514428,,,,,,True,0.0,53.0
2324,Chelsea,-1.4323577672527072,0.19955036001679594,-2.044566612281434,0.34346449248577215,-2.3880311047672063,-1.631908127269503,2324,2223,12.0,44.0,-0.00847440443420159,False,1.0,61.0
2324,Crystal Palace,-0.5156140758305666,0.09004349225500291,-0.8128195729818865,0.13851314692925593,-0.9513327199111423,-0.6056575680855696,2324,2223,11.0,45.0,0.5588545791176666,False,0.0,18.0
2324,Everton,-0.22937045832557543,0.032008843267975456,0.15009827119079308,-0.06845809623647968,0.21855636742727275,-0.2613793015935509,2324,2223,17.0,36.0,0.3376615255836546,False,0.0,32.0
2324,Fulham,-0.4400377636347263,0.032110535409620236,-0.5078492420823717,0.03646134059450837,-0.54431058267688,-0.4721482990443465,2324,2223,10.0,52.0,0.1291939142692316,False,0.0,31.0
2324,Liverpool,0.15207984603703176,-0.039473743579018394,-0.18925931392277376,0.049509549108982545,-0.23876886303175632,0.19155358961605015,2324,2223,5.0,67.0,0.5333459542762236,False,0.0,28.0
2324,Luton,-0.5834262954138394,0.050947677873804546,-0.7117390939624716,0.059700595439008144,-0.7714396894014798,-0.6343739732876439,,,,,,True,0.0,54.0
2324,Man City,-0.23506840924995198,0.043562447236877466,-0.49802642703894096,0.12161773993058686,-0.6196441669695278,-0.27863085648682945,2324,2223,1.0,89.0,-0.2690738743388137,False,0.0,40.0
2324,Man United,-0.2905365490179761,0.054922949175249564,-0.11250131049956343,0.013939236445551298,-0.12644054694511472,-0.34545949819322563,2324,2223,3.0,75.0,0.028399219168934304,False,0.0,38.0
2324,Newcastle,0.5554116516325364,-0.024793122114342973,-0.0024558068995509754,0.1136823257519177,-0.11613813265146868,0.5802047737468793,2324,2223,4.0,71.0,0.32983819199578374,False,0.0,29.0
2324,Nott'm Forest,-0.061525941380370486,0.05834526727683613,-0.5204799488326092,0.11954246572329842,-0.6400224145559076,-0.11987120865720662,2324,2223,16.0,38.0,0.5438027255995502,False,0.0,76.0
2324,Sheffield Utd,-0.005317556333205149,0.04008986643063405,0.008833027903596044,-0.036044074186794964,0.04487710209039101,-0.0454074227638392,,,,,,True,0.0,33.0
2324,Tottenham,0.32409953361017085,-0.20573349515017786,0.030572948479283824,-0.12362868929601388,0.15420163777529772,0.5298330287603488,2324,2223,8.0,60.0,0.006114695129696906,False,1.0,49.0
2324,West Ham,0.36200411246503306,-0.11439771144777144,-0.19466821233482223,-0.009321542283778433,-0.1853466700510438,0.4764018239128045,2324,2223,14.0,40.0,0.547017785018421,False,0.0,21.0
2324,Wolves,-0.2551546121536012,-0.022616134319347544,0.12290179444642295,-0.10958090978521978,0.23248270423164275,-0.23253847783425363,2324,2223,13.0,41.0,0.12096182618301334,False,1.0,57.0
2425,Arsenal,0.004541434615099334,-0.033760627670763335,-0.10107162397638166,-0.0005729643560578868,-0.10049865962032377,0.03830206228586267,2425,2324,2.0,89.0,-0.18846916424675253,False,0.0,23.0
2425,Aston Villa,0.29428756210402734,-0.08915403270422323,0.6809697015760697,-0.15635458259654822,0.837324284172618,0.3834415948082506,2425,2324,4.0,68.0,-0.10346740989158944,False,0.0,45.0
2425,Bournemouth,-0.12154140205950263,-0.05575886471336186,0.15380018854150027,-0.10105827607392574,0.254858464615426,-0.06578253734614077,2425,2324,11.0,48.0,-0.06673341078693526,False,0.0,41.0
2425,Brentford,-0.4215545286689064,0.1553045250066575,-0.33126671509588407,0.15239239250030945,-0.4836591075961935,-0.5768590536755639,2425,2324,16.0,39.0,-0.03084273724849317,False,0.0,32.0
2425,Brighton,0.03488703187545302,-0.06327180246309515,-0.06208806602947144,-0.02294003067571168,-0.03914803535375976,0.09815883433854816,2425,2324,12.0,48.0,-0.7832223815053331,False,1.0,48.0
2425,Chelsea,0.9033367069283159,-0.1127645095748588,0.8840609891395883,-0.10134918851974258,0.9854101776593309,1.0161012165031746,2425,2324,6.0,63.0,0.73955871908187,False,1.0,62.0
2425,Crystal Palace,-0.5519889127423213,0.07929904094027845,-0.21450613426579776,0.010369576154583782,-0.22487571042038154,-0.6312879536825997,2425,2324,10.0,49.0,0.9877402465987789,False,0.0,33.0
2425,Everton,0.05112802377970479,0.02554965360061341,1.3919595779348508,-0.24516161238097528,1.637121190315826,0.025578370179091377,2425,2324,13.0,48.0,-0.014848503263394937,False,0.0,23.0
2425,Fulham,-0.3052632946001173,-0.011518468381463164,-0.670657232753468,0.05828035212313011,-0.7289375848765981,-0.29374482621865416,2425,2324,14.0,47.0,0.019892155772023655,False,0.0,25.0
2425,Ipswich,-0.14913924050468827,0.012292072948879997,-0.8571956836679743,0.10182148620722227,-0.9590171698751966,-0.16143131345356826,,,,,,True,0.0,36.0
2425,Leicester,0.556507550341773,-0.07925654582589932,0.41508531781868374,-0.10548425095465586,0.5205695687733396,0.6357640961676724,,,,,,True,0.0,27.0
2425,Liverpool,-0.38233378040199756,0.03525200899800706,-1.0544948172580317,0.19837947868938166,-1.2528742959474135,-0.4175857894000046,2425,2324,3.0,82.0,-0.25343403154756566,False,1.0,24.0
2425,Man City,0.4726946100111695,-0.13329608550775549,0.28104641342399633,-0.07487347835180859,0.3559198917758049,0.605990695518925,2425,2324,1.0,91.0,0.8307441429399101,False,0.0,28.0
2425,Man United,-0.3807565476251387,0.08517204703934106,-0.5414350412078359,0.096481237572097,-0.637916278779933,-0.4659285946644798,2425,2324,7.0,60.0,0.2912724390128312,False,0.0,32.0
2425,Newcastle,-0.5751130980994746,0.13771590638887948,-0.6423974222535059,0.16585485438694017,-0.8082522766404461,-0.7128290044883541,2425,2324,8.0,60.0,0.18216409658915023,False,0.0,23.0
2425,Nott'm Forest,-0.5517441630890395,0.16104522406950333,-0.9887838111237496,0.24345902622522916,-1.2322428373489787,-0.7127893871585429,2425,2324,17.0,36.0,0.15033647527550248,False,0.0,58.0
2425,Southampton,-0.22277561493358558,0.01674104439058179,-0.4442030219809352,-0.012047669402875258,-0.4321553525780599,-0.23951665932416738,,,,,,True,0.0,49.0
2425,Tottenham,0.4087763809655904,-0.0684822962455797,-0.36718687868364935,0.09427131054261242,-0.4614581892262618,0.4772586772111701,2425,2324,5.0,66.0,-0.4749823126337254,False,0.0,34.0
2425,West Ham,-0.09361484110773122,0.011958333788460992,-0.19999379433336806,0.015723552789600442,-0.2157173471229685,-0.10557317489619221,2425,2324,9.0,52.0,-0.01809232117110495,False,1.0,31.0
2425,Wolves,-0.09230350034882022,0.06947847878935519,0.4244188070749843,-0.032101008131688646,0.45651981520667295,-0.1617819791381754,2425,2324,15.0,46.0,-0.46170808292292215,False,0.0,38.0
2526,Arsenal,0.25490981776899724,-0.06278314147882219,-0.05864671977383681,0.011184402670850746,-0.06983112244468756,0.31769295924781943,2526,2425,2.0,74.0,-0.06221339952462873,False,0.0,32.0
2526,Aston Villa,-0.8244221407047655,0.09504260302344289,-0.9767176419861149,0.13264464782095536,-1.1093622898070703,-0.9194647437282084,2526,2425,5.0,66.0,0.2909168991462736,False,0.0,45.0
2526,Bournemouth,-0.3999608143694356,-0.03340664624370071,-0.5699097923563466,0.014991746090054534,-0.5849015384464011,-0.3665541681257349,2526,2425,9.0,56.0,-0.46095504912778323,False,0.0,43.0
2526,Brentford,0.16991530961300116,0.04200958065175946,0.6212590595868214,-0.041353869011174355,0.6626129285979957,0.1279057289612417,2526,2425,10.0,56.0,0.14251900385420932,False,1.0,39.0
2526,Brighton,0.2129526060357879,-0.035257066848252215,0.4059155175623783,-0.07190810481739938,0.4778236223797777,0.2482096728840401,2526,2425,8.0,61.0,0.22766535767623558,False,0.0,64.0
2526,Burnley,0.05727698316695701,0.014730943907686396,-0.004575139223575849,-0.0062375188656387665,0.0016623796420629179,0.04254603925927061,,,,,,True,0.0,53.0
2526,Chelsea,0.3049630119232565,-0.06350563236659565,0.28930341606863785,-0.05019711684235734,0.3395005329109952,0.36846864428985215,2526,2425,4.0,69.0,-0.4719470425196275,False,0.0,61.0
2526,Crystal Palace,0.2462783290305676,-0.045343702363867776,-0.5978107112803622,0.09537730439874469,-0.6931880156791069,0.2916220313944354,2526,2425,12.0,53.0,0.22126199194979768,False,0.0,44.0
2526,Everton,-0.15770227775575693,0.023797762227945038,-0.3748783012747276,0.057005895556084096,-0.4318841968308117,-0.18150003998370196,2526,2425,13.0,48.0,0.03722913422014068,False,0.0,35.0
2526,Fulham,-0.013056501769614925,0.035121365024075854,-0.12568176582388704,0.046679504163858396,-0.17236126998774542,-0.04817786679369078,2526,2425,11.0,54.0,0.007615799117402788,False,0.0,14.0
2526,Leeds,-0.23020651403278236,0.08548667518776706,-0.1500386832908794,0.0633605062108239,-0.2133991895017033,-0.31569318922054945,,,,,,True,0.0,29.0
2526,Liverpool,0.39316647526822956,-0.05520276576669554,0.20624427259804948,-0.0024643403155256843,0.20870861291357518,0.4483692410349251,2526,2425,1.0,84.0,-0.32834647717348586,False,0.0,29.0
2526,Man City,0.23811316439340166,-0.061405853795988036,0.3384653798948207,-0.05338246097959462,0.39184784087441527,0.2995190181893897,2526,2425,3.0,71.0,-0.11135926050701037,False,0.0,40.0
2526,Man United,-0.5653209061160989,0.062335568346748964,-0.16592268114141104,0.016387823383772288,-0.18231050452518333,-0.6276564744628478,2526,2425,15.0,42.0,-0.12435236123092071,False,0.0,27.0
2526,Newcastle,-0.6709791531285889,0.15806217100837727,-1.3505533883388268,0.28593454640396165,-1.6364879347427883,-0.8290413241369662,2526,2425,6.0,66.0,0.32228571376268406,False,0.0,30.0
2526,Nott'm Forest,-0.4746916906243674,0.062118023449878705,-0.04246191208475558,-0.023824895408052563,-0.01863701667670302,-0.536809714074246,2526,2425,7.0,65.0,-0.2928546234907851,False,0.0,50.0
2526,Sunderland,-0.017976356885229805,0.02001904271227864,-0.47851988691269876,0.09041442425791762,-0.5689343111706164,-0.037995399597508445,,,,,,True,0.0,58.0
2526,Tottenham,0.3661656049133821,-0.12793960110427738,-0.4244896888370125,0.017232758796003653,-0.44172244763301616,0.4941052060176595,2526,2425,17.0,38.0,-0.8052139416780739,False,1.0,40.0
2526,West Ham,-0.16229243246361927,0.09098600521702328,0.6155552039430213,-0.0696241217606357,0.685179325703657,-0.25327843768064257,2526,2425,14.0,43.0,0.11390735070406377,False,0.0,47.0
2526,Wolves,-0.038353420294365004,0.001959343909258282,0.2210216506086192,-0.09857178235656397,0.31959343296518317,-0.040312764203623286,2526,2425,16.0,42.0,-0.04533845701833328,False,0.0,44.0
9394,Arsenal,0.02765011139172104,-0.030378934485837394,0.15350805399960474,-0.05151694508673009,0.2050249990863348,0.05802904587755843,9394,2526,1.0,85.0,-0.4162282142047302,False,,
9394,Aston Villa,0.40369841034034576,-0.07031827461073212,-0.0886079369219747,0.003193400665231056,-0.09180133758720575,0.47401668495107785,9394,2526,4.0,65.0,0.28497959207761536,False,,
9394,Blackburn,0.09104894031935068,-0.07035581510812577,0.2263199825829361,-0.08324825124381115,0.30956823382674725,0.16140475542747645,,,,,,True,,
9394,Chelsea,-0.09079107656096842,0.07425027076742212,-0.4021771962783764,0.118234901715005,-0.5204120979933814,-0.16504134732839054,9394,2526,10.0,52.0,-0.5430521150322667,False,,
9394,Coventry,0.829476979120773,-0.22656431044947617,0.8027615749237574,-0.2299397576800013,1.0327013326037586,1.0560412895702491,,,,,,True,,
9394,Everton,0.3213265899550742,0.037786225793046246,-0.11371204377229012,0.08890624533958226,-0.20261828911187238,0.28354036416202794,9394,2526,12.0,49.0,0.2808786704815767,False,,
9394,Ipswich,0.30652030483343856,-0.021535836999630797,-0.5789290386338727,0.09934077664482957,-0.6782698152787022,0.32805614183306936,,,,,,True,,
9394,Leeds,-0.8766715324373907,0.12198728143858,-0.24414666849218958,0.028007773015432186,-0.27215444150762175,-0.9986588138759707,9394,2526,14.0,47.0,-0.20219075098250133,False,,
9394,Liverpool,0.7431932338727179,-0.02133029187888659,0.010288667235304564,0.10402570539898415,-0.09373703816367958,0.7645235257516044,9394,2526,5.0,60.0,-0.07014578266743547,False,,
9394,Man City,-0.05403408275973794,0.039907399777435876,-0.007551929854116531,0.01279124677490877,-0.0203431766290253,-0.09394148253717383,9394,2526,2.0,78.0,0.022977746831076395,False,,
9394,Man United,0.3881098113348705,-0.08841403083119931,-0.03629849277198368,0.007088463135757654,-0.04338695590774133,0.4765238421660698,9394,2526,3.0,71.0,0.10905798631492715,False,,
9394,Newcastle,-0.9314425863720288,0.17667854454352566,-0.8779132009218102,0.19505609501003343,-1.0729692959318438,-1.1081211309155545,9394,2526,13.0,49.0,-0.035311963188619636,False,,
9394,Norwich,0.16696608812725236,-0.11755339929638493,-0.3208209200722643,-0.012958306584541767,-0.30786261348772254,0.2845194874236373,,,,,,True,,
9394,Oldham,-0.21832953209692244,0.0019175616390246478,-0.30300148817116535,0.0008234838479955764,-0.3038249720191609,-0.22024709373594709,,,,,,True,,
9394,QPR,0.059383914564450836,-0.05282958363874875,0.6149912765802623,-0.12913331805323514,0.7441245946334974,0.11221349820319959,,,,,,True,,
9394,Sheffield Utd,0.35555728614186427,-0.0369200084136011,0.9227264900111468,-0.1483192417662351,1.0710457317773818,0.3924772945554654,,,,,,True,,
9394,Sheffield Wed,-0.976245172221418,0.2050403660163099,-0.7261100354292574,0.1916323648707096,-0.917742400299967,-1.1812855382377279,,,,,,True,,
9394,Southampton,-0.16474989356784153,0.056606913434090904,-0.04362810297655336,0.029184389585191293,-0.07281249256174466,-0.22135680700193244,,,,,,True,,
9394,Swindon,-0.7976213033873085,0.11311314944557396,-0.13249953582589744,-0.0056414350989775945,-0.12685810072691983,-0.9107344528328825,,,,,,True,,
9394,Tottenham,-0.22986860654518212,0.07028966669293307,-0.9544848284052172,0.1912284301928975,-1.1457132585981147,-0.30015827323811517,9394,2526,17.0,41.0,-0.2688123100283645,False,,
9394,West Ham,-0.5590940001605459,0.03826817985231815,-0.3539293370670586,-0.0013117139254518924,-0.3526176231416067,-0.597362180012864,9394,2526,18.0,39.0,0.04390067969066867,False,,
9394,Wimbledon,-0.1051907849097778,0.022416908373962947,-0.168999091773511,0.036679657365626964,-0.20567874913913797,-0.12760769328374075,,,,,,True,,
9495,Arsenal,-0.21950891639761608,0.057348169421085476,-0.2955982817597689,0.06808605937870017,-0.36368434113846904,-0.27685708581870155,9495,9394,4.0,71.0,-0.3293285595536111,False,,
9495,Aston Villa,-0.21081751329477738,0.05092767678611852,-0.4786576967571536,0.09265265157432849,-0.5713103483314821,-0.2617451900808959,9495,9394,10.0,57.0,-0.2635923257852254,False,,
9495,Blackburn,0.09070152334340924,0.011460661815406423,-0.4431157257598372,0.12450783615412349,-0.5676235619139607,0.07924086152800282,9495,9394,2.0,84.0,-0.11917078542004003,False,,
9495,Chelsea,0.8799119898216906,-0.2014196662632066,0.9274788650852503,-0.21020580732040278,1.137684672405653,1.0813316560848971,9495,9394,14.0,51.0,0.11767218014428098,False,,
9495,Coventry,-0.20369198432130275,-0.022346169354204484,0.2948490046959619,-0.11495557838174116,0.40980458307770307,-0.18134581496709828,9495,9394,11.0,56.0,0.14104965176581533,False,,
9495,Crystal Palace,-0.10780991302546329,0.002913832955964282,0.47531541842407116,-0.11606462362375135,0.5913800420478225,-0.11072374598142758,,,,,,True,,
9495,Everton,-0.0069493564807538615,0.01778280255509689,1.0620050630465012,-0.17201075853288744,1.2340158215793886,-0.02473215903585075,9495,9394,17.0,44.0,-0.3362236710326675,False,,
9495,Ipswich,-0.07628401068173803,0.0027515346330299925,-0.6667680378813715,0.06717496860220333,-0.7339430064835748,-0.07903554531476802,9495,9394,18.0,43.0,-0.23474058995644492,False,,
9495,Leeds,0.11127712907826441,-0.02468399427573304,0.4584957557177538,-0.07724014308951543,0.5357358988072692,0.13596112335399746,9495,9394,5.0,70.0,0.2949984952527522,False,,
9495,Leicester,-0.022698638042100816,0.042612000188946224,-0.4766984269473406,0.10262109082734913,-0.5793195177746897,-0.06531063823104705,,,,,,True,,
9495,Liverpool,0.7060953465209295,-0.16872139517485385,0.41512417845685584,-0.10833790424358197,0.5234620827004378,0.8748167416957834,9495,9394,8.0,60.0,-0.5130307609741784,False,,
9495,Man City,0.34396285647572594,-0.00549632014092898,0.36446581437253706,-0.01058383022304827,0.3750496445955853,0.34945917661665493,9495,9394,15.0,45.0,0.2933021929838958,False,,
9495,Man United,0.010645002400741066,0.015713174353426507,-0.2604126276204431,0.07589334210047277,-0.33630596972091586,-0.005068171952685441,9495,9394,1.0,92.0,-0.3426747732546282,False,,
9495,Newcastle,1.9999961114097473,-0.2562216084040616,2.1430666414987463,-0.26728102238714,2.4103476638858865,2.256217719813809,9495,9394,3.0,77.0,0.003638070234726558,False,,
9495,Norwich,-0.37765108596675745,0.112335906318951,-0.9492249111010835,0.18467563085203306,-1.1339005419531165,-0.48998699228570847,9495,9394,12.0,53.0,-0.42081715920596446,False,,
9495,Nott'm Forest,-0.2639806567745794,0.012882599522269568,-0.5635340058420353,0.08349754626428939,-0.6470315521063247,-0.27686325629684894,,,,,,True,,
9495,QPR,-0.23887758623166974,0.000687054157559936,0.29674564605433496,-0.07418401307220007,0.370929659126535,-0.23956464038922967,9495,9394,9.0,60.0,-0.5647096267429068,False,,
9495,Sheffield Wed,0.08058509226094966,-0.031741791606523385,0.6631037497865206,-0.13280828553696844,0.7959120353234891,0.11232688386747305,9495,9394,7.0,64.0,0.27259044518754055,False,,
9495,Southampton,-0.23631180983494815,0.02506913521178765,-0.2065011110772256,0.0344353567944706,-0.2409364678716962,-0.2613809450467358,9495,9394,19.0,43.0,0.4745980745203349,False,,
9495,Tottenham,0.08165661098544179,-0.03810075486296063,0.6270707856455594,-0.10858715805829806,0.7356579437038575,0.11975736584840241,9495,9394,16.0,45.0,-0.13600437870968493,False,,
9495,West Ham,-0.6402359471993705,0.061417952327098,-0.6026598860144918,0.046663799073612275,-0.6493236850881041,-0.7016538995264685,9495,9394,13.0,52.0,0.5534041068327965,False,,
9495,Wimbledon,-0.6464972765924033,0.15351300480319546,-0.8629836385581381,0.18032967968981792,-1.043313318247956,-0.8000102813955987,9495,9394,6.0,65.0,0.7821667644546669,False,,
9596,Arsenal,-0.3417022112752987,0.07775504294384905,-0.7686227590536473,0.15698541064133548,-0.9256081696949827,-0.41945725421914776,9596,9495,12.0,51.0,0.32476144284991937,False,,
9596,Aston Villa,-0.0953573894978597,0.06662648924880174,-0.4144215085689671,0.12788747510896792,-0.542308983677935,-0.16198387874666142,9596,9495,18.0,48.0,-0.7182479725112116,False,,
9596,Blackburn,-0.6405033325549115,0.20922003575309445,-0.3173407834472699,0.1635781300457248,-0.4809189134929947,-0.849723368308006,9596,9495,1.0,89.0,-0.4208347681557795,False,,
9596,Bolton,-0.021551996256972517,-0.06418155484121263,-0.17541963227587254,-0.050205095859742366,-0.12521453641613017,0.04262955858424011,,,,,,True,,
9596,Chelsea,0.06967680435765729,-0.009328539462539354,-0.12483892400720291,0.023001403538055812,-0.14784032754525872,0.07900534382019664,9596,9495,10.0,54.0,-0.21929791005427268,False,,
9596,Coventry,-0.04900545507667231,0.0050552523320094855,-0.024318892126920028,-0.011223252903695441,-0.013095639223224587,-0.054060707408681796,9596,9495,14.0,50.0,0.1384061592611228,False,,
9596,Everton,-0.16583688733364252,0.05496685351620679,0.0734586749876845,0.031236830641731286,0.04222184434595322,-0.2208037408498493,9596,9495,15.0,50.0,-0.07957403533213593,False,,
9596,Leeds,0.38106017555842336,-0.07500872145016016,0.12972130558132097,-0.0430721951667684,0.17279350074808936,0.45606889700858355,9596,9495,5.0,73.0,0.18215844414314827,False,,
9596,Liverpool,-0.7566277958975003,0.06365985117826395,-1.1480217901659655,0.1629544653295108,-1.3109762554954763,-0.8202876470757643,9596,9495,4.0,74.0,-0.4050643854562144,False,,
9596,Man City,-0.2931830090089356,0.02651314934037935,-0.1867320256338878,-0.020908080715522984,-0.16582394491836483,-0.319696158349315,9596,9495,17.0,49.0,0.1440920484767259,False,,
9596,Man United,0.22153643585547736,-0.042675913962399836,0.5619933065890593,-0.07914151622627842,0.6411348228153377,0.2642123498178772,9596,9495,2.0,88.0,-0.455494323615149,False,,
9596,Middlesbrough,0.12071086192911462,0.035959278209982334,-0.46722002737503887,0.12072784955437513,-0.587947876929414,0.08475158371913229,,,,,,True,,
9596,Newcastle,0.0062511503566118716,0.02527118484252023,-0.2740125449032617,0.09735718992707684,-0.3713697348303385,-0.019020034485908357,9596,9495,6.0,72.0,-0.20946627197550777,False,,
9596,Nott'm Forest,0.40807094948219963,-0.07002276393069784,0.4403304801633016,-0.07320865605351137,0.513539136216813,0.47809371341289747,9596,9495,3.0,77.0,0.8018268724616079,False,,
9596,QPR,-0.4884940202798272,0.07837444116164305,-0.5916891489328944,0.0792988067084845,-0.6709879556413789,-0.5668684614414703,9596,9495,8.0,60.0,-0.37272814350033795,False,,
9596,Sheffield Wed,0.15768312881617041,-0.009181182034186039,-0.19140562552459076,0.05524721787869118,-0.24665284340328192,0.16686431085035647,9596,9495,13.0,51.0,-0.4130391766574044,False,,
9596,Southampton,-0.05674133852861616,-0.012616343274188119,0.25196856149152874,-0.09405304386741789,0.34602160535894666,-0.04412499525442804,9596,9495,11.0,54.0,0.21743275646459664,False,,
9596,Tottenham,0.06924862822862472,-0.007825536920995635,0.46007300698350534,-0.08010350417414251,0.5401765111576479,0.07707416514962036,9596,9495,7.0,62.0,-0.10840891082282729,False,,
9596,West Ham,-0.15255501741442976,0.05725478975851544,0.0786307258405865,0.0030951981008798812,0.07553552773970662,-0.2098098071729452,9596,9495,16.0,50.0,0.4057818974723623,False,,
9596,Wimbledon,0.06814269822226637,-0.1296211461208027,-0.4304876402577095,-0.009065299931587265,-0.42142234032612225,0.19776384434306907,9596,9495,9.0,56.0,-0.07306117872134277,False,,
9697,Arsenal,0.6056303392769712,-0.1134113469995218,1.0468522374016438,-0.18358102949112243,1.2304332668927662,0.719041686276493,9697,9596,4.0,63.0,-0.038029155099873056,False,,
9697,Aston Villa,0.060308559973632825,-0.07583486286889665,-0.040337684943555795,-0.05814732397808536,0.01780963903452957,0.13614342284252948,9697,9596,5.0,63.0,-0.17292647191836627,False,,
9697,Blackburn,-0.32633014029950463,0.09247377991362613,0.06939987419872114,0.005769045826446259,0.06363082837227488,-0.41880392021313073,9697,9596,6.0,61.0,0.3265844230995609,False,,
9697,Chelsea,-0.044260698373224584,-0.016661950042333888,-0.8823100977277569,0.15890967333610434,-1.0412197710638613,-0.027598748330890696,9697,9596,11.0,50.0,-0.07778227991340489,False,,
9697,Coventry,-0.5565320736948242,0.05142099302042746,0.12281423428572584,-0.09316890124657365,0.21598313553229948,-0.6079530667152516,9697,9596,16.0,38.0,-0.4295445002139287,False,,
9697,Derby,0.22026846499875363,-0.07660374587338069,0.13453859662086884,-0.06588154859797384,0.20042014521884266,0.29687221087213433,,,,,,True,,
9697,Everton,-0.24946097082652585,0.06843895950263282,-0.5060806556144078,0.1056889801830878,-0.6117696357974957,-0.31789993032915864,9697,9596,7.0,61.0,0.3657052091832721,False,,
9697,Leeds,0.3010016232476547,-0.012774753555899698,1.1144247043683533,-0.1949671771368212,1.3093918815051744,0.3137763768035544,9697,9596,12.0,43.0,-0.29684536245049786,False,,
9697,Leicester,-0.7373784522446307,0.06960540212113872,-0.771828610342015,0.07451731412080091,-0.8463459244628159,-0.8069838543657695,,,,,,True,,
9697,Liverpool,0.11987248447761667,-0.05131138221150246,-0.15188515603543187,0.015723794854406878,-0.16760895088983874,0.1711838666891191,9697,9596,3.0,71.0,-0.4412129720611308,False,,
9697,Man United,0.5569879025775307,-0.1424815983009807,0.6067706159604369,-0.11076594982514182,0.7175365657855788,0.6994695008785115,9697,9596,1.0,82.0,-0.0871703844200598,False,,
9697,Middlesbrough,0.9518662325938462,-0.12978742176554575,0.6361352352222334,-0.06909135689529936,0.7052265921175327,1.081653654359392,9697,9596,13.0,43.0,-0.21164495267080682,False,,
9697,Newcastle,-0.4264143838552923,0.10517073057213883,-0.20228827832090124,0.0932635520198108,-0.29555183034071203,-0.5315851144274311,9697,9596,2.0,78.0,-0.19712990498973348,False,,
9697,Nott'm Forest,0.39832152524310455,-0.0949127533800308,0.6199305264529004,-0.17111712967470358,0.791047656127604,0.49323427862313535,9697,9596,9.0,58.0,-0.12655955364662702,False,,
9697,Sheffield Wed,0.29569373681968275,-0.10138314782106699,0.3421351311441172,-0.10614972101309952,0.4482848521572167,0.39707688464074975,9697,9596,15.0,40.0,-0.052651186957649136,False,,
9697,Southampton,-0.5112656397589197,0.1618991065277045,-0.45751923195192684,0.14982464489610137,-0.6073438768480282,-0.6731647462866241,9697,9596,18.0,38.0,-0.369262061000413,False,,
9697,Sunderland,-0.05574364300192667,0.06489707688866829,-0.803606634717528,0.17652501583253044,-0.9801316505500585,-0.12064071989059497,,,,,,True,,
9697,Tottenham,-0.40098539916373704,0.039436060239813234,-1.0987521398126758,0.16323758159003965,-1.2619897214027156,-0.44042145940355026,9697,9596,8.0,61.0,0.25712051947144243,False,,
9697,West Ham,-0.3402821095135507,0.13231357788387196,0.10057363727034223,0.029234832497710153,0.07133880477263208,-0.47259568739742264,9697,9596,10.0,51.0,-0.05637663083569491,False,,
9697,Wimbledon,-0.07363642314031445,0.02088909018830741,-0.30364443278645875,0.06293933078012176,-0.3665837635665805,-0.09452551332862186,9697,9596,14.0,41.0,0.09490887664347784,False,,
9798,Arsenal,0.3434772451724954,-0.14187158859219864,0.4967968675659955,-0.1494521973638707,0.6462490649298662,0.48534883376469407,9798,9697,2.0,68.0,0.028287121781030405,False,,
9798,Aston Villa,-0.22445634793170885,0.09090502993320385,0.0760576239678065,0.0314089860026468,0.04464863796515971,-0.3153613778649127,9798,9697,5.0,61.0,-0.05019391879286781,False,,
9798,Barnsley,-0.387920253451922,0.1499419277553471,-0.20814642044435336,0.08009450020425465,-0.288240920648608,-0.537862181207269,,,,,,True,,
9798,Blackburn,1.3651582070219392,-0.23510543750969162,1.388989924903579,-0.22771058488623858,1.6167005097898177,1.600263644531631,9798,9697,13.0,42.0,0.18849916781676954,False,,
9798,Bolton,-0.1366079698435429,0.03804282963799738,-0.5259192564008833,0.09469830791467679,-0.6206175643155601,-0.17465079948154028,,,,,,True,,
9798,Chelsea,1.3184441132594145,-0.23978658559946153,1.610837153161877,-0.26565485252047794,1.8764920056823549,1.558230698858876,9798,9697,6.0,59.0,-0.1416073094800942,False,,
9798,Coventry,-0.06021802786742875,-0.04437454312889025,0.3051332935551733,-0.1155562608371052,0.4206895543922785,-0.0158434847385385,9798,9697,17.0,41.0,0.2750274828504662,False,,
9798,Crystal Palace,-0.27788292458569525,0.036964206632200694,-0.8124525157324741,0.11187165723155441,-0.9243241729640286,-0.3148471312178959,,,,,,True,,
9798,Derby,0.13814439675299864,-0.0021161330148288283,0.053075441927237975,0.016696530599681694,0.03637891132755628,0.14026052976782746,9798,9697,10.0,46.0,0.3069612952761599,False,,
9798,Everton,0.09748235708700193,0.0449212529629477,0.4440592863162509,-0.038400405197415166,0.4824596915136661,0.05256110412405422,9798,9697,14.0,42.0,-0.3832678885695235,False,,
9798,Leeds,-0.17817816757517582,0.03328418756482236,0.17861960034033633,-0.0226451856657668,0.20126478600610315,-0.21146235513999817,9798,9697,11.0,46.0,-0.26487600939879125,False,,
9798,Leicester,0.1848956908344013,-0.15890562716916276,-0.16994071871076155,-0.08563707263948347,-0.08430364607127808,0.34380131800356406,9798,9697,9.0,47.0,0.04587262534814515,False,,
9798,Liverpool,-0.38970876437976015,0.03811411139036902,-0.5494015737138531,0.09403274033828896,-0.6434343140521421,-0.4278228757701292,9798,9697,3.0,68.0,0.03816735544304235,False,,
9798,Man United,-0.24171227269431142,0.03039889849517982,-0.7150281168970584,0.1378665415311381,-0.8528946584281965,-0.27211117118949124,9798,9697,1.0,75.0,-0.0651056966842305,False,,
9798,Newcastle,0.00138506329752545,0.006650079059866875,-0.2651125942636712,0.03560331785632838,-0.30071591211999954,-0.005265015762341425,9798,9697,4.0,68.0,-0.09625680346548908,False,,
9798,Sheffield Wed,-0.02196421228749923,-0.033052304323128646,0.6407877781471006,-0.14702346291299606,0.7878112410600967,0.011088092035629417,9798,9697,7.0,57.0,0.03486386371865369,False,,
9798,Southampton,-0.5685689832892218,0.11007569190873281,-0.5323058654692702,0.1046474454238981,-0.6369533108931683,-0.6786446751979546,9798,9697,18.0,41.0,-0.028036773384150983,False,,
9798,Tottenham,-0.115842264736475,0.0403105251710251,-0.29432320421839986,0.06348302142878848,-0.35780622564718834,-0.1561527899075001,9798,9697,12.0,46.0,-0.136099142207658,False,,
9798,West Ham,0.32087980580801573,0.03193634456850797,0.22691373374978618,0.05702564369663114,0.16988809005315503,0.28894346123950776,9798,9697,16.0,42.0,0.17661713307873822,False,,
9798,Wimbledon,-0.023501767910203492,-0.01947929037581489,0.3052605619406093,-0.10300861091361117,0.4082691728542205,-0.004022477534388603,9798,9697,8.0,56.0,-0.3938425547830216,False,,
9899,Arsenal,-0.5561687548974296,0.0697600948690405,-0.7159844383237708,0.10637178382312247,-0.8223562221468933,-0.6259288497664701,9899,9798,1.0,78.0,0.22357695399712985,False,,
9899,Aston Villa,-0.25825748433429835,0.023304856831866817,-1.2965975956707394,0.22582134397122564,-1.522418939641965,-0.2815623411661652,9899,9798,7.0,57.0,0.4535507952289523,False,,
9899,Blackburn,-0.05600992460267965,-0.030457229608084196,0.21638319459592914,-0.0944551697596291,0.3108383643555582,-0.025552694994595455,9899,9798,6.0,58.0,-0.6364874570465604,False,,
9899,Charlton,0.696347829845112,-0.1196958583923337,0.40891515658406163,-0.07678486778750082,0.48570002437156246,0.8160436882374457,,,,,,True,,
9899,Chelsea,0.09993774592037863,0.007209824663324135,0.5735990739939052,-0.07300697568557005,0.6466060496794752,0.0927279212570545,9899,9798,4.0,63.0,-0.17175478643190867,False,,
9899,Coventry,-0.5090319526536887,0.12634139796742608,-0.21589939539845746,0.05634649231344359,-0.27224588771190106,-0.6353733506211148,9899,9798,11.0,52.0,-0.026898183765661304,False,,
9899,Derby,-0.16127681893946025,0.0016981311540679098,-0.887657045865981,0.12870896062999387,-1.016366006495975,-0.16297495009352816,9899,9798,9.0,55.0,-0.5105838827347968,False,,
9899,Everton,-0.40682435024044983,0.1358563864610858,-0.8039807449755191,0.19955345277299102,-1.0035341977485102,-0.5426807367015356,9899,9798,18.0,40.0,-0.17620644358074175,False,,
9899,Leeds,-1.053394964421485,0.1255793208476913,-1.6959944900369763,0.26542619986614135,-1.9614206899031177,-1.1789742852691765,9899,9798,5.0,59.0,0.5800534156523295,False,,
9899,Leicester,-0.12888019764094236,-0.04597613822085715,-0.25276144276021884,-0.029971568371592316,-0.22278987438862652,-0.0829040594200852,9899,9798,10.0,53.0,0.2689614056069696,False,,
9899,Liverpool,0.339379188885836,0.09230637632553446,0.32534590388873025,0.12241873658215237,0.2029271673065779,0.24707281256030156,9899,9798,3.0,65.0,0.4276487539702074,False,,
9899,Man United,-0.4068893018355011,0.12300768157495981,-0.3351800200883625,0.14870322010847786,-0.48388324019684037,-0.5298969834104609,9899,9798,2.0,77.0,-0.31462040244979605,False,,
9899,Middlesbrough,0.14135063958887414,-0.04988120964157908,-0.2670030646114718,0.0310227955672491,-0.2980258601787209,0.19123184923045322,,,,,,True,,
9899,Newcastle,0.5129136209493924,-0.07785516898982245,0.2699436112184142,-0.030448431224906924,0.30039204244332113,0.5907687899392149,9899,9798,13.0,44.0,0.026131162348975938,False,,
9899,Nott'm Forest,-0.08880900010712328,-0.037412476977330404,-0.6598489130240058,0.048040895528029245,-0.7078898085520351,-0.05139652312979288,,,,,,True,,
9899,Sheffield Wed,-0.015434399541415789,-0.03595787456556773,-0.20670786542466427,-0.006955869094063656,-0.19975199633060062,0.020523475024151944,9899,9798,14.0,44.0,-0.28249954180696474,False,,
9899,Southampton,-0.527100423673172,0.16308356264586824,0.5447977666342153,-0.06239999249622585,0.6071977591304412,-0.6901839863190402,9899,9798,12.0,48.0,0.2093869448374624,False,,
9899,Tottenham,-0.5495975690507832,0.08945699289846683,0.15022686831942877,-0.04037124790358074,0.1905981162230095,-0.63905456194925,9899,9798,15.0,44.0,0.6093204445845815,False,,
9899,West Ham,-0.2528704489454431,0.10739644489791225,-0.8333418867347762,0.21186100777091244,-1.0452028945056886,-0.3602668938433553,9899,9798,8.0,56.0,0.17923071969655918,False,,
9899,Wimbledon,0.6045901770240435,-0.1987016658187215,0.2829978266006559,-0.14549860806368664,0.42849643466434256,0.803291842842765,9899,9798,16.0,44.0,-0.4135957145693209,False,,
9900,Arsenal,-0.7941695364649437,0.06330377865933967,-0.9981258563352423,0.13069802380052448,-1.1288238801357668,-0.8574733151242834,9900,9899,2.0,78.0,0.5108819277156169,False,,
9900,Aston Villa,0.1309082291359509,-0.045858020805711816,-0.24713438049714956,0.017111694015531698,-0.26424607451268123,0.17676624994166273,9900,9899,6.0,55.0,-0.14682452946239005,False,,
9900,Bradford,-0.5644361312391247,0.14225549315107303,-0.9420476354325859,0.1798079396370465,-1.1218555750696324,-0.7066916243901977,,,,,,True,,
9900,Chelsea,0.03540354096604481,-0.013056770389346675,-0.3201973851854169,0.0526395166704229,-0.3728369018558398,0.048460311355391486,9900,9899,3.0,75.0,0.18239205566759317,False,,
9900,Coventry,-0.43270405169216297,0.1648538048638928,-0.9860914541590473,0.2538958169239578,-1.239987271083005,-0.5975578565560558,9900,9899,15.0,42.0,-0.11969142650150398,False,,
9900,Derby,-0.2625732794291929,0.07912967547058822,-0.5725091005261321,0.11967262502089147,-0.6921817255470236,-0.3417029548997811,9900,9899,8.0,52.0,0.14211139892318442,False,,
9900,Everton,0.28136638379768325,0.00758754109333426,0.4653154584042214,-0.021283749595507356,0.4865992079997288,0.273778842704349,9900,9899,14.0,43.0,0.9591398852778193,False,,
9900,Leeds,-0.09894205957540092,-0.011690700638761146,-0.3783351182620079,0.047687894758501576,-0.4260230130205095,-0.08725135893663977,9900,9899,4.0,67.0,0.40794342851386356,False,,
9900,Leicester,-0.056308287338011374,-0.12465285495204548,-0.47609548941156876,-0.03519512274292973,-0.440900366668639,0.0683445676140341,9900,9899,10.0,49.0,0.08147765390228441,False,,
9900,Liverpool,-0.029433413515459694,0.004212231790674974,0.2931721532862776,-0.059298119295191014,0.3524702725814686,-0.03364564530613467,9900,9899,7.0,54.0,-0.26271344349311954,False,,
9900,Man United,0.10525861149035147,-0.062438508948810444,-0.49035537607791885,0.11130307606582548,-0.6016584521437444,0.1676971204391619,9900,9899,1.0,79.0,-0.35072424502762783,False,,
9900,Middlesbrough,-0.05793091749159248,-0.014539357283051904,0.07003683026801277,-0.04883109933963595,0.11886792960764872,-0.043391560208540576,9900,9899,9.0,51.0,-0.1470914262303197,False,,
9900,Newcastle,-0.3245733566288741,0.09194268859840543,1.0714392168505695,-0.1548634041845272,1.2263026210350967,-0.41651604522727953,9900,9899,12.0,46.0,-0.19277100458302218,False,,
9900,Sheffield Wed,-0.4784395854518826,0.07945821436806243,-0.25400821145079594,0.006613885633364888,-0.26062209708416084,-0.557897799819945,9900,9899,13.0,46.0,-0.4788040180159102,False,,
9900,Southampton,0.43146431313851846,-0.09976283714641784,0.8658468180994427,-0.19493364553244125,1.060780463631884,0.5312271502849363,9900,9899,17.0,41.0,0.05849404957804273,False,,
9900,Sunderland,-0.5345981977285276,0.038611722807471965,-0.7374831105350242,0.08708028186337868,-0.8245633923984029,-0.5732099205359995,,,,,,True,,
9900,Tottenham,0.1850176578817768,0.034410380213372546,0.32866404325808424,0.009642218436178962,0.3190218248219053,0.15060727766840426,9900,9899,11.0,47.0,0.24824555389260453,False,,
9900,Watford,-0.3029242746867312,0.051255159669442094,-1.085641399247648,0.15712599034812152,-1.2427673895957694,-0.35417943435617333,,,,,,True,,
9900,West Ham,0.102963325072274,0.048311880568339134,-0.4943061001303874,0.15485314680754986,-0.6491592469379373,0.054651444503934866,9900,9899,5.0,57.0,0.3166305864681045,False,,
9900,Wimbledon,0.2990244245017246,-0.04149441388342221,0.7915745154094802,-0.14910593528576627,0.9406804506952464,0.34051883838514685,9900,9899,16.0,42.0,-0.2768891868461908,False,,
