club,tournament,gameweek,match_id,kickoff,is_home,prev_ko,prev_tour,rec_all,rec_pl,opp,xg,xga,gf,ga,is_home_m,points,win,gd,A,Dopp,exp_xg,resid,b_all,b_pl,opp_rec_all,rest_diff
Arsenal,prem,1.0,25-26-prem-manchester-united-vs-arsenal,2025-08-17 15:30:00+00:00,False,,,,,Man Utd,1.31,1.52,1.0,0.0,False,3.0,1.0,1.0,1.704736842105263,1.2584210526315789,1.383956134170321,-0.07395613417032099,,,,
Arsenal,prem,2.0,25-26-prem-arsenal-vs-leeds-united,2025-08-23 16:30:00+00:00,True,2025-08-17 15:30:00+00:00,prem,6.041666666666667,6.041666666666667,Leeds,2.88,0.17,5.0,0.0,True,3.0,1.0,5.0,1.704736842105263,1.4621052631578948,1.9899797324076272,0.8900202675923727,5+d,5+d,4.895833333333333,1.145833333333334
Arsenal,prem,3.0,25-26-prem-liverpool-vs-arsenal,2025-08-31 15:30:00+00:00,False,2025-08-23 16:30:00+00:00,prem,7.958333333333333,7.958333333333333,Liverpool,0.49,0.52,0.0,1.0,False,0.0,0.0,-1.0,1.704736842105263,1.246842105263158,1.3712221170428651,-0.8812221170428651,5+d,5+d,5.854166666666667,2.104166666666666
Arsenal,prem,4.0,25-26-prem-arsenal-vs-nottingham-forest,2025-09-13 11:30:00+00:00,True,2025-08-31 15:30:00+00:00,prem,12.833333333333334,12.833333333333334,Nott'm Forest,1.84,0.2,3.0,0.0,True,3.0,1.0,3.0,1.704736842105263,1.5063157894736843,2.050151905741767,-0.2101519057417669,5+d,5+d,12.9375,-0.10416666666666607
Arsenal,prem,5.0,25-26-prem-arsenal-vs-manchester-city,2025-09-21 15:30:00+00:00,True,2025-09-16 16:45:00+00:00,champions-league,4.947916666666667,8.166666666666666,Man City,0.89,0.87,1.0,1.0,True,1.0,0.0,0.0,1.704736842105263,1.1760526315789472,1.600651444227805,-0.710651444227805,5+d,5+d,2.8541666666666665,2.0937500000000004
Arsenal,prem,6.0,25-26-prem-newcastle-united-vs-arsenal,2025-09-28 15:30:00+00:00,False,2025-09-24 19:00:00+00:00,efl-cup,3.8541666666666665,7.0,Newcastle,2.04,0.61,2.0,1.0,False,3.0,1.0,1.0,1.704736842105263,1.351578947368421,1.486407090150307,0.553592909849693,4d,5+d,3.8645833333333335,-0.010416666666666963
Arsenal,prem,7.0,25-26-prem-arsenal-vs-west-ham-united,2025-10-04 14:00:00+00:00,True,2025-10-01 19:00:00+00:00,champions-league,2.7916666666666665,5.9375,West Ham,2.77,0.49,2.0,0.0,True,3.0,1.0,2.0,1.704736842105263,1.5681578947368422,2.1343213148698794,0.6356786851301206,3d,5+d,4.791666666666667,-2.0000000000000004
Arsenal,prem,8.0,25-26-prem-fulham-vs-arsenal,2025-10-18 16:30:00+00:00,False,2025-10-04 14:00:00+00:00,prem,14.104166666666666,14.104166666666666,Fulham,1.87,0.44,1.0,0.0,False,3.0,1.0,1.0,1.704736842105263,1.3981578947368423,1.5376325681403007,0.3323674318596994,5+d,5+d,14.895833333333334,-0.7916666666666679
Arsenal,prem,9.0,25-26-prem-arsenal-vs-crystal-palace,2025-10-26 14:00:00+00:00,True,2025-10-21 19:00:00+00:00,champions-league,4.791666666666667,7.895833333333333,Crystal Palace,0.92,0.45,1.0,0.0,True,3.0,1.0,1.0,1.704736842105263,1.3828947368421052,1.8821712551839593,-0.9621712551839593,5+d,5+d,2.7916666666666665,2.0000000000000004
Arsenal,prem,10.0,25-26-prem-burnley-vs-arsenal,2025-11-01 15:00:00+00:00,False,2025-10-29 19:45:00+00:00,efl-cup,2.8020833333333335,6.041666666666667,Burnley,2.42,0.42,2.0,0.0,False,3.0,1.0,2.0,1.704736842105263,1.9947368421052631,2.193723859684449,0.2262761403155511,3d,5+d,6.041666666666667,-3.2395833333333335
Arsenal,prem,11.0,25-26-prem-sunderland-vs-arsenal,2025-11-08 17:30:00+00:00,False,2025-11-04 17:45:00+00:00,champions-league,3.9895833333333335,7.104166666666667,Sunderland,1.91,0.44,2.0,2.0,False,1.0,0.0,0.0,1.704736842105263,1.4210526315789473,1.5628111929150428,0.34718880708495714,4d,5+d,4.895833333333333,-0.9062499999999996
Arsenal,prem,12.0,25-26-prem-arsenal-vs-tottenham-hotspur,2025-11-23 16:30:00+00:00,True,2025-11-08 17:30:00+00:00,prem,14.958333333333334,14.958333333333334,Spurs,1.93,0.07,4.0,1.0,True,3.0,1.0,3.0,1.704736842105263,1.355,1.8442054791517046,0.08579452084829531,5+d,5+d,15.166666666666666,-0.20833333333333215
Arsenal,prem,13.0,25-26-prem-chelsea-vs-arsenal,2025-11-30 16:30:00+00:00,False,2025-11-26 20:00:00+00:00,champions-league,3.8541666666666665,7.0,Chelsea,1.26,0.79,1.0,1.0,False,1.0,0.0,0.0,1.704736842105263,1.3665789473684211,1.502903430519966,-0.242903430519966,4d,5+d,4.854166666666667,-1.0000000000000004
Arsenal,prem,14.0,25-26-prem-arsenal-vs-brentford,2025-12-03 19:30:00+00:00,True,2025-11-30 16:30:00+00:00,prem,3.125,3.125,Brentford,1.72,0.34,2.0,0.0,True,3.0,1.0,2.0,1.704736842105263,1.4205263157894739,1.9333892360576623,-0.21338923605766236,3d,3d,4.1875,-1.0625
Arsenal,prem,15.0,25-26-prem-aston-villa-vs-arsenal,2025-12-06 12:30:00+00:00,False,2025-12-03 19:30:00+00:00,prem,2.7083333333333335,2.7083333333333335,Aston Villa,1.84,2.27,1.0,2.0,False,0.0,0.0,-1.0,1.704736842105263,1.403421052631579,1.5434207577436891,0.29657924225631094,3d,3d,2.7083333333333335,0.0
Arsenal,prem,16.0,25-26-prem-arsenal-vs-wolverhampton-wanderers,2025-12-13 20:00:00+00:00,True,2025-12-10 20:00:00+00:00,champions-league,3.0,7.3125,Wolves,1.02,0.38,2.0,1.0,True,3.0,1.0,1.0,1.704736842105263,1.5355263157894736,2.089908520266109,-1.0699085202661092,3d,5+d,5.0,-2.0
Arsenal,prem,17.0,25-26-prem-everton-vs-arsenal,2025-12-20 20:00:00+00:00,False,2025-12-13 20:00:00+00:00,prem,7.0,7.0,Everton,1.81,0.2,1.0,0.0,False,3.0,1.0,1.0,1.704736842105263,1.4907894736842104,1.6395047051599474,0.17049529484005266,5+d,5+d,7.208333333333333,-0.20833333333333304
Arsenal,prem,18.0,25-26-prem-arsenal-vs-brighton-hove-albion,2025-12-27 15:00:00+00:00,True,2025-12-23 20:00:00+00:00,efl-cup,3.7916666666666665,6.791666666666667,Brighton,2.8,0.8,2.0,1.0,True,3.0,1.0,1.0,1.704736842105263,1.2984210526315791,1.7671994239919424,1.0328005760080574,4d,5+d,7.0,-3.2083333333333335
Arsenal,prem,19.0,25-26-prem-arsenal-vs-aston-villa,2025-12-30 20:15:00+00:00,True,2025-12-27 15:00:00+00:00,prem,3.21875,3.21875,Aston Villa,3.17,2.67,4.0,1.0,True,3.0,1.0,3.0,1.704736842105263,1.403421052631579,1.9101083356605244,1.2598916643394755,3d,3d,3.1145833333333335,0.10416666666666652
Arsenal,prem,20.0,25-26-prem-afc-bournemouth-vs-arsenal,2026-01-03 17:30:00+00:00,False,2025-12-30 20:15:00+00:00,prem,3.8854166666666665,3.8854166666666665,Bournemouth,1.13,1.43,3.0,2.0,False,3.0,1.0,1.0,1.704736842105263,1.4813157894736841,1.629085963873847,-0.4990859638738472,4d,4d,3.9166666666666665,-0.03125
Arsenal,prem,21.0,25-26-prem-arsenal-vs-liverpool,2026-01-08 20:00:00+00:00,True,2026-01-03 17:30:00+00:00,prem,5.104166666666667,5.104166666666667,Liverpool,0.57,0.31,0.0,0.0,True,1.0,0.0,0.0,1.704736842105263,1.246842105263158,1.6969985551021123,-1.1269985551021122,5+d,5+d,4.197916666666667,0.90625
Arsenal,prem,22.0,25-26-prem-nottingham-forest-vs-arsenal,2026-01-17 17:30:00+00:00,False,2026-01-14 20:00:00+00:00,efl-cup,2.8958333333333335,8.895833333333334,Nott'm Forest,2.1,0.34,0.0,0.0,False,1.0,0.0,0.0,1.704736842105263,1.5063157894736843,1.6565798644899452,0.4434201355100549,3d,5+d,10.895833333333334,-8.0
Arsenal,prem,23.0,25-26-prem-arsenal-vs-manchester-united,2026-01-25 16:30:00+00:00,True,2026-01-20 20:00:00+00:00,champions-league,4.854166666666667,7.958333333333333,Man Utd,1.19,0.71,2.0,3.0,True,0.0,0.0,-1.0,1.704736842105263,1.2584210526315789,1.7127579338324823,-0.5227579338324824,5+d,5+d,8.166666666666666,-3.312499999999999
Arsenal,prem,24.0,25-26-prem-leeds-united-vs-arsenal,2026-01-31 15:00:00+00:00,False,2026-01-28 20:00:00+00:00,champions-league,2.7916666666666665,5.9375,Leeds,2.19,0.15,4.0,0.0,False,3.0,1.0,4.0,1.704736842105263,1.4621052631578948,1.6079590718214773,0.5820409281785226,3d,5+d,4.791666666666667,-2.0000000000000004
Arsenal,prem,25.0,25-26-prem-arsenal-vs-sunderland,2026-02-07 15:00:00+00:00,True,2026-02-03 20:00:00+00:00,efl-cup,3.7916666666666665,7.0,Sunderland,1.49,0.19,3.0,0.0,True,3.0,1.0,3.0,1.704736842105263,1.4210526315789473,1.934105571454497,-0.44410557145449703,4d,5+d,4.791666666666667,-1.0000000000000004
Arsenal,prem,26.0,25-26-prem-brentford-vs-arsenal,2026-02-12 20:00:00+00:00,False,2026-02-07 15:00:00+00:00,prem,5.208333333333333,5.208333333333333,Brentford,0.6,1.51,1.0,1.0,False,1.0,0.0,0.0,1.704736842105263,1.4205263157894739,1.562232373954704,-0.962232373954704,5+d,5+d,5.104166666666667,0.10416666666666607
Arsenal,prem,26.0,25-26-prem-wolverhampton-wanderers-vs-arsenal,2026-02-18 20:00:00+00:00,False,2026-02-12 20:00:00+00:00,prem,6.0,6.0,Wolves,1.6,0.29,2.0,2.0,False,1.0,0.0,0.0,1.704736842105263,1.5355263157894736,1.6887043167887543,-0.08870431678875423,5+d,5+d,7.020833333333333,-1.020833333333333
Arsenal,prem,27.0,25-26-prem-tottenham-hotspur-vs-arsenal,2026-02-22 16:30:00+00:00,False,2026-02-18 20:00:00+00:00,prem,3.8541666666666665,3.8541666666666665,Spurs,2.07,0.76,4.0,1.0,False,3.0,1.0,3.0,1.704736842105263,1.355,1.49016941339251,0.5798305866074898,4d,4d,11.875,-8.020833333333334
Arsenal,prem,28.0,25-26-prem-arsenal-vs-chelsea,2026-03-01 16:30:00+00:00,True,2026-02-22 16:30:00+00:00,prem,7.0,7.0,Chelsea,1.13,1.05,2.0,1.0,True,3.0,1.0,1.0,1.704736842105263,1.3665789473684211,1.8599648578820747,-0.7299648578820748,5+d,5+d,8.0625,-1.0625
Arsenal,prem,29.0,25-26-prem-brighton-hove-albion-vs-arsenal,2026-03-04 19:30:00+00:00,False,2026-03-01 16:30:00+00:00,prem,3.125,3.125,Brighton,0.47,0.82,1.0,0.0,False,3.0,1.0,1.0,1.704736842105263,1.2984210526315791,1.427946375156078,-0.957946375156078,3d,3d,3.2291666666666665,-0.10416666666666652
Arsenal,prem,30.0,25-26-prem-arsenal-vs-everton,2026-03-14 17:30:00+00:00,True,2026-03-04 19:30:00+00:00,prem,9.916666666666666,9.916666666666666,Everton,2.7,1.05,2.0,0.0,True,3.0,1.0,2.0,1.704736842105263,1.4907894736842104,2.0290200115351342,0.670979988464866,5+d,5+d,10.916666666666666,-1.0
Arsenal,prem,32.0,25-26-prem-arsenal-vs-afc-bournemouth,2026-04-11 11:30:00+00:00,True,2026-03-14 17:30:00+00:00,prem,27.75,27.75,Bournemouth,2.32,1.19,1.0,2.0,True,0.0,0.0,-1.0,1.704736842105263,1.4813157894736841,2.016125974392104,0.3038740256078958,5+d,5+d,21.645833333333332,6.104166666666668
Arsenal,prem,33.0,25-26-prem-manchester-city-vs-arsenal,2026-04-19 15:30:00+00:00,False,2026-04-11 11:30:00+00:00,prem,8.166666666666666,8.166666666666666,Man City,1.62,1.36,1.0,2.0,False,0.0,0.0,-1.0,1.704736842105263,1.1760526315789472,1.2933709668772824,0.32662903312271774,5+d,5+d,7.0,1.166666666666666
Arsenal,prem,34.0,25-26-prem-arsenal-vs-newcastle-united,2026-04-25 16:30:00+00:00,True,2026-04-19 15:30:00+00:00,prem,6.041666666666667,6.041666666666667,Newcastle,0.49,1.0,1.0,0.0,True,3.0,1.0,1.0,1.704736842105263,1.351578947368421,1.8395492990722768,-1.3495492990722768,5+d,5+d,7.104166666666667,-1.0625
Arsenal,prem,35.0,25-26-prem-arsenal-vs-fulham,2026-05-02 16:30:00+00:00,True,2026-04-25 16:30:00+00:00,prem,7.0,7.0,Fulham,3.22,0.37,3.0,0.0,True,3.0,1.0,3.0,1.704736842105263,1.3981578947368423,1.902944981692175,1.3170550183078251,5+d,5+d,7.208333333333333,-0.20833333333333304
Arsenal,prem,36.0,25-26-prem-west-ham-united-vs-arsenal,2026-05-10 15:30:00+00:00,False,2026-05-02 16:30:00+00:00,prem,7.958333333333333,7.958333333333333,West Ham,1.18,1.15,1.0,0.0,False,3.0,1.0,1.0,1.704736842105263,1.5681578947368422,1.7245910923297665,-0.5445910923297665,5+d,5+d,8.0625,-0.10416666666666696
Arsenal,prem,37.0,25-26-prem-arsenal-vs-burnley,2026-05-18 19:00:00+00:00,True,2026-05-10 15:30:00+00:00,prem,8.145833333333334,8.145833333333334,Burnley,1.29,0.19,1.0,0.0,True,3.0,1.0,1.0,1.704736842105263,1.9947368421052631,2.7149111540046458,-1.4249111540046457,5+d,5+d,8.25,-0.10416666666666607
Arsenal,prem,38.0,25-26-prem-crystal-palace-vs-arsenal,2026-05-24 15:00:00+00:00,False,2026-05-18 19:00:00+00:00,prem,5.833333333333333,5.833333333333333,Crystal Palace,2.53,0.98,2.0,1.0,False,3.0,1.0,1.0,1.704736842105263,1.3828947368421052,1.520846818290472,1.0091531817095278,5+d,5+d,7.041666666666667,-1.208333333333334
Aston Villa,prem,1.0,25-26-prem-aston-villa-vs-newcastle-united,2025-08-16 11:30:00+00:00,True,,,,,Newcastle,0.2,1.43,0.0,0.0,True,1.0,0.0,0.0,1.2602631578947368,1.351578947368421,1.3599261490054237,-1.1599261490054238,,,,
Aston Villa,prem,2.0,25-26-prem-brentford-vs-aston-villa,2025-08-23 14:00:00+00:00,False,2025-08-16 11:30:00+00:00,prem,7.104166666666667,7.104166666666667,Brentford,1.19,1.21,0.0,1.0,False,0.0,0.0,-1.0,1.2602631578947368,1.4205263157894739,1.1549136830609874,0.03508631693901254,5+d,5+d,6.041666666666667,1.0625
Aston Villa,prem,3.0,25-26-prem-aston-villa-vs-crystal-palace,2025-08-31 18:00:00+00:00,True,2025-08-23 14:00:00+00:00,prem,8.166666666666666,8.166666666666666,Crystal Palace,1.14,2.65,0.0,3.0,True,0.0,0.0,-3.0,1.2602631578947368,1.3828947368421052,1.391435341320775,-0.25143534132077505,5+d,5+d,7.208333333333333,0.958333333333333
Aston Villa,prem,4.0,25-26-prem-everton-vs-aston-villa,2025-09-13 14:00:00+00:00,False,2025-08-31 18:00:00+00:00,prem,12.833333333333334,12.833333333333334,Everton,0.54,2.08,0.0,0.0,False,1.0,0.0,0.0,1.2602631578947368,1.4907894736842104,1.2120389059911991,-0.6720389059911991,5+d,5+d,14.0,-1.166666666666666
Aston Villa,prem,5.0,25-26-prem-sunderland-vs-aston-villa,2025-09-21 13:00:00+00:00,False,2025-09-16 19:00:00+00:00,efl-cup,4.75,7.958333333333333,Sunderland,0.78,1.04,1.0,1.0,False,1.0,0.0,0.0,1.2602631578947368,1.4210526315789473,1.1553415873525994,-0.37534158735259937,5+d,5+d,7.958333333333333,-3.208333333333333
Aston Villa,prem,6.0,25-26-prem-aston-villa-vs-fulham,2025-09-28 13:00:00+00:00,True,2025-09-21 13:00:00+00:00,prem,7.0,7.0,Fulham,1.11,0.92,3.0,1.0,True,3.0,1.0,2.0,1.2602631578947368,1.3981578947368423,1.4067927627854007,-0.29679276278540057,5+d,5+d,4.760416666666667,2.239583333333333
Aston Villa,prem,7.0,25-26-prem-aston-villa-vs-burnley,2025-10-05 13:00:00+00:00,True,2025-10-02 19:00:00+00:00,europa-league,2.75,7.0,Burnley,1.16,0.4,2.0,1.0,True,3.0,1.0,1.0,1.2602631578947368,1.9947368421052631,2.007056115549282,-0.8470561155492822,3d,5+d,7.958333333333333,-5.208333333333333
Aston Villa,prem,8.0,25-26-prem-tottenham-hotspur-vs-aston-villa,2025-10-19 13:00:00+00:00,False,2025-10-05 13:00:00+00:00,prem,14.0,14.0,Spurs,0.32,0.75,2.0,1.0,False,3.0,1.0,1.0,1.2602631578947368,1.355,1.101639598755284,-0.781639598755284,5+d,5+d,15.0625,-1.0625
Aston Villa,prem,9.0,25-26-prem-aston-villa-vs-manchester-city,2025-10-26 14:00:00+00:00,True,2025-10-23 16:45:00+00:00,europa-league,2.8854166666666665,7.041666666666667,Man City,0.81,1.18,1.0,0.0,True,3.0,1.0,1.0,1.2602631578947368,1.1760526315789472,1.183315802162235,-0.3733158021622349,3d,5+d,4.791666666666667,-1.9062500000000004
Aston Villa,prem,10.0,25-26-prem-liverpool-vs-aston-villa,2025-11-01 20:00:00+00:00,False,2025-10-26 14:00:00+00:00,prem,6.25,6.25,Liverpool,0.41,1.19,0.0,2.0,False,0.0,0.0,-2.0,1.2602631578947368,1.246842105263158,1.013705266829003,-0.603705266829003,5+d,5+d,3.0104166666666665,3.2395833333333335
Aston Villa,prem,11.0,25-26-prem-aston-villa-vs-afc-bournemouth,2025-11-09 14:00:00+00:00,True,2025-11-06 20:00:00+00:00,europa-league,2.75,7.75,Bournemouth,1.7,1.61,4.0,0.0,True,3.0,1.0,4.0,1.2602631578947368,1.4813157894736841,1.4904642314547372,0.2095357685452628,3d,5+d,6.895833333333333,-4.145833333333333
Aston Villa,prem,12.0,25-26-prem-leeds-united-vs-aston-villa,2025-11-23 14:00:00+00:00,False,2025-11-09 14:00:00+00:00,prem,14.0,14.0,Leeds,1.58,1.79,2.0,1.0,False,3.0,1.0,1.0,1.2602631578947368,1.4621052631578948,1.1887181220983412,0.3912818779016589,5+d,5+d,14.0,0.0
Aston Villa,prem,13.0,25-26-prem-aston-villa-vs-wolverhampton-wanderers,2025-11-30 14:05:00+00:00,True,2025-11-27 17:45:00+00:00,europa-league,2.8472222222222223,7.003472222222222,Wolves,0.94,0.49,1.0,0.0,True,3.0,1.0,1.0,1.2602631578947368,1.5355263157894736,1.5450095559670265,-0.6050095559670265,3d,5+d,7.961805555555555,-5.114583333333333
Aston Villa,prem,14.0,25-26-prem-brighton-hove-albion-vs-aston-villa,2025-12-03 19:30:00+00:00,False,2025-11-30 14:05:00+00:00,prem,3.2256944444444446,3.2256944444444446,Brighton,2.76,1.7,4.0,3.0,False,3.0,1.0,1.0,1.2602631578947368,1.2984210526315791,1.055639887406986,1.7043601125930137,3d,3d,3.2256944444444446,0.0
Aston Villa,prem,15.0,25-26-prem-aston-villa-vs-arsenal,2025-12-06 12:30:00+00:00,True,2025-12-03 19:30:00+00:00,prem,2.7083333333333335,2.7083333333333335,Arsenal,2.27,1.84,2.0,1.0,True,3.0,1.0,1.0,1.2602631578947368,0.75,0.754631916796234,1.5153680832037661,3d,3d,2.7083333333333335,0.0
Aston Villa,prem,16.0,25-26-prem-west-ham-united-vs-aston-villa,2025-12-14 14:00:00+00:00,False,2025-12-11 20:00:00+00:00,europa-league,2.75,8.0625,West Ham,0.62,1.04,3.0,2.0,False,3.0,1.0,1.0,1.2602631578947368,1.5681578947368422,1.274940836858174,-0.6549408368581741,3d,5+d,7.0,-4.25
Aston Villa,prem,17.0,25-26-prem-aston-villa-vs-manchester-united,2025-12-21 16:30:00+00:00,True,2025-12-14 14:00:00+00:00,prem,7.104166666666667,7.104166666666667,Man Utd,1.02,1.31,2.0,1.0,True,3.0,1.0,1.0,1.2602631578947368,1.2584210526315789,1.2661929214454706,-0.24619292144547056,5+d,5+d,5.854166666666667,1.25
Aston Villa,prem,18.0,25-26-prem-chelsea-vs-aston-villa,2025-12-27 17:30:00+00:00,False,2025-12-21 16:30:00+00:00,prem,6.041666666666667,6.041666666666667,Chelsea,1.05,2.14,2.0,1.0,False,3.0,1.0,1.0,1.2602631578947368,1.3665789473684211,1.1110534931707499,-0.06105349317074982,5+d,5+d,7.208333333333333,-1.166666666666666
Aston Villa,prem,19.0,25-26-prem-arsenal-vs-aston-villa,2025-12-30 20:15:00+00:00,False,2025-12-27 17:30:00+00:00,prem,3.1145833333333335,3.1145833333333335,Arsenal,2.67,3.17,1.0,4.0,False,0.0,0.0,-3.0,1.2602631578947368,0.75,0.6097636155472053,2.0602363844527947,3d,3d,3.21875,-0.10416666666666652
Aston Villa,prem,20.0,25-26-prem-aston-villa-vs-nottingham-forest,2026-01-03 12:30:00+00:00,True,2025-12-30 20:15:00+00:00,prem,3.6770833333333335,3.6770833333333335,Nott'm Forest,1.59,0.89,3.0,1.0,True,3.0,1.0,2.0,1.2602631578947368,1.5063157894736843,1.5156186286812783,0.0743813713187218,4d,4d,3.7083333333333335,-0.03125
Aston Villa,prem,21.0,25-26-prem-crystal-palace-vs-aston-villa,2026-01-07 19:30:00+00:00,False,2026-01-03 12:30:00+00:00,prem,4.291666666666667,4.291666666666667,Crystal Palace,1.74,1.5,0.0,0.0,False,1.0,0.0,0.0,1.2602631578947368,1.3828947368421052,1.1243185262107238,0.6156814737892762,4d,4d,3.1875,1.104166666666667
Aston Villa,prem,22.0,25-26-prem-aston-villa-vs-everton,2026-01-18 16:30:00+00:00,True,2026-01-07 19:30:00+00:00,prem,10.875,10.875,Everton,1.44,0.51,0.0,1.0,True,0.0,0.0,-1.0,1.2602631578947368,1.4907894736842104,1.4999964240879526,-0.05999642408795269,5+d,5+d,10.875,0.0
Aston Villa,prem,23.0,25-26-prem-newcastle-united-vs-aston-villa,2026-01-25 14:00:00+00:00,False,2026-01-22 17:45:00+00:00,europa-league,2.84375,6.895833333333333,Newcastle,1.16,2.18,2.0,0.0,False,3.0,1.0,2.0,1.2602631578947368,1.351578947368421,1.0988582208598057,0.06114177914019425,3d,5+d,3.75,-0.90625
Aston Villa,prem,24.0,25-26-prem-aston-villa-vs-brentford,2026-02-01 14:00:00+00:00,True,2026-01-29 20:00:00+00:00,europa-league,2.75,7.0,Brentford,2.4,0.38,0.0,1.0,True,0.0,0.0,-1.0,1.2602631578947368,1.4205263157894739,1.4292993287249371,0.9707006712750628,3d,5+d,7.0,-4.25
Aston Villa,prem,25.0,25-26-prem-afc-bournemouth-vs-aston-villa,2026-02-07 15:00:00+00:00,False,2026-02-01 14:00:00+00:00,prem,6.041666666666667,6.041666666666667,Bournemouth,0.44,2.06,1.0,1.0,False,1.0,0.0,0.0,1.2602631578947368,1.4813157894736841,1.2043366287421817,-0.7643366287421818,5+d,5+d,7.0,-0.958333333333333
Aston Villa,prem,26.0,25-26-prem-aston-villa-vs-brighton-hove-albion,2026-02-11 19:30:00+00:00,True,2026-02-07 15:00:00+00:00,prem,4.1875,4.1875,Brighton,0.72,0.5,1.0,0.0,True,3.0,1.0,1.0,1.2602631578947368,1.2984210526315791,1.3064399570079364,-0.5864399570079364,4d,4d,3.2291666666666665,0.9583333333333335
Aston Villa,prem,27.0,25-26-prem-aston-villa-vs-leeds-united,2026-02-21 15:00:00+00:00,True,2026-02-11 19:30:00+00:00,prem,9.8125,9.8125,Leeds,1.46,1.35,1.0,1.0,True,1.0,0.0,0.0,1.2602631578947368,1.4621052631578948,1.4711350630596056,-0.011135063059605654,5+d,5+d,10.8125,-1.0
Aston Villa,prem,28.0,25-26-prem-wolverhampton-wanderers-vs-aston-villa,2026-02-27 20:00:00+00:00,False,2026-02-21 15:00:00+00:00,prem,6.208333333333333,6.208333333333333,Wolves,1.03,0.86,0.0,2.0,False,0.0,0.0,-2.0,1.2602631578947368,1.5355263157894736,1.2484107707782255,-0.21841077077822546,5+d,5+d,5.25,0.958333333333333
Aston Villa,prem,29.0,25-26-prem-aston-villa-vs-chelsea,2026-03-04 19:30:00+00:00,True,2026-02-27 20:00:00+00:00,prem,4.979166666666667,4.979166666666667,Chelsea,0.78,3.6,1.0,4.0,True,0.0,0.0,-3.0,1.2602631578947368,1.3665789473684211,1.3750187873413484,-0.5950187873413484,5+d,5+d,3.125,1.854166666666667
Aston Villa,prem,30.0,25-26-prem-manchester-united-vs-aston-villa,2026-03-15 14:00:00+00:00,False,2026-03-04 19:30:00+00:00,prem,10.770833333333334,10.770833333333334,Man Utd,1.0,1.1,1.0,3.0,False,0.0,0.0,-2.0,1.2602631578947368,1.2584210526315789,1.0231191612444686,-0.023119161244468556,5+d,5+d,10.739583333333334,0.03125
Aston Villa,prem,31.0,25-26-prem-aston-villa-vs-west-ham-united,2026-03-22 14:15:00+00:00,True,2026-03-15 14:00:00+00:00,prem,7.010416666666667,7.010416666666667,West Ham,1.69,0.85,2.0,0.0,True,3.0,1.0,2.0,1.2602631578947368,1.5681578947368422,1.5778426639258802,0.1121573360741197,5+d,5+d,7.760416666666667,-0.75
Aston Villa,prem,32.0,25-26-prem-nottingham-forest-vs-aston-villa,2026-04-12 13:00:00+00:00,False,2026-03-22 14:15:00+00:00,prem,20.947916666666668,20.947916666666668,Nott'm Forest,1.02,1.15,1.0,1.0,False,1.0,0.0,0.0,1.2602631578947368,1.5063157894736843,1.2246620825937553,-0.2046620825937553,5+d,5+d,20.947916666666668,0.0
Aston Villa,prem,33.0,25-26-prem-aston-villa-vs-sunderland,2026-04-19 13:00:00+00:00,True,2026-04-12 13:00:00+00:00,prem,7.0,7.0,Sunderland,2.84,1.73,4.0,3.0,True,3.0,1.0,1.0,1.2602631578947368,1.4210526315789473,1.4298288949823381,1.4101711050176617,5+d,5+d,7.0,0.0
Aston Villa,prem,34.0,25-26-prem-fulham-vs-aston-villa,2026-04-25 11:30:00+00:00,False,2026-04-19 13:00:00+00:00,prem,5.9375,5.9375,Fulham,0.93,1.18,0.0,1.0,False,0.0,0.0,-1.0,1.2602631578947368,1.3981578947368423,1.1367277506674744,-0.2067277506674744,5+d,5+d,7.0,-1.0625
Aston Villa,prem,35.0,25-26-prem-aston-villa-vs-tottenham-hotspur,2026-05-03 18:00:00+00:00,True,2026-04-25 11:30:00+00:00,prem,8.270833333333334,8.270833333333334,Spurs,0.32,0.99,1.0,2.0,True,0.0,0.0,-1.0,1.2602631578947368,1.355,1.3633683296785295,-1.0433683296785294,5+d,5+d,8.166666666666666,0.10416666666666785
Aston Villa,prem,36.0,25-26-prem-burnley-vs-aston-villa,2026-05-10 13:00:00+00:00,False,2026-05-03 18:00:00+00:00,prem,6.791666666666667,6.791666666666667,Burnley,1.44,1.79,2.0,2.0,False,1.0,0.0,0.0,1.2602631578947368,1.9947368421052631,1.62175726520976,-0.1817572652097601,5+d,5+d,8.75,-1.958333333333333
Aston Villa,prem,37.0,25-26-prem-aston-villa-vs-liverpool,2026-05-15 19:00:00+00:00,True,2026-05-10 13:00:00+00:00,prem,5.25,5.25,Liverpool,1.85,1.43,4.0,2.0,True,3.0,1.0,2.0,1.2602631578947368,1.246842105263158,1.2545424637826514,0.5954575362173486,5+d,5+d,6.3125,-1.0625
Aston Villa,prem,38.0,25-26-prem-manchester-city-vs-aston-villa,2026-05-24 15:00:00+00:00,False,2026-05-15 19:00:00+00:00,prem,8.833333333333334,8.833333333333334,Man City,1.77,1.34,2.0,1.0,False,3.0,1.0,1.0,1.2602631578947368,1.1760526315789472,0.9561521396071789,0.8138478603928211,5+d,5+d,4.854166666666667,3.979166666666667
Bournemouth,prem,1.0,25-26-prem-liverpool-vs-afc-bournemouth,2025-08-15 19:00:00+00:00,False,,,,,Liverpool,1.7,2.21,2.0,4.0,False,0.0,0.0,-2.0,1.621578947368421,1.246842105263158,1.3043332332846769,0.3956667667153231,,,,
Bournemouth,prem,2.0,25-26-prem-afc-bournemouth-vs-wolverhampton-wanderers,2025-08-23 14:00:00+00:00,True,2025-08-15 19:00:00+00:00,prem,7.791666666666667,7.791666666666667,Wolves,1.29,0.46,1.0,0.0,True,3.0,1.0,1.0,1.621578947368421,1.5355263157894736,1.9879617631799575,-0.6979617631799575,5+d,5+d,6.895833333333333,0.8958333333333339
Bournemouth,prem,3.0,25-26-prem-tottenham-hotspur-vs-afc-bournemouth,2025-08-30 14:00:00+00:00,False,2025-08-26 18:45:00+00:00,efl-cup,3.8020833333333335,7.0,Spurs,1.59,0.19,1.0,0.0,False,3.0,1.0,1.0,1.621578947368421,1.355,1.4174782224953144,0.17252177750468567,4d,5+d,7.104166666666667,-3.3020833333333335
Bournemouth,prem,4.0,25-26-prem-afc-bournemouth-vs-brighton-hove-albion,2025-09-13 14:00:00+00:00,True,2025-08-30 14:00:00+00:00,prem,14.0,14.0,Brighton,1.45,0.62,2.0,1.0,True,3.0,1.0,1.0,1.621578947368421,1.2984210526315791,1.6809945740411163,-0.23099457404111634,5+d,5+d,13.041666666666666,0.9583333333333339
Bournemouth,prem,5.0,25-26-prem-afc-bournemouth-vs-newcastle-united,2025-09-21 13:00:00+00:00,True,2025-09-13 14:00:00+00:00,prem,7.958333333333333,7.958333333333333,Newcastle,0.46,0.14,0.0,0.0,True,1.0,0.0,0.0,1.621578947368421,1.351578947368421,1.74981518692241,-1.28981518692241,5+d,5+d,2.75,5.208333333333333
Bournemouth,prem,6.0,25-26-prem-leeds-united-vs-afc-bournemouth,2025-09-27 14:00:00+00:00,False,2025-09-21 13:00:00+00:00,prem,6.041666666666667,6.041666666666667,Leeds,0.82,1.84,2.0,2.0,False,1.0,0.0,0.0,1.621578947368421,1.4621052631578948,1.5295220439277466,-0.7095220439277466,5+d,5+d,7.0,-0.958333333333333
Bournemouth,prem,7.0,25-26-prem-afc-bournemouth-vs-fulham,2025-10-03 19:00:00+00:00,True,2025-09-27 14:00:00+00:00,prem,6.208333333333333,6.208333333333333,Fulham,1.12,0.88,3.0,1.0,True,3.0,1.0,2.0,1.621578947368421,1.3981578947368423,1.810118397219386,-0.6901183972193858,5+d,5+d,5.25,0.958333333333333
Bournemouth,prem,8.0,25-26-prem-crystal-palace-vs-afc-bournemouth,2025-10-18 14:00:00+00:00,False,2025-10-03 19:00:00+00:00,prem,14.791666666666666,14.791666666666666,Crystal Palace,2.03,4.44,3.0,3.0,False,1.0,0.0,0.0,1.621578947368421,1.3828947368421052,1.446659168617766,0.5833408313822339,5+d,5+d,13.041666666666666,1.75
Bournemouth,prem,9.0,25-26-prem-afc-bournemouth-vs-nottingham-forest,2025-10-26 14:00:00+00:00,True,2025-10-18 14:00:00+00:00,prem,8.0,8.0,Nott'm Forest,0.58,0.37,2.0,0.0,True,3.0,1.0,2.0,1.621578947368421,1.5063157894736843,1.9501444957055833,-1.3701444957055835,5+d,5+d,8.104166666666666,-0.10416666666666607
Bournemouth,prem,10.0,25-26-prem-manchester-city-vs-afc-bournemouth,2025-11-02 16:30:00+00:00,False,2025-10-26 14:00:00+00:00,prem,7.104166666666667,7.104166666666667,Man City,0.72,2.22,1.0,3.0,False,0.0,0.0,-2.0,1.621578947368421,1.1760526315789472,1.2302797002003418,-0.5102797002003419,5+d,5+d,3.8645833333333335,3.2395833333333335
Bournemouth,prem,11.0,25-26-prem-aston-villa-vs-afc-bournemouth,2025-11-09 14:00:00+00:00,False,2025-11-02 16:30:00+00:00,prem,6.895833333333333,6.895833333333333,Aston Villa,1.61,1.7,0.0,4.0,False,0.0,0.0,-4.0,1.621578947368421,1.403421052631579,1.4681319402927777,0.14186805970722238,5+d,5+d,2.75,4.145833333333333
Bournemouth,prem,12.0,25-26-prem-afc-bournemouth-vs-west-ham-united,2025-11-22 15:00:00+00:00,True,2025-11-09 14:00:00+00:00,prem,13.041666666666666,13.041666666666666,West Ham,4.05,0.65,2.0,2.0,True,1.0,0.0,0.0,1.621578947368421,1.5681578947368422,2.030208079998178,2.019791920001822,5+d,5+d,14.0,-0.9583333333333339
Bournemouth,prem,13.0,25-26-prem-sunderland-vs-afc-bournemouth,2025-11-29 15:00:00+00:00,False,2025-11-22 15:00:00+00:00,prem,7.0,7.0,Sunderland,1.7,1.28,2.0,3.0,False,0.0,0.0,-1.0,1.621578947368421,1.4210526315789473,1.4865765005777234,0.21342349942227656,5+d,5+d,7.0,0.0
Bournemouth,prem,14.0,25-26-prem-afc-bournemouth-vs-everton,2025-12-02 19:30:00+00:00,True,2025-11-29 15:00:00+00:00,prem,3.1875,3.1875,Everton,0.57,1.35,0.0,1.0,True,0.0,0.0,-1.0,1.621578947368421,1.4907894736842104,1.930043425606591,-1.360043425606591,3d,3d,3.0833333333333335,0.10416666666666652
Bournemouth,prem,15.0,25-26-prem-afc-bournemouth-vs-chelsea,2025-12-06 15:00:00+00:00,True,2025-12-02 19:30:00+00:00,prem,3.8125,3.8125,Chelsea,1.37,0.88,0.0,0.0,True,1.0,0.0,0.0,1.621578947368421,1.3665789473684211,1.7692348648146563,-0.3992348648146562,4d,4d,2.78125,1.03125
Bournemouth,prem,16.0,25-26-prem-manchester-united-vs-afc-bournemouth,2025-12-15 20:00:00+00:00,False,2025-12-06 15:00:00+00:00,prem,9.208333333333334,9.208333333333334,Man Utd,1.86,3.29,4.0,4.0,False,1.0,0.0,0.0,1.621578947368421,1.2584210526315789,1.3164460788449397,0.5435539211550604,5+d,5+d,7.0,2.208333333333334
Bournemouth,prem,17.0,25-26-prem-afc-bournemouth-vs-burnley,2025-12-20 15:00:00+00:00,True,2025-12-15 20:00:00+00:00,prem,4.791666666666667,4.791666666666667,Burnley,1.71,0.38,1.0,1.0,True,1.0,0.0,0.0,1.621578947368421,1.9947368421052631,2.5824764635653943,-0.8724764635653943,5+d,5+d,6.895833333333333,-2.104166666666666
Bournemouth,prem,18.0,25-26-prem-brentford-vs-afc-bournemouth,2025-12-27 15:00:00+00:00,False,2025-12-20 15:00:00+00:00,prem,7.0,7.0,Brentford,2.39,3.46,1.0,4.0,False,0.0,0.0,-3.0,1.621578947368421,1.4205263157894739,1.4860259166886207,0.9039740833113794,5+d,5+d,7.0,0.0
Bournemouth,prem,19.0,25-26-prem-chelsea-vs-afc-bournemouth,2025-12-30 19:30:00+00:00,False,2025-12-27 15:00:00+00:00,prem,3.1875,3.1875,Chelsea,2.94,2.43,2.0,2.0,False,1.0,0.0,0.0,1.621578947368421,1.3665789473684211,1.4295910680555775,1.5104089319444225,3d,3d,3.0833333333333335,0.10416666666666652
Bournemouth,prem,20.0,25-26-prem-afc-bournemouth-vs-arsenal,2026-01-03 17:30:00+00:00,True,2025-12-30 19:30:00+00:00,prem,3.9166666666666665,3.9166666666666665,Arsenal,1.43,1.13,2.0,3.0,True,0.0,0.0,-1.0,1.621578947368421,0.75,0.9709838946123185,0.45901610538768145,4d,4d,3.8854166666666665,0.03125
Bournemouth,prem,21.0,25-26-prem-afc-bournemouth-vs-tottenham-hotspur,2026-01-07 19:30:00+00:00,True,2026-01-03 17:30:00+00:00,prem,4.083333333333333,4.083333333333333,Spurs,1.27,1.25,3.0,2.0,True,3.0,1.0,1.0,1.621578947368421,1.355,1.7542442362662554,-0.48424423626625535,4d,4d,3.1875,0.895833333333333
Bournemouth,prem,22.0,25-26-prem-brighton-hove-albion-vs-afc-bournemouth,2026-01-19 20:00:00+00:00,False,2026-01-07 19:30:00+00:00,prem,12.020833333333334,12.020833333333334,Brighton,1.29,1.02,1.0,1.0,False,1.0,0.0,0.0,1.621578947368421,1.2984210526315791,1.3582904544167573,-0.0682904544167573,5+d,5+d,12.020833333333334,0.0
Bournemouth,prem,23.0,25-26-prem-afc-bournemouth-vs-liverpool,2026-01-24 17:30:00+00:00,True,2026-01-19 20:00:00+00:00,prem,4.895833333333333,4.895833333333333,Liverpool,2.35,0.93,3.0,2.0,True,3.0,1.0,1.0,1.621578947368421,1.246842105263158,1.6142181377800584,0.7357818622199417,5+d,5+d,2.8958333333333335,1.9999999999999996
Bournemouth,prem,24.0,25-26-prem-wolverhampton-wanderers-vs-afc-bournemouth,2026-01-31 15:00:00+00:00,False,2026-01-24 17:30:00+00:00,prem,6.895833333333333,6.895833333333333,Wolves,1.36,1.38,2.0,0.0,False,3.0,1.0,2.0,1.621578947368421,1.5355263157894736,1.6063284964575957,-0.24632849645759558,5+d,5+d,7.0,-0.10416666666666696
Bournemouth,prem,25.0,25-26-prem-afc-bournemouth-vs-aston-villa,2026-02-07 15:00:00+00:00,True,2026-01-31 15:00:00+00:00,prem,7.0,7.0,Aston Villa,2.06,0.44,1.0,1.0,True,1.0,0.0,0.0,1.621578947368421,1.403421052631579,1.8169323192868405,0.24306768071315954,5+d,5+d,6.041666666666667,0.958333333333333
Bournemouth,prem,26.0,25-26-prem-everton-vs-afc-bournemouth,2026-02-10 19:30:00+00:00,False,2026-02-07 15:00:00+00:00,prem,3.1875,3.1875,Everton,1.34,2.94,2.0,1.0,False,3.0,1.0,1.0,1.621578947368421,1.4907894736842104,1.5595288658838524,-0.21952886588385234,3d,3d,3.1875,0.0
Bournemouth,prem,27.0,25-26-prem-west-ham-united-vs-afc-bournemouth,2026-02-21 17:30:00+00:00,False,2026-02-10 19:30:00+00:00,prem,10.916666666666666,10.916666666666666,West Ham,0.65,3.27,0.0,0.0,False,1.0,0.0,0.0,1.621578947368421,1.5681578947368422,1.6404646975819732,-0.9904646975819732,5+d,5+d,10.885416666666666,0.03125
Bournemouth,prem,28.0,25-26-prem-afc-bournemouth-vs-sunderland,2026-02-28 12:30:00+00:00,True,2026-02-21 17:30:00+00:00,prem,6.791666666666667,6.791666666666667,Sunderland,1.71,1.42,1.0,1.0,True,1.0,0.0,0.0,1.621578947368421,1.4210526315789473,1.8397589582128142,-0.12975895821281425,5+d,5+d,5.9375,0.854166666666667
Bournemouth,prem,29.0,25-26-prem-afc-bournemouth-vs-brentford,2026-03-03 19:30:00+00:00,True,2026-02-28 12:30:00+00:00,prem,3.2916666666666665,3.2916666666666665,Brentford,1.92,0.4,0.0,0.0,True,1.0,0.0,0.0,1.621578947368421,1.4205263157894739,1.839077566006069,0.08092243399393095,3d,3d,3.1875,0.10416666666666652
Bournemouth,prem,30.0,25-26-prem-burnley-vs-afc-bournemouth,2026-03-14 15:00:00+00:00,False,2026-03-03 19:30:00+00:00,prem,10.8125,10.8125,Burnley,2.55,1.4,0.0,0.0,False,1.0,0.0,0.0,1.621578947368421,1.9947368421052631,2.0867129396998414,0.4632870603001584,5+d,5+d,10.8125,0.0
Bournemouth,prem,31.0,25-26-prem-afc-bournemouth-vs-manchester-united,2026-03-20 20:00:00+00:00,True,2026-03-14 15:00:00+00:00,prem,6.208333333333333,6.208333333333333,Man Utd,1.8,1.77,2.0,2.0,True,1.0,0.0,0.0,1.621578947368421,1.2584210526315789,1.629208766328459,0.17079123367154114,5+d,5+d,5.25,0.958333333333333
Bournemouth,prem,32.0,25-26-prem-arsenal-vs-afc-bournemouth,2026-04-11 11:30:00+00:00,False,2026-03-20 20:00:00+00:00,prem,21.645833333333332,21.645833333333332,Arsenal,1.19,2.32,2.0,1.0,False,3.0,1.0,1.0,1.621578947368421,0.75,0.7845820419715762,0.40541795802842373,5+d,5+d,27.75,-6.104166666666668
Bournemouth,prem,33.0,25-26-prem-newcastle-united-vs-afc-bournemouth,2026-04-18 14:00:00+00:00,False,2026-04-11 11:30:00+00:00,prem,7.104166666666667,7.104166666666667,Newcastle,2.99,1.59,2.0,1.0,False,3.0,1.0,1.0,1.621578947368421,1.351578947368421,1.4138994272161458,1.5761005727838544,5+d,5+d,6.041666666666667,1.0625
Bournemouth,prem,33.0,25-26-prem-afc-bournemouth-vs-leeds-united,2026-04-22 19:00:00+00:00,True,2026-04-18 14:00:00+00:00,prem,4.208333333333333,4.208333333333333,Leeds,1.65,0.81,2.0,2.0,True,1.0,0.0,0.0,1.621578947368421,1.4621052631578948,1.8929075503389623,-0.24290755033896239,4d,4d,4.208333333333333,0.0
Bournemouth,prem,35.0,25-26-prem-afc-bournemouth-vs-crystal-palace,2026-05-03 13:00:00+00:00,True,2026-04-22 19:00:00+00:00,prem,10.75,10.75,Crystal Palace,2.08,0.89,3.0,0.0,True,3.0,1.0,3.0,1.621578947368421,1.3828947368421052,1.7903580232237664,0.2896419767762337,5+d,5+d,7.958333333333333,2.791666666666667
Bournemouth,prem,36.0,25-26-prem-fulham-vs-afc-bournemouth,2026-05-09 14:00:00+00:00,False,2026-05-03 13:00:00+00:00,prem,6.041666666666667,6.041666666666667,Fulham,0.82,1.33,1.0,0.0,False,3.0,1.0,1.0,1.621578947368421,1.3981578947368423,1.4626261014017492,-0.6426261014017493,5+d,5+d,6.895833333333333,-0.8541666666666661
Bournemouth,prem,37.0,25-26-prem-afc-bournemouth-vs-manchester-city,2026-05-19 18:30:00+00:00,True,2026-05-09 14:00:00+00:00,prem,10.1875,10.1875,Man City,2.25,1.48,1.0,1.0,True,1.0,0.0,0.0,1.621578947368421,1.1760526315789472,1.52257088597279,0.72742911402721,5+d,5+d,5.979166666666667,4.208333333333333
Bournemouth,prem,38.0,25-26-prem-nottingham-forest-vs-afc-bournemouth,2026-05-24 15:00:00+00:00,False,2026-05-19 18:30:00+00:00,prem,4.854166666666667,4.854166666666667,Nott'm Forest,0.95,1.73,1.0,1.0,False,1.0,0.0,0.0,1.621578947368421,1.5063157894736843,1.5757710906123872,-0.6257710906123872,5+d,5+d,7.145833333333333,-2.291666666666666
Brentford,prem,1.0,25-26-prem-nottingham-forest-vs-brentford,2025-08-17 13:00:00+00:00,False,,,,,Nott'm Forest,1.49,1.83,1.0,3.0,False,0.0,0.0,-2.0,1.579736842105263,1.5063157894736843,1.5351109797056408,-0.04511097970564082,,,,
Brentford,prem,2.0,25-26-prem-brentford-vs-aston-villa,2025-08-23 14:00:00+00:00,True,2025-08-17 13:00:00+00:00,prem,6.041666666666667,6.041666666666667,Aston Villa,1.21,1.19,1.0,0.0,True,3.0,1.0,1.0,1.579736842105263,1.403421052631579,1.770049450288689,-0.560049450288689,5+d,5+d,7.104166666666667,-1.0625
Brentford,prem,3.0,25-26-prem-sunderland-vs-brentford,2025-08-30 14:00:00+00:00,False,2025-08-26 18:45:00+00:00,efl-cup,3.8020833333333335,7.0,Sunderland,1.2,1.54,1.0,2.0,False,0.0,0.0,-1.0,1.579736842105263,1.4210526315789473,1.4482179053826798,-0.24821790538267985,4d,5+d,3.8020833333333335,0.0
Brentford,prem,4.0,25-26-prem-brentford-vs-chelsea,2025-09-13 19:00:00+00:00,True,2025-08-30 14:00:00+00:00,prem,14.208333333333334,14.208333333333334,Chelsea,1.43,1.25,2.0,2.0,True,1.0,0.0,0.0,1.579736842105263,1.3665789473684211,1.7235827480497212,-0.2935827480497213,5+d,5+d,14.3125,-0.10416666666666607
Brentford,prem,5.0,25-26-prem-fulham-vs-brentford,2025-09-20 19:00:00+00:00,False,2025-09-16 19:00:00+00:00,efl-cup,4.0,7.0,Fulham,0.6,1.01,1.0,3.0,False,0.0,0.0,-2.0,1.579736842105263,1.3981578947368423,1.4248855057959593,-0.8248855057959593,4d,5+d,7.208333333333333,-3.208333333333333
Brentford,prem,6.0,25-26-prem-brentford-vs-manchester-united,2025-09-27 11:30:00+00:00,True,2025-09-20 19:00:00+00:00,prem,6.6875,6.6875,Man Utd,2.02,2.08,3.0,1.0,True,3.0,1.0,2.0,1.579736842105263,1.2584210526315789,1.5871697864767507,0.43283021352324935,5+d,5+d,6.791666666666667,-0.10416666666666696
Brentford,prem,7.0,25-26-prem-brentford-vs-manchester-city,2025-10-05 15:30:00+00:00,True,2025-09-27 11:30:00+00:00,prem,8.166666666666666,8.166666666666666,Man City,0.7,0.85,0.0,1.0,True,0.0,0.0,-1.0,1.579736842105263,1.1760526315789472,1.4832835164710578,-0.7832835164710579,5+d,5+d,3.8541666666666665,4.3125
Brentford,prem,8.0,25-26-prem-west-ham-united-vs-brentford,2025-10-20 19:00:00+00:00,False,2025-10-05 15:30:00+00:00,prem,15.145833333333334,15.145833333333334,West Ham,2.37,0.35,2.0,0.0,False,3.0,1.0,2.0,1.579736842105263,1.5681578947368422,1.5981352774398871,0.771864722560113,5+d,5+d,16.208333333333332,-1.0624999999999982
Brentford,prem,9.0,25-26-prem-brentford-vs-liverpool,2025-10-25 19:00:00+00:00,True,2025-10-20 19:00:00+00:00,prem,5.0,5.0,Liverpool,2.75,2.3,3.0,2.0,True,3.0,1.0,1.0,1.579736842105263,1.246842105263158,1.572565965773075,1.177434034226925,5+d,5+d,3.0,2.0
Brentford,prem,10.0,25-26-prem-crystal-palace-vs-brentford,2025-11-01 15:00:00+00:00,False,2025-10-28 19:45:00+00:00,efl-cup,3.8020833333333335,6.833333333333333,Crystal Palace,0.54,0.7,0.0,2.0,False,0.0,0.0,-2.0,1.579736842105263,1.3828947368421052,1.4093305727381449,-0.8693305727381448,4d,5+d,2.8020833333333335,1.0
Brentford,prem,11.0,25-26-prem-brentford-vs-newcastle-united,2025-11-09 14:00:00+00:00,True,2025-11-01 15:00:00+00:00,prem,7.958333333333333,7.958333333333333,Newcastle,2.35,0.44,3.0,1.0,True,3.0,1.0,2.0,1.579736842105263,1.351578947368421,1.704664162138141,0.645335837861859,5+d,5+d,3.75,4.208333333333333
Brentford,prem,12.0,25-26-prem-brighton-hove-albion-vs-brentford,2025-11-22 15:00:00+00:00,False,2025-11-09 14:00:00+00:00,prem,13.041666666666666,13.041666666666666,Brighton,1.91,1.22,1.0,2.0,False,0.0,0.0,-1.0,1.579736842105263,1.2984210526315791,1.3232420639181748,0.5867579360818251,5+d,5+d,13.041666666666666,0.0
Brentford,prem,13.0,25-26-prem-brentford-vs-burnley,2025-11-29 15:00:00+00:00,True,2025-11-22 15:00:00+00:00,prem,7.0,7.0,Burnley,3.06,0.95,3.0,1.0,True,3.0,1.0,2.0,1.579736842105263,1.9947368421052631,2.515840021224126,0.5441599787758742,5+d,5+d,7.104166666666667,-0.10416666666666696
Brentford,prem,14.0,25-26-prem-arsenal-vs-brentford,2025-12-03 19:30:00+00:00,False,2025-11-29 15:00:00+00:00,prem,4.1875,4.1875,Arsenal,0.34,1.72,0.0,2.0,False,0.0,0.0,-2.0,1.579736842105263,0.75,0.7643372278408588,-0.42433722784085876,4d,4d,3.125,1.0625
Brentford,prem,15.0,25-26-prem-tottenham-hotspur-vs-brentford,2025-12-06 15:00:00+00:00,False,2025-12-03 19:30:00+00:00,prem,2.8125,2.8125,Spurs,0.29,2.15,0.0,2.0,False,0.0,0.0,-2.0,1.579736842105263,1.355,1.3809025916324849,-1.0909025916324848,3d,3d,3.78125,-0.96875
Brentford,prem,16.0,25-26-prem-brentford-vs-leeds-united,2025-12-14 16:30:00+00:00,True,2025-12-06 15:00:00+00:00,prem,8.0625,8.0625,Leeds,0.71,1.43,1.0,1.0,True,1.0,0.0,0.0,1.579736842105263,1.4621052631578948,1.8440642688550457,-1.1340642688550457,5+d,5+d,7.958333333333333,0.10416666666666696
Brentford,prem,17.0,25-26-prem-wolverhampton-wanderers-vs-brentford,2025-12-20 15:00:00+00:00,False,2025-12-17 19:30:00+00:00,efl-cup,2.8125,5.9375,Wolves,1.28,1.29,2.0,0.0,False,3.0,1.0,2.0,1.579736842105263,1.5355263157894736,1.5648799033162848,-0.28487990331628477,3d,5+d,6.791666666666667,-3.979166666666667
Brentford,prem,18.0,25-26-prem-brentford-vs-afc-bournemouth,2025-12-27 15:00:00+00:00,True,2025-12-20 15:00:00+00:00,prem,7.0,7.0,Bournemouth,3.46,2.39,4.0,1.0,True,3.0,1.0,3.0,1.579736842105263,1.4813157894736841,1.868293335022507,1.591706664977493,5+d,5+d,7.0,0.0
Brentford,prem,19.0,25-26-prem-brentford-vs-tottenham-hotspur,2026-01-01 20:00:00+00:00,True,2025-12-27 15:00:00+00:00,prem,5.208333333333333,5.208333333333333,Spurs,0.92,0.86,0.0,0.0,True,1.0,0.0,0.0,1.579736842105263,1.355,1.7089789273460454,-0.7889789273460454,5+d,5+d,4.145833333333333,1.0625
Brentford,prem,20.0,25-26-prem-everton-vs-brentford,2026-01-04 15:00:00+00:00,False,2026-01-01 20:00:00+00:00,prem,2.7916666666666665,2.7916666666666665,Everton,2.66,0.89,4.0,2.0,False,3.0,1.0,2.0,1.579736842105263,1.4907894736842104,1.51928785814683,1.14071214185317,3d,3d,4.8125,-2.0208333333333335
Brentford,prem,21.0,25-26-prem-brentford-vs-sunderland,2026-01-07 19:30:00+00:00,True,2026-01-04 15:00:00+00:00,prem,3.1875,3.1875,Sunderland,3.24,1.72,3.0,0.0,True,3.0,1.0,3.0,1.579736842105263,1.4210526315789473,1.7922870863601952,1.447712913639805,3d,3d,3.1875,0.0
Brentford,prem,22.0,25-26-prem-chelsea-vs-brentford,2026-01-17 15:00:00+00:00,False,2026-01-07 19:30:00+00:00,prem,9.8125,9.8125,Chelsea,1.52,1.59,0.0,2.0,False,0.0,0.0,-2.0,1.579736842105263,1.3665789473684211,1.392702885676344,0.1272971143236561,5+d,5+d,2.7916666666666665,7.020833333333334
Brentford,prem,23.0,25-26-prem-brentford-vs-nottingham-forest,2026-01-25 14:00:00+00:00,True,2026-01-17 15:00:00+00:00,prem,7.958333333333333,7.958333333333333,Nott'm Forest,1.81,0.78,0.0,2.0,True,0.0,0.0,-2.0,1.579736842105263,1.5063157894736843,1.899824311541807,-0.08982431154180692,5+d,5+d,2.75,5.208333333333333
Brentford,prem,24.0,25-26-prem-aston-villa-vs-brentford,2026-02-01 14:00:00+00:00,False,2026-01-25 14:00:00+00:00,prem,7.0,7.0,Aston Villa,0.38,2.4,1.0,0.0,False,3.0,1.0,1.0,1.579736842105263,1.403421052631579,1.4302492758158947,-1.0502492758158946,5+d,5+d,2.75,4.25
Brentford,prem,25.0,25-26-prem-newcastle-united-vs-brentford,2026-02-07 17:30:00+00:00,False,2026-02-01 14:00:00+00:00,prem,6.145833333333333,6.145833333333333,Newcastle,1.79,2.24,3.0,2.0,False,3.0,1.0,1.0,1.579736842105263,1.351578947368421,1.3774161411195265,0.41258385888047355,5+d,5+d,2.8958333333333335,3.2499999999999996
Brentford,prem,26.0,25-26-prem-brentford-vs-arsenal,2026-02-12 20:00:00+00:00,True,2026-02-07 17:30:00+00:00,prem,5.104166666666667,5.104166666666667,Arsenal,1.51,0.6,1.0,1.0,True,1.0,0.0,0.0,1.579736842105263,0.75,0.9459292955789919,0.5640707044210082,5+d,5+d,5.208333333333333,-0.10416666666666607
Brentford,prem,27.0,25-26-prem-brentford-vs-brighton-hove-albion,2026-02-21 15:00:00+00:00,True,2026-02-12 20:00:00+00:00,prem,8.791666666666666,8.791666666666666,Brighton,1.6,1.09,0.0,2.0,True,0.0,0.0,-2.0,1.579736842105263,1.2984210526315791,1.6376193489076305,-0.03761934890763041,5+d,5+d,9.8125,-1.020833333333334
Brentford,prem,28.0,25-26-prem-burnley-vs-brentford,2026-02-28 15:00:00+00:00,False,2026-02-21 15:00:00+00:00,prem,7.0,7.0,Burnley,2.25,0.97,4.0,3.0,False,3.0,1.0,1.0,1.579736842105263,1.9947368421052631,2.0328688375556876,0.2171311624443124,5+d,5+d,7.0,0.0
Brentford,prem,29.0,25-26-prem-afc-bournemouth-vs-brentford,2026-03-03 19:30:00+00:00,False,2026-02-28 15:00:00+00:00,prem,3.1875,3.1875,Bournemouth,0.4,1.92,0.0,0.0,False,1.0,0.0,0.0,1.579736842105263,1.4813157894736841,1.5096330721109452,-1.1096330721109453,3d,3d,3.2916666666666665,-0.10416666666666652
Brentford,prem,30.0,25-26-prem-brentford-vs-wolverhampton-wanderers,2026-03-16 20:00:00+00:00,True,2026-03-03 19:30:00+00:00,prem,13.020833333333334,13.020833333333334,Wolves,2.56,1.39,2.0,2.0,True,1.0,0.0,0.0,1.579736842105263,1.5355263157894736,1.936665768316989,0.623334231683011,5+d,5+d,12.989583333333334,0.03125
Brentford,prem,31.0,25-26-prem-leeds-united-vs-brentford,2026-03-21 20:00:00+00:00,False,2026-03-16 20:00:00+00:00,prem,5.0,5.0,Leeds,0.46,0.52,0.0,0.0,False,1.0,0.0,0.0,1.579736842105263,1.4621052631578948,1.4900553115381798,-1.0300553115381799,5+d,5+d,6.25,-1.25
Brentford,prem,32.0,25-26-prem-brentford-vs-everton,2026-04-11 14:00:00+00:00,True,2026-03-21 20:00:00+00:00,prem,20.75,20.75,Everton,2.84,1.53,2.0,2.0,True,1.0,0.0,0.0,1.579736842105263,1.4907894736842104,1.880241915598242,0.9597580844017579,5+d,5+d,20.854166666666668,-0.10416666666666785
Brentford,prem,33.0,25-26-prem-brentford-vs-fulham,2026-04-18 11:30:00+00:00,True,2026-04-11 14:00:00+00:00,prem,6.895833333333333,6.895833333333333,Fulham,1.43,0.77,0.0,0.0,True,1.0,0.0,0.0,1.579736842105263,1.3981578947368423,1.7634113499688369,-0.3334113499688369,5+d,5+d,6.791666666666667,0.10416666666666607
Brentford,prem,34.0,25-26-prem-manchester-united-vs-brentford,2026-04-27 19:00:00+00:00,False,2026-04-18 11:30:00+00:00,prem,9.3125,9.3125,Man Utd,1.17,1.36,1.0,2.0,False,0.0,0.0,-1.0,1.579736842105263,1.2584210526315789,1.282477411766662,-0.11247741176666204,5+d,5+d,9.0,0.3125
Brentford,prem,35.0,25-26-prem-brentford-vs-west-ham-united,2026-05-02 14:00:00+00:00,True,2026-04-27 19:00:00+00:00,prem,4.791666666666667,4.791666666666667,West Ham,2.27,0.92,3.0,0.0,True,3.0,1.0,3.0,1.579736842105263,1.5681578947368422,1.9778219903000749,0.29217800969992513,5+d,5+d,7.0,-2.208333333333333
Brentford,prem,36.0,25-26-prem-manchester-city-vs-brentford,2026-05-09 16:30:00+00:00,False,2026-05-02 14:00:00+00:00,prem,7.104166666666667,7.104166666666667,Man City,0.24,2.98,0.0,3.0,False,0.0,0.0,-3.0,1.579736842105263,1.1760526315789472,1.198534410954666,-0.9585344109546661,5+d,5+d,4.895833333333333,2.208333333333334
Brentford,prem,37.0,25-26-prem-brentford-vs-crystal-palace,2026-05-17 14:00:00+00:00,True,2026-05-09 16:30:00+00:00,prem,7.895833333333333,7.895833333333333,Crystal Palace,1.71,1.72,2.0,2.0,True,1.0,0.0,0.0,1.579736842105263,1.3828947368421052,1.744160859041264,-0.03416085904126409,5+d,5+d,3.7916666666666665,4.104166666666666
Brentford,prem,38.0,25-26-prem-liverpool-vs-brentford,2026-05-24 15:00:00+00:00,False,2026-05-17 14:00:00+00:00,prem,7.041666666666667,7.041666666666667,Liverpool,1.56,3.04,1.0,1.0,False,1.0,0.0,0.0,1.579736842105263,1.246842105263158,1.2706771177228031,0.28932288227719694,5+d,5+d,8.833333333333334,-1.791666666666667
Brighton,prem,1.0,25-26-prem-brighton-hove-albion-vs-fulham,2025-08-16 14:00:00+00:00,True,,,,,Fulham,1.48,0.76,1.0,1.0,True,1.0,0.0,0.0,1.5044736842105264,1.3981578947368423,1.67939741592068,-0.19939741592067994,,,,
Brighton,prem,2.0,25-26-prem-everton-vs-brighton-hove-albion,2025-08-24 13:00:00+00:00,False,2025-08-16 14:00:00+00:00,prem,7.958333333333333,7.958333333333333,Everton,2.43,1.6,0.0,2.0,False,0.0,0.0,-2.0,1.5044736842105264,1.4907894736842104,1.4469046618399846,0.9830953381600156,5+d,5+d,5.75,2.208333333333333
Brighton,prem,3.0,25-26-prem-brighton-hove-albion-vs-manchester-city,2025-08-31 13:00:00+00:00,True,2025-08-27 18:45:00+00:00,efl-cup,3.7604166666666665,7.0,Man City,2.3,1.82,2.0,1.0,True,3.0,1.0,1.0,1.5044736842105264,1.1760526315789472,1.412615669442785,0.8873843305572149,4d,5+d,8.0625,-4.302083333333334
Brighton,prem,4.0,25-26-prem-afc-bournemouth-vs-brighton-hove-albion,2025-09-13 14:00:00+00:00,False,2025-08-31 13:00:00+00:00,prem,13.041666666666666,13.041666666666666,Bournemouth,0.62,1.45,1.0,2.0,False,0.0,0.0,-1.0,1.5044736842105264,1.4813157894736841,1.437709857281072,-0.817709857281072,5+d,5+d,14.0,-0.9583333333333339
Brighton,prem,5.0,25-26-prem-brighton-hove-albion-vs-tottenham-hotspur,2025-09-20 14:00:00+00:00,True,2025-09-13 14:00:00+00:00,prem,7.0,7.0,Spurs,1.32,1.22,2.0,2.0,True,1.0,0.0,0.0,1.5044736842105264,1.355,1.6275583087851646,-0.30755830878516455,5+d,5+d,3.7916666666666665,3.2083333333333335
Brighton,prem,6.0,25-26-prem-chelsea-vs-brighton-hove-albion,2025-09-27 14:00:00+00:00,False,2025-09-23 18:45:00+00:00,efl-cup,3.8020833333333335,7.0,Chelsea,2.28,1.81,3.0,1.0,False,3.0,1.0,2.0,1.5044736842105264,1.3665789473684211,1.3263505576231316,0.9536494423768682,4d,5+d,3.8020833333333335,0.0
Brighton,prem,7.0,25-26-prem-wolverhampton-wanderers-vs-brighton-hove-albion,2025-10-05 13:00:00+00:00,False,2025-09-27 14:00:00+00:00,prem,7.958333333333333,7.958333333333333,Wolves,0.92,0.56,1.0,1.0,False,1.0,0.0,0.0,1.5044736842105264,1.5355263157894736,1.4903245722570715,-0.5703245722570714,5+d,5+d,7.75,0.20833333333333304
Brighton,prem,8.0,25-26-prem-brighton-hove-albion-vs-newcastle-united,2025-10-18 14:00:00+00:00,True,2025-10-05 13:00:00+00:00,prem,13.041666666666666,13.041666666666666,Newcastle,0.91,1.45,2.0,1.0,True,3.0,1.0,1.0,1.5044736842105264,1.351578947368421,1.623449111268325,-0.7134491112683249,5+d,5+d,13.041666666666666,0.0
Brighton,prem,9.0,25-26-prem-manchester-united-vs-brighton-hove-albion,2025-10-25 16:30:00+00:00,False,2025-10-18 14:00:00+00:00,prem,7.104166666666667,7.104166666666667,Man Utd,1.12,1.29,2.0,4.0,False,0.0,0.0,-2.0,1.5044736842105264,1.2584210526315789,1.22137653890888,-0.10137653890887988,5+d,5+d,6.041666666666667,1.0625
Brighton,prem,10.0,25-26-prem-brighton-hove-albion-vs-leeds-united,2025-11-01 15:00:00+00:00,True,2025-10-29 19:45:00+00:00,efl-cup,2.8020833333333335,6.9375,Leeds,3.07,0.5,3.0,0.0,True,3.0,1.0,3.0,1.5044736842105264,1.4621052631578948,1.7562078002739123,1.3137921997260875,3d,5+d,7.833333333333333,-5.03125
Brighton,prem,11.0,25-26-prem-crystal-palace-vs-brighton-hove-albion,2025-11-09 14:00:00+00:00,False,2025-11-01 15:00:00+00:00,prem,7.958333333333333,7.958333333333333,Crystal Palace,0.39,0.75,0.0,0.0,False,1.0,0.0,0.0,1.5044736842105264,1.3828947368421052,1.342186054363481,-0.9521860543634809,5+d,5+d,2.75,5.208333333333333
Brighton,prem,12.0,25-26-prem-brighton-hove-albion-vs-brentford,2025-11-22 15:00:00+00:00,True,2025-11-09 14:00:00+00:00,prem,13.041666666666666,13.041666666666666,Brentford,1.22,1.91,2.0,1.0,True,3.0,1.0,1.0,1.5044736842105264,1.4205263157894739,1.706265245838477,-0.4862652458384771,5+d,5+d,13.041666666666666,0.0
Brighton,prem,13.0,25-26-prem-nottingham-forest-vs-brighton-hove-albion,2025-11-30 14:05:00+00:00,False,2025-11-22 15:00:00+00:00,prem,7.961805555555555,7.961805555555555,Nott'm Forest,2.0,0.89,2.0,0.0,False,3.0,1.0,2.0,1.5044736842105264,1.5063157894736843,1.4619739248670913,0.5380260751329087,5+d,5+d,2.7534722222222223,5.208333333333333
Brighton,prem,14.0,25-26-prem-brighton-hove-albion-vs-aston-villa,2025-12-03 19:30:00+00:00,True,2025-11-30 14:05:00+00:00,prem,3.2256944444444446,3.2256944444444446,Aston Villa,1.7,2.76,3.0,4.0,True,0.0,0.0,-1.0,1.5044736842105264,1.403421052631579,1.6857192582542793,0.014280741745720693,3d,3d,3.2256944444444446,0.0
Brighton,prem,15.0,25-26-prem-brighton-hove-albion-vs-west-ham-united,2025-12-07 14:00:00+00:00,True,2025-12-03 19:30:00+00:00,prem,3.7708333333333335,3.7708333333333335,West Ham,1.87,1.14,1.0,1.0,True,1.0,0.0,0.0,1.5044736842105264,1.5681578947368422,1.8835929232959403,-0.013592923295940196,4d,4d,2.75,1.0208333333333335
Brighton,prem,16.0,25-26-prem-liverpool-vs-brighton-hove-albion,2025-12-13 15:00:00+00:00,False,2025-12-07 14:00:00+00:00,prem,6.041666666666667,6.041666666666667,Liverpool,1.9,1.89,0.0,2.0,False,0.0,0.0,-2.0,1.5044736842105264,1.246842105263158,1.2101384444479872,0.6898615555520127,5+d,5+d,3.7916666666666665,2.2500000000000004
Brighton,prem,17.0,25-26-prem-brighton-hove-albion-vs-sunderland,2025-12-20 15:00:00+00:00,True,2025-12-13 15:00:00+00:00,prem,7.0,7.0,Sunderland,1.13,1.38,0.0,0.0,True,1.0,0.0,0.0,1.5044736842105264,1.4210526315789473,1.7068974300718367,-0.5768974300718368,5+d,5+d,6.041666666666667,0.958333333333333
Brighton,prem,18.0,25-26-prem-arsenal-vs-brighton-hove-albion,2025-12-27 15:00:00+00:00,False,2025-12-20 15:00:00+00:00,prem,7.0,7.0,Arsenal,0.8,2.8,1.0,2.0,False,0.0,0.0,-1.0,1.5044736842105264,0.75,0.7279220275805748,0.07207797241942526,5+d,5+d,3.7916666666666665,3.2083333333333335
Brighton,prem,19.0,25-26-prem-west-ham-united-vs-brighton-hove-albion,2025-12-30 19:30:00+00:00,False,2025-12-27 15:00:00+00:00,prem,3.1875,3.1875,West Ham,2.85,2.12,2.0,2.0,False,1.0,0.0,0.0,1.5044736842105264,1.5681578947368422,1.5219955657377704,1.3280044342622297,3d,3d,3.1875,0.0
Brighton,prem,20.0,25-26-prem-brighton-hove-albion-vs-burnley,2026-01-03 15:00:00+00:00,True,2025-12-30 19:30:00+00:00,prem,3.8125,3.8125,Burnley,1.45,0.3,2.0,0.0,True,3.0,1.0,2.0,1.5044736842105264,1.9947368421052631,2.3959782444341715,-0.9459782444341716,4d,4d,3.8125,0.0
Brighton,prem,21.0,25-26-prem-manchester-city-vs-brighton-hove-albion,2026-01-07 19:30:00+00:00,False,2026-01-03 15:00:00+00:00,prem,4.1875,4.1875,Man City,1.16,2.55,1.0,1.0,False,1.0,0.0,0.0,1.5044736842105264,1.1760526315789472,1.1414328214938907,0.018567178506109228,4d,4d,3.0833333333333335,1.1041666666666665
Brighton,prem,22.0,25-26-prem-brighton-hove-albion-vs-afc-bournemouth,2026-01-19 20:00:00+00:00,True,2026-01-07 19:30:00+00:00,prem,12.020833333333334,12.020833333333334,Bournemouth,1.02,1.29,1.0,1.0,True,1.0,0.0,0.0,1.5044736842105264,1.4813157894736841,1.77928252479155,-0.75928252479155,5+d,5+d,12.020833333333334,0.0
Brighton,prem,23.0,25-26-prem-fulham-vs-brighton-hove-albion,2026-01-24 15:00:00+00:00,False,2026-01-19 20:00:00+00:00,prem,4.791666666666667,4.791666666666667,Fulham,1.59,1.05,1.0,2.0,False,0.0,0.0,-1.0,1.5044736842105264,1.3981578947368423,1.3569999061528402,0.23300009384715992,5+d,5+d,7.0,-2.208333333333333
Brighton,prem,24.0,25-26-prem-brighton-hove-albion-vs-everton,2026-01-31 15:00:00+00:00,True,2026-01-24 15:00:00+00:00,prem,7.0,7.0,Everton,1.44,1.2,1.0,1.0,True,1.0,0.0,0.0,1.5044736842105264,1.4907894736842104,1.790661840992029,-0.350661840992029,5+d,5+d,4.791666666666667,2.208333333333333
Brighton,prem,25.0,25-26-prem-brighton-hove-albion-vs-crystal-palace,2026-02-08 14:00:00+00:00,True,2026-01-31 15:00:00+00:00,prem,7.958333333333333,7.958333333333333,Crystal Palace,0.74,1.16,0.0,1.0,True,0.0,0.0,-1.0,1.5044736842105264,1.3828947368421052,1.6610640731532416,-0.9210640731532416,5+d,5+d,7.0,0.958333333333333
Brighton,prem,26.0,25-26-prem-aston-villa-vs-brighton-hove-albion,2026-02-11 19:30:00+00:00,False,2026-02-08 14:00:00+00:00,prem,3.2291666666666665,3.2291666666666665,Aston Villa,0.5,0.72,0.0,1.0,False,0.0,0.0,-1.0,1.5044736842105264,1.403421052631579,1.3621081309077914,-0.8621081309077914,3d,3d,4.1875,-0.9583333333333335
Brighton,prem,27.0,25-26-prem-brentford-vs-brighton-hove-albion,2026-02-21 15:00:00+00:00,False,2026-02-11 19:30:00+00:00,prem,9.8125,9.8125,Brentford,1.09,1.6,2.0,0.0,False,3.0,1.0,2.0,1.5044736842105264,1.4205263157894739,1.3787098613613835,-0.28870986136138344,5+d,5+d,8.791666666666666,1.020833333333334
Brighton,prem,28.0,25-26-prem-brighton-hove-albion-vs-nottingham-forest,2026-03-01 14:00:00+00:00,True,2026-02-21 15:00:00+00:00,prem,7.958333333333333,7.958333333333333,Nott'm Forest,1.31,0.93,2.0,1.0,True,3.0,1.0,1.0,1.5044736842105264,1.5063157894736843,1.8093112758761474,-0.4993112758761473,5+d,5+d,7.0,0.958333333333333
Brighton,prem,29.0,25-26-prem-brighton-hove-albion-vs-arsenal,2026-03-04 19:30:00+00:00,True,2026-03-01 14:00:00+00:00,prem,3.2291666666666665,3.2291666666666665,Arsenal,0.82,0.47,0.0,1.0,True,0.0,0.0,-1.0,1.5044736842105264,0.75,0.900862532537914,-0.08086253253791409,3d,3d,3.125,0.10416666666666652
Brighton,prem,30.0,25-26-prem-sunderland-vs-brighton-hove-albion,2026-03-14 15:00:00+00:00,False,2026-03-04 19:30:00+00:00,prem,9.8125,9.8125,Sunderland,1.68,0.9,1.0,0.0,False,3.0,1.0,1.0,1.5044736842105264,1.4210526315789473,1.3792206838368783,0.3007793161631216,5+d,5+d,10.8125,-1.0
Brighton,prem,31.0,25-26-prem-brighton-hove-albion-vs-liverpool,2026-03-21 12:45:00+00:00,True,2026-03-14 15:00:00+00:00,prem,6.90625,6.90625,Liverpool,2.17,1.03,2.0,1.0,True,3.0,1.0,1.0,1.5044736842105264,1.246842105263158,1.4976444488296972,0.6723555511703028,5+d,5+d,5.84375,1.0625
Brighton,prem,32.0,25-26-prem-burnley-vs-brighton-hove-albion,2026-04-11 14:00:00+00:00,False,2026-03-21 12:45:00+00:00,prem,21.052083333333332,21.052083333333332,Burnley,1.93,0.88,2.0,0.0,False,3.0,1.0,2.0,1.5044736842105264,1.9947368421052631,1.9360171821265815,-0.006017182126581533,5+d,5+d,20.958333333333332,0.09375
Brighton,prem,33.0,25-26-prem-tottenham-hotspur-vs-brighton-hove-albion,2026-04-18 16:30:00+00:00,False,2026-04-11 14:00:00+00:00,prem,7.104166666666667,7.104166666666667,Spurs,0.82,1.09,2.0,2.0,False,1.0,0.0,0.0,1.5044736842105264,1.355,1.3151124631622384,-0.49511246316223845,5+d,5+d,6.145833333333333,0.9583333333333339
Brighton,prem,33.0,25-26-prem-brighton-hove-albion-vs-chelsea,2026-04-21 19:00:00+00:00,True,2026-04-18 16:30:00+00:00,prem,3.1041666666666665,3.1041666666666665,Chelsea,2.14,0.37,3.0,0.0,True,3.0,1.0,3.0,1.5044736842105264,1.3665789473684211,1.6414663619190832,0.4985336380809169,3d,3d,3.0,0.10416666666666652
Brighton,prem,35.0,25-26-prem-newcastle-united-vs-brighton-hove-albion,2026-05-02 14:00:00+00:00,False,2026-04-21 19:00:00+00:00,prem,10.791666666666666,10.791666666666666,Newcastle,1.53,3.16,1.0,3.0,False,0.0,0.0,-2.0,1.5044736842105264,1.351578947368421,1.3117921170715199,0.21820788292848015,5+d,5+d,6.895833333333333,3.895833333333333
Brighton,prem,36.0,25-26-prem-brighton-hove-albion-vs-wolverhampton-wanderers,2026-05-09 14:00:00+00:00,True,2026-05-02 14:00:00+00:00,prem,7.0,7.0,Wolves,1.62,0.49,3.0,0.0,True,3.0,1.0,3.0,1.5044736842105264,1.5355263157894736,1.8443975008276237,-0.22439750082762355,5+d,5+d,7.0,0.0
Brighton,prem,37.0,25-26-prem-leeds-united-vs-brighton-hove-albion,2026-05-17 14:00:00+00:00,False,2026-05-09 14:00:00+00:00,prem,8.0,8.0,Leeds,3.06,0.39,0.0,1.0,False,0.0,0.0,-1.0,1.5044736842105264,1.4621052631578948,1.4190648369254995,1.6409351630745006,5+d,5+d,5.791666666666667,2.208333333333333
Brighton,prem,38.0,25-26-prem-brighton-hove-albion-vs-manchester-united,2026-05-24 15:00:00+00:00,True,2026-05-17 14:00:00+00:00,prem,7.041666666666667,7.041666666666667,Man Utd,0.79,1.66,0.0,3.0,True,0.0,0.0,-3.0,1.5044736842105264,1.2584210526315789,1.5115525019636156,-0.7215525019636155,5+d,5+d,7.145833333333333,-0.10416666666666607
Burnley,prem,1.0,25-26-prem-tottenham-hotspur-vs-burnley,2025-08-16 14:00:00+00:00,False,,,,,Spurs,0.94,2.32,0.0,3.0,False,0.0,0.0,-3.0,0.8615789473684211,1.355,0.7531359461943623,0.18686405380563764,,,,
Burnley,prem,2.0,25-26-prem-burnley-vs-sunderland,2025-08-23 14:00:00+00:00,True,2025-08-16 14:00:00+00:00,prem,7.0,7.0,Sunderland,1.0,0.77,2.0,0.0,True,3.0,1.0,2.0,0.8615789473684211,1.4210526315789473,0.9775025688394602,0.022497431160539816,5+d,5+d,7.0,0.0
Burnley,prem,3.0,25-26-prem-manchester-united-vs-burnley,2025-08-30 14:00:00+00:00,False,2025-08-26 18:45:00+00:00,efl-cup,3.8020833333333335,7.0,Man Utd,1.2,3.63,2.0,3.0,False,0.0,0.0,-1.0,0.8615789473684211,1.2584210526315789,0.6994554466306934,0.5005445533693066,4d,5+d,2.7916666666666665,1.010416666666667
Burnley,prem,4.0,25-26-prem-burnley-vs-liverpool,2025-09-14 13:00:00+00:00,True,2025-08-30 14:00:00+00:00,prem,14.958333333333334,14.958333333333334,Liverpool,0.13,2.65,0.0,1.0,True,0.0,0.0,-1.0,0.8615789473684211,1.246842105263158,0.8576679946595118,-0.7276679946595118,5+d,5+d,13.895833333333334,1.0625
Burnley,prem,5.0,25-26-prem-burnley-vs-nottingham-forest,2025-09-20 14:00:00+00:00,True,2025-09-14 13:00:00+00:00,prem,6.041666666666667,6.041666666666667,Nott'm Forest,0.85,1.1,1.0,1.0,True,1.0,0.0,0.0,0.8615789473684211,1.5063157894736843,1.036152722969828,-0.186152722969828,5+d,5+d,2.7916666666666665,3.2500000000000004
Burnley,prem,6.0,25-26-prem-manchester-city-vs-burnley,2025-09-27 14:00:00+00:00,False,2025-09-23 18:45:00+00:00,efl-cup,3.8020833333333335,7.0,Man City,0.41,2.03,1.0,5.0,False,0.0,0.0,-4.0,0.8615789473684211,1.1760526315789472,0.6536734401908341,-0.2436734401908341,4d,5+d,2.8020833333333335,1.0
Burnley,prem,7.0,25-26-prem-aston-villa-vs-burnley,2025-10-05 13:00:00+00:00,False,2025-09-27 14:00:00+00:00,prem,7.958333333333333,7.958333333333333,Aston Villa,0.4,1.16,1.0,2.0,False,0.0,0.0,-1.0,0.8615789473684211,1.403421052631579,0.7800493301717875,-0.38004933017178744,5+d,5+d,2.75,5.208333333333333
Burnley,prem,8.0,25-26-prem-burnley-vs-leeds-united,2025-10-18 14:00:00+00:00,True,2025-10-05 13:00:00+00:00,prem,13.041666666666666,13.041666666666666,Leeds,0.45,2.63,2.0,0.0,True,3.0,1.0,2.0,0.8615789473684211,1.4621052631578948,1.005741531939267,-0.5557415319392671,5+d,5+d,14.104166666666666,-1.0625
Burnley,prem,9.0,25-26-prem-wolverhampton-wanderers-vs-burnley,2025-10-26 14:00:00+00:00,False,2025-10-18 14:00:00+00:00,prem,8.0,8.0,Wolves,1.43,2.28,3.0,2.0,False,3.0,1.0,1.0,0.8615789473684211,1.5355263157894736,0.8534760625449803,0.5765239374550196,5+d,5+d,8.0,0.0
Burnley,prem,10.0,25-26-prem-burnley-vs-arsenal,2025-11-01 15:00:00+00:00,True,2025-10-26 14:00:00+00:00,prem,6.041666666666667,6.041666666666667,Arsenal,0.42,2.42,0.0,2.0,True,0.0,0.0,-2.0,0.8615789473684211,0.75,0.5159041335541595,-0.09590413355415955,5+d,5+d,2.8020833333333335,3.2395833333333335
Burnley,prem,11.0,25-26-prem-west-ham-united-vs-burnley,2025-11-08 15:00:00+00:00,False,2025-11-01 15:00:00+00:00,prem,7.0,7.0,West Ham,1.06,3.02,2.0,3.0,False,0.0,0.0,-1.0,0.8615789473684211,1.5681578947368422,0.8716133430515061,0.188386656948494,5+d,5+d,6.041666666666667,0.958333333333333
Burnley,prem,12.0,25-26-prem-burnley-vs-chelsea,2025-11-22 12:30:00+00:00,True,2025-11-08 15:00:00+00:00,prem,13.895833333333334,13.895833333333334,Chelsea,0.44,1.72,0.0,2.0,True,0.0,0.0,-2.0,0.8615789473684211,1.3665789473684211,0.9400316370339477,-0.5000316370339477,5+d,5+d,13.6875,0.20833333333333393
Burnley,prem,13.0,25-26-prem-brentford-vs-burnley,2025-11-29 15:00:00+00:00,False,2025-11-22 12:30:00+00:00,prem,7.104166666666667,7.104166666666667,Brentford,0.95,3.06,1.0,3.0,False,0.0,0.0,-2.0,0.8615789473684211,1.4205263157894739,0.7895567755985954,0.16044322440140457,5+d,5+d,7.0,0.10416666666666696
Burnley,prem,14.0,25-26-prem-burnley-vs-crystal-palace,2025-12-03 19:30:00+00:00,True,2025-11-29 15:00:00+00:00,prem,4.1875,4.1875,Crystal Palace,0.88,0.59,0.0,1.0,True,0.0,0.0,-1.0,0.8615789473684211,1.3828947368421052,0.9512548146761783,-0.07125481467617834,4d,4d,3.3125,0.875
Burnley,prem,15.0,25-26-prem-newcastle-united-vs-burnley,2025-12-06 15:00:00+00:00,False,2025-12-03 19:30:00+00:00,prem,2.8125,2.8125,Newcastle,1.61,1.89,1.0,2.0,False,0.0,0.0,-1.0,0.8615789473684211,1.351578947368421,0.7512344571090006,0.8587655428909995,3d,3d,3.78125,-0.96875
Burnley,prem,16.0,25-26-prem-burnley-vs-fulham,2025-12-13 17:30:00+00:00,True,2025-12-06 15:00:00+00:00,prem,7.104166666666667,7.104166666666667,Fulham,2.52,2.23,2.0,3.0,True,0.0,0.0,-1.0,0.8615789473684211,1.3981578947368423,0.9617539163414914,1.5582460836585086,5+d,5+d,6.041666666666667,1.0625
Burnley,prem,17.0,25-26-prem-afc-bournemouth-vs-burnley,2025-12-20 15:00:00+00:00,False,2025-12-13 17:30:00+00:00,prem,6.895833333333333,6.895833333333333,Bournemouth,0.38,1.71,1.0,1.0,False,1.0,0.0,0.0,0.8615789473684211,1.4813157894736841,0.8233447739615585,-0.44334477396155847,5+d,5+d,4.791666666666667,2.104166666666666
Burnley,prem,18.0,25-26-prem-burnley-vs-everton,2025-12-27 15:00:00+00:00,True,2025-12-20 15:00:00+00:00,prem,7.0,7.0,Everton,1.65,0.88,0.0,0.0,True,1.0,0.0,0.0,0.8615789473684211,1.4907894736842104,1.0254726023102856,0.6245273976897143,5+d,5+d,6.791666666666667,0.20833333333333304
Burnley,prem,19.0,25-26-prem-burnley-vs-newcastle-united,2025-12-30 19:30:00+00:00,True,2025-12-27 15:00:00+00:00,prem,3.1875,3.1875,Newcastle,1.06,2.01,1.0,3.0,True,0.0,0.0,-2.0,0.8615789473684211,1.351578947368421,0.9297135543628644,0.13028644563713565,3d,3d,3.9791666666666665,-0.7916666666666665
Burnley,prem,20.0,25-26-prem-brighton-hove-albion-vs-burnley,2026-01-03 15:00:00+00:00,False,2025-12-30 19:30:00+00:00,prem,3.8125,3.8125,Brighton,0.3,1.45,0.0,2.0,False,0.0,0.0,-2.0,0.8615789473684211,1.2984210526315791,0.7216882420903056,-0.4216882420903056,4d,4d,3.8125,0.0
Burnley,prem,21.0,25-26-prem-burnley-vs-manchester-united,2026-01-07 20:15:00+00:00,True,2026-01-03 15:00:00+00:00,prem,4.21875,4.21875,Man Utd,0.24,2.55,2.0,2.0,True,1.0,0.0,0.0,0.8615789473684211,1.2584210526315789,0.8656328304056109,-0.6256328304056109,4d,4d,3.3229166666666665,0.8958333333333335
Burnley,prem,22.0,25-26-prem-liverpool-vs-burnley,2026-01-17 15:00:00+00:00,False,2026-01-07 20:15:00+00:00,prem,9.78125,9.78125,Liverpool,0.4,3.18,1.0,1.0,False,1.0,0.0,0.0,0.8615789473684211,1.246842105263158,0.6930196374187004,-0.2930196374187004,5+d,5+d,8.791666666666666,0.9895833333333339
Burnley,prem,23.0,25-26-prem-burnley-vs-tottenham-hotspur,2026-01-24 15:00:00+00:00,True,2026-01-17 15:00:00+00:00,prem,7.0,7.0,Spurs,1.44,2.05,2.0,2.0,True,1.0,0.0,0.0,0.8615789473684211,1.355,0.9320668012878485,0.5079331987121515,5+d,5+d,3.7916666666666665,3.2083333333333335
Burnley,prem,24.0,25-26-prem-sunderland-vs-burnley,2026-02-02 20:00:00+00:00,False,2026-01-24 15:00:00+00:00,prem,9.208333333333334,9.208333333333334,Sunderland,0.06,1.47,0.0,3.0,False,0.0,0.0,-3.0,0.8615789473684211,1.4210526315789473,0.7898493123809586,-0.7298493123809586,5+d,5+d,9.3125,-0.10416666666666607
Burnley,prem,25.0,25-26-prem-burnley-vs-west-ham-united,2026-02-07 15:00:00+00:00,True,2026-02-02 20:00:00+00:00,prem,4.791666666666667,4.791666666666667,West Ham,1.34,1.02,0.0,2.0,True,0.0,0.0,-2.0,0.8615789473684211,1.5681578947368422,1.0786921866137675,0.26130781338623255,5+d,5+d,6.895833333333333,-2.104166666666666
Burnley,prem,26.0,25-26-prem-crystal-palace-vs-burnley,2026-02-11 19:40:00+00:00,False,2026-02-07 15:00:00+00:00,prem,4.194444444444445,4.194444444444445,Crystal Palace,0.53,1.8,3.0,2.0,False,3.0,1.0,1.0,0.8615789473684211,1.3828947368421052,0.768640395659618,-0.23864039565961792,4d,4d,3.236111111111111,0.9583333333333335
Burnley,prem,27.0,25-26-prem-chelsea-vs-burnley,2026-02-21 15:00:00+00:00,False,2026-02-11 19:40:00+00:00,prem,9.805555555555555,9.805555555555555,Chelsea,0.85,1.99,1.0,1.0,False,1.0,0.0,0.0,0.8615789473684211,1.3665789473684211,0.7595717554063552,0.09042824459364474,5+d,5+d,10.8125,-1.0069444444444446
Burnley,prem,28.0,25-26-prem-burnley-vs-brentford,2026-02-28 15:00:00+00:00,True,2026-02-21 15:00:00+00:00,prem,7.0,7.0,Brentford,0.97,2.25,3.0,4.0,True,0.0,0.0,-1.0,0.8615789473684211,1.4205263157894739,0.9771405308510013,-0.007140530851001303,5+d,5+d,7.0,0.0
Burnley,prem,29.0,25-26-prem-everton-vs-burnley,2026-03-03 19:30:00+00:00,False,2026-02-28 15:00:00+00:00,prem,3.1875,3.1875,Everton,0.79,1.3,0.0,2.0,False,0.0,0.0,-2.0,0.8615789473684211,1.4907894736842104,0.8286104360440982,-0.038610436044098195,3d,3d,3.1875,0.0
Burnley,prem,30.0,25-26-prem-burnley-vs-afc-bournemouth,2026-03-14 15:00:00+00:00,True,2026-03-03 19:30:00+00:00,prem,10.8125,10.8125,Bournemouth,1.4,2.55,0.0,0.0,True,1.0,0.0,0.0,0.8615789473684211,1.4813157894736841,1.0189559185180226,0.3810440814819773,5+d,5+d,10.8125,0.0
Burnley,prem,31.0,25-26-prem-fulham-vs-burnley,2026-03-21 15:00:00+00:00,False,2026-03-14 15:00:00+00:00,prem,7.0,7.0,Fulham,1.24,3.15,1.0,3.0,False,0.0,0.0,-2.0,0.8615789473684211,1.3981578947368423,0.7771239623481544,0.4628760376518456,5+d,5+d,6.041666666666667,0.958333333333333
Burnley,prem,32.0,25-26-prem-burnley-vs-brighton-hove-albion,2026-04-11 14:00:00+00:00,True,2026-03-21 15:00:00+00:00,prem,20.958333333333332,20.958333333333332,Brighton,0.88,1.93,0.0,2.0,True,0.0,0.0,-2.0,0.8615789473684211,1.2984210526315791,0.8931477175284995,-0.013147717528499525,5+d,5+d,21.052083333333332,-0.09375
Burnley,prem,33.0,25-26-prem-nottingham-forest-vs-burnley,2026-04-19 13:00:00+00:00,False,2026-04-11 14:00:00+00:00,prem,7.958333333333333,7.958333333333333,Nott'm Forest,0.36,1.19,1.0,4.0,False,0.0,0.0,-3.0,0.8615789473684211,1.5063157894736843,0.8372402711238163,-0.4772402711238163,5+d,5+d,7.0,0.958333333333333
Burnley,prem,33.0,25-26-prem-burnley-vs-manchester-city,2026-04-22 19:00:00+00:00,True,2026-04-19 13:00:00+00:00,prem,3.25,3.25,Man City,0.63,3.36,0.0,1.0,True,0.0,0.0,-1.0,0.8615789473684211,1.1760526315789472,0.8089738852117682,-0.17897388521176816,3d,3d,3.1458333333333335,0.10416666666666652
Burnley,prem,35.0,25-26-prem-leeds-united-vs-burnley,2026-05-01 19:00:00+00:00,False,2026-04-22 19:00:00+00:00,prem,9.0,9.0,Leeds,0.57,1.64,1.0,3.0,False,0.0,0.0,-2.0,0.8615789473684211,1.4621052631578948,0.8126671814052976,-0.24266718140529764,5+d,5+d,9.0,0.0
Burnley,prem,36.0,25-26-prem-burnley-vs-aston-villa,2026-05-10 13:00:00+00:00,True,2026-05-01 19:00:00+00:00,prem,8.75,8.75,Aston Villa,1.79,1.44,2.0,2.0,True,1.0,0.0,0.0,0.8615789473684211,1.403421052631579,0.9653742962260818,0.8246257037739182,5+d,5+d,6.791666666666667,1.958333333333333
Burnley,prem,37.0,25-26-prem-arsenal-vs-burnley,2026-05-18 19:00:00+00:00,False,2026-05-10 13:00:00+00:00,prem,8.25,8.25,Arsenal,0.19,1.29,0.0,1.0,False,0.0,0.0,-1.0,0.8615789473684211,0.75,0.41686491486772814,-0.22686491486772814,5+d,5+d,8.145833333333334,0.10416666666666607
Burnley,prem,38.0,25-26-prem-burnley-vs-wolverhampton-wanderers,2026-05-24 15:00:00+00:00,True,2026-05-18 19:00:00+00:00,prem,5.833333333333333,5.833333333333333,Wolves,0.98,2.09,1.0,1.0,True,1.0,0.0,0.0,0.8615789473684211,1.5355263157894736,1.0562458313293057,-0.07624583132930574,5+d,5+d,7.041666666666667,-1.208333333333334
Chelsea,prem,1.0,25-26-prem-chelsea-vs-crystal-palace,2025-08-17 13:00:00+00:00,True,,,,,Crystal Palace,1.6,0.66,0.0,0.0,True,1.0,0.0,0.0,1.7534210526315788,1.3828947368421052,1.935922672629009,-0.335922672629009,,,,
Chelsea,prem,2.0,25-26-prem-west-ham-united-vs-chelsea,2025-08-22 19:00:00+00:00,False,2025-08-17 13:00:00+00:00,prem,5.25,5.25,West Ham,2.74,0.73,5.0,1.0,False,3.0,1.0,4.0,1.7534210526315788,1.5681578947368422,1.773842304444772,0.9661576955552282,5+d,5+d,6.208333333333333,-0.958333333333333
Chelsea,prem,3.0,25-26-prem-chelsea-vs-fulham,2025-08-30 11:30:00+00:00,True,2025-08-22 19:00:00+00:00,prem,7.6875,7.6875,Fulham,2.35,1.02,2.0,0.0,True,3.0,1.0,2.0,1.7534210526315788,1.3981578947368423,1.9572896593107378,0.39271034068926225,5+d,5+d,2.6979166666666665,4.989583333333334
Chelsea,prem,4.0,25-26-prem-brentford-vs-chelsea,2025-09-13 19:00:00+00:00,False,2025-08-30 11:30:00+00:00,prem,14.3125,14.3125,Brentford,1.25,1.43,2.0,2.0,False,1.0,0.0,0.0,1.7534210526315788,1.4205263157894739,1.6068469138098473,-0.35684691380984734,5+d,5+d,14.208333333333334,0.10416666666666607
Chelsea,prem,5.0,25-26-prem-manchester-united-vs-chelsea,2025-09-20 16:30:00+00:00,False,2025-09-17 19:00:00+00:00,champions-league,2.8958333333333335,6.895833333333333,Man Utd,0.43,1.84,1.0,2.0,False,0.0,0.0,-1.0,1.7534210526315788,1.2584210526315789,1.4234794260538512,-0.9934794260538513,3d,5+d,6.041666666666667,-3.1458333333333335
Chelsea,prem,6.0,25-26-prem-chelsea-vs-brighton-hove-albion,2025-09-27 14:00:00+00:00,True,2025-09-23 18:45:00+00:00,efl-cup,3.8020833333333335,6.895833333333333,Brighton,1.81,2.28,1.0,3.0,True,0.0,0.0,-2.0,1.7534210526315788,1.2984210526315791,1.817667453235306,-0.007667453235306043,4d,5+d,3.8020833333333335,0.0
Chelsea,prem,7.0,25-26-prem-chelsea-vs-liverpool,2025-10-04 16:30:00+00:00,True,2025-09-30 19:00:00+00:00,champions-league,3.8958333333333335,7.104166666666667,Liverpool,1.0,1.95,2.0,1.0,True,3.0,1.0,1.0,1.7534210526315788,1.246842105263158,1.745461774103948,-0.745461774103948,4d,5+d,3.8958333333333335,0.0
Chelsea,prem,8.0,25-26-prem-nottingham-forest-vs-chelsea,2025-10-18 11:30:00+00:00,False,2025-10-04 16:30:00+00:00,prem,13.791666666666666,13.791666666666666,Nott'm Forest,1.67,2.35,3.0,0.0,False,3.0,1.0,3.0,1.7534210526315788,1.5063157894736843,1.703888798563832,-0.03388879856383209,5+d,5+d,12.9375,0.8541666666666661
Chelsea,prem,9.0,25-26-prem-chelsea-vs-sunderland,2025-10-25 14:00:00+00:00,True,2025-10-22 19:00:00+00:00,champions-league,2.7916666666666665,7.104166666666667,Sunderland,0.89,1.31,1.0,2.0,True,0.0,0.0,-1.0,1.7534210526315788,1.4210526315789473,1.9893401393333299,-1.09934013933333,3d,5+d,7.0,-4.208333333333334
Chelsea,prem,10.0,25-26-prem-tottenham-hotspur-vs-chelsea,2025-11-01 17:30:00+00:00,False,2025-10-29 19:45:00+00:00,efl-cup,2.90625,7.145833333333333,Spurs,3.68,0.1,1.0,0.0,False,3.0,1.0,1.0,1.7534210526315788,1.355,1.532725965025362,2.147274034974638,3d,5+d,2.8958333333333335,0.010416666666666519
Chelsea,prem,11.0,25-26-prem-chelsea-vs-wolverhampton-wanderers,2025-11-08 20:00:00+00:00,True,2025-11-05 17:45:00+00:00,champions-league,3.09375,7.104166666666667,Wolves,3.31,0.17,3.0,0.0,True,3.0,1.0,3.0,1.7534210526315788,1.5355263157894736,2.1495925394462927,1.1604074605537074,3d,5+d,7.208333333333333,-4.114583333333333
Chelsea,prem,12.0,25-26-prem-burnley-vs-chelsea,2025-11-22 12:30:00+00:00,False,2025-11-08 20:00:00+00:00,prem,13.6875,13.6875,Burnley,1.72,0.44,2.0,0.0,False,3.0,1.0,2.0,1.7534210526315788,1.9947368421052631,2.256372657776703,-0.5363726577767032,5+d,5+d,13.895833333333334,-0.20833333333333393
Chelsea,prem,13.0,25-26-prem-chelsea-vs-arsenal,2025-11-30 16:30:00+00:00,True,2025-11-25 20:00:00+00:00,champions-league,4.854166666666667,8.166666666666666,Arsenal,0.79,1.26,1.0,1.0,True,1.0,0.0,0.0,1.7534210526315788,0.75,1.0499295179814798,-0.2599295179814798,5+d,5+d,3.8541666666666665,1.0000000000000004
Chelsea,prem,14.0,25-26-prem-leeds-united-vs-chelsea,2025-12-03 20:15:00+00:00,False,2025-11-30 16:30:00+00:00,prem,3.15625,3.15625,Leeds,1.11,2.82,1.0,3.0,False,0.0,0.0,-2.0,1.7534210526315788,1.4621052631578948,1.6538794837212878,-0.5438794837212877,3d,3d,4.21875,-1.0625
Chelsea,prem,15.0,25-26-prem-afc-bournemouth-vs-chelsea,2025-12-06 15:00:00+00:00,False,2025-12-03 20:15:00+00:00,prem,2.78125,2.78125,Bournemouth,0.88,1.37,0.0,0.0,False,1.0,0.0,0.0,1.7534210526315788,1.4813157894736841,1.6756097217183457,-0.7956097217183457,3d,3d,3.8125,-1.03125
Chelsea,prem,16.0,25-26-prem-chelsea-vs-everton,2025-12-13 15:00:00+00:00,True,2025-12-09 20:00:00+00:00,champions-league,3.7916666666666665,7.0,Everton,2.07,1.03,2.0,0.0,True,3.0,1.0,2.0,1.7534210526315788,1.4907894736842104,2.0869651646895027,-0.01696516468950282,4d,5+d,7.0,-3.2083333333333335
Chelsea,prem,17.0,25-26-prem-newcastle-united-vs-chelsea,2025-12-20 12:30:00+00:00,False,2025-12-16 20:00:00+00:00,efl-cup,3.6875,6.895833333333333,Newcastle,1.25,2.26,2.0,2.0,False,1.0,0.0,0.0,1.7534210526315788,1.351578947368421,1.5288561966149266,-0.27885619661492655,4d,5+d,2.6770833333333335,1.0104166666666665
Chelsea,prem,18.0,25-26-prem-chelsea-vs-aston-villa,2025-12-27 17:30:00+00:00,True,2025-12-20 12:30:00+00:00,prem,7.208333333333333,7.208333333333333,Aston Villa,2.14,1.05,1.0,2.0,True,0.0,0.0,-1.0,1.7534210526315788,1.403421052631579,1.964657585752713,0.17534241424728703,5+d,5+d,6.041666666666667,1.166666666666666
Chelsea,prem,19.0,25-26-prem-chelsea-vs-afc-bournemouth,2025-12-30 19:30:00+00:00,True,2025-12-27 17:30:00+00:00,prem,3.0833333333333335,3.0833333333333335,Bournemouth,2.43,2.94,2.0,2.0,True,1.0,0.0,0.0,1.7534210526315788,1.4813157894736841,2.073702897093947,0.3562971029060531,3d,3d,3.1875,-0.10416666666666652
Chelsea,prem,20.0,25-26-prem-manchester-city-vs-chelsea,2026-01-04 17:30:00+00:00,False,2025-12-30 19:30:00+00:00,prem,4.916666666666667,4.916666666666667,Man City,1.85,1.02,1.0,1.0,False,1.0,0.0,0.0,1.7534210526315788,1.1760526315789472,1.330307309710301,0.519692690289699,5+d,5+d,2.8958333333333335,2.0208333333333335
Chelsea,prem,21.0,25-26-prem-fulham-vs-chelsea,2026-01-07 19:30:00+00:00,False,2026-01-04 17:30:00+00:00,prem,3.0833333333333335,3.0833333333333335,Fulham,2.39,1.2,1.0,2.0,False,0.0,0.0,-1.0,1.7534210526315788,1.3981578947368423,1.5815445818954648,0.8084554181045354,3d,3d,3.1770833333333335,-0.09375
Chelsea,prem,22.0,25-26-prem-chelsea-vs-brentford,2026-01-17 15:00:00+00:00,True,2026-01-14 20:00:00+00:00,efl-cup,2.7916666666666665,9.8125,Brentford,1.59,1.52,2.0,0.0,True,3.0,1.0,2.0,1.7534210526315788,1.4205263157894739,1.9886033466891329,-0.3986033466891328,3d,5+d,9.8125,-7.020833333333334
Chelsea,prem,23.0,25-26-prem-crystal-palace-vs-chelsea,2026-01-25 14:00:00+00:00,False,2026-01-21 20:00:00+00:00,champions-league,3.75,7.958333333333333,Crystal Palace,2.2,1.77,3.0,1.0,False,3.0,1.0,2.0,1.7534210526315788,1.3828947368421052,1.5642794612950623,0.6357205387049378,4d,5+d,7.958333333333333,-4.208333333333333
Chelsea,prem,24.0,25-26-prem-chelsea-vs-west-ham-united,2026-01-31 17:30:00+00:00,True,2026-01-28 20:00:00+00:00,champions-league,2.8958333333333335,6.145833333333333,West Ham,2.7,1.12,3.0,2.0,True,3.0,1.0,1.0,1.7534210526315788,1.5681578947368422,2.1952736833865396,0.5047263166134606,3d,5+d,7.208333333333333,-4.3125
Chelsea,prem,25.0,25-26-prem-wolverhampton-wanderers-vs-chelsea,2026-02-07 15:00:00+00:00,False,2026-02-03 20:00:00+00:00,efl-cup,3.7916666666666665,6.895833333333333,Wolves,3.44,1.06,3.0,1.0,False,3.0,1.0,2.0,1.7534210526315788,1.5355263157894736,1.7369306672990845,1.7030693327009154,4d,5+d,7.0,-3.2083333333333335
Chelsea,prem,26.0,25-26-prem-chelsea-vs-leeds-united,2026-02-10 19:30:00+00:00,True,2026-02-07 15:00:00+00:00,prem,3.1875,3.1875,Leeds,3.13,1.44,2.0,2.0,True,1.0,0.0,0.0,1.7534210526315788,1.4621052631578948,2.0468099655807377,1.0831900344192622,3d,3d,3.9791666666666665,-0.7916666666666665
Chelsea,prem,27.0,25-26-prem-chelsea-vs-burnley,2026-02-21 15:00:00+00:00,True,2026-02-10 19:30:00+00:00,prem,10.8125,10.8125,Burnley,1.99,0.85,1.0,1.0,True,1.0,0.0,0.0,1.7534210526315788,1.9947368421052631,2.792444121508638,-0.802444121508638,5+d,5+d,9.805555555555555,1.0069444444444446
Chelsea,prem,28.0,25-26-prem-arsenal-vs-chelsea,2026-03-01 16:30:00+00:00,False,2026-02-21 15:00:00+00:00,prem,8.0625,8.0625,Arsenal,1.05,1.13,1.0,2.0,False,0.0,0.0,-1.0,1.7534210526315788,0.75,0.8483723053645915,0.20162769463540853,5+d,5+d,7.0,1.0625
Chelsea,prem,29.0,25-26-prem-aston-villa-vs-chelsea,2026-03-04 19:30:00+00:00,False,2026-03-01 16:30:00+00:00,prem,3.125,3.125,Aston Villa,3.6,0.78,4.0,1.0,False,3.0,1.0,3.0,1.7534210526315788,1.403421052631579,1.5874980717576723,2.0125019282423278,3d,3d,4.979166666666667,-1.854166666666667
Chelsea,prem,30.0,25-26-prem-chelsea-vs-newcastle-united,2026-03-14 17:30:00+00:00,True,2026-03-04 19:30:00+00:00,prem,9.916666666666666,9.916666666666666,Newcastle,1.39,1.41,0.0,1.0,True,0.0,0.0,-1.0,1.7534210526315788,1.351578947368421,1.892083510299256,-0.502083510299256,5+d,5+d,9.885416666666666,0.03125
Chelsea,prem,31.0,25-26-prem-everton-vs-chelsea,2026-03-21 17:30:00+00:00,False,2026-03-14 17:30:00+00:00,prem,7.0,7.0,Everton,0.93,1.18,0.0,3.0,False,0.0,0.0,-3.0,1.7534210526315788,1.4907894736842104,1.6863260034703194,-0.7563260034703193,5+d,5+d,7.0,0.0
Chelsea,prem,32.0,25-26-prem-chelsea-vs-manchester-city,2026-04-12 15:30:00+00:00,True,2026-03-21 17:30:00+00:00,prem,21.916666666666668,21.916666666666668,Man City,1.14,2.29,0.0,3.0,True,0.0,0.0,-3.0,1.7534210526315788,1.1760526315789472,1.6463631634593796,-0.5063631634593797,5+d,5+d,28.8125,-6.895833333333332
Chelsea,prem,33.0,25-26-prem-chelsea-vs-manchester-united,2026-04-18 19:00:00+00:00,True,2026-04-12 15:30:00+00:00,prem,6.145833333333333,6.145833333333333,Man Utd,1.57,0.29,0.0,1.0,True,0.0,0.0,-1.0,1.7534210526315788,1.2584210526315789,1.7616712122762932,-0.19167121227629313,5+d,5+d,5.0,1.145833333333333
Chelsea,prem,33.0,25-26-prem-brighton-hove-albion-vs-chelsea,2026-04-21 19:00:00+00:00,False,2026-04-18 19:00:00+00:00,prem,3.0,3.0,Brighton,0.37,2.14,0.0,3.0,False,0.0,0.0,-3.0,1.7534210526315788,1.2984210526315791,1.4687259490066298,-1.0987259490066297,3d,3d,3.1041666666666665,-0.10416666666666652
Chelsea,prem,35.0,25-26-prem-chelsea-vs-nottingham-forest,2026-05-04 14:00:00+00:00,True,2026-04-21 19:00:00+00:00,prem,12.791666666666666,12.791666666666666,Nott'm Forest,2.15,2.05,1.0,3.0,True,0.0,0.0,-2.0,1.7534210526315788,1.5063157894736843,2.10870054769333,0.04129945230666987,5+d,5+d,9.791666666666666,3.0
Chelsea,prem,36.0,25-26-prem-liverpool-vs-chelsea,2026-05-09 11:30:00+00:00,False,2026-05-04 14:00:00+00:00,prem,4.895833333333333,4.895833333333333,Liverpool,0.5,0.56,1.0,1.0,False,1.0,0.0,0.0,1.7534210526315788,1.246842105263158,1.4103817483569945,-0.9103817483569945,5+d,5+d,5.875,-0.979166666666667
Chelsea,prem,37.0,25-26-prem-chelsea-vs-tottenham-hotspur,2026-05-19 19:15:00+00:00,True,2026-05-09 11:30:00+00:00,prem,10.322916666666666,10.322916666666666,Spurs,0.63,1.27,2.0,1.0,True,3.0,1.0,1.0,1.7534210526315788,1.355,1.8968726624865404,-1.2668726624865405,5+d,5+d,8.010416666666666,2.3125
Chelsea,prem,38.0,25-26-prem-sunderland-vs-chelsea,2026-05-24 15:00:00+00:00,False,2026-05-19 19:15:00+00:00,prem,4.822916666666667,4.822916666666667,Sunderland,0.89,1.84,1.0,2.0,False,0.0,0.0,-1.0,1.7534210526315788,1.4210526315789473,1.6074422627960678,-0.7174422627960678,5+d,5+d,7.041666666666667,-2.21875
Crystal Palace,prem,1.0,25-26-prem-chelsea-vs-crystal-palace,2025-08-17 13:00:00+00:00,False,,,,,Chelsea,0.66,1.6,0.0,0.0,False,1.0,0.0,0.0,1.5321052631578946,1.3665789473684211,1.3507106780622478,-0.6907106780622477,,,,
Crystal Palace,prem,2.0,25-26-prem-crystal-palace-vs-nottingham-forest,2025-08-24 13:00:00+00:00,True,2025-08-17 13:00:00+00:00,prem,7.0,7.0,Nott'm Forest,1.1,0.93,1.0,1.0,True,1.0,0.0,0.0,1.5321052631578946,1.5063157894736843,1.8425415861729804,-0.7425415861729803,5+d,5+d,7.0,0.0
Crystal Palace,prem,3.0,25-26-prem-aston-villa-vs-crystal-palace,2025-08-31 18:00:00+00:00,False,2025-08-24 13:00:00+00:00,prem,7.208333333333333,7.208333333333333,Aston Villa,2.65,1.14,3.0,0.0,False,3.0,1.0,3.0,1.5321052631578946,1.403421052631579,1.3871249848076195,1.2628750151923804,5+d,5+d,8.166666666666666,-0.958333333333333
Crystal Palace,prem,4.0,25-26-prem-crystal-palace-vs-sunderland,2025-09-13 14:00:00+00:00,True,2025-08-31 18:00:00+00:00,prem,12.833333333333334,12.833333333333334,Sunderland,1.77,0.36,0.0,0.0,True,1.0,0.0,0.0,1.5321052631578946,1.4210526315789473,1.738246779408472,0.031753220591528075,5+d,5+d,14.0,-1.166666666666666
Crystal Palace,prem,5.0,25-26-prem-west-ham-united-vs-crystal-palace,2025-09-20 14:00:00+00:00,False,2025-09-16 19:00:00+00:00,efl-cup,3.7916666666666665,7.0,West Ham,2.31,0.66,2.0,1.0,False,3.0,1.0,1.0,1.5321052631578946,1.5681578947368422,1.5499489563976383,0.7600510436023618,4d,5+d,6.895833333333333,-3.1041666666666665
Crystal Palace,prem,6.0,25-26-prem-crystal-palace-vs-liverpool,2025-09-27 14:00:00+00:00,True,2025-09-20 14:00:00+00:00,prem,7.0,7.0,Liverpool,2.92,2.14,2.0,1.0,True,3.0,1.0,1.0,1.5321052631578946,1.246842105263158,1.525150600155063,1.394849399844937,5+d,5+d,3.7916666666666665,3.2083333333333335
Crystal Palace,prem,7.0,25-26-prem-everton-vs-crystal-palace,2025-10-05 13:00:00+00:00,False,2025-10-02 16:45:00+00:00,conference-league,2.84375,7.958333333333333,Everton,1.53,2.03,1.0,2.0,False,0.0,0.0,-1.0,1.5321052631578946,1.4907894736842104,1.4734789122323577,0.05652108776764231,3d,5+d,5.75,-2.90625
Crystal Palace,prem,8.0,25-26-prem-crystal-palace-vs-afc-bournemouth,2025-10-18 14:00:00+00:00,True,2025-10-05 13:00:00+00:00,prem,13.041666666666666,13.041666666666666,Bournemouth,4.44,2.03,3.0,3.0,True,1.0,0.0,0.0,1.5321052631578946,1.4813157894736841,1.8119613187574608,2.62803868124254,5+d,5+d,14.791666666666666,-1.75
Crystal Palace,prem,9.0,25-26-prem-arsenal-vs-crystal-palace,2025-10-26 14:00:00+00:00,False,2025-10-23 19:00:00+00:00,conference-league,2.7916666666666665,8.0,Arsenal,0.45,0.92,0.0,1.0,False,0.0,0.0,-1.0,1.5321052631578946,0.75,0.7412912444593504,-0.29129124445935034,3d,5+d,4.791666666666667,-2.0000000000000004
Crystal Palace,prem,10.0,25-26-prem-crystal-palace-vs-brentford,2025-11-01 15:00:00+00:00,True,2025-10-29 19:45:00+00:00,efl-cup,2.8020833333333335,6.041666666666667,Brentford,0.7,0.54,2.0,0.0,True,3.0,1.0,2.0,1.5321052631578946,1.4205263157894739,1.7376029843049876,-1.0376029843049877,3d,5+d,3.8020833333333335,-1.0
Crystal Palace,prem,11.0,25-26-prem-crystal-palace-vs-brighton-hove-albion,2025-11-09 14:00:00+00:00,True,2025-11-06 20:00:00+00:00,conference-league,2.75,7.958333333333333,Brighton,0.75,0.39,0.0,0.0,True,1.0,0.0,0.0,1.5321052631578946,1.2984210526315791,1.5882425202965558,-0.8382425202965558,3d,5+d,7.958333333333333,-5.208333333333333
Crystal Palace,prem,12.0,25-26-prem-wolverhampton-wanderers-vs-crystal-palace,2025-11-22 15:00:00+00:00,False,2025-11-09 14:00:00+00:00,prem,13.041666666666666,13.041666666666666,Wolves,1.27,1.79,2.0,0.0,False,3.0,1.0,2.0,1.5321052631578946,1.5355263157894736,1.5176962847088806,-0.2476962847088806,5+d,5+d,13.791666666666666,-0.75
Crystal Palace,prem,13.0,25-26-prem-crystal-palace-vs-manchester-united,2025-11-30 12:00:00+00:00,True,2025-11-27 20:00:00+00:00,conference-league,2.6666666666666665,7.875,Man Utd,1.83,1.19,1.0,2.0,True,0.0,0.0,-1.0,1.5321052631578946,1.2584210526315789,1.5393140924317246,0.2906859075682755,3d,5+d,5.666666666666667,-3.0000000000000004
Crystal Palace,prem,14.0,25-26-prem-burnley-vs-crystal-palace,2025-12-03 19:30:00+00:00,False,2025-11-30 12:00:00+00:00,prem,3.3125,3.3125,Burnley,0.59,0.88,1.0,0.0,False,3.0,1.0,1.0,1.5321052631578946,1.9947368421052631,1.9715746080708334,-1.3815746080708333,3d,3d,4.1875,-0.875
Crystal Palace,prem,15.0,25-26-prem-fulham-vs-crystal-palace,2025-12-07 16:30:00+00:00,False,2025-12-03 19:30:00+00:00,prem,3.875,3.875,Fulham,1.65,0.79,2.0,1.0,False,3.0,1.0,1.0,1.5321052631578946,1.3981578947368423,1.381922940986852,0.2680770590131478,4d,4d,4.875,-1.0
Crystal Palace,prem,16.0,25-26-prem-crystal-palace-vs-manchester-city,2025-12-14 14:00:00+00:00,True,2025-12-11 20:00:00+00:00,conference-league,2.75,6.895833333333333,Man City,2.08,1.19,0.0,3.0,True,0.0,0.0,-3.0,1.5321052631578946,1.1760526315789472,1.4385601587363817,0.6414398412636184,3d,5+d,3.75,-1.0
Crystal Palace,prem,17.0,25-26-prem-leeds-united-vs-crystal-palace,2025-12-20 20:00:00+00:00,False,2025-12-18 20:00:00+00:00,conference-league,2.0,6.25,Leeds,1.58,3.05,1.0,4.0,False,0.0,0.0,-3.0,1.5321052631578946,1.4621052631578948,1.4451277734091756,0.13487222659082443,<=2d,5+d,6.145833333333333,-4.145833333333333
Crystal Palace,prem,18.0,25-26-prem-crystal-palace-vs-tottenham-hotspur,2025-12-28 16:30:00+00:00,True,2025-12-23 20:00:00+00:00,efl-cup,4.854166666666667,7.854166666666667,Spurs,1.31,0.84,0.0,1.0,True,0.0,0.0,-1.0,1.5321052631578946,1.355,1.6574504939211523,-0.34745049392115224,5+d,5+d,7.958333333333333,-3.104166666666666
Crystal Palace,prem,19.0,25-26-prem-crystal-palace-vs-fulham,2026-01-01 17:30:00+00:00,True,2025-12-28 16:30:00+00:00,prem,4.041666666666667,4.041666666666667,Fulham,1.93,1.76,1.0,1.0,True,1.0,0.0,0.0,1.5321052631578946,1.3981578947368423,1.710241692406891,0.21975830759310888,4d,4d,5.104166666666667,-1.0625
Crystal Palace,prem,20.0,25-26-prem-newcastle-united-vs-crystal-palace,2026-01-04 15:00:00+00:00,False,2026-01-01 17:30:00+00:00,prem,2.8958333333333335,2.8958333333333335,Newcastle,0.7,2.08,0.0,2.0,False,0.0,0.0,-2.0,1.5321052631578946,1.351578947368421,1.3358848531730607,-0.6358848531730608,3d,3d,4.8125,-1.9166666666666665
Crystal Palace,prem,21.0,25-26-prem-crystal-palace-vs-aston-villa,2026-01-07 19:30:00+00:00,True,2026-01-04 15:00:00+00:00,prem,3.1875,3.1875,Aston Villa,1.5,1.74,0.0,0.0,True,1.0,0.0,0.0,1.5321052631578946,1.403421052631579,1.7166796434417373,-0.2166796434417373,3d,3d,4.291666666666667,-1.104166666666667
Crystal Palace,prem,22.0,25-26-prem-sunderland-vs-crystal-palace,2026-01-17 15:00:00+00:00,False,2026-01-07 19:30:00+00:00,prem,9.8125,9.8125,Sunderland,0.61,1.71,1.0,2.0,False,0.0,0.0,-1.0,1.5321052631578946,1.4210526315789473,1.40455183160719,-0.7945518316071901,5+d,5+d,9.8125,0.0
Crystal Palace,prem,23.0,25-26-prem-crystal-palace-vs-chelsea,2026-01-25 14:00:00+00:00,True,2026-01-17 15:00:00+00:00,prem,7.958333333333333,7.958333333333333,Chelsea,1.77,2.2,1.0,3.0,True,0.0,0.0,-2.0,1.5321052631578946,1.3665789473684211,1.6716139861978137,0.09838601380218637,5+d,5+d,3.75,4.208333333333333
Crystal Palace,prem,24.0,25-26-prem-nottingham-forest-vs-crystal-palace,2026-02-01 14:00:00+00:00,False,2026-01-25 14:00:00+00:00,prem,7.0,7.0,Nott'm Forest,1.9,0.49,1.0,1.0,False,1.0,0.0,0.0,1.5321052631578946,1.5063157894736843,1.4888249415036217,0.41117505849637825,5+d,5+d,2.75,4.25
Crystal Palace,prem,25.0,25-26-prem-brighton-hove-albion-vs-crystal-palace,2026-02-08 14:00:00+00:00,False,2026-02-01 14:00:00+00:00,prem,7.0,7.0,Brighton,1.16,0.74,1.0,0.0,False,3.0,1.0,1.0,1.5321052631578946,1.2984210526315791,1.2833442105833106,-0.12334421058331069,5+d,5+d,7.958333333333333,-0.958333333333333
Crystal Palace,prem,26.0,25-26-prem-crystal-palace-vs-burnley,2026-02-11 19:40:00+00:00,True,2026-02-08 14:00:00+00:00,prem,3.236111111111111,3.236111111111111,Burnley,1.8,0.53,2.0,3.0,True,0.0,0.0,-1.0,1.5321052631578946,1.9947368421052631,2.4399834422067066,-0.6399834422067066,3d,3d,4.194444444444445,-0.9583333333333335
Crystal Palace,prem,27.0,25-26-prem-crystal-palace-vs-wolverhampton-wanderers,2026-02-22 14:00:00+00:00,True,2026-02-11 19:40:00+00:00,prem,10.76388888888889,10.76388888888889,Wolves,2.0,1.63,1.0,0.0,True,3.0,1.0,1.0,1.5321052631578946,1.5355263157894736,1.8782722144163768,0.12172778558362318,5+d,5+d,3.75,7.013888888888889
Crystal Palace,prem,28.0,25-26-prem-manchester-united-vs-crystal-palace,2026-03-01 14:00:00+00:00,False,2026-02-22 14:00:00+00:00,prem,7.0,7.0,Man Utd,0.38,2.05,1.0,2.0,False,0.0,0.0,-1.0,1.5321052631578946,1.2584210526315789,1.2438086775454784,-0.8638086775454784,5+d,5+d,5.75,1.25
Crystal Palace,prem,29.0,25-26-prem-tottenham-hotspur-vs-crystal-palace,2026-03-05 20:00:00+00:00,False,2026-03-01 14:00:00+00:00,prem,4.25,4.25,Spurs,1.78,1.58,3.0,1.0,False,3.0,1.0,2.0,1.5321052631578946,1.355,1.3392661816565596,0.4407338183434404,4d,4d,4.25,0.0
Crystal Palace,prem,30.0,25-26-prem-crystal-palace-vs-leeds-united,2026-03-15 14:00:00+00:00,True,2026-03-05 20:00:00+00:00,prem,9.75,9.75,Leeds,0.67,1.12,0.0,0.0,True,1.0,0.0,0.0,1.5321052631578946,1.4621052631578948,1.7884627974802723,-1.118462797480272,5+d,5+d,11.770833333333334,-2.020833333333334
Crystal Palace,prem,32.0,25-26-prem-crystal-palace-vs-newcastle-united,2026-04-12 13:00:00+00:00,True,2026-03-15 14:00:00+00:00,prem,27.958333333333332,27.958333333333332,Newcastle,2.56,1.13,2.0,1.0,True,3.0,1.0,1.0,1.5321052631578946,1.351578947368421,1.6532658257485022,0.9067341742514978,5+d,5+d,21.041666666666668,6.916666666666664
Crystal Palace,prem,33.0,25-26-prem-crystal-palace-vs-west-ham-united,2026-04-20 19:00:00+00:00,True,2026-04-12 13:00:00+00:00,prem,8.25,8.25,West Ham,0.73,0.61,0.0,0.0,True,1.0,0.0,0.0,1.5321052631578946,1.5681578947368422,1.9181875108324231,-1.1881875108324231,5+d,5+d,10.0,-1.75
Crystal Palace,prem,34.0,25-26-prem-liverpool-vs-crystal-palace,2026-04-25 14:00:00+00:00,False,2026-04-20 19:00:00+00:00,prem,4.791666666666667,4.791666666666667,Liverpool,2.26,1.14,1.0,3.0,False,0.0,0.0,-2.0,1.5321052631578946,1.246842105263158,1.2323641811397903,1.0276358188602095,5+d,5+d,6.041666666666667,-1.25
Crystal Palace,prem,35.0,25-26-prem-afc-bournemouth-vs-crystal-palace,2026-05-03 13:00:00+00:00,False,2026-04-25 14:00:00+00:00,prem,7.958333333333333,7.958333333333333,Bournemouth,0.89,2.08,0.0,3.0,False,0.0,0.0,-3.0,1.5321052631578946,1.4813157894736841,1.4641152333549765,-0.5741152333549765,5+d,5+d,10.75,-2.791666666666667
Crystal Palace,prem,36.0,25-26-prem-crystal-palace-vs-everton,2026-05-10 13:00:00+00:00,True,2026-05-03 13:00:00+00:00,prem,7.0,7.0,Everton,2.56,1.59,2.0,2.0,True,1.0,0.0,0.0,1.5321052631578946,1.4907894736842104,1.823549630620184,0.7364503693798161,5+d,5+d,5.75,1.25
Crystal Palace,prem,36.0,25-26-prem-manchester-city-vs-crystal-palace,2026-05-13 19:00:00+00:00,False,2026-05-10 13:00:00+00:00,prem,3.25,3.25,Man City,0.73,1.66,0.0,3.0,False,0.0,0.0,-3.0,1.5321052631578946,1.1760526315789472,1.1623966917504691,-0.43239669175046913,3d,3d,4.104166666666667,-0.854166666666667
Crystal Palace,prem,37.0,25-26-prem-brentford-vs-crystal-palace,2026-05-17 14:00:00+00:00,False,2026-05-13 19:00:00+00:00,prem,3.7916666666666665,3.7916666666666665,Brentford,1.72,1.71,2.0,2.0,False,1.0,0.0,0.0,1.5321052631578946,1.4205263157894739,1.4040316272251137,0.3159683727748863,4d,4d,7.895833333333333,-4.104166666666666
Crystal Palace,prem,38.0,25-26-prem-crystal-palace-vs-arsenal,2026-05-24 15:00:00+00:00,True,2026-05-17 14:00:00+00:00,prem,7.041666666666667,7.041666666666667,Arsenal,0.98,2.53,1.0,2.0,True,0.0,0.0,-1.0,1.5321052631578946,0.75,0.9174080224655824,0.06259197753441759,5+d,5+d,5.833333333333333,1.208333333333334
Everton,prem,1.0,25-26-prem-leeds-united-vs-everton,2025-08-18 19:00:00+00:00,False,,,,,Leeds,0.8,2.13,0.0,1.0,False,0.0,0.0,-1.0,1.2278947368421054,1.4621052631578948,1.1581872536460347,-0.35818725364603465,,,,
Everton,prem,2.0,25-26-prem-everton-vs-brighton-hove-albion,2025-08-24 13:00:00+00:00,True,2025-08-18 19:00:00+00:00,prem,5.75,5.75,Brighton,1.6,2.43,2.0,0.0,True,3.0,1.0,2.0,1.2278947368421054,1.2984210526315791,1.2728855375650516,0.32711446243494846,5+d,5+d,7.958333333333333,-2.208333333333333
Everton,prem,3.0,25-26-prem-wolverhampton-wanderers-vs-everton,2025-08-30 14:00:00+00:00,False,2025-08-27 18:45:00+00:00,efl-cup,2.8020833333333335,6.041666666666667,Wolves,1.93,1.11,3.0,2.0,False,3.0,1.0,1.0,1.2278947368421054,1.5355263157894736,1.216346764763249,0.7136532352367508,3d,5+d,3.8125,-1.0104166666666665
Everton,prem,4.0,25-26-prem-everton-vs-aston-villa,2025-09-13 14:00:00+00:00,True,2025-08-30 14:00:00+00:00,prem,14.0,14.0,Aston Villa,2.08,0.54,0.0,0.0,True,1.0,0.0,0.0,1.2278947368421054,1.403421052631579,1.3758205455683865,0.7041794544316136,5+d,5+d,12.833333333333334,1.166666666666666
Everton,prem,5.0,25-26-prem-liverpool-vs-everton,2025-09-20 11:30:00+00:00,False,2025-09-13 14:00:00+00:00,prem,6.895833333333333,6.895833333333333,Liverpool,0.7,0.9,1.0,2.0,False,0.0,0.0,-1.0,1.2278947368421054,1.246842105263158,0.9876694038471766,-0.28766940384717665,5+d,5+d,2.6875,4.208333333333333
Everton,prem,6.0,25-26-prem-everton-vs-west-ham-united,2025-09-29 19:00:00+00:00,True,2025-09-23 18:45:00+00:00,efl-cup,6.010416666666667,9.3125,West Ham,0.73,1.19,1.0,1.0,True,1.0,0.0,0.0,1.2278947368421054,1.5681578947368422,1.5373175756688573,-0.8073175756688573,5+d,5+d,9.208333333333334,-3.197916666666667
Everton,prem,7.0,25-26-prem-everton-vs-crystal-palace,2025-10-05 13:00:00+00:00,True,2025-09-29 19:00:00+00:00,prem,5.75,5.75,Crystal Palace,2.03,1.53,2.0,1.0,True,3.0,1.0,1.0,1.2278947368421054,1.3828947368421052,1.3556979124248771,0.6743020875751227,5+d,5+d,2.84375,2.90625
Everton,prem,8.0,25-26-prem-manchester-city-vs-everton,2025-10-18 14:00:00+00:00,False,2025-10-05 13:00:00+00:00,prem,13.041666666666666,13.041666666666666,Man City,0.81,2.38,0.0,2.0,False,0.0,0.0,-2.0,1.2278947368421054,1.1760526315789472,0.9315944630209015,-0.12159446302090149,5+d,5+d,12.9375,0.10416666666666607
Everton,prem,9.0,25-26-prem-everton-vs-tottenham-hotspur,2025-10-26 16:30:00+00:00,True,2025-10-18 14:00:00+00:00,prem,8.104166666666666,8.104166666666666,Spurs,1.74,1.72,0.0,3.0,True,0.0,0.0,-3.0,1.2278947368421054,1.355,1.328351769947801,0.4116482300521991,5+d,5+d,3.8958333333333335,4.208333333333332
Everton,prem,10.0,25-26-prem-sunderland-vs-everton,2025-11-03 20:00:00+00:00,False,2025-10-26 16:30:00+00:00,prem,8.145833333333334,8.145833333333334,Sunderland,0.89,1.22,1.0,1.0,False,1.0,0.0,0.0,1.2278947368421054,1.4210526315789473,1.125667957107377,-0.2356679571073771,5+d,5+d,9.25,-1.104166666666666
Everton,prem,11.0,25-26-prem-everton-vs-fulham,2025-11-08 15:00:00+00:00,True,2025-11-03 20:00:00+00:00,prem,4.791666666666667,4.791666666666667,Fulham,1.44,0.4,2.0,0.0,True,3.0,1.0,2.0,1.2278947368421054,1.3981578947368423,1.3706608960444102,0.06933910395558973,5+d,5+d,7.0,-2.208333333333333
Everton,prem,12.0,25-26-prem-manchester-united-vs-everton,2025-11-24 20:00:00+00:00,False,2025-11-08 15:00:00+00:00,prem,16.208333333333332,16.208333333333332,Man Utd,0.21,1.71,1.0,0.0,False,3.0,1.0,1.0,1.2278947368421054,1.2584210526315789,0.9968415131273107,-0.7868415131273108,5+d,5+d,16.3125,-0.10416666666666785
Everton,prem,13.0,25-26-prem-everton-vs-newcastle-united,2025-11-29 17:30:00+00:00,True,2025-11-24 20:00:00+00:00,prem,4.895833333333333,4.895833333333333,Newcastle,0.99,1.91,1.0,4.0,True,0.0,0.0,-3.0,1.2278947368421054,1.351578947368421,1.3249979977572162,-0.33499799775721617,5+d,5+d,3.8958333333333335,0.9999999999999996
Everton,prem,14.0,25-26-prem-afc-bournemouth-vs-everton,2025-12-02 19:30:00+00:00,False,2025-11-29 17:30:00+00:00,prem,3.0833333333333335,3.0833333333333335,Bournemouth,1.35,0.57,1.0,0.0,False,3.0,1.0,1.0,1.2278947368421054,1.4813157894736841,1.1734046167698937,0.17659538323010637,3d,3d,3.1875,-0.10416666666666652
Everton,prem,15.0,25-26-prem-everton-vs-nottingham-forest,2025-12-06 15:00:00+00:00,True,2025-12-02 19:30:00+00:00,prem,3.8125,3.8125,Nott'm Forest,1.08,0.49,3.0,0.0,True,3.0,1.0,3.0,1.2278947368421054,1.5063157894736843,1.4766916937621313,-0.3966916937621312,4d,4d,2.8125,1.0
Everton,prem,16.0,25-26-prem-chelsea-vs-everton,2025-12-13 15:00:00+00:00,False,2025-12-06 15:00:00+00:00,prem,7.0,7.0,Chelsea,1.03,2.07,0.0,2.0,False,0.0,0.0,-2.0,1.2278947368421054,1.3665789473684211,1.0825173520849278,-0.052517352084927804,5+d,5+d,3.7916666666666665,3.2083333333333335
Everton,prem,17.0,25-26-prem-everton-vs-arsenal,2025-12-20 20:00:00+00:00,True,2025-12-13 15:00:00+00:00,prem,7.208333333333333,7.208333333333333,Arsenal,0.2,1.81,0.0,1.0,True,0.0,0.0,-1.0,1.2278947368421054,0.75,0.7352500571666795,-0.5352500571666794,5+d,5+d,7.0,0.20833333333333304
Everton,prem,18.0,25-26-prem-burnley-vs-everton,2025-12-27 15:00:00+00:00,False,2025-12-20 20:00:00+00:00,prem,6.791666666666667,6.791666666666667,Burnley,0.88,1.65,0.0,0.0,False,1.0,0.0,0.0,1.2278947368421054,1.9947368421052631,1.5801042805322072,-0.7001042805322072,5+d,5+d,7.0,-0.20833333333333304
Everton,prem,19.0,25-26-prem-nottingham-forest-vs-everton,2025-12-30 19:30:00+00:00,False,2025-12-27 15:00:00+00:00,prem,3.1875,3.1875,Nott'm Forest,1.44,1.89,2.0,0.0,False,3.0,1.0,2.0,1.2278947368421054,1.5063157894736843,1.19320803453382,0.24679196546617987,3d,3d,3.2916666666666665,-0.10416666666666652
Everton,prem,20.0,25-26-prem-everton-vs-brentford,2026-01-04 15:00:00+00:00,True,2025-12-30 19:30:00+00:00,prem,4.8125,4.8125,Brentford,0.89,2.66,2.0,4.0,True,0.0,0.0,-2.0,1.2278947368421054,1.4205263157894739,1.392589406521311,-0.5025894065213109,5+d,5+d,2.7916666666666665,2.0208333333333335
Everton,prem,21.0,25-26-prem-everton-vs-wolverhampton-wanderers,2026-01-07 19:30:00+00:00,True,2026-01-04 15:00:00+00:00,prem,3.1875,3.1875,Wolves,0.89,0.73,1.0,1.0,True,1.0,0.0,0.0,1.2278947368421054,1.5355263157894736,1.5053277486202017,-0.6153277486202017,3d,3d,4.1875,-1.0
Everton,prem,22.0,25-26-prem-aston-villa-vs-everton,2026-01-18 16:30:00+00:00,False,2026-01-07 19:30:00+00:00,prem,10.875,10.875,Aston Villa,0.51,1.44,1.0,0.0,False,3.0,1.0,1.0,1.2278947368421054,1.403421052631579,1.1117013361580819,-0.6017013361580819,5+d,5+d,10.875,0.0
Everton,prem,23.0,25-26-prem-everton-vs-leeds-united,2026-01-26 20:00:00+00:00,True,2026-01-18 16:30:00+00:00,prem,8.145833333333334,8.145833333333334,Leeds,0.6,1.23,1.0,1.0,True,1.0,0.0,0.0,1.2278947368421054,1.4621052631578948,1.4333506377607268,-0.8333506377607268,5+d,5+d,9.208333333333334,-1.0625
Everton,prem,24.0,25-26-prem-brighton-hove-albion-vs-everton,2026-01-31 15:00:00+00:00,False,2026-01-26 20:00:00+00:00,prem,4.791666666666667,4.791666666666667,Brighton,1.2,1.44,1.0,1.0,False,1.0,0.0,0.0,1.2278947368421054,1.2984210526315791,1.0285269815495925,0.1714730184504074,5+d,5+d,7.0,-2.208333333333333
Everton,prem,25.0,25-26-prem-fulham-vs-everton,2026-02-07 15:00:00+00:00,False,2026-01-31 15:00:00+00:00,prem,7.0,7.0,Fulham,1.88,1.97,2.0,1.0,False,3.0,1.0,1.0,1.2278947368421054,1.3981578947368423,1.107532195576203,0.7724678044237969,5+d,5+d,6.041666666666667,0.958333333333333
Everton,prem,26.0,25-26-prem-everton-vs-afc-bournemouth,2026-02-10 19:30:00+00:00,True,2026-02-07 15:00:00+00:00,prem,3.1875,3.1875,Bournemouth,2.94,1.34,1.0,2.0,True,0.0,0.0,-1.0,1.2278947368421054,1.4813157894736841,1.4521833585232418,1.4878166414767582,3d,3d,3.1875,0.0
Everton,prem,27.0,25-26-prem-everton-vs-manchester-united,2026-02-23 20:00:00+00:00,True,2026-02-10 19:30:00+00:00,prem,13.020833333333334,13.020833333333334,Man Utd,0.63,1.27,0.0,1.0,True,0.0,0.0,-1.0,1.2278947368421054,1.2584210526315789,1.2336722011828285,-0.6036722011828285,5+d,5+d,12.989583333333334,0.03125
Everton,prem,28.0,25-26-prem-newcastle-united-vs-everton,2026-02-28 15:00:00+00:00,False,2026-02-23 20:00:00+00:00,prem,4.791666666666667,4.791666666666667,Newcastle,2.13,1.03,3.0,2.0,False,3.0,1.0,1.0,1.2278947368421054,1.351578947368421,1.0706353014265722,1.0593646985734277,5+d,5+d,6.791666666666667,-2.0
Everton,prem,29.0,25-26-prem-everton-vs-burnley,2026-03-03 19:30:00+00:00,True,2026-02-28 15:00:00+00:00,prem,3.1875,3.1875,Burnley,1.3,0.79,2.0,0.0,True,3.0,1.0,2.0,1.2278947368421054,1.9947368421052631,1.9555071695871686,-0.6555071695871686,3d,3d,3.1875,0.0
Everton,prem,30.0,25-26-prem-arsenal-vs-everton,2026-03-14 17:30:00+00:00,False,2026-03-03 19:30:00+00:00,prem,10.916666666666666,10.916666666666666,Arsenal,1.05,2.7,0.0,2.0,False,0.0,0.0,-2.0,1.2278947368421054,0.75,0.5941025329177824,0.4558974670822177,5+d,5+d,9.916666666666666,1.0
Everton,prem,31.0,25-26-prem-everton-vs-chelsea,2026-03-21 17:30:00+00:00,True,2026-03-14 17:30:00+00:00,prem,7.0,7.0,Chelsea,1.18,0.93,3.0,0.0,True,3.0,1.0,3.0,1.2278947368421054,1.3665789473684211,1.3397029989005498,-0.15970299890054984,5+d,5+d,7.0,0.0
Everton,prem,32.0,25-26-prem-brentford-vs-everton,2026-04-11 14:00:00+00:00,False,2026-03-21 17:30:00+00:00,prem,20.854166666666668,20.854166666666668,Brentford,1.53,2.84,2.0,2.0,False,1.0,0.0,0.0,1.2278947368421054,1.4205263157894739,1.1252510430491893,0.4047489569508107,5+d,5+d,20.75,0.10416666666666785
Everton,prem,33.0,25-26-prem-everton-vs-liverpool,2026-04-19 13:00:00+00:00,True,2026-04-11 14:00:00+00:00,prem,7.958333333333333,7.958333333333333,Liverpool,0.79,1.45,1.0,2.0,True,0.0,0.0,-1.0,1.2278947368421054,1.246842105263158,1.2223209722300798,-0.4323209722300798,5+d,5+d,7.854166666666667,0.10416666666666607
Everton,prem,34.0,25-26-prem-west-ham-united-vs-everton,2026-04-25 14:00:00+00:00,False,2026-04-19 13:00:00+00:00,prem,6.041666666666667,6.041666666666667,West Ham,1.45,1.17,1.0,2.0,False,0.0,0.0,-1.0,1.2278947368421054,1.5681578947368422,1.2421954363709002,0.20780456362909971,5+d,5+d,4.791666666666667,1.25
Everton,prem,35.0,25-26-prem-everton-vs-manchester-city,2026-05-04 19:00:00+00:00,True,2026-04-25 14:00:00+00:00,prem,9.208333333333334,9.208333333333334,Man City,2.72,1.54,3.0,3.0,True,1.0,0.0,0.0,1.2278947368421054,1.1760526315789472,1.152923686132593,1.567076313867407,5+d,5+d,12.0,-2.791666666666666
Everton,prem,36.0,25-26-prem-crystal-palace-vs-everton,2026-05-10 13:00:00+00:00,False,2026-05-04 19:00:00+00:00,prem,5.75,5.75,Crystal Palace,1.59,2.56,2.0,2.0,False,1.0,0.0,0.0,1.2278947368421054,1.3828947368421052,1.095441687888753,0.4945583121112471,5+d,5+d,7.0,-1.25
Everton,prem,37.0,25-26-prem-everton-vs-sunderland,2026-05-17 14:00:00+00:00,True,2026-05-10 13:00:00+00:00,prem,7.041666666666667,7.041666666666667,Sunderland,1.04,0.76,1.0,3.0,True,0.0,0.0,-2.0,1.2278947368421054,1.4210526315789473,1.3931053714737085,-0.35310537147370846,5+d,5+d,8.0,-0.958333333333333
Everton,prem,38.0,25-26-prem-tottenham-hotspur-vs-everton,2026-05-24 15:00:00+00:00,False,2026-05-17 14:00:00+00:00,prem,7.041666666666667,7.041666666666667,Spurs,0.41,1.15,0.0,1.0,False,0.0,0.0,-1.0,1.2278947368421054,1.355,1.0733452428047936,-0.6633452428047937,5+d,5+d,4.822916666666667,2.21875
Fulham,prem,1.0,25-26-prem-brighton-hove-albion-vs-fulham,2025-08-16 14:00:00+00:00,False,,,,,Brighton,0.76,1.48,1.0,1.0,False,1.0,0.0,0.0,1.2607894736842105,1.2984210526315791,1.0560807476648302,-0.29608074766483017,,,,
Fulham,prem,2.0,25-26-prem-fulham-vs-manchester-united,2025-08-24 15:30:00+00:00,True,2025-08-16 14:00:00+00:00,prem,8.0625,8.0625,Man Utd,1.76,1.63,1.0,1.0,True,1.0,0.0,0.0,1.2607894736842105,1.2584210526315789,1.266721713644863,0.49327828635513704,5+d,5+d,7.0,1.0625
Fulham,prem,3.0,25-26-prem-chelsea-vs-fulham,2025-08-30 11:30:00+00:00,False,2025-08-27 18:45:00+00:00,efl-cup,2.6979166666666665,5.833333333333333,Chelsea,1.02,2.35,0.0,2.0,False,0.0,0.0,-2.0,1.2607894736842105,1.3665789473684211,1.1115174954648284,-0.09151749546482835,3d,5+d,7.6875,-4.989583333333334
Fulham,prem,4.0,25-26-prem-fulham-vs-leeds-united,2025-09-13 14:00:00+00:00,True,2025-08-30 11:30:00+00:00,prem,14.104166666666666,14.104166666666666,Leeds,0.85,0.79,1.0,0.0,True,3.0,1.0,1.0,1.2607894736842105,1.4621052631578948,1.4717494439587746,-0.6217494439587746,5+d,5+d,13.895833333333334,0.20833333333333215
Fulham,prem,5.0,25-26-prem-fulham-vs-brentford,2025-09-20 19:00:00+00:00,True,2025-09-13 14:00:00+00:00,prem,7.208333333333333,7.208333333333333,Brentford,1.01,0.6,3.0,1.0,True,3.0,1.0,2.0,1.2607894736842105,1.4205263157894739,1.4298962380290614,-0.4198962380290614,5+d,5+d,4.0,3.208333333333333
Fulham,prem,6.0,25-26-prem-aston-villa-vs-fulham,2025-09-28 13:00:00+00:00,False,2025-09-23 18:45:00+00:00,efl-cup,4.760416666666667,7.75,Aston Villa,0.92,1.11,1.0,3.0,False,0.0,0.0,-2.0,1.2607894736842105,1.403421052631579,1.1414833050864488,-0.22148330508644876,5+d,5+d,7.0,-2.239583333333333
Fulham,prem,7.0,25-26-prem-afc-bournemouth-vs-fulham,2025-10-03 19:00:00+00:00,False,2025-09-28 13:00:00+00:00,prem,5.25,5.25,Bournemouth,0.88,1.12,1.0,3.0,False,0.0,0.0,-2.0,1.2607894736842105,1.4813157894736841,1.2048395882864467,-0.32483958828644666,5+d,5+d,6.208333333333333,-0.958333333333333
Fulham,prem,8.0,25-26-prem-fulham-vs-arsenal,2025-10-18 16:30:00+00:00,True,2025-10-03 19:00:00+00:00,prem,14.895833333333334,14.895833333333334,Arsenal,0.44,1.87,0.0,1.0,True,0.0,0.0,-1.0,1.2607894736842105,0.75,0.7549470689853324,-0.31494706898533237,5+d,5+d,14.104166666666666,0.7916666666666679
Fulham,prem,9.0,25-26-prem-newcastle-united-vs-fulham,2025-10-25 14:00:00+00:00,False,2025-10-18 16:30:00+00:00,prem,6.895833333333333,6.895833333333333,Newcastle,1.53,2.14,1.0,2.0,False,0.0,0.0,-1.0,1.2607894736842105,1.351578947368421,1.0993171301188827,0.43068286988111737,5+d,5+d,3.7916666666666665,3.1041666666666665
Fulham,prem,10.0,25-26-prem-fulham-vs-wolverhampton-wanderers,2025-11-01 15:00:00+00:00,True,2025-10-28 19:45:00+00:00,efl-cup,3.8020833333333335,7.041666666666667,Wolves,1.39,0.24,3.0,0.0,True,3.0,1.0,3.0,1.2607894736842105,1.5355263157894736,1.5456547886068122,-0.15565478860681226,4d,5+d,2.8020833333333335,1.0
Fulham,prem,11.0,25-26-prem-everton-vs-fulham,2025-11-08 15:00:00+00:00,False,2025-11-01 15:00:00+00:00,prem,7.0,7.0,Everton,0.4,1.44,0.0,2.0,False,0.0,0.0,-2.0,1.2607894736842105,1.4907894736842104,1.212545082189149,-0.812545082189149,5+d,5+d,4.791666666666667,2.208333333333333
Fulham,prem,12.0,25-26-prem-fulham-vs-sunderland,2025-11-22 15:00:00+00:00,True,2025-11-08 15:00:00+00:00,prem,14.0,14.0,Sunderland,2.16,0.17,1.0,0.0,True,3.0,1.0,1.0,1.2607894736842105,1.4210526315789473,1.430426025445893,0.7295739745541072,5+d,5+d,13.895833333333334,0.10416666666666607
Fulham,prem,13.0,25-26-prem-tottenham-hotspur-vs-fulham,2025-11-29 20:00:00+00:00,False,2025-11-22 15:00:00+00:00,prem,7.208333333333333,7.208333333333333,Spurs,0.45,0.86,2.0,1.0,False,3.0,1.0,1.0,1.2607894736842105,1.355,1.1020996695837473,-0.6520996695837473,5+d,5+d,3.0,4.208333333333333
Fulham,prem,14.0,25-26-prem-fulham-vs-manchester-city,2025-12-02 19:30:00+00:00,True,2025-11-29 20:00:00+00:00,prem,2.9791666666666665,2.9791666666666665,Man City,0.9,2.21,4.0,5.0,True,0.0,0.0,-1.0,1.2607894736842105,1.1760526315789472,1.183809982910684,-0.28380998291068404,3d,3d,3.1875,-0.20833333333333348
Fulham,prem,15.0,25-26-prem-fulham-vs-crystal-palace,2025-12-07 16:30:00+00:00,True,2025-12-02 19:30:00+00:00,prem,4.875,4.875,Crystal Palace,0.79,1.65,1.0,2.0,True,0.0,0.0,-1.0,1.2607894736842105,1.3828947368421052,1.3920164377255866,-0.6020164377255866,5+d,5+d,3.875,1.0
Fulham,prem,16.0,25-26-prem-burnley-vs-fulham,2025-12-13 17:30:00+00:00,False,2025-12-07 16:30:00+00:00,prem,6.041666666666667,6.041666666666667,Burnley,2.23,2.52,3.0,2.0,False,3.0,1.0,1.0,1.2607894736842105,1.9947368421052631,1.6224345495134602,0.6075654504865398,5+d,5+d,7.104166666666667,-1.0625
Fulham,prem,17.0,25-26-prem-fulham-vs-nottingham-forest,2025-12-22 20:00:00+00:00,True,2025-12-17 20:15:00+00:00,efl-cup,4.989583333333333,9.104166666666666,Nott'm Forest,1.5,0.6,1.0,0.0,True,3.0,1.0,1.0,1.2607894736842105,1.5063157894736843,1.5162515869726465,-0.016251586972646503,5+d,5+d,8.25,-3.260416666666667
Fulham,prem,18.0,25-26-prem-west-ham-united-vs-fulham,2025-12-27 15:00:00+00:00,False,2025-12-22 20:00:00+00:00,prem,4.791666666666667,4.791666666666667,West Ham,1.27,0.89,1.0,0.0,False,3.0,1.0,1.0,1.2607894736842105,1.5681578947368422,1.2754732823945527,-0.005473282394552692,5+d,5+d,7.0,-2.208333333333333
Fulham,prem,19.0,25-26-prem-crystal-palace-vs-fulham,2026-01-01 17:30:00+00:00,False,2025-12-27 15:00:00+00:00,prem,5.104166666666667,5.104166666666667,Crystal Palace,1.76,1.93,1.0,1.0,False,1.0,0.0,0.0,1.2607894736842105,1.3828947368421052,1.1247880682972602,0.6352119317027398,5+d,5+d,4.041666666666667,1.0625
Fulham,prem,20.0,25-26-prem-fulham-vs-liverpool,2026-01-04 15:15:00+00:00,True,2026-01-01 17:30:00+00:00,prem,2.90625,2.90625,Liverpool,0.74,1.37,2.0,2.0,True,1.0,0.0,0.0,1.2607894736842105,1.246842105263158,1.2550663904745634,-0.5150663904745634,3d,3d,2.90625,0.0
Fulham,prem,21.0,25-26-prem-fulham-vs-chelsea,2026-01-07 19:30:00+00:00,True,2026-01-04 15:15:00+00:00,prem,3.1770833333333335,3.1770833333333335,Chelsea,1.2,2.39,2.0,1.0,True,3.0,1.0,1.0,1.2607894736842105,1.3665789473684211,1.3755930278038007,-0.1755930278038007,3d,3d,3.0833333333333335,0.09375
Fulham,prem,22.0,25-26-prem-leeds-united-vs-fulham,2026-01-17 15:00:00+00:00,False,2026-01-07 19:30:00+00:00,prem,9.8125,9.8125,Leeds,0.39,1.43,0.0,1.0,False,0.0,0.0,-1.0,1.2607894736842105,1.4621052631578948,1.1892145589837446,-0.7992145589837446,5+d,5+d,9.78125,0.03125
Fulham,prem,23.0,25-26-prem-fulham-vs-brighton-hove-albion,2026-01-24 15:00:00+00:00,True,2026-01-17 15:00:00+00:00,prem,7.0,7.0,Brighton,1.05,1.59,2.0,1.0,True,3.0,1.0,1.0,1.2607894736842105,1.2984210526315791,1.306985557324081,-0.2569855573240809,5+d,5+d,4.791666666666667,2.208333333333333
Fulham,prem,24.0,25-26-prem-manchester-united-vs-fulham,2026-02-01 14:00:00+00:00,False,2026-01-24 15:00:00+00:00,prem,7.958333333333333,7.958333333333333,Man Utd,1.94,1.79,2.0,3.0,False,0.0,0.0,-1.0,1.2607894736842105,1.2584210526315789,1.0235464400756418,0.9164535599243582,5+d,5+d,6.895833333333333,1.0625
Fulham,prem,25.0,25-26-prem-fulham-vs-everton,2026-02-07 15:00:00+00:00,True,2026-02-01 14:00:00+00:00,prem,6.041666666666667,6.041666666666667,Everton,1.97,1.88,1.0,2.0,True,0.0,0.0,-1.0,1.2607894736842105,1.4907894736842104,1.500622858176108,0.4693771418238919,5+d,5+d,7.0,-0.958333333333333
Fulham,prem,26.0,25-26-prem-manchester-city-vs-fulham,2026-02-11 19:30:00+00:00,False,2026-02-07 15:00:00+00:00,prem,4.1875,4.1875,Man City,1.42,1.37,0.0,3.0,False,0.0,0.0,-3.0,1.2607894736842105,1.1760526315789472,0.9565514514215898,0.4634485485784101,4d,4d,3.125,1.0625
Fulham,prem,27.0,25-26-prem-sunderland-vs-fulham,2026-02-22 14:00:00+00:00,False,2026-02-11 19:30:00+00:00,prem,10.770833333333334,10.770833333333334,Sunderland,1.88,1.85,3.0,1.0,False,3.0,1.0,2.0,1.2607894736842105,1.4210526315789473,1.1558240854053672,0.7241759145946327,5+d,5+d,10.739583333333334,0.03125
Fulham,prem,28.0,25-26-prem-fulham-vs-tottenham-hotspur,2026-03-01 14:00:00+00:00,True,2026-02-22 14:00:00+00:00,prem,7.0,7.0,Spurs,2.14,0.88,2.0,1.0,True,3.0,1.0,1.0,1.2607894736842105,1.355,1.3639377046335004,0.7760622953664997,5+d,5+d,6.895833333333333,0.10416666666666696
Fulham,prem,29.0,25-26-prem-fulham-vs-west-ham-united,2026-03-04 19:30:00+00:00,True,2026-03-01 14:00:00+00:00,prem,3.2291666666666665,3.2291666666666665,West Ham,0.89,1.09,0.0,1.0,True,0.0,0.0,-1.0,1.2607894736842105,1.5681578947368422,1.5785016084503847,-0.6885016084503847,3d,3d,4.1875,-0.9583333333333335
Fulham,prem,30.0,25-26-prem-nottingham-forest-vs-fulham,2026-03-15 14:00:00+00:00,False,2026-03-04 19:30:00+00:00,prem,10.770833333333334,10.770833333333334,Nott'm Forest,1.03,0.95,0.0,0.0,False,1.0,0.0,0.0,1.2607894736842105,1.5063157894736843,1.2251735305296894,-0.19517353052968933,5+d,5+d,10.770833333333334,0.0
Fulham,prem,31.0,25-26-prem-fulham-vs-burnley,2026-03-21 15:00:00+00:00,True,2026-03-15 14:00:00+00:00,prem,6.041666666666667,6.041666666666667,Burnley,3.15,1.24,3.0,1.0,True,3.0,1.0,2.0,1.2607894736842105,1.9947368421052631,2.0078943097925683,1.1421056902074316,5+d,5+d,7.0,-0.958333333333333
Fulham,prem,32.0,25-26-prem-liverpool-vs-fulham,2026-04-11 16:30:00+00:00,False,2026-03-21 15:00:00+00:00,prem,21.0625,21.0625,Liverpool,1.04,1.59,0.0,2.0,False,0.0,0.0,-2.0,1.2607894736842105,1.246842105263158,1.0141286141945611,0.025871385805438907,5+d,5+d,21.15625,-0.09375
Fulham,prem,33.0,25-26-prem-brentford-vs-fulham,2026-04-18 11:30:00+00:00,False,2026-04-11 16:30:00+00:00,prem,6.791666666666667,6.791666666666667,Brentford,0.77,1.43,0.0,0.0,False,1.0,0.0,0.0,1.2607894736842105,1.4205263157894739,1.1553960024107728,-0.38539600241077276,5+d,5+d,6.895833333333333,-0.10416666666666607
Fulham,prem,34.0,25-26-prem-fulham-vs-aston-villa,2026-04-25 11:30:00+00:00,True,2026-04-18 11:30:00+00:00,prem,7.0,7.0,Aston Villa,1.18,0.93,1.0,0.0,True,3.0,1.0,1.0,1.2607894736842105,1.403421052631579,1.4126781469820273,-0.23267814698202738,5+d,5+d,5.9375,1.0625
Fulham,prem,35.0,25-26-prem-arsenal-vs-fulham,2026-05-02 16:30:00+00:00,False,2026-04-25 11:30:00+00:00,prem,7.208333333333333,7.208333333333333,Arsenal,0.37,3.22,0.0,3.0,False,0.0,0.0,-3.0,1.2607894736842105,0.75,0.6100182672972772,-0.24001826729727715,5+d,5+d,7.0,0.20833333333333304
Fulham,prem,36.0,25-26-prem-fulham-vs-afc-bournemouth,2026-05-09 14:00:00+00:00,True,2026-05-02 16:30:00+00:00,prem,6.895833333333333,6.895833333333333,Bournemouth,1.33,0.82,0.0,1.0,True,0.0,0.0,-1.0,1.2607894736842105,1.4813157894736841,1.4910866846731354,-0.16108668467313536,5+d,5+d,6.041666666666667,0.8541666666666661
Fulham,prem,37.0,25-26-prem-wolverhampton-wanderers-vs-fulham,2026-05-17 14:00:00+00:00,False,2026-05-09 14:00:00+00:00,prem,8.0,8.0,Wolves,1.59,1.4,1.0,1.0,False,1.0,0.0,0.0,1.2607894736842105,1.5355263157894736,1.2489321367296884,0.3410678632703117,5+d,5+d,8.0,0.0
Fulham,prem,38.0,25-26-prem-fulham-vs-newcastle-united,2026-05-24 15:00:00+00:00,True,2026-05-17 14:00:00+00:00,prem,7.041666666666667,7.041666666666667,Newcastle,1.81,0.31,2.0,0.0,True,3.0,1.0,2.0,1.2607894736842105,1.351578947368421,1.3604940864240938,0.4495059135759063,5+d,5+d,6.9375,0.10416666666666696
Leeds,prem,1.0,25-26-prem-leeds-united-vs-everton,2025-08-18 19:00:00+00:00,True,,,,,Everton,2.13,0.8,1.0,0.0,True,3.0,1.0,1.0,1.428421052631579,1.4907894736842104,1.700142115253583,0.42985788474641695,,,,
Leeds,prem,2.0,25-26-prem-arsenal-vs-leeds-united,2025-08-23 16:30:00+00:00,False,2025-08-18 19:00:00+00:00,prem,4.895833333333333,4.895833333333333,Arsenal,0.17,2.88,0.0,5.0,False,0.0,0.0,-5.0,1.428421052631579,0.75,0.6911248496951827,-0.5211248496951827,5+d,5+d,6.041666666666667,-1.145833333333334
Leeds,prem,3.0,25-26-prem-leeds-united-vs-newcastle-united,2025-08-30 16:30:00+00:00,True,2025-08-26 19:00:00+00:00,efl-cup,3.8958333333333335,7.0,Newcastle,0.69,0.46,0.0,0.0,True,1.0,0.0,0.0,1.428421052631579,1.351578947368421,1.5413821542705035,-0.8513821542705036,4d,5+d,4.895833333333333,-0.9999999999999996
Leeds,prem,4.0,25-26-prem-fulham-vs-leeds-united,2025-09-13 14:00:00+00:00,False,2025-08-30 16:30:00+00:00,prem,13.895833333333334,13.895833333333334,Fulham,0.79,0.85,0.0,1.0,False,0.0,0.0,-1.0,1.428421052631579,1.3981578947368423,1.2884022198001779,-0.49840221980017785,5+d,5+d,14.104166666666666,-0.20833333333333215
Leeds,prem,5.0,25-26-prem-wolverhampton-wanderers-vs-leeds-united,2025-09-20 14:00:00+00:00,False,2025-09-13 14:00:00+00:00,prem,7.0,7.0,Wolves,0.48,1.78,3.0,1.0,False,3.0,1.0,2.0,1.428421052631579,1.5355263157894736,1.4149871922706638,-0.9349871922706638,5+d,5+d,7.0,0.0
Leeds,prem,6.0,25-26-prem-leeds-united-vs-afc-bournemouth,2025-09-27 14:00:00+00:00,True,2025-09-20 14:00:00+00:00,prem,7.0,7.0,Bournemouth,1.84,0.82,2.0,2.0,True,1.0,0.0,0.0,1.428421052631579,1.4813157894736841,1.6893380347329952,0.15066196526700493,5+d,5+d,6.041666666666667,0.958333333333333
Leeds,prem,7.0,25-26-prem-leeds-united-vs-tottenham-hotspur,2025-10-04 11:30:00+00:00,True,2025-09-27 14:00:00+00:00,prem,6.895833333333333,6.895833333333333,Spurs,1.68,0.53,1.0,2.0,True,0.0,0.0,-1.0,1.428421052631579,1.355,1.5452836277918267,0.13471637220817323,5+d,5+d,3.6875,3.208333333333333
Leeds,prem,8.0,25-26-prem-burnley-vs-leeds-united,2025-10-18 14:00:00+00:00,False,2025-10-04 11:30:00+00:00,prem,14.104166666666666,14.104166666666666,Burnley,2.63,0.45,0.0,2.0,False,0.0,0.0,-2.0,1.428421052631579,1.9947368421052631,1.8381496002419249,0.791850399758075,5+d,5+d,13.041666666666666,1.0625
Leeds,prem,9.0,25-26-prem-leeds-united-vs-west-ham-united,2025-10-24 19:00:00+00:00,True,2025-10-18 14:00:00+00:00,prem,6.208333333333333,6.208333333333333,West Ham,1.49,0.65,2.0,1.0,True,3.0,1.0,1.0,1.428421052631579,1.5681578947368422,1.7883754395050486,-0.29837543950504863,5+d,5+d,4.0,2.208333333333333
Leeds,prem,10.0,25-26-prem-brighton-hove-albion-vs-leeds-united,2025-11-01 15:00:00+00:00,False,2025-10-24 19:00:00+00:00,prem,7.833333333333333,7.833333333333333,Brighton,0.5,3.07,0.0,3.0,False,0.0,0.0,-3.0,1.428421052631579,1.2984210526315791,1.1964947397880816,-0.6964947397880816,5+d,5+d,2.8020833333333335,5.03125
Leeds,prem,11.0,25-26-prem-nottingham-forest-vs-leeds-united,2025-11-09 14:00:00+00:00,False,2025-11-01 15:00:00+00:00,prem,7.958333333333333,7.958333333333333,Nott'm Forest,0.69,2.55,1.0,3.0,False,0.0,0.0,-2.0,1.428421052631579,1.5063157894736843,1.388069698124641,-0.698069698124641,5+d,5+d,2.84375,5.114583333333333
Leeds,prem,12.0,25-26-prem-leeds-united-vs-aston-villa,2025-11-23 14:00:00+00:00,True,2025-11-09 14:00:00+00:00,prem,14.0,14.0,Aston Villa,1.79,1.58,1.0,2.0,True,0.0,0.0,-1.0,1.428421052631579,1.403421052631579,1.6005044837859415,0.18949551621405858,5+d,5+d,14.0,0.0
Leeds,prem,13.0,25-26-prem-manchester-city-vs-leeds-united,2025-11-29 15:00:00+00:00,False,2025-11-23 14:00:00+00:00,prem,6.041666666666667,6.041666666666667,Man City,1.54,3.1,2.0,3.0,False,0.0,0.0,-1.0,1.428421052631579,1.1760526315789472,1.0837322643114988,0.4562677356885012,5+d,5+d,3.7916666666666665,2.2500000000000004
Leeds,prem,14.0,25-26-prem-leeds-united-vs-chelsea,2025-12-03 20:15:00+00:00,True,2025-11-29 15:00:00+00:00,prem,4.21875,4.21875,Chelsea,2.82,1.11,3.0,1.0,True,3.0,1.0,2.0,1.428421052631579,1.3665789473684211,1.5584886150947674,1.2615113849052324,4d,4d,3.15625,1.0625
Leeds,prem,15.0,25-26-prem-leeds-united-vs-liverpool,2025-12-06 17:30:00+00:00,True,2025-12-03 20:15:00+00:00,prem,2.8854166666666665,2.8854166666666665,Liverpool,1.51,1.81,3.0,3.0,True,1.0,0.0,0.0,1.428421052631579,1.246842105263158,1.4219370418484512,0.08806295815154885,3d,3d,2.8854166666666665,0.0
Leeds,prem,16.0,25-26-prem-brentford-vs-leeds-united,2025-12-14 16:30:00+00:00,False,2025-12-06 17:30:00+00:00,prem,7.958333333333333,7.958333333333333,Brentford,1.43,0.71,1.0,1.0,False,1.0,0.0,0.0,1.428421052631579,1.4205263157894739,1.3090147153174025,0.1209852846825974,5+d,5+d,8.0625,-0.10416666666666696
Leeds,prem,17.0,25-26-prem-leeds-united-vs-crystal-palace,2025-12-20 20:00:00+00:00,True,2025-12-14 16:30:00+00:00,prem,6.145833333333333,6.145833333333333,Crystal Palace,3.05,1.58,4.0,1.0,True,3.0,1.0,3.0,1.428421052631579,1.3828947368421052,1.5770956426580016,1.4729043573419982,5+d,5+d,2.0,4.145833333333333
Leeds,prem,18.0,25-26-prem-sunderland-vs-leeds-united,2025-12-28 14:00:00+00:00,False,2025-12-20 20:00:00+00:00,prem,7.75,7.75,Sunderland,2.03,0.65,1.0,1.0,False,1.0,0.0,0.0,1.428421052631579,1.4210526315789473,1.3094997152119252,0.7205002847880746,5+d,5+d,7.958333333333333,-0.20833333333333304
Leeds,prem,19.0,25-26-prem-liverpool-vs-leeds-united,2026-01-01 17:30:00+00:00,False,2025-12-28 14:00:00+00:00,prem,4.145833333333333,4.145833333333333,Liverpool,0.69,2.08,0.0,0.0,False,1.0,0.0,0.0,1.428421052631579,1.246842105263158,1.1489647501248337,-0.45896475012483373,4d,4d,5.104166666666667,-0.9583333333333339
Leeds,prem,20.0,25-26-prem-leeds-united-vs-manchester-united,2026-01-04 12:30:00+00:00,True,2026-01-01 17:30:00+00:00,prem,2.7916666666666665,2.7916666666666665,Man Utd,0.9,1.58,1.0,1.0,True,1.0,0.0,0.0,1.428421052631579,1.2584210526315789,1.4351420291513914,-0.5351420291513914,3d,3d,4.677083333333333,-1.8854166666666665
Leeds,prem,21.0,25-26-prem-newcastle-united-vs-leeds-united,2026-01-07 20:15:00+00:00,False,2026-01-04 12:30:00+00:00,prem,3.3229166666666665,3.3229166666666665,Newcastle,1.89,2.43,3.0,4.0,False,0.0,0.0,-1.0,1.428421052631579,1.351578947368421,1.2454797291348978,0.6445202708651021,3d,3d,3.21875,0.10416666666666652
Leeds,prem,22.0,25-26-prem-leeds-united-vs-fulham,2026-01-17 15:00:00+00:00,True,2026-01-07 20:15:00+00:00,prem,9.78125,9.78125,Fulham,1.43,0.39,1.0,0.0,True,3.0,1.0,1.0,1.428421052631579,1.3981578947368423,1.5945022168300595,-0.1645022168300596,5+d,5+d,9.8125,-0.03125
Leeds,prem,23.0,25-26-prem-everton-vs-leeds-united,2026-01-26 20:00:00+00:00,False,2026-01-17 15:00:00+00:00,prem,9.208333333333334,9.208333333333334,Everton,1.23,0.6,1.0,1.0,False,1.0,0.0,0.0,1.428421052631579,1.4907894736842104,1.3737622012362143,-0.1437622012362143,5+d,5+d,8.145833333333334,1.0625
Leeds,prem,24.0,25-26-prem-leeds-united-vs-arsenal,2026-01-31 15:00:00+00:00,True,2026-01-26 20:00:00+00:00,prem,4.791666666666667,4.791666666666667,Arsenal,0.15,2.19,0.0,4.0,True,0.0,0.0,-4.0,1.428421052631579,0.75,0.8553230412131881,-0.7053230412131881,5+d,5+d,2.7916666666666665,2.0000000000000004
Leeds,prem,25.0,25-26-prem-leeds-united-vs-nottingham-forest,2026-02-06 20:00:00+00:00,True,2026-01-31 15:00:00+00:00,prem,6.208333333333333,6.208333333333333,Nott'm Forest,2.5,1.33,3.0,1.0,True,3.0,1.0,2.0,1.428421052631579,1.5063157894736843,1.717848802773435,0.7821511972265649,5+d,5+d,5.25,0.958333333333333
Leeds,prem,26.0,25-26-prem-chelsea-vs-leeds-united,2026-02-10 19:30:00+00:00,False,2026-02-06 20:00:00+00:00,prem,3.9791666666666665,3.9791666666666665,Chelsea,1.44,3.13,2.0,2.0,False,1.0,0.0,0.0,1.428421052631579,1.3665789473684211,1.2593022261288016,0.18069777387119834,4d,4d,3.1875,0.7916666666666665
Leeds,prem,27.0,25-26-prem-aston-villa-vs-leeds-united,2026-02-21 15:00:00+00:00,False,2026-02-10 19:30:00+00:00,prem,10.8125,10.8125,Aston Villa,1.35,1.46,1.0,1.0,False,1.0,0.0,0.0,1.428421052631579,1.403421052631579,1.293252218745407,0.05674778125459312,5+d,5+d,9.8125,1.0
Leeds,prem,28.0,25-26-prem-leeds-united-vs-manchester-city,2026-02-28 17:30:00+00:00,True,2026-02-21 15:00:00+00:00,prem,7.104166666666667,7.104166666666667,Man City,1.49,2.0,0.0,1.0,True,0.0,0.0,-1.0,1.428421052631579,1.1760526315789472,1.3412065512918379,0.14879344870816213,5+d,5+d,6.895833333333333,0.20833333333333393
Leeds,prem,29.0,25-26-prem-leeds-united-vs-sunderland,2026-03-03 19:30:00+00:00,True,2026-02-28 17:30:00+00:00,prem,3.0833333333333335,3.0833333333333335,Sunderland,1.15,0.86,0.0,1.0,True,0.0,0.0,-1.0,1.428421052631579,1.4210526315789473,1.620612078088146,-0.470612078088146,3d,3d,3.2916666666666665,-0.20833333333333304
Leeds,prem,30.0,25-26-prem-crystal-palace-vs-leeds-united,2026-03-15 14:00:00+00:00,False,2026-03-03 19:30:00+00:00,prem,11.770833333333334,11.770833333333334,Crystal Palace,1.12,0.67,0.0,0.0,False,1.0,0.0,0.0,1.428421052631579,1.3828947368421052,1.2743372228590126,-0.15433722285901252,5+d,5+d,9.75,2.020833333333334
Leeds,prem,31.0,25-26-prem-leeds-united-vs-brentford,2026-03-21 20:00:00+00:00,True,2026-03-15 14:00:00+00:00,prem,6.25,6.25,Brentford,0.52,0.46,0.0,0.0,True,1.0,0.0,0.0,1.428421052631579,1.4205263157894739,1.620011851392558,-1.100011851392558,5+d,5+d,5.0,1.25
Leeds,prem,32.0,25-26-prem-manchester-united-vs-leeds-united,2026-04-13 19:00:00+00:00,False,2026-03-21 20:00:00+00:00,prem,22.958333333333332,22.958333333333332,Man Utd,2.57,1.27,2.0,1.0,False,3.0,1.0,1.0,1.428421052631579,1.2584210526315789,1.1596347478043383,1.4103652521956616,5+d,5+d,23.958333333333332,-1.0
Leeds,prem,33.0,25-26-prem-leeds-united-vs-wolverhampton-wanderers,2026-04-18 14:00:00+00:00,True,2026-04-13 19:00:00+00:00,prem,4.791666666666667,4.791666666666667,Wolves,2.82,0.57,3.0,0.0,True,3.0,1.0,3.0,1.428421052631579,1.5355263157894736,1.75116138437858,1.0688386156214198,5+d,5+d,7.791666666666667,-3.0
Leeds,prem,33.0,25-26-prem-afc-bournemouth-vs-leeds-united,2026-04-22 19:00:00+00:00,False,2026-04-18 14:00:00+00:00,prem,4.208333333333333,4.208333333333333,Bournemouth,0.81,1.65,2.0,2.0,False,1.0,0.0,0.0,1.428421052631579,1.4813157894736841,1.3650322031348012,-0.5550322031348012,4d,4d,4.208333333333333,0.0
Leeds,prem,35.0,25-26-prem-leeds-united-vs-burnley,2026-05-01 19:00:00+00:00,True,2026-04-22 19:00:00+00:00,prem,9.0,9.0,Burnley,1.64,0.57,3.0,1.0,True,3.0,1.0,2.0,1.428421052631579,1.9947368421052631,2.2748591762792865,-0.6348591762792866,5+d,5+d,9.0,0.0
Leeds,prem,36.0,25-26-prem-tottenham-hotspur-vs-leeds-united,2026-05-11 19:00:00+00:00,False,2026-05-01 19:00:00+00:00,prem,10.0,10.0,Spurs,1.34,1.27,1.0,1.0,False,1.0,0.0,0.0,1.428421052631579,1.355,1.2486322284492968,0.0913677715507033,5+d,5+d,8.041666666666666,1.958333333333334
Leeds,prem,37.0,25-26-prem-leeds-united-vs-brighton-hove-albion,2026-05-17 14:00:00+00:00,True,2026-05-11 19:00:00+00:00,prem,5.791666666666667,5.791666666666667,Brighton,0.39,3.06,1.0,0.0,True,3.0,1.0,1.0,1.428421052631579,1.2984210526315791,1.4807592580160953,-1.0907592580160954,5+d,5+d,8.0,-2.208333333333333
Leeds,prem,38.0,25-26-prem-west-ham-united-vs-leeds-united,2026-05-24 15:00:00+00:00,False,2026-05-17 14:00:00+00:00,prem,7.041666666666667,7.041666666666667,West Ham,1.59,2.61,0.0,3.0,False,0.0,0.0,-3.0,1.428421052631579,1.5681578947368422,1.4450571857310857,0.14494281426891442,5+d,5+d,6.9375,0.10416666666666696
Liverpool,prem,1.0,25-26-prem-liverpool-vs-afc-bournemouth,2025-08-15 19:00:00+00:00,True,,,,,Bournemouth,2.21,1.7,4.0,2.0,True,3.0,1.0,2.0,1.5936842105263158,1.4813157894736841,1.8847883453100622,0.32521165468993773,,,,
Liverpool,prem,2.0,25-26-prem-newcastle-united-vs-liverpool,2025-08-25 19:00:00+00:00,False,2025-08-15 19:00:00+00:00,prem,10.0,10.0,Newcastle,0.69,0.98,3.0,2.0,False,3.0,1.0,1.0,1.5936842105263158,1.351578947368421,1.3895772364850665,-0.6995772364850665,5+d,5+d,9.3125,0.6875
Liverpool,prem,3.0,25-26-prem-liverpool-vs-arsenal,2025-08-31 15:30:00+00:00,True,2025-08-25 19:00:00+00:00,prem,5.854166666666667,5.854166666666667,Arsenal,0.52,0.49,1.0,0.0,True,3.0,1.0,1.0,1.5936842105263158,0.75,0.9542808285901009,-0.43428082859010086,5+d,5+d,7.958333333333333,-2.104166666666666
Liverpool,prem,4.0,25-26-prem-burnley-vs-liverpool,2025-09-14 13:00:00+00:00,False,2025-08-31 15:30:00+00:00,prem,13.895833333333334,13.895833333333334,Burnley,2.65,0.13,1.0,0.0,False,3.0,1.0,1.0,1.5936842105263158,1.9947368421052631,2.050816871603739,0.5991831283962608,5+d,5+d,14.958333333333334,-1.0625
Liverpool,prem,5.0,25-26-prem-liverpool-vs-everton,2025-09-20 11:30:00+00:00,True,2025-09-17 19:00:00+00:00,champions-league,2.6875,5.9375,Everton,0.9,0.7,2.0,1.0,True,3.0,1.0,1.0,1.5936842105263158,1.4907894736842104,1.8968424189343585,-0.9968424189343584,3d,5+d,6.895833333333333,-4.208333333333333
Liverpool,prem,6.0,25-26-prem-crystal-palace-vs-liverpool,2025-09-27 14:00:00+00:00,False,2025-09-23 19:00:00+00:00,efl-cup,3.7916666666666665,7.104166666666667,Crystal Palace,2.14,2.92,1.0,2.0,False,0.0,0.0,-1.0,1.5936842105263158,1.3828947368421052,1.421773438031352,0.7182265619686481,4d,5+d,7.0,-3.2083333333333335
Liverpool,prem,7.0,25-26-prem-chelsea-vs-liverpool,2025-10-04 16:30:00+00:00,False,2025-09-30 19:00:00+00:00,champions-league,3.8958333333333335,7.104166666666667,Chelsea,1.95,1.0,1.0,2.0,False,0.0,0.0,-1.0,1.5936842105263158,1.3665789473684211,1.404998946469422,0.545001053530578,4d,5+d,3.8958333333333335,0.0
Liverpool,prem,8.0,25-26-prem-liverpool-vs-manchester-united,2025-10-19 15:30:00+00:00,True,2025-10-04 16:30:00+00:00,prem,14.958333333333334,14.958333333333334,Man Utd,2.75,1.34,0.0,1.0,True,0.0,0.0,-1.0,1.5936842105263158,1.2584210526315789,1.6011827797606535,1.1488172202393465,5+d,5+d,15.0625,-0.10416666666666607
Liverpool,prem,9.0,25-26-prem-brentford-vs-liverpool,2025-10-25 19:00:00+00:00,False,2025-10-22 19:00:00+00:00,champions-league,3.0,6.145833333333333,Brentford,2.3,2.75,2.0,3.0,False,0.0,0.0,-1.0,1.5936842105263158,1.4205263157894739,1.460462991149998,0.8395370088500018,3d,5+d,5.0,-2.0
Liverpool,prem,10.0,25-26-prem-liverpool-vs-aston-villa,2025-11-01 20:00:00+00:00,True,2025-10-29 19:45:00+00:00,efl-cup,3.0104166666666665,7.041666666666667,Aston Villa,1.19,0.41,2.0,0.0,True,3.0,1.0,2.0,1.5936842105263158,1.403421052631579,1.785677073288073,-0.595677073288073,3d,5+d,6.25,-3.2395833333333335
Liverpool,prem,11.0,25-26-prem-manchester-city-vs-liverpool,2025-11-09 16:30:00+00:00,False,2025-11-04 20:00:00+00:00,champions-league,4.854166666666667,7.854166666666667,Man City,0.61,1.51,0.0,3.0,False,0.0,0.0,-3.0,1.5936842105263158,1.1760526315789472,1.2091161740365581,-0.5991161740365581,5+d,5+d,3.8541666666666665,1.0000000000000004
Liverpool,prem,12.0,25-26-prem-liverpool-vs-nottingham-forest,2025-11-22 15:00:00+00:00,True,2025-11-09 16:30:00+00:00,prem,12.9375,12.9375,Nott'm Forest,1.93,1.58,0.0,3.0,True,0.0,0.0,-3.0,1.5936842105263158,1.5063157894736843,1.9165977062630657,0.013402293736934245,5+d,5+d,13.041666666666666,-0.10416666666666607
Liverpool,prem,13.0,25-26-prem-west-ham-united-vs-liverpool,2025-11-30 14:05:00+00:00,False,2025-11-26 20:00:00+00:00,champions-league,3.7534722222222223,7.961805555555555,West Ham,1.24,0.29,2.0,0.0,False,3.0,1.0,2.0,1.5936842105263158,1.5681578947368422,1.6122450841539158,-0.3722450841539158,4d,5+d,7.961805555555555,-4.208333333333333
Liverpool,prem,14.0,25-26-prem-liverpool-vs-sunderland,2025-12-03 20:15:00+00:00,True,2025-11-30 14:05:00+00:00,prem,3.2569444444444446,3.2569444444444446,Sunderland,1.46,0.42,1.0,1.0,True,1.0,0.0,0.0,1.5936842105263158,1.4210526315789473,1.8081110436444017,-0.3481110436444017,3d,3d,4.21875,-0.9618055555555554
Liverpool,prem,15.0,25-26-prem-leeds-united-vs-liverpool,2025-12-06 17:30:00+00:00,False,2025-12-03 20:15:00+00:00,prem,2.8854166666666665,2.8854166666666665,Leeds,1.81,1.51,3.0,3.0,False,1.0,0.0,0.0,1.5936842105263158,1.4621052631578948,1.503210889001369,0.30678911099863115,3d,3d,2.8854166666666665,0.0
Liverpool,prem,16.0,25-26-prem-liverpool-vs-brighton-hove-albion,2025-12-13 15:00:00+00:00,True,2025-12-09 20:00:00+00:00,champions-league,3.7916666666666665,6.895833333333333,Brighton,1.89,1.9,2.0,0.0,True,3.0,1.0,2.0,1.5936842105263158,1.2984210526315791,1.6520777572854592,0.23792224271454065,4d,5+d,6.041666666666667,-2.2500000000000004
Liverpool,prem,17.0,25-26-prem-tottenham-hotspur-vs-liverpool,2025-12-20 17:30:00+00:00,False,2025-12-13 15:00:00+00:00,prem,7.104166666666667,7.104166666666667,Spurs,0.6,1.01,2.0,1.0,False,3.0,1.0,1.0,1.5936842105263158,1.355,1.3930944685867617,-0.7930944685867617,5+d,5+d,6.145833333333333,0.9583333333333339
Liverpool,prem,18.0,25-26-prem-liverpool-vs-wolverhampton-wanderers,2025-12-27 15:00:00+00:00,True,2025-12-20 17:30:00+00:00,prem,6.895833333333333,6.895833333333333,Wolves,1.54,1.07,2.0,1.0,True,3.0,1.0,1.0,1.5936842105263158,1.5355263157894736,1.9537644332713118,-0.41376443327131174,5+d,5+d,7.0,-0.10416666666666696
Liverpool,prem,19.0,25-26-prem-liverpool-vs-leeds-united,2026-01-01 17:30:00+00:00,True,2025-12-27 15:00:00+00:00,prem,5.104166666666667,5.104166666666667,Leeds,2.08,0.69,0.0,0.0,True,1.0,0.0,0.0,1.5936842105263158,1.4621052631578948,1.860345362683018,0.2196546373169821,5+d,5+d,4.145833333333333,0.9583333333333339
Liverpool,prem,20.0,25-26-prem-fulham-vs-liverpool,2026-01-04 15:15:00+00:00,False,2026-01-01 17:30:00+00:00,prem,2.90625,2.90625,Fulham,1.37,0.74,2.0,2.0,False,1.0,0.0,0.0,1.5936842105263158,1.3981578947368423,1.4374657043312227,-0.06746570433122256,3d,3d,2.90625,0.0
Liverpool,prem,21.0,25-26-prem-arsenal-vs-liverpool,2026-01-08 20:00:00+00:00,False,2026-01-04 15:15:00+00:00,prem,4.197916666666667,4.197916666666667,Arsenal,0.31,0.57,0.0,0.0,False,1.0,0.0,0.0,1.5936842105263158,0.75,0.7710854992177647,-0.4610854992177647,4d,4d,5.104166666666667,-0.90625
Liverpool,prem,22.0,25-26-prem-liverpool-vs-burnley,2026-01-17 15:00:00+00:00,True,2026-01-08 20:00:00+00:00,prem,8.791666666666666,8.791666666666666,Burnley,3.18,0.4,1.0,1.0,True,1.0,0.0,0.0,1.5936842105263158,1.9947368421052631,2.538052168671216,0.6419478313287841,5+d,5+d,9.78125,-0.9895833333333339
Liverpool,prem,23.0,25-26-prem-afc-bournemouth-vs-liverpool,2026-01-24 17:30:00+00:00,False,2026-01-21 20:00:00+00:00,champions-league,2.8958333333333335,7.104166666666667,Bournemouth,0.93,2.35,2.0,3.0,False,0.0,0.0,-1.0,1.5936842105263158,1.4813157894736841,1.522961500033964,-0.592961500033964,3d,5+d,4.895833333333333,-1.9999999999999996
Liverpool,prem,24.0,25-26-prem-liverpool-vs-newcastle-united,2026-01-31 20:00:00+00:00,True,2026-01-28 20:00:00+00:00,champions-league,3.0,7.104166666666667,Newcastle,2.28,0.36,4.0,1.0,True,3.0,1.0,3.0,1.5936842105263158,1.351578947368421,1.7197145037328976,0.5602854962671022,3d,5+d,3.0,0.0
Liverpool,prem,25.0,25-26-prem-liverpool-vs-manchester-city,2026-02-08 16:30:00+00:00,True,2026-01-31 20:00:00+00:00,prem,7.854166666666667,7.854166666666667,Man City,1.21,2.75,1.0,2.0,True,0.0,0.0,-1.0,1.5936842105263158,1.1760526315789472,1.4963793063049688,-0.2863793063049689,5+d,5+d,3.8541666666666665,4.0
Liverpool,prem,26.0,25-26-prem-sunderland-vs-liverpool,2026-02-11 20:15:00+00:00,False,2026-02-08 16:30:00+00:00,prem,3.15625,3.15625,Sunderland,2.53,0.63,1.0,0.0,False,3.0,1.0,1.0,1.5936842105263158,1.4210526315789473,1.461004103781028,1.0689958962189718,3d,3d,4.21875,-1.0625
Liverpool,prem,27.0,25-26-prem-nottingham-forest-vs-liverpool,2026-02-22 14:00:00+00:00,False,2026-02-11 20:15:00+00:00,prem,10.739583333333334,10.739583333333334,Nott'm Forest,1.73,1.19,1.0,0.0,False,3.0,1.0,1.0,1.5936842105263158,1.5063157894736843,1.5486643500078894,0.1813356499921106,5+d,5+d,10.770833333333334,-0.03125
Liverpool,prem,28.0,25-26-prem-liverpool-vs-west-ham-united,2026-02-28 15:00:00+00:00,True,2026-02-22 14:00:00+00:00,prem,6.041666666666667,6.041666666666667,West Ham,1.84,1.86,5.0,2.0,True,3.0,1.0,3.0,1.5936842105263158,1.5681578947368422,1.9952840201994426,-0.15528402019944254,5+d,5+d,6.895833333333333,-0.8541666666666661
Liverpool,prem,29.0,25-26-prem-wolverhampton-wanderers-vs-liverpool,2026-03-03 20:15:00+00:00,False,2026-02-28 15:00:00+00:00,prem,3.21875,3.21875,Wolves,1.9,0.44,1.0,2.0,False,0.0,0.0,-1.0,1.5936842105263158,1.5355263157894736,1.578696101030055,0.3213038989699448,3d,3d,4.010416666666667,-0.791666666666667
Liverpool,prem,30.0,25-26-prem-liverpool-vs-tottenham-hotspur,2026-03-15 16:30:00+00:00,True,2026-03-03 20:15:00+00:00,prem,11.84375,11.84375,Spurs,1.7,1.18,1.0,1.0,True,1.0,0.0,0.0,1.5936842105263158,1.355,1.7240673636527826,-0.024067363652782614,5+d,5+d,9.854166666666666,1.989583333333334
Liverpool,prem,31.0,25-26-prem-brighton-hove-albion-vs-liverpool,2026-03-21 12:45:00+00:00,False,2026-03-15 16:30:00+00:00,prem,5.84375,5.84375,Brighton,1.03,2.17,1.0,2.0,False,0.0,0.0,-1.0,1.5936842105263158,1.2984210526315791,1.3349248607510356,-0.30492486075103553,5+d,5+d,6.90625,-1.0625
Liverpool,prem,32.0,25-26-prem-liverpool-vs-fulham,2026-04-11 16:30:00+00:00,True,2026-03-21 12:45:00+00:00,prem,21.15625,21.15625,Fulham,1.59,1.04,2.0,0.0,True,3.0,1.0,2.0,1.5936842105263158,1.3981578947368423,1.77898036571902,-0.18898036571901988,5+d,5+d,21.0625,0.09375
Liverpool,prem,33.0,25-26-prem-everton-vs-liverpool,2026-04-19 13:00:00+00:00,False,2026-04-11 16:30:00+00:00,prem,7.854166666666667,7.854166666666667,Everton,1.45,0.79,2.0,1.0,False,3.0,1.0,1.0,1.5936842105263158,1.4907894736842104,1.5327015273925042,-0.08270152739250425,5+d,5+d,7.958333333333333,-0.10416666666666607
Liverpool,prem,34.0,25-26-prem-liverpool-vs-crystal-palace,2026-04-25 14:00:00+00:00,True,2026-04-19 13:00:00+00:00,prem,6.041666666666667,6.041666666666667,Crystal Palace,1.14,2.26,3.0,1.0,True,3.0,1.0,2.0,1.5936842105263158,1.3828947368421052,1.7595599137687647,-0.6195599137687648,5+d,5+d,4.791666666666667,1.25
Liverpool,prem,35.0,25-26-prem-manchester-united-vs-liverpool,2026-05-03 14:30:00+00:00,False,2026-04-25 14:00:00+00:00,prem,8.020833333333334,8.020833333333334,Man Utd,0.88,2.34,2.0,3.0,False,0.0,0.0,-1.0,1.5936842105263158,1.2584210526315789,1.2938003007927545,-0.41380030079275454,5+d,5+d,5.8125,2.208333333333334
Liverpool,prem,36.0,25-26-prem-liverpool-vs-chelsea,2026-05-09 11:30:00+00:00,True,2026-05-03 14:30:00+00:00,prem,5.875,5.875,Chelsea,0.56,0.5,1.0,1.0,True,1.0,0.0,0.0,1.5936842105263158,1.3665789473684211,1.7388001203046997,-1.1788001203046996,5+d,5+d,4.895833333333333,0.979166666666667
Liverpool,prem,37.0,25-26-prem-aston-villa-vs-liverpool,2026-05-15 19:00:00+00:00,False,2026-05-09 11:30:00+00:00,prem,6.3125,6.3125,Aston Villa,1.43,1.85,2.0,4.0,False,0.0,0.0,-2.0,1.5936842105263158,1.403421052631579,1.4428768306415225,-0.012876830641522563,5+d,5+d,5.25,1.0625
Liverpool,prem,38.0,25-26-prem-liverpool-vs-brentford,2026-05-24 15:00:00+00:00,True,2026-05-15 19:00:00+00:00,prem,8.833333333333334,8.833333333333334,Brentford,3.04,1.56,1.0,1.0,True,1.0,0.0,0.0,1.5936842105263158,1.4205263157894739,1.8074413728874965,1.2325586271125035,5+d,5+d,7.041666666666667,1.791666666666667
Man City,prem,1.0,25-26-prem-wolverhampton-wanderers-vs-manchester-city,2025-08-16 16:30:00+00:00,False,,,,,Wolves,2.47,0.56,4.0,0.0,False,3.0,1.0,4.0,1.8828947368421052,1.5355263157894736,1.8651866913589898,0.6048133086410103,,,,
Man City,prem,2.0,25-26-prem-manchester-city-vs-tottenham-hotspur,2025-08-23 11:30:00+00:00,True,2025-08-16 16:30:00+00:00,prem,6.791666666666667,6.791666666666667,Spurs,1.55,1.11,0.0,2.0,True,0.0,0.0,-2.0,1.8828947368421052,1.355,2.0369389014094548,-0.4869389014094547,5+d,5+d,6.895833333333333,-0.10416666666666607
Man City,prem,3.0,25-26-prem-brighton-hove-albion-vs-manchester-city,2025-08-31 13:00:00+00:00,False,2025-08-23 11:30:00+00:00,prem,8.0625,8.0625,Brighton,1.82,2.3,1.0,2.0,False,0.0,0.0,-1.0,1.8828947368421052,1.2984210526315791,1.5771775724362054,0.24282242756379468,5+d,5+d,3.7604166666666665,4.302083333333334
Man City,prem,4.0,25-26-prem-manchester-city-vs-manchester-united,2025-09-14 15:30:00+00:00,True,2025-08-31 13:00:00+00:00,prem,14.104166666666666,14.104166666666666,Man Utd,2.63,1.52,3.0,0.0,True,3.0,1.0,3.0,1.8828947368421052,1.2584210526315789,1.8917540933268617,0.7382459066731382,5+d,5+d,15.0625,-0.9583333333333339
Man City,prem,5.0,25-26-prem-arsenal-vs-manchester-city,2025-09-21 15:30:00+00:00,False,2025-09-18 19:00:00+00:00,champions-league,2.8541666666666665,7.0,Arsenal,0.87,0.89,1.0,1.0,False,1.0,0.0,0.0,1.8828947368421052,0.75,0.911016635882283,-0.04101663588228299,3d,5+d,4.947916666666667,-2.0937500000000004
Man City,prem,6.0,25-26-prem-manchester-city-vs-burnley,2025-09-27 14:00:00+00:00,True,2025-09-24 18:45:00+00:00,efl-cup,2.8020833333333335,5.9375,Burnley,2.03,0.41,5.0,1.0,True,3.0,1.0,4.0,1.8828947368421052,1.9947368421052631,2.9986399053570914,-0.9686399053570915,3d,5+d,3.8020833333333335,-1.0
Man City,prem,7.0,25-26-prem-brentford-vs-manchester-city,2025-10-05 15:30:00+00:00,False,2025-10-01 19:00:00+00:00,champions-league,3.8541666666666665,8.0625,Brentford,0.85,0.7,1.0,0.0,False,3.0,1.0,1.0,1.8828947368421052,1.4205263157894739,1.7254974738570403,-0.8754974738570404,4d,5+d,8.166666666666666,-4.3125
Man City,prem,8.0,25-26-prem-manchester-city-vs-everton,2025-10-18 14:00:00+00:00,True,2025-10-05 15:30:00+00:00,prem,12.9375,12.9375,Everton,2.38,0.81,2.0,0.0,True,3.0,1.0,2.0,1.8828947368421052,1.4907894736842104,2.2410679503757156,0.1389320496242843,5+d,5+d,13.041666666666666,-0.10416666666666607
Man City,prem,9.0,25-26-prem-aston-villa-vs-manchester-city,2025-10-26 14:00:00+00:00,False,2025-10-21 19:00:00+00:00,champions-league,4.791666666666667,8.0,Aston Villa,1.18,0.81,0.0,1.0,False,0.0,0.0,-1.0,1.8828947368421052,1.403421052631579,1.7047199014597245,-0.5247199014597246,5+d,5+d,2.8854166666666665,1.9062500000000004
Man City,prem,10.0,25-26-prem-manchester-city-vs-afc-bournemouth,2025-11-02 16:30:00+00:00,True,2025-10-29 19:45:00+00:00,efl-cup,3.8645833333333335,7.104166666666667,Bournemouth,2.22,0.72,3.0,1.0,True,3.0,1.0,2.0,1.8828947368421052,1.4813157894736841,2.22682638881993,-0.006826388819929807,4d,5+d,7.104166666666667,-3.2395833333333335
Man City,prem,11.0,25-26-prem-manchester-city-vs-liverpool,2025-11-09 16:30:00+00:00,True,2025-11-05 20:00:00+00:00,champions-league,3.8541666666666665,7.0,Liverpool,1.51,0.61,3.0,0.0,True,3.0,1.0,3.0,1.8828947368421052,1.246842105263158,1.8743477403142352,-0.3643477403142352,4d,5+d,4.854166666666667,-1.0000000000000004
Man City,prem,12.0,25-26-prem-newcastle-united-vs-manchester-city,2025-11-22 17:30:00+00:00,False,2025-11-09 16:30:00+00:00,prem,13.041666666666666,13.041666666666666,Newcastle,2.49,2.24,1.0,2.0,False,0.0,0.0,-1.0,1.8828947368421052,1.351578947368421,1.6417478743478615,0.8482521256521387,5+d,5+d,13.145833333333334,-0.10416666666666785
Man City,prem,13.0,25-26-prem-manchester-city-vs-leeds-united,2025-11-29 15:00:00+00:00,True,2025-11-25 20:00:00+00:00,champions-league,3.7916666666666665,6.895833333333333,Leeds,3.1,1.54,3.0,2.0,True,3.0,1.0,1.0,1.8828947368421052,1.4621052631578948,2.1979476667762534,0.9020523332237467,4d,5+d,6.041666666666667,-2.2500000000000004
Man City,prem,14.0,25-26-prem-fulham-vs-manchester-city,2025-12-02 19:30:00+00:00,False,2025-11-29 15:00:00+00:00,prem,3.1875,3.1875,Fulham,2.21,0.9,5.0,4.0,False,3.0,1.0,1.0,1.8828947368421052,1.3981578947368423,1.698326802260551,0.5116731977394489,3d,3d,2.9791666666666665,0.20833333333333348
Man City,prem,15.0,25-26-prem-manchester-city-vs-sunderland,2025-12-06 15:00:00+00:00,True,2025-12-02 19:30:00+00:00,prem,3.8125,3.8125,Sunderland,2.31,0.74,3.0,0.0,True,3.0,1.0,3.0,1.8828947368421052,1.4210526315789473,2.136234233367849,0.17376576663215104,4d,4d,2.78125,1.03125
Man City,prem,16.0,25-26-prem-crystal-palace-vs-manchester-city,2025-12-14 14:00:00+00:00,False,2025-12-10 20:00:00+00:00,champions-league,3.75,7.958333333333333,Crystal Palace,1.19,2.08,3.0,0.0,False,3.0,1.0,3.0,1.8828947368421052,1.3828947368421052,1.6797868145829464,-0.4897868145829465,4d,5+d,2.75,1.0
Man City,prem,17.0,25-26-prem-manchester-city-vs-west-ham-united,2025-12-20 15:00:00+00:00,True,2025-12-17 19:30:00+00:00,efl-cup,2.8125,6.041666666666667,West Ham,2.43,0.99,3.0,0.0,True,3.0,1.0,3.0,1.8828947368421052,1.5681578947368422,2.357374036414632,0.07262596358536832,3d,5+d,6.041666666666667,-3.229166666666667
Man City,prem,18.0,25-26-prem-nottingham-forest-vs-manchester-city,2025-12-27 12:30:00+00:00,False,2025-12-20 15:00:00+00:00,prem,6.895833333333333,6.895833333333333,Nott'm Forest,1.39,0.59,2.0,1.0,False,3.0,1.0,1.0,1.8828947368421052,1.5063157894736843,1.829704990803575,-0.43970499080357506,5+d,5+d,4.6875,2.208333333333333
Man City,prem,19.0,25-26-prem-sunderland-vs-manchester-city,2026-01-01 20:00:00+00:00,False,2025-12-27 12:30:00+00:00,prem,5.3125,5.3125,Sunderland,2.24,0.88,0.0,0.0,False,1.0,0.0,0.0,1.8828947368421052,1.4210526315789473,1.7261367837769575,0.5138632162230428,5+d,5+d,4.25,1.0625
Man City,prem,20.0,25-26-prem-manchester-city-vs-chelsea,2026-01-04 17:30:00+00:00,True,2026-01-01 20:00:00+00:00,prem,2.8958333333333335,2.8958333333333335,Chelsea,1.02,1.85,1.0,1.0,True,1.0,0.0,0.0,1.8828947368421052,1.3665789473684211,2.0543452544220817,-1.0343452544220817,3d,3d,4.916666666666667,-2.0208333333333335
Man City,prem,21.0,25-26-prem-manchester-city-vs-brighton-hove-albion,2026-01-07 19:30:00+00:00,True,2026-01-04 17:30:00+00:00,prem,3.0833333333333335,3.0833333333333335,Brighton,2.55,1.16,1.0,1.0,True,1.0,0.0,0.0,1.8828947368421052,1.2984210526315791,1.9518851310068461,0.5981148689931537,3d,3d,4.1875,-1.1041666666666665
Man City,prem,22.0,25-26-prem-manchester-united-vs-manchester-city,2026-01-17 12:30:00+00:00,False,2026-01-13 20:00:00+00:00,efl-cup,3.6875,9.708333333333334,Man Utd,0.45,2.27,0.0,2.0,False,0.0,0.0,-2.0,1.8828947368421052,1.2584210526315789,1.5285900185224832,-1.0785900185224833,4d,5+d,9.677083333333334,-5.989583333333334
Man City,prem,23.0,25-26-prem-manchester-city-vs-wolverhampton-wanderers,2026-01-24 15:00:00+00:00,True,2026-01-20 17:45:00+00:00,champions-league,3.8854166666666665,7.104166666666667,Wolves,0.86,0.61,2.0,0.0,True,3.0,1.0,2.0,1.8828947368421052,1.5355263157894736,2.3083197688335924,-1.4483197688335925,4d,5+d,6.041666666666667,-2.1562500000000004
Man City,prem,24.0,25-26-prem-tottenham-hotspur-vs-manchester-city,2026-02-01 16:30:00+00:00,False,2026-01-28 20:00:00+00:00,champions-league,3.8541666666666665,8.0625,Spurs,2.08,1.05,2.0,2.0,False,1.0,0.0,0.0,1.8828947368421052,1.355,1.6459033888273247,0.4340966111726754,4d,5+d,3.8541666666666665,0.0
Man City,prem,25.0,25-26-prem-liverpool-vs-manchester-city,2026-02-08 16:30:00+00:00,False,2026-02-04 20:00:00+00:00,efl-cup,3.8541666666666665,7.0,Liverpool,2.75,1.21,2.0,1.0,False,3.0,1.0,1.0,1.8828947368421052,1.246842105263158,1.514525200284301,1.235474799715699,4d,5+d,7.854166666666667,-4.0
Man City,prem,26.0,25-26-prem-manchester-city-vs-fulham,2026-02-11 19:30:00+00:00,True,2026-02-08 16:30:00+00:00,prem,3.125,3.125,Fulham,1.37,1.42,3.0,0.0,True,3.0,1.0,3.0,1.8828947368421052,1.3981578947368423,2.1018171262747005,-0.7318171262747004,3d,3d,4.1875,-1.0625
Man City,prem,27.0,25-26-prem-manchester-city-vs-newcastle-united,2026-02-21 20:00:00+00:00,True,2026-02-11 19:30:00+00:00,prem,10.020833333333334,10.020833333333334,Newcastle,1.35,0.62,2.0,1.0,True,3.0,1.0,1.0,1.8828947368421052,1.351578947368421,2.0317961152920874,-0.6817961152920873,5+d,5+d,11.020833333333334,-1.0
Man City,prem,28.0,25-26-prem-leeds-united-vs-manchester-city,2026-02-28 17:30:00+00:00,False,2026-02-21 20:00:00+00:00,prem,6.895833333333333,6.895833333333333,Leeds,2.0,1.49,1.0,0.0,False,3.0,1.0,1.0,1.8828947368421052,1.4621052631578948,1.7760029575305138,0.22399704246948615,5+d,5+d,7.104166666666667,-0.20833333333333393
Man City,prem,29.0,25-26-prem-manchester-city-vs-nottingham-forest,2026-03-04 19:30:00+00:00,True,2026-02-28 17:30:00+00:00,prem,4.083333333333333,4.083333333333333,Nott'm Forest,2.12,0.97,2.0,2.0,True,1.0,0.0,0.0,1.8828947368421052,1.5063157894736843,2.26440828736992,-0.14440828736991973,4d,4d,3.2291666666666665,0.8541666666666665
Man City,prem,30.0,25-26-prem-west-ham-united-vs-manchester-city,2026-03-14 20:00:00+00:00,False,2026-03-04 19:30:00+00:00,prem,10.020833333333334,10.020833333333334,West Ham,2.12,0.54,1.0,1.0,False,1.0,0.0,0.0,1.8828947368421052,1.5681578947368422,1.9048239063938683,0.21517609360613177,5+d,5+d,10.020833333333334,0.0
Man City,prem,32.0,25-26-prem-chelsea-vs-manchester-city,2026-04-12 15:30:00+00:00,False,2026-03-14 20:00:00+00:00,prem,28.8125,28.8125,Chelsea,2.29,1.14,3.0,0.0,False,3.0,1.0,3.0,1.8828947368421052,1.3665789473684211,1.6599682070655075,0.6300317929344925,5+d,5+d,21.916666666666668,6.895833333333332
Man City,prem,33.0,25-26-prem-manchester-city-vs-arsenal,2026-04-19 15:30:00+00:00,True,2026-04-12 15:30:00+00:00,prem,7.0,7.0,Arsenal,1.36,1.62,2.0,1.0,True,3.0,1.0,1.0,1.8828947368421052,0.75,1.1274569564996981,0.23254304350030197,5+d,5+d,8.166666666666666,-1.166666666666666
Man City,prem,33.0,25-26-prem-burnley-vs-manchester-city,2026-04-22 19:00:00+00:00,False,2026-04-19 15:30:00+00:00,prem,3.1458333333333335,3.1458333333333335,Burnley,3.36,0.63,1.0,0.0,False,3.0,1.0,1.0,1.8828947368421052,1.9947368421052631,2.422984596486914,0.9370154035130858,3d,3d,3.25,-0.10416666666666652
Man City,prem,35.0,25-26-prem-everton-vs-manchester-city,2026-05-04 19:00:00+00:00,False,2026-04-22 19:00:00+00:00,prem,12.0,12.0,Everton,1.54,2.72,3.0,3.0,False,1.0,0.0,0.0,1.8828947368421052,1.4907894736842104,1.8108453481660116,-0.2708453481660116,5+d,5+d,9.208333333333334,2.791666666666666
Man City,prem,36.0,25-26-prem-manchester-city-vs-brentford,2026-05-09 16:30:00+00:00,True,2026-05-04 19:00:00+00:00,prem,4.895833333333333,4.895833333333333,Brentford,2.98,0.24,3.0,0.0,True,3.0,1.0,3.0,1.8828947368421052,1.4205263157894739,2.135443035503639,0.8445569644963609,5+d,5+d,7.104166666666667,-2.208333333333334
Man City,prem,36.0,25-26-prem-manchester-city-vs-crystal-palace,2026-05-13 19:00:00+00:00,True,2026-05-09 16:30:00+00:00,prem,4.104166666666667,4.104166666666667,Crystal Palace,1.66,0.73,3.0,0.0,True,3.0,1.0,3.0,1.8828947368421052,1.3828947368421052,2.0788723882126012,-0.4188723882126013,4d,4d,3.25,0.854166666666667
Man City,prem,37.0,25-26-prem-afc-bournemouth-vs-manchester-city,2026-05-19 18:30:00+00:00,False,2026-05-13 19:00:00+00:00,prem,5.979166666666667,5.979166666666667,Bournemouth,1.48,2.25,1.0,1.0,False,1.0,0.0,0.0,1.8828947368421052,1.4813157894736841,1.7993377696074986,-0.3193377696074986,5+d,5+d,10.1875,-4.208333333333333
Man City,prem,38.0,25-26-prem-manchester-city-vs-aston-villa,2026-05-24 15:00:00+00:00,True,2026-05-19 18:30:00+00:00,prem,4.854166666666667,4.854166666666667,Aston Villa,1.34,1.77,1.0,2.0,True,0.0,0.0,-1.0,1.8828947368421052,1.403421052631579,2.109729104916803,-0.7697291049168029,5+d,5+d,8.833333333333334,-3.979166666666667
Man Utd,prem,1.0,25-26-prem-manchester-united-vs-arsenal,2025-08-17 15:30:00+00:00,True,,,,,Arsenal,1.52,1.31,0.0,1.0,True,0.0,0.0,-1.0,1.7092105263157895,0.75,1.0234567340972103,0.49654326590278974,,,,
Man Utd,prem,2.0,25-26-prem-fulham-vs-manchester-united,2025-08-24 15:30:00+00:00,False,2025-08-17 15:30:00+00:00,prem,7.0,7.0,Fulham,1.63,1.76,1.0,1.0,False,1.0,0.0,0.0,1.7092105263157895,1.3981578947368423,1.5416677261610454,0.08833227383895448,5+d,5+d,8.0625,-1.0625
Man Utd,prem,3.0,25-26-prem-manchester-united-vs-burnley,2025-08-30 14:00:00+00:00,True,2025-08-27 19:00:00+00:00,efl-cup,2.7916666666666665,5.9375,Burnley,3.63,1.2,3.0,2.0,True,3.0,1.0,1.0,1.7092105263157895,1.9947368421052631,2.72203580507258,0.9079641949274198,3d,5+d,3.8020833333333335,-1.010416666666667
Man Utd,prem,4.0,25-26-prem-manchester-city-vs-manchester-united,2025-09-14 15:30:00+00:00,False,2025-08-30 14:00:00+00:00,prem,15.0625,15.0625,Man City,1.52,2.63,0.0,3.0,False,0.0,0.0,-3.0,1.7092105263157895,1.1760526315789472,1.296765117299776,0.22323488270022396,5+d,5+d,14.104166666666666,0.9583333333333339
Man Utd,prem,5.0,25-26-prem-manchester-united-vs-chelsea,2025-09-20 16:30:00+00:00,True,2025-09-14 15:30:00+00:00,prem,6.041666666666667,6.041666666666667,Chelsea,1.84,0.43,2.0,1.0,True,3.0,1.0,1.0,1.7092105263157895,1.3665789473684211,1.8648459018129169,-0.024845901812916793,5+d,5+d,2.8958333333333335,3.1458333333333335
Man Utd,prem,6.0,25-26-prem-brentford-vs-manchester-united,2025-09-27 11:30:00+00:00,False,2025-09-20 16:30:00+00:00,prem,6.791666666666667,6.791666666666667,Brentford,2.08,2.02,1.0,3.0,False,0.0,0.0,-2.0,1.7092105263157895,1.4205263157894739,1.5663320884278795,0.5136679115721206,5+d,5+d,6.6875,0.10416666666666696
Man Utd,prem,7.0,25-26-prem-manchester-united-vs-sunderland,2025-10-04 14:00:00+00:00,True,2025-09-27 11:30:00+00:00,prem,7.104166666666667,7.104166666666667,Sunderland,1.84,0.71,2.0,0.0,True,3.0,1.0,2.0,1.7092105263157895,1.4210526315789473,1.939181180394714,-0.09918118039471402,5+d,5+d,6.895833333333333,0.20833333333333393
Man Utd,prem,8.0,25-26-prem-liverpool-vs-manchester-united,2025-10-19 15:30:00+00:00,False,2025-10-04 14:00:00+00:00,prem,15.0625,15.0625,Liverpool,1.34,2.75,1.0,0.0,False,3.0,1.0,1.0,1.7092105263157895,1.246842105263158,1.3748205696501097,-0.0348205696501096,5+d,5+d,14.958333333333334,0.10416666666666607
Man Utd,prem,9.0,25-26-prem-manchester-united-vs-brighton-hove-albion,2025-10-25 16:30:00+00:00,True,2025-10-19 15:30:00+00:00,prem,6.041666666666667,6.041666666666667,Brighton,1.29,1.12,4.0,2.0,True,3.0,1.0,2.0,1.7092105263157895,1.2984210526315791,1.7718370266791703,-0.4818370266791703,5+d,5+d,7.104166666666667,-1.0625
Man Utd,prem,10.0,25-26-prem-nottingham-forest-vs-manchester-united,2025-11-01 15:00:00+00:00,False,2025-10-25 16:30:00+00:00,prem,6.9375,6.9375,Nott'm Forest,1.12,1.93,2.0,2.0,False,1.0,0.0,0.0,1.7092105263157895,1.5063157894736843,1.6609271719453835,-0.5409271719453834,5+d,5+d,6.041666666666667,0.895833333333333
Man Utd,prem,11.0,25-26-prem-tottenham-hotspur-vs-manchester-united,2025-11-08 12:30:00+00:00,False,2025-11-01 15:00:00+00:00,prem,6.895833333333333,6.895833333333333,Spurs,0.63,0.92,2.0,2.0,False,1.0,0.0,0.0,1.7092105263157895,1.355,1.4940800154344478,-0.8640800154344478,5+d,5+d,3.6875,3.208333333333333
Man Utd,prem,12.0,25-26-prem-manchester-united-vs-everton,2025-11-24 20:00:00+00:00,True,2025-11-08 12:30:00+00:00,prem,16.3125,16.3125,Everton,1.71,0.21,0.0,1.0,True,0.0,0.0,-1.0,1.7092105263157895,1.4907894736842104,2.034344701284455,-0.3243447012844549,5+d,5+d,16.208333333333332,0.10416666666666785
Man Utd,prem,13.0,25-26-prem-crystal-palace-vs-manchester-united,2025-11-30 12:00:00+00:00,False,2025-11-24 20:00:00+00:00,prem,5.666666666666667,5.666666666666667,Crystal Palace,1.19,1.83,2.0,1.0,False,3.0,1.0,1.0,1.7092105263157895,1.3828947368421052,1.524837926026029,-0.334837926026029,5+d,5+d,2.6666666666666665,3.0000000000000004
Man Utd,prem,14.0,25-26-prem-manchester-united-vs-west-ham-united,2025-12-04 20:00:00+00:00,True,2025-11-30 12:00:00+00:00,prem,4.333333333333333,4.333333333333333,West Ham,1.8,0.79,1.0,1.0,True,1.0,0.0,0.0,1.7092105263157895,1.5681578947368422,2.1399223433281676,-0.3399223433281675,4d,4d,4.246527777777778,0.08680555555555536
Man Utd,prem,15.0,25-26-prem-wolverhampton-wanderers-vs-manchester-united,2025-12-08 20:00:00+00:00,False,2025-12-04 20:00:00+00:00,prem,4.0,4.0,Wolves,4.1,0.41,4.0,1.0,False,3.0,1.0,3.0,1.7092105263157895,1.5355263157894736,1.6931359273761901,2.4068640726238097,4d,4d,5.020833333333333,-1.020833333333333
Man Utd,prem,16.0,25-26-prem-manchester-united-vs-afc-bournemouth,2025-12-15 20:00:00+00:00,True,2025-12-08 20:00:00+00:00,prem,7.0,7.0,Bournemouth,3.29,1.86,4.0,4.0,True,1.0,0.0,0.0,1.7092105263157895,1.4813157894736841,2.02141682674849,1.26858317325151,5+d,5+d,9.208333333333334,-2.208333333333334
Man Utd,prem,17.0,25-26-prem-aston-villa-vs-manchester-united,2025-12-21 16:30:00+00:00,False,2025-12-15 20:00:00+00:00,prem,5.854166666666667,5.854166666666667,Aston Villa,1.31,1.02,1.0,2.0,False,0.0,0.0,-1.0,1.7092105263157895,1.403421052631579,1.5474711055179473,-0.23747110551794726,5+d,5+d,7.104166666666667,-1.25
Man Utd,prem,18.0,25-26-prem-manchester-united-vs-newcastle-united,2025-12-26 20:00:00+00:00,True,2025-12-21 16:30:00+00:00,prem,5.145833333333333,5.145833333333333,Newcastle,1.27,1.18,1.0,0.0,True,3.0,1.0,1.0,1.7092105263157895,1.351578947368421,1.8443767671309728,-0.5743767671309727,5+d,5+d,6.3125,-1.166666666666667
Man Utd,prem,19.0,25-26-prem-manchester-united-vs-wolverhampton-wanderers,2025-12-30 20:15:00+00:00,True,2025-12-26 20:00:00+00:00,prem,4.010416666666667,4.010416666666667,Wolves,0.81,1.02,1.0,1.0,True,1.0,0.0,0.0,1.7092105263157895,1.5355263157894736,2.0953929977042884,-1.2853929977042884,4d,4d,3.21875,0.791666666666667
Man Utd,prem,20.0,25-26-prem-leeds-united-vs-manchester-united,2026-01-04 12:30:00+00:00,False,2025-12-30 20:15:00+00:00,prem,4.677083333333333,4.677083333333333,Leeds,1.58,0.9,1.0,1.0,False,1.0,0.0,0.0,1.7092105263157895,1.4621052631578948,1.612178785347406,-0.032178785347406036,5+d,5+d,2.7916666666666665,1.8854166666666665
Man Utd,prem,21.0,25-26-prem-burnley-vs-manchester-united,2026-01-07 20:15:00+00:00,False,2026-01-04 12:30:00+00:00,prem,3.3229166666666665,3.3229166666666665,Burnley,2.55,0.24,2.0,2.0,False,1.0,0.0,0.0,1.7092105263157895,1.9947368421052631,2.199480776265899,0.3505192237341008,3d,3d,4.21875,-0.8958333333333335
Man Utd,prem,22.0,25-26-prem-manchester-united-vs-manchester-city,2026-01-17 12:30:00+00:00,True,2026-01-07 20:15:00+00:00,prem,9.677083333333334,9.677083333333334,Man City,2.27,0.45,2.0,0.0,True,3.0,1.0,2.0,1.7092105263157895,1.1760526315789472,1.6048519805896253,0.6651480194103747,5+d,5+d,3.6875,5.989583333333334
Man Utd,prem,23.0,25-26-prem-arsenal-vs-manchester-united,2026-01-25 16:30:00+00:00,False,2026-01-17 12:30:00+00:00,prem,8.166666666666666,8.166666666666666,Arsenal,0.71,1.19,3.0,2.0,False,3.0,1.0,1.0,1.7092105263157895,0.75,0.8269815583585505,-0.11698155835855051,5+d,5+d,4.854166666666667,3.312499999999999
Man Utd,prem,24.0,25-26-prem-manchester-united-vs-fulham,2026-02-01 14:00:00+00:00,True,2026-01-25 16:30:00+00:00,prem,6.895833333333333,6.895833333333333,Fulham,1.79,1.94,3.0,2.0,True,3.0,1.0,1.0,1.7092105263157895,1.3981578947368423,1.9079388169327998,-0.11793881693279973,5+d,5+d,7.958333333333333,-1.0625
Man Utd,prem,25.0,25-26-prem-manchester-united-vs-tottenham-hotspur,2026-02-07 12:30:00+00:00,True,2026-02-01 14:00:00+00:00,prem,5.9375,5.9375,Spurs,1.78,0.49,2.0,0.0,True,3.0,1.0,2.0,1.7092105263157895,1.355,1.8490451662689598,-0.06904516626895973,5+d,5+d,5.833333333333333,0.10416666666666696
Man Utd,prem,26.0,25-26-prem-west-ham-united-vs-manchester-united,2026-02-10 20:15:00+00:00,False,2026-02-07 12:30:00+00:00,prem,3.3229166666666665,3.3229166666666665,West Ham,0.57,1.11,1.0,1.0,False,1.0,0.0,0.0,1.7092105263157895,1.5681578947368422,1.7291168793889835,-1.1591168793889834,3d,3d,3.21875,0.10416666666666652
Man Utd,prem,27.0,25-26-prem-everton-vs-manchester-united,2026-02-23 20:00:00+00:00,False,2026-02-10 20:15:00+00:00,prem,12.989583333333334,12.989583333333334,Everton,1.27,0.63,1.0,0.0,False,3.0,1.0,1.0,1.7092105263157895,1.4907894736842104,1.6438072028425221,-0.3738072028425221,5+d,5+d,13.020833333333334,-0.03125
Man Utd,prem,28.0,25-26-prem-manchester-united-vs-crystal-palace,2026-03-01 14:00:00+00:00,True,2026-02-23 20:00:00+00:00,prem,5.75,5.75,Crystal Palace,2.05,0.38,2.0,1.0,True,3.0,1.0,1.0,1.7092105263157895,1.3828947368421052,1.887110574624856,0.16288942537514384,5+d,5+d,7.0,-1.25
Man Utd,prem,29.0,25-26-prem-newcastle-united-vs-manchester-united,2026-03-04 20:15:00+00:00,False,2026-03-01 14:00:00+00:00,prem,3.2604166666666665,3.2604166666666665,Newcastle,1.48,2.48,1.0,2.0,False,0.0,0.0,-1.0,1.7092105263157895,1.351578947368421,1.4903078188524617,-0.010307818852461681,3d,3d,4.21875,-0.9583333333333335
Man Utd,prem,30.0,25-26-prem-manchester-united-vs-aston-villa,2026-03-15 14:00:00+00:00,True,2026-03-04 20:15:00+00:00,prem,10.739583333333334,10.739583333333334,Aston Villa,1.1,1.0,3.0,1.0,True,3.0,1.0,2.0,1.7092105263157895,1.403421052631579,1.9151209694527798,-0.8151209694527797,5+d,5+d,10.770833333333334,-0.03125
Man Utd,prem,31.0,25-26-prem-afc-bournemouth-vs-manchester-united,2026-03-20 20:00:00+00:00,False,2026-03-15 14:00:00+00:00,prem,5.25,5.25,Bournemouth,1.77,1.8,2.0,2.0,False,1.0,0.0,0.0,1.7092105263157895,1.4813157894736841,1.6333611200000984,0.13663887999990165,5+d,5+d,6.208333333333333,-0.958333333333333
Man Utd,prem,32.0,25-26-prem-manchester-united-vs-leeds-united,2026-04-13 19:00:00+00:00,True,2026-03-20 20:00:00+00:00,prem,23.958333333333332,23.958333333333332,Leeds,1.27,2.57,1.0,2.0,True,0.0,0.0,-1.0,1.7092105263157895,1.4621052631578948,1.9952019700505619,-0.7252019700505619,5+d,5+d,22.958333333333332,1.0
Man Utd,prem,33.0,25-26-prem-chelsea-vs-manchester-united,2026-04-18 19:00:00+00:00,False,2026-04-13 19:00:00+00:00,prem,5.0,5.0,Chelsea,0.29,1.57,1.0,0.0,False,3.0,1.0,1.0,1.7092105263157895,1.3665789473684211,1.5068474500196327,-1.2168474500196327,5+d,5+d,6.145833333333333,-1.145833333333333
Man Utd,prem,34.0,25-26-prem-manchester-united-vs-brentford,2026-04-27 19:00:00+00:00,True,2026-04-18 19:00:00+00:00,prem,9.0,9.0,Brentford,1.36,1.17,2.0,1.0,True,3.0,1.0,1.0,1.7092105263157895,1.4205263157894739,1.9384629651427165,-0.5784629651427164,5+d,5+d,9.3125,-0.3125
Man Utd,prem,35.0,25-26-prem-manchester-united-vs-liverpool,2026-05-03 14:30:00+00:00,True,2026-04-27 19:00:00+00:00,prem,5.8125,5.8125,Liverpool,2.34,0.88,3.0,2.0,True,3.0,1.0,1.0,1.7092105263157895,1.246842105263158,1.7014519319833623,0.6385480680166375,5+d,5+d,8.020833333333334,-2.208333333333334
Man Utd,prem,36.0,25-26-prem-sunderland-vs-manchester-united,2026-05-09 14:00:00+00:00,False,2026-05-03 14:30:00+00:00,prem,5.979166666666667,5.979166666666667,Sunderland,0.62,1.25,0.0,0.0,False,1.0,0.0,0.0,1.7092105263157895,1.4210526315789473,1.5669124263635694,-0.9469124263635694,5+d,5+d,7.0,-1.020833333333333
Man Utd,prem,37.0,25-26-prem-manchester-united-vs-nottingham-forest,2026-05-17 11:30:00+00:00,True,2026-05-09 14:00:00+00:00,prem,7.895833333333333,7.895833333333333,Nott'm Forest,4.57,1.88,3.0,2.0,True,3.0,1.0,1.0,1.7092105263157895,1.5063157894736843,2.055532051218397,2.5144679487816033,5+d,5+d,6.9375,0.958333333333333
Man Utd,prem,38.0,25-26-prem-brighton-hove-albion-vs-manchester-united,2026-05-24 15:00:00+00:00,False,2026-05-17 11:30:00+00:00,prem,7.145833333333333,7.145833333333333,Brighton,1.66,0.79,3.0,0.0,False,3.0,1.0,3.0,1.7092105263157895,1.2984210526315791,1.4316936873477504,0.22830631265224954,5+d,5+d,7.041666666666667,0.10416666666666607
Newcastle,prem,1.0,25-26-prem-aston-villa-vs-newcastle-united,2025-08-16 11:30:00+00:00,False,,,,,Aston Villa,1.43,0.2,0.0,0.0,False,1.0,0.0,0.0,1.4944736842105264,1.403421052631579,1.3530544123535675,0.07694558764643245,,,,
Newcastle,prem,2.0,25-26-prem-newcastle-united-vs-liverpool,2025-08-25 19:00:00+00:00,True,2025-08-16 11:30:00+00:00,prem,9.3125,9.3125,Liverpool,0.98,0.69,2.0,3.0,True,0.0,0.0,-1.0,1.4944736842105264,1.246842105263158,1.4876898416833744,-0.5076898416833744,5+d,5+d,10.0,-0.6875
Newcastle,prem,3.0,25-26-prem-leeds-united-vs-newcastle-united,2025-08-30 16:30:00+00:00,False,2025-08-25 19:00:00+00:00,prem,4.895833333333333,4.895833333333333,Leeds,0.46,0.69,0.0,0.0,False,1.0,0.0,0.0,1.4944736842105264,1.4621052631578948,1.4096325361028357,-0.9496325361028357,5+d,5+d,3.8958333333333335,0.9999999999999996
Newcastle,prem,4.0,25-26-prem-newcastle-united-vs-wolverhampton-wanderers,2025-09-13 14:00:00+00:00,True,2025-08-30 16:30:00+00:00,prem,13.895833333333334,13.895833333333334,Wolves,1.55,0.5,1.0,0.0,True,3.0,1.0,1.0,1.4944736842105264,1.5355263157894736,1.8321380806716943,-0.2821380806716942,5+d,5+d,14.0,-0.10416666666666607
Newcastle,prem,5.0,25-26-prem-afc-bournemouth-vs-newcastle-united,2025-09-21 13:00:00+00:00,False,2025-09-18 19:00:00+00:00,champions-league,2.75,7.958333333333333,Bournemouth,0.14,0.46,0.0,0.0,False,1.0,0.0,0.0,1.4944736842105264,1.4813157894736841,1.4281536259400398,-1.2881536259400397,3d,5+d,7.958333333333333,-5.208333333333333
Newcastle,prem,6.0,25-26-prem-newcastle-united-vs-arsenal,2025-09-28 15:30:00+00:00,True,2025-09-24 18:45:00+00:00,efl-cup,3.8645833333333335,7.104166666666667,Arsenal,0.61,2.04,1.0,2.0,True,0.0,0.0,-1.0,1.4944736842105264,0.75,0.8948746409450434,-0.28487464094504344,4d,5+d,3.8541666666666665,0.010416666666666963
Newcastle,prem,7.0,25-26-prem-newcastle-united-vs-nottingham-forest,2025-10-05 13:00:00+00:00,True,2025-10-01 16:45:00+00:00,champions-league,3.84375,6.895833333333333,Nott'm Forest,3.45,0.3,2.0,0.0,True,3.0,1.0,2.0,1.4944736842105264,1.5063157894736843,1.7972850683401507,1.6527149316598495,4d,5+d,2.75,1.09375
Newcastle,prem,8.0,25-26-prem-brighton-hove-albion-vs-newcastle-united,2025-10-18 14:00:00+00:00,False,2025-10-05 13:00:00+00:00,prem,13.041666666666666,13.041666666666666,Brighton,1.45,0.91,1.0,2.0,False,0.0,0.0,-1.0,1.4944736842105264,1.2984210526315791,1.251822702147479,0.19817729785252092,5+d,5+d,13.041666666666666,0.0
Newcastle,prem,9.0,25-26-prem-newcastle-united-vs-fulham,2025-10-25 14:00:00+00:00,True,2025-10-21 19:00:00+00:00,champions-league,3.7916666666666665,7.0,Fulham,2.14,1.53,2.0,1.0,True,3.0,1.0,1.0,1.4944736842105264,1.3981578947368423,1.6682347253828127,0.4717652746171874,4d,5+d,6.895833333333333,-3.1041666666666665
Newcastle,prem,10.0,25-26-prem-west-ham-united-vs-newcastle-united,2025-11-02 14:00:00+00:00,False,2025-10-29 20:00:00+00:00,efl-cup,3.75,8.0,West Ham,0.52,1.75,1.0,3.0,False,0.0,0.0,-2.0,1.4944736842105264,1.5681578947368422,1.5118791005465801,-0.9918791005465801,4d,5+d,8.791666666666666,-5.041666666666666
Newcastle,prem,11.0,25-26-prem-brentford-vs-newcastle-united,2025-11-09 14:00:00+00:00,False,2025-11-05 20:00:00+00:00,champions-league,3.75,7.0,Brentford,0.44,2.35,1.0,3.0,False,0.0,0.0,-2.0,1.4944736842105264,1.4205263157894739,1.369545793715462,-0.9295457937154621,4d,5+d,7.958333333333333,-4.208333333333333
Newcastle,prem,12.0,25-26-prem-newcastle-united-vs-manchester-city,2025-11-22 17:30:00+00:00,True,2025-11-09 14:00:00+00:00,prem,13.145833333333334,13.145833333333334,Man City,2.24,2.49,2.0,1.0,True,3.0,1.0,1.0,1.4944736842105264,1.1760526315789472,1.4032262352222453,0.8367737647777549,5+d,5+d,13.041666666666666,0.10416666666666785
Newcastle,prem,13.0,25-26-prem-everton-vs-newcastle-united,2025-11-29 17:30:00+00:00,False,2025-11-25 20:00:00+00:00,champions-league,3.8958333333333335,7.0,Everton,1.91,0.99,4.0,1.0,False,3.0,1.0,3.0,1.4944736842105264,1.4907894736842104,1.437287314078935,0.47271268592106486,4d,5+d,4.895833333333333,-0.9999999999999996
Newcastle,prem,14.0,25-26-prem-newcastle-united-vs-tottenham-hotspur,2025-12-02 20:15:00+00:00,True,2025-11-29 17:30:00+00:00,prem,3.1145833333333335,3.1145833333333335,Spurs,1.96,0.79,2.0,2.0,True,1.0,0.0,0.0,1.4944736842105264,1.355,1.616740184640712,0.34325981535928807,3d,3d,3.0104166666666665,0.10416666666666696
Newcastle,prem,15.0,25-26-prem-newcastle-united-vs-burnley,2025-12-06 15:00:00+00:00,True,2025-12-02 20:15:00+00:00,prem,3.78125,3.78125,Burnley,1.89,1.61,2.0,1.0,True,3.0,1.0,1.0,1.4944736842105264,1.9947368421052631,2.38005255381173,-0.49005255381172996,4d,4d,2.8125,0.96875
Newcastle,prem,16.0,25-26-prem-sunderland-vs-newcastle-united,2025-12-14 14:00:00+00:00,False,2025-12-10 20:00:00+00:00,champions-league,3.75,7.958333333333333,Sunderland,0.25,0.29,0.0,1.0,False,0.0,0.0,-1.0,1.4944736842105264,1.4210526315789473,1.3700532208342895,-1.1200532208342895,4d,5+d,7.958333333333333,-4.208333333333333
Newcastle,prem,17.0,25-26-prem-newcastle-united-vs-chelsea,2025-12-20 12:30:00+00:00,True,2025-12-17 20:15:00+00:00,efl-cup,2.6770833333333335,5.9375,Chelsea,2.26,1.25,2.0,2.0,True,1.0,0.0,0.0,1.4944736842105264,1.3665789473684211,1.630555793132495,0.6294442068675048,3d,5+d,3.6875,-1.0104166666666665
Newcastle,prem,18.0,25-26-prem-manchester-united-vs-newcastle-united,2025-12-26 20:00:00+00:00,False,2025-12-20 12:30:00+00:00,prem,6.3125,6.3125,Man Utd,1.18,1.27,0.0,1.0,False,0.0,0.0,-1.0,1.4944736842105264,1.2584210526315789,1.2132582411165875,-0.033258241116587595,5+d,5+d,5.145833333333333,1.166666666666667
Newcastle,prem,19.0,25-26-prem-burnley-vs-newcastle-united,2025-12-30 19:30:00+00:00,False,2025-12-26 20:00:00+00:00,prem,3.9791666666666665,3.9791666666666665,Burnley,2.01,1.06,3.0,1.0,False,3.0,1.0,2.0,1.4944736842105264,1.9947368421052631,1.9231487803562806,0.08685121964371922,4d,4d,3.1875,0.7916666666666665
Newcastle,prem,20.0,25-26-prem-newcastle-united-vs-crystal-palace,2026-01-04 15:00:00+00:00,True,2025-12-30 19:30:00+00:00,prem,4.8125,4.8125,Crystal Palace,2.08,0.7,2.0,0.0,True,3.0,1.0,2.0,1.4944736842105264,1.3828947368421052,1.6500232414618259,0.4299767585381742,5+d,5+d,2.8958333333333335,1.9166666666666665
Newcastle,prem,21.0,25-26-prem-newcastle-united-vs-leeds-united,2026-01-07 20:15:00+00:00,True,2026-01-04 15:00:00+00:00,prem,3.21875,3.21875,Leeds,2.43,1.89,4.0,3.0,True,3.0,1.0,1.0,1.4944736842105264,1.4621052631578948,1.7445345631897058,0.6854654368102944,3d,3d,3.3229166666666665,-0.10416666666666652
Newcastle,prem,22.0,25-26-prem-wolverhampton-wanderers-vs-newcastle-united,2026-01-18 14:00:00+00:00,False,2026-01-13 20:00:00+00:00,efl-cup,4.75,10.739583333333334,Wolves,0.94,0.29,0.0,0.0,False,1.0,0.0,0.0,1.4944736842105264,1.5355263157894736,1.480418619179274,-0.5404186191792741,5+d,5+d,10.770833333333334,-6.020833333333334
Newcastle,prem,23.0,25-26-prem-newcastle-united-vs-aston-villa,2026-01-25 14:00:00+00:00,True,2026-01-21 20:00:00+00:00,champions-league,3.75,7.0,Aston Villa,2.18,1.16,0.0,2.0,True,0.0,0.0,-2.0,1.4944736842105264,1.403421052631579,1.674514547424532,0.5054854525754682,4d,5+d,2.84375,0.90625
Newcastle,prem,24.0,25-26-prem-liverpool-vs-newcastle-united,2026-01-31 20:00:00+00:00,False,2026-01-28 20:00:00+00:00,champions-league,3.0,6.25,Liverpool,0.36,2.28,1.0,4.0,False,0.0,0.0,-3.0,1.4944736842105264,1.246842105263158,1.2020948445023825,-0.8420948445023825,3d,5+d,3.0,0.0
Newcastle,prem,25.0,25-26-prem-newcastle-united-vs-brentford,2026-02-07 17:30:00+00:00,True,2026-02-04 20:00:00+00:00,efl-cup,2.8958333333333335,6.895833333333333,Brentford,2.24,1.79,2.0,3.0,True,0.0,0.0,-1.0,1.4944736842105264,1.4205263157894739,1.694923969060121,0.5450760309398792,3d,5+d,6.145833333333333,-3.2499999999999996
Newcastle,prem,26.0,25-26-prem-tottenham-hotspur-vs-newcastle-united,2026-02-10 19:30:00+00:00,False,2026-02-07 17:30:00+00:00,prem,3.0833333333333335,3.0833333333333335,Spurs,2.48,1.85,2.0,1.0,False,3.0,1.0,1.0,1.4944736842105264,1.355,1.3063711174214365,1.1736288825785635,3d,3d,3.2916666666666665,-0.20833333333333304
Newcastle,prem,27.0,25-26-prem-manchester-city-vs-newcastle-united,2026-02-21 20:00:00+00:00,False,2026-02-10 19:30:00+00:00,prem,11.020833333333334,11.020833333333334,Man City,0.62,1.35,1.0,2.0,False,0.0,0.0,-1.0,1.4944736842105264,1.1760526315789472,1.1338458970200813,-0.5138458970200813,5+d,5+d,10.020833333333334,1.0
Newcastle,prem,28.0,25-26-prem-newcastle-united-vs-everton,2026-02-28 15:00:00+00:00,True,2026-02-21 20:00:00+00:00,prem,6.791666666666667,6.791666666666667,Everton,1.03,2.13,2.0,3.0,True,0.0,0.0,-1.0,1.4944736842105264,1.4907894736842104,1.7787595933170774,-0.7487595933170774,5+d,5+d,4.791666666666667,2.0
Newcastle,prem,29.0,25-26-prem-newcastle-united-vs-manchester-united,2026-03-04 20:15:00+00:00,True,2026-02-28 15:00:00+00:00,prem,4.21875,4.21875,Man Utd,2.48,1.48,2.0,1.0,True,3.0,1.0,1.0,1.4944736842105264,1.2584210526315789,1.501505450175157,0.978494549824843,4d,4d,3.2604166666666665,0.9583333333333335
Newcastle,prem,30.0,25-26-prem-chelsea-vs-newcastle-united,2026-03-14 17:30:00+00:00,False,2026-03-04 20:15:00+00:00,prem,9.885416666666666,9.885416666666666,Chelsea,1.41,1.39,1.0,0.0,False,3.0,1.0,1.0,1.4944736842105264,1.3665789473684211,1.3175345140356418,0.09246548596435811,5+d,5+d,9.916666666666666,-0.03125
Newcastle,prem,31.0,25-26-prem-newcastle-united-vs-sunderland,2026-03-22 12:00:00+00:00,True,2026-03-14 17:30:00+00:00,prem,7.770833333333333,7.770833333333333,Sunderland,1.27,2.45,1.0,2.0,True,0.0,0.0,-1.0,1.4944736842105264,1.4210526315789473,1.695551951264293,-0.4255519512642929,5+d,5+d,7.875,-0.10416666666666696
Newcastle,prem,32.0,25-26-prem-crystal-palace-vs-newcastle-united,2026-04-12 13:00:00+00:00,False,2026-03-22 12:00:00+00:00,prem,21.041666666666668,21.041666666666668,Crystal Palace,1.13,2.56,1.0,2.0,False,0.0,0.0,-1.0,1.4944736842105264,1.3828947368421052,1.3332647547192948,-0.20326475471929495,5+d,5+d,27.958333333333332,-6.916666666666664
Newcastle,prem,33.0,25-26-prem-newcastle-united-vs-afc-bournemouth,2026-04-18 14:00:00+00:00,True,2026-04-12 13:00:00+00:00,prem,6.041666666666667,6.041666666666667,Bournemouth,1.59,2.99,1.0,2.0,True,0.0,0.0,-1.0,1.4944736842105264,1.4813157894736841,1.767455913641982,-0.177455913641982,5+d,5+d,7.104166666666667,-1.0625
Newcastle,prem,34.0,25-26-prem-arsenal-vs-newcastle-united,2026-04-25 16:30:00+00:00,False,2026-04-18 14:00:00+00:00,prem,7.104166666666667,7.104166666666667,Arsenal,1.0,0.49,0.0,1.0,False,0.0,0.0,-1.0,1.4944736842105264,0.75,0.7230836443292084,0.27691635567079165,5+d,5+d,6.041666666666667,1.0625
Newcastle,prem,35.0,25-26-prem-newcastle-united-vs-brighton-hove-albion,2026-05-02 14:00:00+00:00,True,2026-04-25 16:30:00+00:00,prem,6.895833333333333,6.895833333333333,Brighton,3.16,1.53,3.0,1.0,True,3.0,1.0,2.0,1.4944736842105264,1.2984210526315791,1.5492320976922265,1.6107679023077737,5+d,5+d,10.791666666666666,-3.895833333333333
Newcastle,prem,36.0,25-26-prem-nottingham-forest-vs-newcastle-united,2026-05-10 13:00:00+00:00,False,2026-05-02 14:00:00+00:00,prem,7.958333333333333,7.958333333333333,Nott'm Forest,1.48,1.1,1.0,1.0,False,1.0,0.0,0.0,1.4944736842105264,1.5063157894736843,1.452256414084347,0.027743585915652957,5+d,5+d,5.958333333333333,2.0
Newcastle,prem,37.0,25-26-prem-newcastle-united-vs-west-ham-united,2026-05-17 16:30:00+00:00,True,2026-05-10 13:00:00+00:00,prem,7.145833333333333,7.145833333333333,West Ham,1.73,0.95,3.0,1.0,True,3.0,1.0,2.0,1.4944736842105264,1.5681578947368422,1.871072977330356,-0.14107297733035606,5+d,5+d,7.041666666666667,0.10416666666666607
Newcastle,prem,38.0,25-26-prem-fulham-vs-newcastle-united,2026-05-24 15:00:00+00:00,False,2026-05-17 16:30:00+00:00,prem,6.9375,6.9375,Fulham,0.31,1.81,0.0,2.0,False,0.0,0.0,-2.0,1.4944736842105264,1.3981578947368423,1.3479801411652927,-1.0379801411652927,5+d,5+d,7.041666666666667,-0.10416666666666696
Nott'm Forest,prem,1.0,25-26-prem-nottingham-forest-vs-brentford,2025-08-17 13:00:00+00:00,True,,,,,Brentford,1.83,1.49,3.0,1.0,True,3.0,1.0,2.0,1.211578947368421,1.4205263157894739,1.3740852180934668,0.45591478190653323,,,,
Nott'm Forest,prem,2.0,25-26-prem-crystal-palace-vs-nottingham-forest,2025-08-24 13:00:00+00:00,False,2025-08-17 13:00:00+00:00,prem,7.0,7.0,Crystal Palace,0.93,1.1,1.0,1.0,False,1.0,0.0,0.0,1.211578947368421,1.3828947368421052,1.0808858832061334,-0.1508858832061334,5+d,5+d,7.0,0.0
Nott'm Forest,prem,3.0,25-26-prem-nottingham-forest-vs-west-ham-united,2025-08-31 13:00:00+00:00,True,2025-08-24 13:00:00+00:00,prem,7.0,7.0,West Ham,0.73,2.42,0.0,3.0,True,0.0,0.0,-3.0,1.211578947368421,1.5681578947368422,1.5168902954092196,-0.7868902954092196,5+d,5+d,4.770833333333333,2.229166666666667
Nott'm Forest,prem,4.0,25-26-prem-arsenal-vs-nottingham-forest,2025-09-13 11:30:00+00:00,False,2025-08-31 13:00:00+00:00,prem,12.9375,12.9375,Arsenal,0.2,1.84,0.0,3.0,False,0.0,0.0,-3.0,1.211578947368421,0.75,0.586208328665553,-0.38620832866555294,5+d,5+d,12.833333333333334,0.10416666666666607
Nott'm Forest,prem,5.0,25-26-prem-burnley-vs-nottingham-forest,2025-09-20 14:00:00+00:00,False,2025-09-17 19:00:00+00:00,efl-cup,2.7916666666666665,7.104166666666667,Burnley,1.1,0.85,1.0,1.0,False,1.0,0.0,0.0,1.211578947368421,1.9947368421052631,1.559108467117506,-0.45910846711750586,3d,5+d,6.041666666666667,-3.2500000000000004
Nott'm Forest,prem,6.0,25-26-prem-nottingham-forest-vs-sunderland,2025-09-27 16:30:00+00:00,True,2025-09-24 19:00:00+00:00,europa-league,2.8958333333333335,7.104166666666667,Sunderland,1.68,1.66,0.0,1.0,True,0.0,0.0,-1.0,1.211578947368421,1.4210526315789473,1.3745943271035048,0.3054056728964951,3d,5+d,6.145833333333333,-3.2499999999999996
Nott'm Forest,prem,7.0,25-26-prem-newcastle-united-vs-nottingham-forest,2025-10-05 13:00:00+00:00,False,2025-10-02 19:00:00+00:00,europa-league,2.75,7.854166666666667,Newcastle,0.3,3.45,0.0,2.0,False,0.0,0.0,-2.0,1.211578947368421,1.351578947368421,1.056409114395186,-0.7564091143951859,3d,5+d,3.84375,-1.09375
Nott'm Forest,prem,8.0,25-26-prem-nottingham-forest-vs-chelsea,2025-10-18 11:30:00+00:00,True,2025-10-05 13:00:00+00:00,prem,12.9375,12.9375,Chelsea,2.35,1.67,0.0,3.0,True,0.0,0.0,-3.0,1.211578947368421,1.3665789473684211,1.3219015445645372,1.0280984554354629,5+d,5+d,13.791666666666666,-0.8541666666666661
Nott'm Forest,prem,9.0,25-26-prem-afc-bournemouth-vs-nottingham-forest,2025-10-26 14:00:00+00:00,False,2025-10-18 11:30:00+00:00,prem,8.104166666666666,8.104166666666666,Bournemouth,0.37,0.58,0.0,2.0,False,0.0,0.0,-2.0,1.211578947368421,1.4813157894736841,1.1578128708976834,-0.7878128708976834,5+d,5+d,8.0,0.10416666666666607
Nott'm Forest,prem,10.0,25-26-prem-nottingham-forest-vs-manchester-united,2025-11-01 15:00:00+00:00,True,2025-10-26 14:00:00+00:00,prem,6.041666666666667,6.041666666666667,Man Utd,1.93,1.12,2.0,2.0,True,1.0,0.0,0.0,1.211578947368421,1.2584210526315789,1.2172796430016593,0.7127203569983407,5+d,5+d,6.9375,-0.895833333333333
Nott'm Forest,prem,11.0,25-26-prem-nottingham-forest-vs-leeds-united,2025-11-09 14:00:00+00:00,True,2025-11-06 17:45:00+00:00,europa-league,2.84375,7.958333333333333,Leeds,2.55,0.69,3.0,1.0,True,3.0,1.0,2.0,1.211578947368421,1.4621052631578948,1.414304829886495,1.1356951701135047,3d,5+d,7.958333333333333,-5.114583333333333
Nott'm Forest,prem,12.0,25-26-prem-liverpool-vs-nottingham-forest,2025-11-22 15:00:00+00:00,False,2025-11-09 14:00:00+00:00,prem,13.041666666666666,13.041666666666666,Liverpool,1.58,1.93,3.0,0.0,False,3.0,1.0,3.0,1.211578947368421,1.246842105263158,0.9745456355148737,0.6054543644851264,5+d,5+d,12.9375,0.10416666666666607
Nott'm Forest,prem,13.0,25-26-prem-nottingham-forest-vs-brighton-hove-albion,2025-11-30 14:05:00+00:00,True,2025-11-27 20:00:00+00:00,europa-league,2.7534722222222223,7.961805555555555,Brighton,0.89,2.0,0.0,2.0,True,0.0,0.0,-2.0,1.211578947368421,1.2984210526315791,1.255971927764573,-0.3659719277645729,3d,5+d,7.961805555555555,-5.208333333333333
Nott'm Forest,prem,14.0,25-26-prem-wolverhampton-wanderers-vs-nottingham-forest,2025-12-03 19:30:00+00:00,False,2025-11-30 14:05:00+00:00,prem,3.2256944444444446,3.2256944444444446,Wolves,0.78,0.72,1.0,0.0,False,3.0,1.0,1.0,1.211578947368421,1.5355263157894736,1.200184420267895,-0.42018442026789504,3d,3d,3.2256944444444446,0.0
Nott'm Forest,prem,15.0,25-26-prem-everton-vs-nottingham-forest,2025-12-06 15:00:00+00:00,False,2025-12-03 19:30:00+00:00,prem,2.8125,2.8125,Everton,0.49,1.08,0.0,3.0,False,0.0,0.0,-3.0,1.211578947368421,1.4907894736842104,1.1652176076808272,-0.6752176076808272,3d,3d,3.8125,-1.0
Nott'm Forest,prem,16.0,25-26-prem-nottingham-forest-vs-tottenham-hotspur,2025-12-14 14:00:00+00:00,True,2025-12-11 17:45:00+00:00,europa-league,2.84375,7.958333333333333,Spurs,1.91,0.37,3.0,0.0,True,3.0,1.0,3.0,1.211578947368421,1.355,1.3107011463436937,0.5992988536563062,3d,5+d,4.75,-1.90625
Nott'm Forest,prem,17.0,25-26-prem-fulham-vs-nottingham-forest,2025-12-22 20:00:00+00:00,False,2025-12-14 14:00:00+00:00,prem,8.25,8.25,Fulham,0.6,1.5,0.0,1.0,False,0.0,0.0,-1.0,1.211578947368421,1.3981578947368423,1.09281573691231,-0.49281573691230995,5+d,5+d,4.989583333333333,3.260416666666667
Nott'm Forest,prem,18.0,25-26-prem-nottingham-forest-vs-manchester-city,2025-12-27 12:30:00+00:00,True,2025-12-22 20:00:00+00:00,prem,4.6875,4.6875,Man City,0.59,1.39,1.0,2.0,True,0.0,0.0,-1.0,1.211578947368421,1.1760526315789472,1.1376040829306597,-0.5476040829306598,5+d,5+d,6.895833333333333,-2.208333333333333
Nott'm Forest,prem,19.0,25-26-prem-nottingham-forest-vs-everton,2025-12-30 19:30:00+00:00,True,2025-12-27 12:30:00+00:00,prem,3.2916666666666665,3.2916666666666665,Everton,1.89,1.44,0.0,2.0,True,0.0,0.0,-2.0,1.211578947368421,1.4907894736842104,1.4420512709335842,0.4479487290664157,3d,3d,3.1875,0.10416666666666652
Nott'm Forest,prem,20.0,25-26-prem-aston-villa-vs-nottingham-forest,2026-01-03 12:30:00+00:00,False,2025-12-30 19:30:00+00:00,prem,3.7083333333333335,3.7083333333333335,Aston Villa,0.89,1.59,1.0,3.0,False,0.0,0.0,-2.0,1.211578947368421,1.403421052631579,1.096929479569612,-0.20692947956961205,4d,4d,3.6770833333333335,0.03125
Nott'm Forest,prem,21.0,25-26-prem-west-ham-united-vs-nottingham-forest,2026-01-06 20:00:00+00:00,False,2026-01-03 12:30:00+00:00,prem,3.3125,3.3125,West Ham,1.38,0.95,2.0,1.0,False,3.0,1.0,1.0,1.211578947368421,1.5681578947368422,1.2256896247431686,0.15431037525683133,3d,3d,3.2083333333333335,0.10416666666666652
Nott'm Forest,prem,22.0,25-26-prem-nottingham-forest-vs-arsenal,2026-01-17 17:30:00+00:00,True,2026-01-06 20:00:00+00:00,prem,10.895833333333334,10.895833333333334,Arsenal,0.34,2.1,0.0,0.0,True,1.0,0.0,0.0,1.211578947368421,0.75,0.7254803393046275,-0.3854803393046275,5+d,5+d,2.8958333333333335,8.0
Nott'm Forest,prem,23.0,25-26-prem-brentford-vs-nottingham-forest,2026-01-25 14:00:00+00:00,False,2026-01-22 20:00:00+00:00,europa-league,2.75,7.854166666666667,Brentford,0.78,1.81,2.0,0.0,False,3.0,1.0,2.0,1.211578947368421,1.4205263157894739,1.110299143205844,-0.33029914320584397,3d,5+d,7.958333333333333,-5.208333333333333
Nott'm Forest,prem,24.0,25-26-prem-nottingham-forest-vs-crystal-palace,2026-02-01 14:00:00+00:00,True,2026-01-29 20:00:00+00:00,europa-league,2.75,7.0,Crystal Palace,0.49,1.9,1.0,1.0,True,1.0,0.0,0.0,1.211578947368421,1.3828947368421052,1.3376839238757254,-0.8476839238757254,3d,5+d,7.0,-4.25
Nott'm Forest,prem,25.0,25-26-prem-leeds-united-vs-nottingham-forest,2026-02-06 20:00:00+00:00,False,2026-02-01 14:00:00+00:00,prem,5.25,5.25,Leeds,1.33,2.5,1.0,3.0,False,0.0,0.0,-2.0,1.211578947368421,1.4621052631578948,1.1427977101985307,0.18720228980146936,5+d,5+d,6.208333333333333,-0.958333333333333
Nott'm Forest,prem,26.0,25-26-prem-nottingham-forest-vs-wolverhampton-wanderers,2026-02-11 19:30:00+00:00,True,2026-02-06 20:00:00+00:00,prem,4.979166666666667,4.979166666666667,Wolves,2.55,0.42,0.0,0.0,True,1.0,0.0,0.0,1.211578947368421,1.5355263157894736,1.4853255367868425,1.0646744632131573,5+d,5+d,4.1875,0.791666666666667
Nott'm Forest,prem,27.0,25-26-prem-nottingham-forest-vs-liverpool,2026-02-22 14:00:00+00:00,True,2026-02-11 19:30:00+00:00,prem,10.770833333333334,10.770833333333334,Liverpool,1.19,1.73,0.0,1.0,True,0.0,0.0,-1.0,1.211578947368421,1.246842105263158,1.206079244780816,-0.016079244780816015,5+d,5+d,10.739583333333334,0.03125
Nott'm Forest,prem,28.0,25-26-prem-brighton-hove-albion-vs-nottingham-forest,2026-03-01 14:00:00+00:00,False,2026-02-22 14:00:00+00:00,prem,7.0,7.0,Brighton,0.93,1.31,1.0,2.0,False,0.0,0.0,-1.0,1.211578947368421,1.2984210526315791,1.0148603135564347,-0.08486031355643464,5+d,5+d,7.958333333333333,-0.958333333333333
Nott'm Forest,prem,29.0,25-26-prem-manchester-city-vs-nottingham-forest,2026-03-04 19:30:00+00:00,False,2026-03-01 14:00:00+00:00,prem,3.2291666666666665,3.2291666666666665,Man City,0.97,2.12,2.0,2.0,False,1.0,0.0,0.0,1.211578947368421,1.1760526315789472,0.9192157967741599,0.0507842032258401,3d,3d,4.083333333333333,-0.8541666666666665
Nott'm Forest,prem,30.0,25-26-prem-nottingham-forest-vs-fulham,2026-03-15 14:00:00+00:00,True,2026-03-04 19:30:00+00:00,prem,10.770833333333334,10.770833333333334,Fulham,0.95,1.03,0.0,0.0,True,1.0,0.0,0.0,1.211578947368421,1.3981578947368423,1.3524480851668375,-0.4024480851668375,5+d,5+d,10.770833333333334,0.0
Nott'm Forest,prem,31.0,25-26-prem-tottenham-hotspur-vs-nottingham-forest,2026-03-22 14:15:00+00:00,False,2026-03-15 14:00:00+00:00,prem,7.010416666666667,7.010416666666667,Spurs,1.34,1.25,3.0,0.0,False,3.0,1.0,3.0,1.211578947368421,1.355,1.0590830471224324,0.2809169528775677,5+d,5+d,6.90625,0.10416666666666696
Nott'm Forest,prem,32.0,25-26-prem-nottingham-forest-vs-aston-villa,2026-04-12 13:00:00+00:00,True,2026-03-22 14:15:00+00:00,prem,20.947916666666668,20.947916666666668,Aston Villa,1.15,1.02,1.0,1.0,True,1.0,0.0,0.0,1.211578947368421,1.403421052631579,1.3575391752672208,-0.20753917526722088,5+d,5+d,20.947916666666668,0.0
Nott'm Forest,prem,33.0,25-26-prem-nottingham-forest-vs-burnley,2026-04-19 13:00:00+00:00,True,2026-04-12 13:00:00+00:00,prem,7.0,7.0,Burnley,1.19,0.36,4.0,1.0,True,3.0,1.0,3.0,1.211578947368421,1.9947368421052631,1.9295231480452903,-0.7395231480452904,5+d,5+d,7.958333333333333,-0.958333333333333
Nott'm Forest,prem,34.0,25-26-prem-sunderland-vs-nottingham-forest,2026-04-24 19:00:00+00:00,False,2026-04-19 13:00:00+00:00,prem,5.25,5.25,Sunderland,1.1,0.7,5.0,0.0,False,3.0,1.0,5.0,1.211578947368421,1.4210526315789473,1.1107105174715741,-0.010710517471574033,5+d,5+d,5.25,0.0
Nott'm Forest,prem,35.0,25-26-prem-chelsea-vs-nottingham-forest,2026-05-04 14:00:00+00:00,False,2026-04-24 19:00:00+00:00,prem,9.791666666666666,9.791666666666666,Chelsea,2.05,2.15,3.0,1.0,False,3.0,1.0,2.0,1.211578947368421,1.3665789473684211,1.0681332809684971,0.9818667190315027,5+d,5+d,12.791666666666666,-3.0
Nott'm Forest,prem,36.0,25-26-prem-nottingham-forest-vs-newcastle-united,2026-05-10 13:00:00+00:00,True,2026-05-04 14:00:00+00:00,prem,5.958333333333333,5.958333333333333,Newcastle,1.1,1.48,1.0,1.0,True,1.0,0.0,0.0,1.211578947368421,1.351578947368421,1.3073919377784446,-0.20739193777844456,5+d,5+d,7.958333333333333,-2.0
Nott'm Forest,prem,37.0,25-26-prem-manchester-united-vs-nottingham-forest,2026-05-17 11:30:00+00:00,False,2026-05-10 13:00:00+00:00,prem,6.9375,6.9375,Man Utd,1.88,4.57,2.0,3.0,False,0.0,0.0,-1.0,1.211578947368421,1.2584210526315789,0.9835958693609382,0.8964041306390617,5+d,5+d,7.895833333333333,-0.958333333333333
Nott'm Forest,prem,38.0,25-26-prem-nottingham-forest-vs-afc-bournemouth,2026-05-24 15:00:00+00:00,True,2026-05-17 11:30:00+00:00,prem,7.145833333333333,7.145833333333333,Bournemouth,1.73,0.95,1.0,1.0,True,1.0,0.0,0.0,1.211578947368421,1.4813157894736841,1.4328873087528944,0.2971126912471056,5+d,5+d,4.854166666666667,2.291666666666666
Spurs,prem,1.0,25-26-prem-tottenham-hotspur-vs-burnley,2025-08-16 14:00:00+00:00,True,,,,,Burnley,2.32,0.94,3.0,0.0,True,3.0,1.0,3.0,1.0647368421052632,1.9947368421052631,1.6956669541683849,0.624333045831615,,,,
Spurs,prem,2.0,25-26-prem-manchester-city-vs-tottenham-hotspur,2025-08-23 11:30:00+00:00,False,2025-08-16 14:00:00+00:00,prem,6.895833333333333,6.895833333333333,Man City,1.11,1.55,2.0,0.0,False,3.0,1.0,2.0,1.0647368421052632,1.1760526315789472,0.8078078005534863,0.30219219944651377,5+d,5+d,6.791666666666667,0.10416666666666607
Spurs,prem,3.0,25-26-prem-tottenham-hotspur-vs-afc-bournemouth,2025-08-30 14:00:00+00:00,True,2025-08-23 11:30:00+00:00,prem,7.104166666666667,7.104166666666667,Bournemouth,0.19,1.59,0.0,1.0,True,0.0,0.0,-1.0,1.0647368421052632,1.4813157894736841,1.2592228608197675,-1.0692228608197676,5+d,5+d,3.8020833333333335,3.3020833333333335
Spurs,prem,4.0,25-26-prem-west-ham-united-vs-tottenham-hotspur,2025-09-13 16:30:00+00:00,False,2025-08-30 14:00:00+00:00,prem,14.104166666666666,14.104166666666666,West Ham,1.29,0.6,3.0,0.0,False,3.0,1.0,3.0,1.0647368421052632,1.5681578947368422,1.0771373200935839,0.21286267990641616,5+d,5+d,13.145833333333334,0.9583333333333321
Spurs,prem,5.0,25-26-prem-brighton-hove-albion-vs-tottenham-hotspur,2025-09-20 14:00:00+00:00,False,2025-09-16 19:00:00+00:00,champions-league,3.7916666666666665,6.895833333333333,Brighton,1.22,1.32,2.0,2.0,False,1.0,0.0,0.0,1.0647368421052632,1.2984210526315791,0.8918603016180136,0.3281396983819864,4d,5+d,7.0,-3.2083333333333335
Spurs,prem,6.0,25-26-prem-tottenham-hotspur-vs-wolverhampton-wanderers,2025-09-27 19:00:00+00:00,True,2025-09-24 18:45:00+00:00,efl-cup,3.0104166666666665,7.208333333333333,Wolves,0.87,1.15,1.0,1.0,True,1.0,0.0,0.0,1.0647368421052632,1.5355263157894736,1.3053056302866128,-0.43530563028661284,3d,5+d,4.010416666666667,-1.0000000000000004
Spurs,prem,7.0,25-26-prem-leeds-united-vs-tottenham-hotspur,2025-10-04 11:30:00+00:00,False,2025-09-30 19:00:00+00:00,champions-league,3.6875,6.6875,Leeds,0.53,1.68,2.0,1.0,False,3.0,1.0,1.0,1.0647368421052632,1.4621052631578948,1.0042918191709937,-0.4742918191709937,4d,5+d,6.895833333333333,-3.208333333333333
Spurs,prem,8.0,25-26-prem-tottenham-hotspur-vs-aston-villa,2025-10-19 13:00:00+00:00,True,2025-10-04 11:30:00+00:00,prem,15.0625,15.0625,Aston Villa,0.75,0.32,1.0,2.0,True,0.0,0.0,-1.0,1.0647368421052632,1.403421052631579,1.193006842556728,-0.44300684255672795,5+d,5+d,14.0,1.0625
Spurs,prem,9.0,25-26-prem-everton-vs-tottenham-hotspur,2025-10-26 16:30:00+00:00,False,2025-10-22 19:00:00+00:00,champions-league,3.8958333333333335,7.145833333333333,Everton,1.72,1.74,3.0,0.0,False,3.0,1.0,3.0,1.0647368421052632,1.4907894736842104,1.023994448452786,0.6960055515472139,4d,5+d,8.104166666666666,-4.208333333333332
Spurs,prem,10.0,25-26-prem-tottenham-hotspur-vs-chelsea,2025-11-01 17:30:00+00:00,True,2025-10-29 20:00:00+00:00,efl-cup,2.8958333333333335,6.041666666666667,Chelsea,0.1,3.68,0.0,1.0,True,0.0,0.0,-1.0,1.0647368421052632,1.3665789473684211,1.1616884555404254,-1.0616884555404253,3d,5+d,2.90625,-0.010416666666666519
Spurs,prem,11.0,25-26-prem-tottenham-hotspur-vs-manchester-united,2025-11-08 12:30:00+00:00,True,2025-11-04 20:00:00+00:00,champions-league,3.6875,6.791666666666667,Man Utd,0.92,0.63,2.0,2.0,True,1.0,0.0,0.0,1.0647368421052632,1.2584210526315789,1.0697466193711367,-0.14974661937113665,4d,5+d,6.895833333333333,-3.208333333333333
Spurs,prem,12.0,25-26-prem-arsenal-vs-tottenham-hotspur,2025-11-23 16:30:00+00:00,False,2025-11-08 12:30:00+00:00,prem,15.166666666666666,15.166666666666666,Arsenal,0.07,1.93,1.0,4.0,False,0.0,0.0,-3.0,1.0647368421052632,0.75,0.5151604903954882,-0.44516049039548816,5+d,5+d,14.958333333333334,0.20833333333333215
Spurs,prem,13.0,25-26-prem-tottenham-hotspur-vs-fulham,2025-11-29 20:00:00+00:00,True,2025-11-26 20:00:00+00:00,champions-league,3.0,6.145833333333333,Fulham,0.86,0.45,1.0,2.0,True,0.0,0.0,-1.0,1.0647368421052632,1.3981578947368423,1.1885327872686848,-0.32853278726868484,3d,5+d,7.208333333333333,-4.208333333333333
Spurs,prem,14.0,25-26-prem-newcastle-united-vs-tottenham-hotspur,2025-12-02 20:15:00+00:00,False,2025-11-29 20:00:00+00:00,prem,3.0104166666666665,3.0104166666666665,Newcastle,0.79,1.96,2.0,2.0,False,1.0,0.0,0.0,1.0647368421052632,1.351578947368421,0.9283734311127112,-0.13837343111271116,3d,3d,3.1145833333333335,-0.10416666666666696
Spurs,prem,15.0,25-26-prem-tottenham-hotspur-vs-brentford,2025-12-06 15:00:00+00:00,True,2025-12-02 20:15:00+00:00,prem,3.78125,3.78125,Brentford,2.15,0.29,2.0,0.0,True,3.0,1.0,2.0,1.0647368421052632,1.4205263157894739,1.2075475222428684,0.9424524777571315,4d,4d,2.8125,0.96875
Spurs,prem,16.0,25-26-prem-nottingham-forest-vs-tottenham-hotspur,2025-12-14 14:00:00+00:00,False,2025-12-09 20:00:00+00:00,champions-league,4.75,7.958333333333333,Nott'm Forest,0.37,1.91,0.0,3.0,False,0.0,0.0,-3.0,1.0647368421052632,1.5063157894736843,1.0346591743943068,-0.6646591743943068,5+d,5+d,2.84375,1.90625
Spurs,prem,17.0,25-26-prem-tottenham-hotspur-vs-liverpool,2025-12-20 17:30:00+00:00,True,2025-12-14 14:00:00+00:00,prem,6.145833333333333,6.145833333333333,Liverpool,1.01,0.6,1.0,2.0,True,0.0,0.0,-1.0,1.0647368421052632,1.246842105263158,1.0599036977374416,-0.04990369773744163,5+d,5+d,7.104166666666667,-0.9583333333333339
Spurs,prem,18.0,25-26-prem-crystal-palace-vs-tottenham-hotspur,2025-12-28 16:30:00+00:00,False,2025-12-20 17:30:00+00:00,prem,7.958333333333333,7.958333333333333,Crystal Palace,0.84,1.31,1.0,0.0,False,3.0,1.0,1.0,1.0647368421052632,1.3828947368421052,0.9498836410625577,-0.10988364106255777,5+d,5+d,4.854166666666667,3.104166666666666
Spurs,prem,19.0,25-26-prem-brentford-vs-tottenham-hotspur,2026-01-01 20:00:00+00:00,False,2025-12-28 16:30:00+00:00,prem,4.145833333333333,4.145833333333333,Brentford,0.86,0.92,0.0,0.0,False,1.0,0.0,0.0,1.0647368421052632,1.4205263157894739,0.9757320446157352,-0.11573204461573516,4d,4d,5.208333333333333,-1.0625
Spurs,prem,20.0,25-26-prem-tottenham-hotspur-vs-sunderland,2026-01-04 15:00:00+00:00,True,2026-01-01 20:00:00+00:00,prem,2.7916666666666665,2.7916666666666665,Sunderland,1.18,0.44,1.0,1.0,True,1.0,0.0,0.0,1.0647368421052632,1.4210526315789473,1.2079949277716728,-0.027994927771672895,3d,3d,2.7916666666666665,0.0
Spurs,prem,21.0,25-26-prem-afc-bournemouth-vs-tottenham-hotspur,2026-01-07 19:30:00+00:00,False,2026-01-04 15:00:00+00:00,prem,3.1875,3.1875,Bournemouth,1.25,1.27,2.0,3.0,False,0.0,0.0,-1.0,1.0647368421052632,1.4813157894736841,1.0174871580477902,0.23251284195220978,3d,3d,4.083333333333333,-0.895833333333333
Spurs,prem,22.0,25-26-prem-tottenham-hotspur-vs-west-ham-united,2026-01-17 15:00:00+00:00,True,2026-01-07 19:30:00+00:00,prem,9.8125,9.8125,West Ham,1.44,2.85,1.0,2.0,True,0.0,0.0,-1.0,1.0647368421052632,1.5681578947368422,1.333044773072481,0.10695522692751891,5+d,5+d,10.791666666666666,-0.9791666666666661
Spurs,prem,23.0,25-26-prem-burnley-vs-tottenham-hotspur,2026-01-24 15:00:00+00:00,False,2026-01-20 20:00:00+00:00,champions-league,3.7916666666666665,7.0,Burnley,2.05,1.44,2.0,2.0,False,1.0,0.0,0.0,1.0647368421052632,1.9947368421052631,1.370146146385193,0.6798538536148069,4d,5+d,7.0,-3.2083333333333335
Spurs,prem,24.0,25-26-prem-tottenham-hotspur-vs-manchester-city,2026-02-01 16:30:00+00:00,True,2026-01-28 20:00:00+00:00,champions-league,3.8541666666666665,8.0625,Man City,1.05,2.08,2.0,2.0,True,1.0,0.0,0.0,1.0647368421052632,1.1760526315789472,0.99972765411326,0.05027234588674001,4d,5+d,3.8541666666666665,0.0
Spurs,prem,25.0,25-26-prem-manchester-united-vs-tottenham-hotspur,2026-02-07 12:30:00+00:00,False,2026-02-01 16:30:00+00:00,prem,5.833333333333333,5.833333333333333,Man Utd,0.49,1.78,0.0,2.0,False,0.0,0.0,-2.0,1.0647368421052632,1.2584210526315789,0.8643850754635874,-0.37438507546358746,5+d,5+d,5.9375,-0.10416666666666696
Spurs,prem,26.0,25-26-prem-tottenham-hotspur-vs-newcastle-united,2026-02-10 19:30:00+00:00,True,2026-02-07 12:30:00+00:00,prem,3.2916666666666665,3.2916666666666665,Newcastle,1.85,2.48,1.0,2.0,True,0.0,0.0,-1.0,1.0647368421052632,1.351578947368421,1.148937397969502,0.7010626020304982,3d,3d,3.0833333333333335,0.20833333333333304
Spurs,prem,27.0,25-26-prem-tottenham-hotspur-vs-arsenal,2026-02-22 16:30:00+00:00,True,2026-02-10 19:30:00+00:00,prem,11.875,11.875,Arsenal,0.76,2.07,1.0,4.0,True,0.0,0.0,-3.0,1.0647368421052632,0.75,0.6375528785461606,0.1224471214538394,5+d,5+d,3.8541666666666665,8.020833333333334
Spurs,prem,28.0,25-26-prem-fulham-vs-tottenham-hotspur,2026-03-01 14:00:00+00:00,False,2026-02-22 16:30:00+00:00,prem,6.895833333333333,6.895833333333333,Fulham,0.88,2.14,1.0,2.0,False,0.0,0.0,-1.0,1.0647368421052632,1.3981578947368423,0.9603676089372732,-0.08036760893727324,5+d,5+d,7.0,-0.10416666666666696
Spurs,prem,29.0,25-26-prem-tottenham-hotspur-vs-crystal-palace,2026-03-05 20:00:00+00:00,True,2026-03-01 14:00:00+00:00,prem,4.25,4.25,Crystal Palace,1.58,1.78,1.0,3.0,True,0.0,0.0,-2.0,1.0647368421052632,1.3828947368421052,1.175558026933359,0.4044419730666411,4d,4d,4.25,0.0
Spurs,prem,30.0,25-26-prem-liverpool-vs-tottenham-hotspur,2026-03-15 16:30:00+00:00,False,2026-03-05 20:00:00+00:00,prem,9.854166666666666,9.854166666666666,Liverpool,1.18,1.7,1.0,1.0,False,1.0,0.0,0.0,1.0647368421052632,1.246842105263158,0.8564317205241483,0.32356827947585165,5+d,5+d,11.84375,-1.989583333333334
Spurs,prem,31.0,25-26-prem-tottenham-hotspur-vs-nottingham-forest,2026-03-22 14:15:00+00:00,True,2026-03-15 16:30:00+00:00,prem,6.90625,6.90625,Nott'm Forest,1.25,1.34,0.0,3.0,True,0.0,0.0,-3.0,1.0647368421052632,1.5063157894736843,1.280474623437973,-0.030474623437972914,5+d,5+d,7.010416666666667,-0.10416666666666696
Spurs,prem,32.0,25-26-prem-sunderland-vs-tottenham-hotspur,2026-04-12 13:00:00+00:00,False,2026-03-22 14:15:00+00:00,prem,20.947916666666668,20.947916666666668,Sunderland,0.84,1.33,0.0,1.0,False,0.0,0.0,-1.0,1.0647368421052632,1.4210526315789473,0.976093560749346,-0.13609356074934598,5+d,5+d,21.041666666666668,-0.09375
Spurs,prem,33.0,25-26-prem-tottenham-hotspur-vs-brighton-hove-albion,2026-04-18 16:30:00+00:00,True,2026-04-12 13:00:00+00:00,prem,6.145833333333333,6.145833333333333,Brighton,1.09,0.82,2.0,2.0,True,1.0,0.0,0.0,1.0647368421052632,1.2984210526315791,1.1037494395602654,-0.013749439560265309,5+d,5+d,7.104166666666667,-0.9583333333333339
Spurs,prem,34.0,25-26-prem-wolverhampton-wanderers-vs-tottenham-hotspur,2026-04-25 14:00:00+00:00,False,2026-04-18 16:30:00+00:00,prem,6.895833333333333,6.895833333333333,Wolves,0.92,0.7,1.0,0.0,False,3.0,1.0,1.0,1.0647368421052632,1.5355263157894736,1.05472331980971,-0.13472331980970986,5+d,5+d,7.0,-0.10416666666666696
Spurs,prem,35.0,25-26-prem-aston-villa-vs-tottenham-hotspur,2026-05-03 18:00:00+00:00,False,2026-04-25 14:00:00+00:00,prem,8.166666666666666,8.166666666666666,Aston Villa,0.99,0.32,2.0,1.0,False,3.0,1.0,1.0,1.0647368421052632,1.403421052631579,0.9639827702733819,0.02601722972661813,5+d,5+d,8.270833333333334,-0.10416666666666785
Spurs,prem,36.0,25-26-prem-tottenham-hotspur-vs-leeds-united,2026-05-11 19:00:00+00:00,True,2026-05-03 18:00:00+00:00,prem,8.041666666666666,8.041666666666666,Leeds,1.27,1.34,1.0,1.0,True,1.0,0.0,0.0,1.0647368421052632,1.4621052631578948,1.2428925590184101,0.027107440981589903,5+d,5+d,10.0,-1.958333333333334
Spurs,prem,37.0,25-26-prem-chelsea-vs-tottenham-hotspur,2026-05-19 19:15:00+00:00,False,2026-05-11 19:00:00+00:00,prem,8.010416666666666,8.010416666666666,Chelsea,1.27,0.63,1.0,2.0,False,0.0,0.0,-1.0,1.0647368421052632,1.3665789473684211,0.9386766409206211,0.33132335907937893,5+d,5+d,10.322916666666666,-2.3125
Spurs,prem,38.0,25-26-prem-tottenham-hotspur-vs-everton,2026-05-24 15:00:00+00:00,True,2026-05-19 19:15:00+00:00,prem,4.822916666666667,4.822916666666667,Everton,1.15,0.41,1.0,0.0,True,3.0,1.0,1.0,1.0647368421052632,1.4907894736842104,1.2672761603382454,-0.1172761603382455,5+d,5+d,7.041666666666667,-2.21875
Sunderland,prem,1.0,25-26-prem-sunderland-vs-west-ham-united,2025-08-16 14:00:00+00:00,True,,,,,West Ham,0.75,0.56,3.0,0.0,True,3.0,1.0,3.0,1.0221052631578948,1.5681578947368422,1.2796702665876214,-0.5296702665876214,,,,
Sunderland,prem,2.0,25-26-prem-burnley-vs-sunderland,2025-08-23 14:00:00+00:00,False,2025-08-16 14:00:00+00:00,prem,7.0,7.0,Burnley,0.77,1.0,0.0,2.0,False,0.0,0.0,-2.0,1.0221052631578948,1.9947368421052631,1.3152861177854893,-0.5452861177854893,5+d,5+d,7.0,0.0
Sunderland,prem,3.0,25-26-prem-sunderland-vs-brentford,2025-08-30 14:00:00+00:00,True,2025-08-26 18:45:00+00:00,efl-cup,3.8020833333333335,7.0,Brentford,1.54,1.2,2.0,1.0,True,3.0,1.0,1.0,1.0221052631578948,1.4205263157894739,1.159197868608824,0.380802131391176,4d,5+d,3.8020833333333335,0.0
Sunderland,prem,4.0,25-26-prem-crystal-palace-vs-sunderland,2025-09-13 14:00:00+00:00,False,2025-08-30 14:00:00+00:00,prem,14.0,14.0,Crystal Palace,0.36,1.77,0.0,0.0,False,1.0,0.0,0.0,1.0221052631578948,1.3828947368421052,0.9118507320531327,-0.5518507320531327,5+d,5+d,12.833333333333334,1.166666666666666
Sunderland,prem,5.0,25-26-prem-sunderland-vs-aston-villa,2025-09-21 13:00:00+00:00,True,2025-09-13 14:00:00+00:00,prem,7.958333333333333,7.958333333333333,Aston Villa,1.04,0.78,1.0,1.0,True,1.0,0.0,0.0,1.0221052631578948,1.403421052631579,1.1452393911246495,-0.10523939112464942,5+d,5+d,4.75,3.208333333333333
Sunderland,prem,6.0,25-26-prem-nottingham-forest-vs-sunderland,2025-09-27 16:30:00+00:00,False,2025-09-21 13:00:00+00:00,prem,6.145833333333333,6.145833333333333,Nott'm Forest,1.66,1.68,1.0,0.0,False,3.0,1.0,1.0,1.0221052631578948,1.5063157894736843,0.9932318915836599,0.66676810841634,5+d,5+d,2.8958333333333335,3.2499999999999996
Sunderland,prem,7.0,25-26-prem-manchester-united-vs-sunderland,2025-10-04 14:00:00+00:00,False,2025-09-27 16:30:00+00:00,prem,6.895833333333333,6.895833333333333,Man Utd,0.71,1.84,0.0,2.0,False,0.0,0.0,-2.0,1.0221052631578948,1.2584210526315789,0.8297754901385502,-0.11977549013855027,5+d,5+d,7.104166666666667,-0.20833333333333393
Sunderland,prem,8.0,25-26-prem-sunderland-vs-wolverhampton-wanderers,2025-10-18 14:00:00+00:00,True,2025-10-04 14:00:00+00:00,prem,14.0,14.0,Wolves,0.65,0.83,2.0,0.0,True,3.0,1.0,2.0,1.0221052631578948,1.5355263157894736,1.2530417864639656,-0.6030417864639656,5+d,5+d,13.041666666666666,0.9583333333333339
Sunderland,prem,9.0,25-26-prem-chelsea-vs-sunderland,2025-10-25 14:00:00+00:00,False,2025-10-18 14:00:00+00:00,prem,7.0,7.0,Chelsea,1.31,0.89,2.0,1.0,False,3.0,1.0,1.0,1.0221052631578948,1.3665789473684211,0.9010924551002699,0.40890754489973014,5+d,5+d,2.7916666666666665,4.208333333333334
Sunderland,prem,10.0,25-26-prem-sunderland-vs-everton,2025-11-03 20:00:00+00:00,True,2025-10-25 14:00:00+00:00,prem,9.25,9.25,Everton,1.22,0.89,1.0,1.0,True,1.0,0.0,0.0,1.0221052631578948,1.4907894736842104,1.2165349991976633,0.003465000802336693,5+d,5+d,8.145833333333334,1.104166666666666
Sunderland,prem,11.0,25-26-prem-sunderland-vs-arsenal,2025-11-08 17:30:00+00:00,True,2025-11-03 20:00:00+00:00,prem,4.895833333333333,4.895833333333333,Arsenal,0.44,1.91,2.0,2.0,True,1.0,0.0,0.0,1.0221052631578948,0.75,0.6120255512291863,-0.17202555122918634,5+d,5+d,3.9895833333333335,0.9062499999999996
Sunderland,prem,12.0,25-26-prem-fulham-vs-sunderland,2025-11-22 15:00:00+00:00,False,2025-11-08 17:30:00+00:00,prem,13.895833333333334,13.895833333333334,Fulham,0.17,2.16,0.0,1.0,False,0.0,0.0,-1.0,1.0221052631578948,1.3981578947368423,0.9219149266219401,-0.75191492662194,5+d,5+d,14.0,-0.10416666666666607
Sunderland,prem,13.0,25-26-prem-sunderland-vs-afc-bournemouth,2025-11-29 15:00:00+00:00,True,2025-11-22 15:00:00+00:00,prem,7.0,7.0,Bournemouth,1.28,1.7,3.0,2.0,True,3.0,1.0,1.0,1.0221052631578948,1.4813157894736841,1.208804150129505,0.07119584987049499,5+d,5+d,7.0,0.0
Sunderland,prem,14.0,25-26-prem-liverpool-vs-sunderland,2025-12-03 20:15:00+00:00,False,2025-11-29 15:00:00+00:00,prem,4.21875,4.21875,Liverpool,0.42,1.46,1.0,1.0,False,1.0,0.0,0.0,1.0221052631578948,1.246842105263158,0.822140583913938,-0.402140583913938,4d,4d,3.2569444444444446,0.9618055555555554
Sunderland,prem,15.0,25-26-prem-manchester-city-vs-sunderland,2025-12-06 15:00:00+00:00,False,2025-12-03 20:15:00+00:00,prem,2.78125,2.78125,Man City,0.74,2.31,0.0,3.0,False,0.0,0.0,-3.0,1.0221052631578948,1.1760526315789472,0.7754635435861941,-0.03546354358619408,3d,3d,3.8125,-1.03125
Sunderland,prem,16.0,25-26-prem-sunderland-vs-newcastle-united,2025-12-14 14:00:00+00:00,True,2025-12-06 15:00:00+00:00,prem,7.958333333333333,7.958333333333333,Newcastle,0.29,0.25,1.0,0.0,True,3.0,1.0,1.0,1.0221052631578948,1.351578947368421,1.1029344670572283,-0.8129344670572283,5+d,5+d,3.75,4.208333333333333
Sunderland,prem,17.0,25-26-prem-brighton-hove-albion-vs-sunderland,2025-12-20 15:00:00+00:00,False,2025-12-14 14:00:00+00:00,prem,6.041666666666667,6.041666666666667,Brighton,1.38,1.13,0.0,0.0,False,1.0,0.0,0.0,1.0221052631578948,1.2984210526315791,0.8561506207326657,0.5238493792673342,5+d,5+d,7.0,-0.958333333333333
Sunderland,prem,18.0,25-26-prem-sunderland-vs-leeds-united,2025-12-28 14:00:00+00:00,True,2025-12-20 15:00:00+00:00,prem,7.958333333333333,7.958333333333333,Leeds,0.65,2.03,1.0,1.0,True,1.0,0.0,0.0,1.0221052631578948,1.4621052631578948,1.1931277061857402,-0.5431277061857401,5+d,5+d,7.75,0.20833333333333304
Sunderland,prem,19.0,25-26-prem-sunderland-vs-manchester-city,2026-01-01 20:00:00+00:00,True,2025-12-28 14:00:00+00:00,prem,4.25,4.25,Man City,0.88,2.24,0.0,0.0,True,1.0,0.0,0.0,1.0221052631578948,1.1760526315789472,0.9596990134888538,-0.07969901348885378,4d,4d,5.3125,-1.0625
Sunderland,prem,20.0,25-26-prem-tottenham-hotspur-vs-sunderland,2026-01-04 15:00:00+00:00,False,2026-01-01 20:00:00+00:00,prem,2.7916666666666665,2.7916666666666665,Spurs,0.44,1.18,1.0,1.0,False,1.0,0.0,0.0,1.0221052631578948,1.355,0.8934575488756576,-0.45345754887565765,3d,3d,2.7916666666666665,0.0
Sunderland,prem,21.0,25-26-prem-brentford-vs-sunderland,2026-01-07 19:30:00+00:00,False,2026-01-04 15:00:00+00:00,prem,3.1875,3.1875,Brentford,1.72,3.24,0.0,3.0,False,0.0,0.0,-3.0,1.0221052631578948,1.4205263157894739,0.9366641772831231,0.7833358227168769,3d,3d,3.1875,0.0
Sunderland,prem,22.0,25-26-prem-sunderland-vs-crystal-palace,2026-01-17 15:00:00+00:00,True,2026-01-07 19:30:00+00:00,prem,9.8125,9.8125,Crystal Palace,1.71,0.61,2.0,1.0,True,3.0,1.0,1.0,1.0221052631578948,1.3828947368421052,1.12848921814364,0.5815107818563601,5+d,5+d,9.8125,0.0
Sunderland,prem,23.0,25-26-prem-west-ham-united-vs-sunderland,2026-01-24 12:30:00+00:00,False,2026-01-17 15:00:00+00:00,prem,6.895833333333333,6.895833333333333,West Ham,0.67,1.52,1.0,3.0,False,0.0,0.0,-2.0,1.0221052631578948,1.5681578947368422,1.0340092316469303,-0.3640092316469302,5+d,5+d,6.895833333333333,0.0
Sunderland,prem,24.0,25-26-prem-sunderland-vs-burnley,2026-02-02 20:00:00+00:00,True,2026-01-24 12:30:00+00:00,prem,9.3125,9.3125,Burnley,1.47,0.06,3.0,0.0,True,3.0,1.0,3.0,1.0221052631578948,1.9947368421052631,1.6277732204621869,-0.1577732204621869,5+d,5+d,9.208333333333334,0.10416666666666607
Sunderland,prem,25.0,25-26-prem-arsenal-vs-sunderland,2026-02-07 15:00:00+00:00,False,2026-02-02 20:00:00+00:00,prem,4.791666666666667,4.791666666666667,Arsenal,0.19,1.49,0.0,3.0,False,0.0,0.0,-3.0,1.0221052631578948,0.75,0.4945336986396629,-0.3045336986396629,5+d,5+d,3.7916666666666665,1.0000000000000004
Sunderland,prem,26.0,25-26-prem-sunderland-vs-liverpool,2026-02-11 20:15:00+00:00,True,2026-02-07 15:00:00+00:00,prem,4.21875,4.21875,Liverpool,0.63,2.53,0.0,1.0,True,0.0,0.0,-1.0,1.0221052631578948,1.246842105263158,1.0174656356925913,-0.3874656356925913,4d,4d,3.15625,1.0625
Sunderland,prem,27.0,25-26-prem-sunderland-vs-fulham,2026-02-22 14:00:00+00:00,True,2026-02-11 20:15:00+00:00,prem,10.739583333333334,10.739583333333334,Fulham,1.85,1.88,1.0,3.0,True,0.0,0.0,-2.0,1.0221052631578948,1.3981578947368423,1.1409444749756728,0.7090555250243273,5+d,5+d,10.770833333333334,-0.03125
Sunderland,prem,28.0,25-26-prem-afc-bournemouth-vs-sunderland,2026-02-28 12:30:00+00:00,False,2026-02-22 14:00:00+00:00,prem,5.9375,5.9375,Bournemouth,1.42,1.71,1.0,1.0,False,1.0,0.0,0.0,1.0221052631578948,1.4813157894736841,0.9767474349623376,0.4432525650376623,5+d,5+d,6.791666666666667,-0.854166666666667
Sunderland,prem,29.0,25-26-prem-leeds-united-vs-sunderland,2026-03-03 19:30:00+00:00,False,2026-02-28 12:30:00+00:00,prem,3.2916666666666665,3.2916666666666665,Leeds,0.86,1.15,1.0,0.0,False,3.0,1.0,1.0,1.0221052631578948,1.4621052631578948,0.9640804314533218,-0.1040804314533218,3d,3d,3.0833333333333335,0.20833333333333304
Sunderland,prem,30.0,25-26-prem-sunderland-vs-brighton-hove-albion,2026-03-14 15:00:00+00:00,True,2026-03-03 19:30:00+00:00,prem,10.8125,10.8125,Brighton,0.9,1.68,0.0,1.0,True,0.0,0.0,-1.0,1.0221052631578948,1.2984210526315791,1.0595558139525634,-0.15955581395256335,5+d,5+d,9.8125,1.0
Sunderland,prem,31.0,25-26-prem-newcastle-united-vs-sunderland,2026-03-22 12:00:00+00:00,False,2026-03-14 15:00:00+00:00,prem,7.875,7.875,Newcastle,2.45,1.27,2.0,1.0,False,3.0,1.0,1.0,1.0221052631578948,1.351578947368421,0.8912017811274766,1.5587982188725236,5+d,5+d,7.770833333333333,0.10416666666666696
Sunderland,prem,32.0,25-26-prem-sunderland-vs-tottenham-hotspur,2026-04-12 13:00:00+00:00,True,2026-03-22 12:00:00+00:00,prem,21.041666666666668,21.041666666666668,Spurs,1.33,0.84,1.0,0.0,True,3.0,1.0,1.0,1.0221052631578948,1.355,1.1057261625540633,0.22427383744593676,5+d,5+d,20.947916666666668,0.09375
Sunderland,prem,33.0,25-26-prem-aston-villa-vs-sunderland,2026-04-19 13:00:00+00:00,False,2026-04-12 13:00:00+00:00,prem,7.0,7.0,Aston Villa,1.73,2.84,3.0,4.0,False,0.0,0.0,-1.0,1.0221052631578948,1.403421052631579,0.9253853385422184,0.8046146614577816,5+d,5+d,7.0,0.0
Sunderland,prem,34.0,25-26-prem-sunderland-vs-nottingham-forest,2026-04-24 19:00:00+00:00,True,2026-04-19 13:00:00+00:00,prem,5.25,5.25,Nott'm Forest,0.7,1.1,0.0,5.0,True,0.0,0.0,-5.0,1.0221052631578948,1.5063157894736843,1.229205001837145,-0.529205001837145,5+d,5+d,5.25,0.0
Sunderland,prem,35.0,25-26-prem-wolverhampton-wanderers-vs-sunderland,2026-05-02 14:00:00+00:00,False,2026-04-24 19:00:00+00:00,prem,7.791666666666667,7.791666666666667,Wolves,0.66,1.72,1.0,1.0,False,1.0,0.0,0.0,1.0221052631578948,1.5355263157894736,1.0124926777412044,-0.3524926777412044,5+d,5+d,7.0,0.791666666666667
Sunderland,prem,36.0,25-26-prem-sunderland-vs-manchester-united,2026-05-09 14:00:00+00:00,True,2026-05-02 14:00:00+00:00,prem,7.0,7.0,Man Utd,1.25,0.62,0.0,0.0,True,1.0,0.0,0.0,1.0221052631578948,1.2584210526315789,1.02691445122034,0.22308554877965991,5+d,5+d,5.979166666666667,1.020833333333333
Sunderland,prem,37.0,25-26-prem-everton-vs-sunderland,2026-05-17 14:00:00+00:00,False,2026-05-09 14:00:00+00:00,prem,8.0,8.0,Everton,0.76,1.04,3.0,1.0,False,3.0,1.0,2.0,1.0221052631578948,1.4907894736842104,0.9829941764188386,-0.22299417641883856,5+d,5+d,7.041666666666667,0.958333333333333
Sunderland,prem,38.0,25-26-prem-sunderland-vs-chelsea,2026-05-24 15:00:00+00:00,True,2026-05-17 14:00:00+00:00,prem,7.041666666666667,7.041666666666667,Chelsea,1.84,0.89,2.0,1.0,True,3.0,1.0,1.0,1.0221052631578948,1.3665789473684211,1.115174978081812,0.724825021918188,5+d,5+d,4.822916666666667,2.21875
West Ham,prem,1.0,25-26-prem-sunderland-vs-west-ham-united,2025-08-16 14:00:00+00:00,False,,,,,Sunderland,0.56,0.75,0.0,3.0,False,0.0,0.0,-3.0,1.2242105263157894,1.4210526315789473,1.1222904707380024,-0.5622904707380023,,,,
West Ham,prem,2.0,25-26-prem-west-ham-united-vs-chelsea,2025-08-22 19:00:00+00:00,True,2025-08-16 14:00:00+00:00,prem,6.208333333333333,6.208333333333333,Chelsea,0.73,2.74,1.0,5.0,True,0.0,0.0,-4.0,1.2242105263157894,1.3665789473684211,1.3356833156633854,-0.6056833156633854,5+d,5+d,5.25,0.958333333333333
West Ham,prem,3.0,25-26-prem-nottingham-forest-vs-west-ham-united,2025-08-31 13:00:00+00:00,False,2025-08-26 18:30:00+00:00,efl-cup,4.770833333333333,8.75,Nott'm Forest,2.42,0.73,3.0,0.0,False,3.0,1.0,3.0,1.2242105263157894,1.5063157894736843,1.1896278989822824,1.2303721010177175,5+d,5+d,7.0,-2.229166666666667
West Ham,prem,4.0,25-26-prem-west-ham-united-vs-tottenham-hotspur,2025-09-13 16:30:00+00:00,True,2025-08-31 13:00:00+00:00,prem,13.145833333333334,13.145833333333334,Spurs,0.6,1.29,0.0,3.0,True,0.0,0.0,-3.0,1.2242105263157894,1.355,1.3243661452630024,-0.7243661452630025,5+d,5+d,14.104166666666666,-0.9583333333333321
West Ham,prem,5.0,25-26-prem-west-ham-united-vs-crystal-palace,2025-09-20 14:00:00+00:00,True,2025-09-13 16:30:00+00:00,prem,6.895833333333333,6.895833333333333,Crystal Palace,0.66,2.31,1.0,2.0,True,0.0,0.0,-1.0,1.2242105263157894,1.3828947368421052,1.3516302375911977,-0.6916302375911977,5+d,5+d,3.7916666666666665,3.1041666666666665
West Ham,prem,6.0,25-26-prem-everton-vs-west-ham-united,2025-09-29 19:00:00+00:00,False,2025-09-20 14:00:00+00:00,prem,9.208333333333334,9.208333333333334,Everton,1.19,0.73,1.0,1.0,False,1.0,0.0,0.0,1.2242105263157894,1.4907894736842104,1.1773658364316264,0.012634163568373546,5+d,5+d,6.010416666666667,3.197916666666667
West Ham,prem,7.0,25-26-prem-arsenal-vs-west-ham-united,2025-10-04 14:00:00+00:00,False,2025-09-29 19:00:00+00:00,prem,4.791666666666667,4.791666666666667,Arsenal,0.49,2.77,0.0,2.0,False,0.0,0.0,-2.0,1.2242105263157894,0.75,0.5923199706672789,-0.10231997066727894,5+d,5+d,2.7916666666666665,2.0000000000000004
West Ham,prem,8.0,25-26-prem-west-ham-united-vs-brentford,2025-10-20 19:00:00+00:00,True,2025-10-04 14:00:00+00:00,prem,16.208333333333332,16.208333333333332,Brentford,0.35,2.37,0.0,2.0,True,0.0,0.0,-2.0,1.2242105263157894,1.4205263157894739,1.3884110413924429,-1.0384110413924428,5+d,5+d,15.145833333333334,1.0624999999999982
West Ham,prem,9.0,25-26-prem-leeds-united-vs-west-ham-united,2025-10-24 19:00:00+00:00,False,2025-10-20 19:00:00+00:00,prem,4.0,4.0,Leeds,0.65,1.49,1.0,2.0,False,0.0,0.0,-1.0,1.2242105263157894,1.4621052631578948,1.1547121954482111,-0.5047121954482111,4d,4d,6.208333333333333,-2.208333333333333
West Ham,prem,10.0,25-26-prem-west-ham-united-vs-newcastle-united,2025-11-02 14:00:00+00:00,True,2025-10-24 19:00:00+00:00,prem,8.791666666666666,8.791666666666666,Newcastle,1.75,0.52,3.0,1.0,True,3.0,1.0,2.0,1.2242105263157894,1.351578947368421,1.3210224358265255,0.42897756417347455,5+d,5+d,3.75,5.041666666666666
West Ham,prem,11.0,25-26-prem-west-ham-united-vs-burnley,2025-11-08 15:00:00+00:00,True,2025-11-02 14:00:00+00:00,prem,6.041666666666667,6.041666666666667,Burnley,3.02,1.06,3.0,2.0,True,3.0,1.0,1.0,1.2242105263157894,1.9947368421052631,1.9496398098841636,1.0703601901158364,5+d,5+d,7.0,-0.958333333333333
West Ham,prem,12.0,25-26-prem-afc-bournemouth-vs-west-ham-united,2025-11-22 15:00:00+00:00,False,2025-11-08 15:00:00+00:00,prem,14.0,14.0,Bournemouth,0.65,4.05,2.0,2.0,False,1.0,0.0,0.0,1.2242105263157894,1.4813157894736841,1.1698838999600396,-0.5198838999600396,5+d,5+d,13.041666666666666,0.9583333333333339
West Ham,prem,13.0,25-26-prem-west-ham-united-vs-liverpool,2025-11-30 14:05:00+00:00,True,2025-11-22 15:00:00+00:00,prem,7.961805555555555,7.961805555555555,Liverpool,0.29,1.24,0.0,2.0,True,0.0,0.0,-2.0,1.2242105263157894,1.246842105263158,1.2186534853866977,-0.9286534853866977,5+d,5+d,3.7534722222222223,4.208333333333333
West Ham,prem,14.0,25-26-prem-manchester-united-vs-west-ham-united,2025-12-04 20:00:00+00:00,False,2025-11-30 14:05:00+00:00,prem,4.246527777777778,4.246527777777778,Man Utd,0.79,1.8,1.0,1.0,False,1.0,0.0,0.0,1.2242105263157894,1.2584210526315789,0.9938505613090975,-0.2038505613090975,4d,4d,4.333333333333333,-0.08680555555555536
West Ham,prem,15.0,25-26-prem-brighton-hove-albion-vs-west-ham-united,2025-12-07 14:00:00+00:00,False,2025-12-04 20:00:00+00:00,prem,2.75,2.75,Brighton,1.14,1.87,1.0,1.0,False,1.0,0.0,0.0,1.2242105263157894,1.2984210526315791,1.0254409597446856,0.11455904025531427,3d,3d,3.7708333333333335,-1.0208333333333335
West Ham,prem,16.0,25-26-prem-west-ham-united-vs-aston-villa,2025-12-14 14:00:00+00:00,True,2025-12-07 14:00:00+00:00,prem,7.0,7.0,Aston Villa,1.04,0.62,2.0,3.0,True,0.0,0.0,-1.0,1.2242105263157894,1.403421052631579,1.3716924942100586,-0.33169249421005853,5+d,5+d,2.75,4.25
West Ham,prem,17.0,25-26-prem-manchester-city-vs-west-ham-united,2025-12-20 15:00:00+00:00,False,2025-12-14 14:00:00+00:00,prem,6.041666666666667,6.041666666666667,Man City,0.99,2.43,0.0,3.0,False,0.0,0.0,-3.0,1.2242105263157894,1.1760526315789472,0.9287992803200242,0.06120071967997576,5+d,5+d,2.8125,3.229166666666667
West Ham,prem,18.0,25-26-prem-west-ham-united-vs-fulham,2025-12-27 15:00:00+00:00,True,2025-12-20 15:00:00+00:00,prem,7.0,7.0,Fulham,0.89,1.27,0.0,1.0,True,0.0,0.0,-1.0,1.2242105263157894,1.3981578947368423,1.3665483258462483,-0.4765483258462483,5+d,5+d,4.791666666666667,2.208333333333333
West Ham,prem,19.0,25-26-prem-west-ham-united-vs-brighton-hove-albion,2025-12-30 19:30:00+00:00,True,2025-12-27 15:00:00+00:00,prem,3.1875,3.1875,Brighton,2.12,2.85,2.0,2.0,True,1.0,0.0,0.0,1.2242105263157894,1.2984210526315791,1.2690663353520402,0.8509336646479599,3d,3d,3.1875,0.0
West Ham,prem,20.0,25-26-prem-wolverhampton-wanderers-vs-west-ham-united,2026-01-03 15:00:00+00:00,False,2025-12-30 19:30:00+00:00,prem,3.8125,3.8125,Wolves,0.25,1.87,0.0,3.0,False,0.0,0.0,-3.0,1.2242105263157894,1.5355263157894736,1.2126972031030079,-0.9626972031030079,4d,4d,3.78125,0.03125
West Ham,prem,21.0,25-26-prem-west-ham-united-vs-nottingham-forest,2026-01-06 20:00:00+00:00,True,2026-01-03 15:00:00+00:00,prem,3.2083333333333335,3.2083333333333335,Nott'm Forest,0.95,1.38,1.0,2.0,True,0.0,0.0,-1.0,1.2242105263157894,1.5063157894736843,1.4722609857225533,-0.5222609857225533,3d,3d,3.3125,-0.10416666666666652
West Ham,prem,22.0,25-26-prem-tottenham-hotspur-vs-west-ham-united,2026-01-17 15:00:00+00:00,False,2026-01-06 20:00:00+00:00,prem,10.791666666666666,10.791666666666666,Spurs,2.85,1.44,2.0,1.0,False,3.0,1.0,1.0,1.2242105263157894,1.355,1.0701247470055506,1.7798752529944495,5+d,5+d,9.8125,0.9791666666666661
West Ham,prem,23.0,25-26-prem-west-ham-united-vs-sunderland,2026-01-24 12:30:00+00:00,True,2026-01-17 15:00:00+00:00,prem,6.895833333333333,6.895833333333333,Sunderland,1.52,0.67,3.0,1.0,True,3.0,1.0,2.0,1.2242105263157894,1.4210526315789473,1.3889254582288237,0.13107454177117628,5+d,5+d,6.895833333333333,0.0
West Ham,prem,24.0,25-26-prem-chelsea-vs-west-ham-united,2026-01-31 17:30:00+00:00,False,2026-01-24 12:30:00+00:00,prem,7.208333333333333,7.208333333333333,Chelsea,1.12,2.7,2.0,3.0,False,0.0,0.0,-1.0,1.2242105263157894,1.3665789473684211,1.0792693360263788,0.04073066397362135,5+d,5+d,2.8958333333333335,4.3125
West Ham,prem,25.0,25-26-prem-burnley-vs-west-ham-united,2026-02-07 15:00:00+00:00,False,2026-01-31 17:30:00+00:00,prem,6.895833333333333,6.895833333333333,Burnley,1.02,1.34,2.0,0.0,False,3.0,1.0,2.0,1.2242105263157894,1.9947368421052631,1.5753632904063068,-0.5553632904063068,5+d,5+d,4.791666666666667,2.104166666666666
West Ham,prem,26.0,25-26-prem-west-ham-united-vs-manchester-united,2026-02-10 20:15:00+00:00,True,2026-02-07 15:00:00+00:00,prem,3.21875,3.21875,Man Utd,1.11,0.57,1.0,1.0,True,1.0,0.0,0.0,1.2242105263157894,1.2584210526315789,1.2299706557870806,-0.11997065578708055,3d,3d,3.3229166666666665,-0.10416666666666652
West Ham,prem,27.0,25-26-prem-west-ham-united-vs-afc-bournemouth,2026-02-21 17:30:00+00:00,True,2026-02-10 20:15:00+00:00,prem,10.885416666666666,10.885416666666666,Bournemouth,3.27,0.65,0.0,0.0,True,1.0,0.0,0.0,1.2242105263157894,1.4813157894736841,1.4478261859944535,1.8221738140055466,5+d,5+d,10.916666666666666,-0.03125
West Ham,prem,28.0,25-26-prem-liverpool-vs-west-ham-united,2026-02-28 15:00:00+00:00,False,2026-02-21 17:30:00+00:00,prem,6.895833333333333,6.895833333333333,Liverpool,1.86,1.84,2.0,5.0,False,0.0,0.0,-3.0,1.2242105263157894,1.246842105263158,0.9847059722882694,0.8752940277117307,5+d,5+d,6.041666666666667,0.8541666666666661
West Ham,prem,29.0,25-26-prem-fulham-vs-west-ham-united,2026-03-04 19:30:00+00:00,False,2026-02-28 15:00:00+00:00,prem,4.1875,4.1875,Fulham,1.09,0.89,1.0,0.0,False,3.0,1.0,1.0,1.2242105263157894,1.3981578947368423,1.1042091242650012,-0.014209124265001094,4d,4d,3.2291666666666665,0.9583333333333335
West Ham,prem,30.0,25-26-prem-west-ham-united-vs-manchester-city,2026-03-14 20:00:00+00:00,True,2026-03-04 19:30:00+00:00,prem,10.020833333333334,10.020833333333334,Man City,0.54,2.12,1.0,1.0,True,1.0,0.0,0.0,1.2242105263157894,1.1760526315789472,1.1494644208934466,-0.6094644208934465,5+d,5+d,10.020833333333334,0.0
West Ham,prem,31.0,25-26-prem-aston-villa-vs-west-ham-united,2026-03-22 14:15:00+00:00,False,2026-03-14 20:00:00+00:00,prem,7.760416666666667,7.760416666666667,Aston Villa,0.85,1.69,0.0,2.0,False,0.0,0.0,-2.0,1.2242105263157894,1.403421052631579,1.1083657556381046,-0.2583657556381046,5+d,5+d,7.010416666666667,0.75
West Ham,prem,32.0,25-26-prem-west-ham-united-vs-wolverhampton-wanderers,2026-04-10 19:00:00+00:00,True,2026-03-22 14:15:00+00:00,prem,19.197916666666668,19.197916666666668,Wolves,2.35,0.59,4.0,0.0,True,3.0,1.0,4.0,1.2242105263157894,1.5355263157894736,1.5008111201417011,0.8491888798582989,5+d,5+d,24.958333333333332,-5.760416666666664
West Ham,prem,33.0,25-26-prem-crystal-palace-vs-west-ham-united,2026-04-20 19:00:00+00:00,False,2026-04-10 19:00:00+00:00,prem,10.0,10.0,Crystal Palace,0.61,0.73,0.0,0.0,False,1.0,0.0,0.0,1.2242105263157894,1.3828947368421052,1.0921548932830003,-0.4821548932830003,5+d,5+d,8.25,1.75
West Ham,prem,34.0,25-26-prem-west-ham-united-vs-everton,2026-04-25 14:00:00+00:00,True,2026-04-20 19:00:00+00:00,prem,4.791666666666667,4.791666666666667,Everton,1.17,1.45,2.0,1.0,True,3.0,1.0,1.0,1.2242105263157894,1.4907894736842104,1.4570856890493122,-0.2870856890493123,5+d,5+d,6.041666666666667,-1.25
West Ham,prem,35.0,25-26-prem-brentford-vs-west-ham-united,2026-05-02 14:00:00+00:00,False,2026-04-25 14:00:00+00:00,prem,7.0,7.0,Brentford,0.92,2.27,0.0,3.0,False,0.0,0.0,-3.0,1.2242105263157894,1.4205263157894739,1.121874807600692,-0.20187480760069187,5+d,5+d,4.791666666666667,2.208333333333333
West Ham,prem,36.0,25-26-prem-west-ham-united-vs-arsenal,2026-05-10 15:30:00+00:00,True,2026-05-02 14:00:00+00:00,prem,8.0625,8.0625,Arsenal,1.15,1.18,0.0,1.0,True,0.0,0.0,-1.0,1.2242105263157894,0.75,0.7330439918429903,0.4169560081570096,5+d,5+d,7.958333333333333,0.10416666666666696
West Ham,prem,37.0,25-26-prem-newcastle-united-vs-west-ham-united,2026-05-17 16:30:00+00:00,False,2026-05-10 15:30:00+00:00,prem,7.041666666666667,7.041666666666667,Newcastle,0.95,1.73,1.0,3.0,False,0.0,0.0,-2.0,1.2242105263157894,1.351578947368421,1.067422936613033,-0.11742293661303305,5+d,5+d,7.145833333333333,-0.10416666666666607
West Ham,prem,38.0,25-26-prem-west-ham-united-vs-leeds-united,2026-05-24 15:00:00+00:00,True,2026-05-17 16:30:00+00:00,prem,6.9375,6.9375,Leeds,2.61,1.59,3.0,0.0,True,3.0,1.0,3.0,1.2242105263157894,1.4621052631578948,1.4290499714665454,1.1809500285334544,5+d,5+d,7.041666666666667,-0.10416666666666696
Wolves,prem,1.0,25-26-prem-wolverhampton-wanderers-vs-manchester-city,2025-08-16 16:30:00+00:00,True,,,,,Man City,0.56,2.47,0.0,4.0,True,0.0,0.0,-4.0,0.9299999999999999,1.1760526315789472,0.873217382510198,-0.31321738251019793,,,,
Wolves,prem,2.0,25-26-prem-afc-bournemouth-vs-wolverhampton-wanderers,2025-08-23 14:00:00+00:00,False,2025-08-16 16:30:00+00:00,prem,6.895833333333333,6.895833333333333,Bournemouth,0.46,1.29,0.0,1.0,False,0.0,0.0,-1.0,0.9299999999999999,1.4813157894736841,0.8887295147159887,-0.4287295147159887,5+d,5+d,7.791666666666667,-0.8958333333333339
Wolves,prem,3.0,25-26-prem-wolverhampton-wanderers-vs-everton,2025-08-30 14:00:00+00:00,True,2025-08-26 18:30:00+00:00,efl-cup,3.8125,7.0,Everton,1.11,1.93,2.0,3.0,True,0.0,0.0,-1.0,0.9299999999999999,1.4907894736842104,1.1069090337704792,0.003090966229520875,4d,5+d,2.8020833333333335,1.0104166666666665
Wolves,prem,4.0,25-26-prem-newcastle-united-vs-wolverhampton-wanderers,2025-09-13 14:00:00+00:00,False,2025-08-30 14:00:00+00:00,prem,14.0,14.0,Newcastle,0.5,1.55,0.0,1.0,False,0.0,0.0,-1.0,0.9299999999999999,1.351578947368421,0.8108926607890067,-0.3108926607890067,5+d,5+d,13.895833333333334,0.10416666666666607
Wolves,prem,5.0,25-26-prem-wolverhampton-wanderers-vs-leeds-united,2025-09-20 14:00:00+00:00,True,2025-09-13 14:00:00+00:00,prem,7.0,7.0,Leeds,1.78,0.48,1.0,3.0,True,0.0,0.0,-2.0,0.9299999999999999,1.4621052631578948,1.085611048831206,0.694388951168794,5+d,5+d,7.0,0.0
Wolves,prem,6.0,25-26-prem-tottenham-hotspur-vs-wolverhampton-wanderers,2025-09-27 19:00:00+00:00,False,2025-09-23 18:45:00+00:00,efl-cup,4.010416666666667,7.208333333333333,Spurs,1.15,0.87,1.0,1.0,False,1.0,0.0,0.0,0.9299999999999999,1.355,0.8129451538945863,0.3370548461054136,4d,5+d,3.0104166666666665,1.0000000000000004
Wolves,prem,7.0,25-26-prem-wolverhampton-wanderers-vs-brighton-hove-albion,2025-10-05 13:00:00+00:00,True,2025-09-27 19:00:00+00:00,prem,7.75,7.75,Brighton,0.56,0.92,1.0,1.0,True,1.0,0.0,0.0,0.9299999999999999,1.2984210526315791,0.9640757586272809,-0.40407575862728085,5+d,5+d,7.958333333333333,-0.20833333333333304
Wolves,prem,8.0,25-26-prem-sunderland-vs-wolverhampton-wanderers,2025-10-18 14:00:00+00:00,False,2025-10-05 13:00:00+00:00,prem,13.041666666666666,13.041666666666666,Sunderland,0.83,0.65,0.0,2.0,False,0.0,0.0,-2.0,0.9299999999999999,1.4210526315789473,0.8525740592407781,-0.022574059240778155,5+d,5+d,14.0,-0.9583333333333339
Wolves,prem,9.0,25-26-prem-wolverhampton-wanderers-vs-burnley,2025-10-26 14:00:00+00:00,True,2025-10-18 14:00:00+00:00,prem,8.0,8.0,Burnley,2.28,1.43,2.0,3.0,True,0.0,0.0,-1.0,0.9299999999999999,1.9947368421052631,1.4810892278870667,0.7989107721129332,5+d,5+d,8.0,0.0
Wolves,prem,10.0,25-26-prem-fulham-vs-wolverhampton-wanderers,2025-11-01 15:00:00+00:00,False,2025-10-29 19:45:00+00:00,efl-cup,2.8020833333333335,6.041666666666667,Fulham,0.24,1.39,0.0,3.0,False,0.0,0.0,-3.0,0.9299999999999999,1.3981578947368423,0.8388381438418989,-0.5988381438418989,3d,5+d,3.8020833333333335,-1.0
Wolves,prem,11.0,25-26-prem-chelsea-vs-wolverhampton-wanderers,2025-11-08 20:00:00+00:00,False,2025-11-01 15:00:00+00:00,prem,7.208333333333333,7.208333333333333,Chelsea,0.17,3.31,0.0,3.0,False,0.0,0.0,-3.0,0.9299999999999999,1.3665789473684211,0.8198920536365484,-0.6498920536365483,5+d,5+d,3.09375,4.114583333333333
Wolves,prem,12.0,25-26-prem-wolverhampton-wanderers-vs-crystal-palace,2025-11-22 15:00:00+00:00,True,2025-11-08 20:00:00+00:00,prem,13.791666666666666,13.791666666666666,Crystal Palace,1.79,1.27,0.0,2.0,True,0.0,0.0,-2.0,0.9299999999999999,1.3828947368421052,1.0267973473016538,0.7632026526983462,5+d,5+d,13.041666666666666,0.75
Wolves,prem,13.0,25-26-prem-aston-villa-vs-wolverhampton-wanderers,2025-11-30 14:05:00+00:00,False,2025-11-22 15:00:00+00:00,prem,7.961805555555555,7.961805555555555,Aston Villa,0.49,0.94,0.0,1.0,False,0.0,0.0,-1.0,0.9299999999999999,1.403421052631579,0.8419958255427905,-0.3519958255427905,5+d,5+d,2.8472222222222223,5.114583333333333
Wolves,prem,14.0,25-26-prem-wolverhampton-wanderers-vs-nottingham-forest,2025-12-03 19:30:00+00:00,True,2025-11-30 14:05:00+00:00,prem,3.2256944444444446,3.2256944444444446,Nott'm Forest,0.72,0.78,0.0,1.0,True,0.0,0.0,-1.0,0.9299999999999999,1.5063157894736843,1.1184373008477004,-0.39843730084770046,3d,3d,3.2256944444444446,0.0
Wolves,prem,15.0,25-26-prem-wolverhampton-wanderers-vs-manchester-united,2025-12-08 20:00:00+00:00,True,2025-12-03 19:30:00+00:00,prem,5.020833333333333,5.020833333333333,Man Utd,0.41,4.1,1.0,4.0,True,0.0,0.0,-3.0,0.9299999999999999,1.2584210526315789,0.9343758163266428,-0.5243758163266428,5+d,5+d,4.0,1.020833333333333
Wolves,prem,16.0,25-26-prem-arsenal-vs-wolverhampton-wanderers,2025-12-13 20:00:00+00:00,False,2025-12-08 20:00:00+00:00,prem,5.0,5.0,Arsenal,0.38,1.02,1.0,2.0,False,0.0,0.0,-1.0,0.9299999999999999,0.75,0.4499696423770773,-0.06996964237707731,5+d,5+d,3.0,2.0
Wolves,prem,17.0,25-26-prem-wolverhampton-wanderers-vs-brentford,2025-12-20 15:00:00+00:00,True,2025-12-13 20:00:00+00:00,prem,6.791666666666667,6.791666666666667,Brentford,1.29,1.28,0.0,2.0,True,0.0,0.0,-2.0,0.9299999999999999,1.4205263157894739,1.0547387403871225,0.23526125961287758,5+d,5+d,2.8125,3.979166666666667
Wolves,prem,18.0,25-26-prem-liverpool-vs-wolverhampton-wanderers,2025-12-27 15:00:00+00:00,False,2025-12-20 15:00:00+00:00,prem,7.0,7.0,Liverpool,1.07,1.54,1.0,2.0,False,0.0,0.0,-1.0,0.9299999999999999,1.246842105263158,0.7480547949412604,0.3219452050587397,5+d,5+d,6.895833333333333,0.10416666666666696
Wolves,prem,19.0,25-26-prem-manchester-united-vs-wolverhampton-wanderers,2025-12-30 20:15:00+00:00,False,2025-12-27 15:00:00+00:00,prem,3.21875,3.21875,Man Utd,1.02,0.81,1.0,1.0,False,1.0,0.0,0.0,0.9299999999999999,1.2584210526315789,0.7550016946832223,0.2649983053167777,3d,3d,4.010416666666667,-0.791666666666667
Wolves,prem,20.0,25-26-prem-wolverhampton-wanderers-vs-west-ham-united,2026-01-03 15:00:00+00:00,True,2025-12-30 20:15:00+00:00,prem,3.78125,3.78125,West Ham,1.87,0.25,3.0,0.0,True,3.0,1.0,3.0,0.9299999999999999,1.5681578947368422,1.1643549747993445,0.7056450252006556,4d,4d,3.8125,-0.03125
Wolves,prem,21.0,25-26-prem-everton-vs-wolverhampton-wanderers,2026-01-07 19:30:00+00:00,False,2026-01-03 15:00:00+00:00,prem,4.1875,4.1875,Everton,0.73,0.89,1.0,1.0,False,1.0,0.0,0.0,0.9299999999999999,1.4907894736842104,0.894413341777594,-0.16441334177759404,4d,4d,3.1875,1.0
Wolves,prem,22.0,25-26-prem-wolverhampton-wanderers-vs-newcastle-united,2026-01-18 14:00:00+00:00,True,2026-01-07 19:30:00+00:00,prem,10.770833333333334,10.770833333333334,Newcastle,0.29,0.94,0.0,0.0,True,1.0,0.0,0.0,0.9299999999999999,1.351578947368421,1.0035454187899702,-0.7135454187899701,5+d,5+d,4.75,6.020833333333334
Wolves,prem,23.0,25-26-prem-manchester-city-vs-wolverhampton-wanderers,2026-01-24 15:00:00+00:00,False,2026-01-18 14:00:00+00:00,prem,6.041666666666667,6.041666666666667,Man City,0.61,0.86,0.0,2.0,False,0.0,0.0,-2.0,0.9299999999999999,1.1760526315789472,0.7055839760642661,-0.09558397606426616,5+d,5+d,3.8854166666666665,2.1562500000000004
Wolves,prem,24.0,25-26-prem-wolverhampton-wanderers-vs-afc-bournemouth,2026-01-31 15:00:00+00:00,True,2026-01-24 15:00:00+00:00,prem,7.0,7.0,Bournemouth,1.38,1.36,0.0,2.0,True,0.0,0.0,-2.0,0.9299999999999999,1.4813157894736841,1.0998748369098017,0.2801251630901982,5+d,5+d,6.895833333333333,0.10416666666666696
Wolves,prem,25.0,25-26-prem-wolverhampton-wanderers-vs-chelsea,2026-02-07 15:00:00+00:00,True,2026-01-31 15:00:00+00:00,prem,7.0,7.0,Chelsea,1.06,3.44,1.0,3.0,True,0.0,0.0,-2.0,0.9299999999999999,1.3665789473684211,1.0146828971527095,0.045317102847290514,5+d,5+d,3.7916666666666665,3.2083333333333335
Wolves,prem,26.0,25-26-prem-nottingham-forest-vs-wolverhampton-wanderers,2026-02-11 19:30:00+00:00,False,2026-02-07 15:00:00+00:00,prem,4.1875,4.1875,Nott'm Forest,0.42,2.55,0.0,0.0,False,1.0,0.0,0.0,0.9299999999999999,1.5063157894736843,0.9037285027952248,-0.4837285027952248,4d,4d,4.979166666666667,-0.791666666666667
Wolves,prem,26.0,25-26-prem-wolverhampton-wanderers-vs-arsenal,2026-02-18 20:00:00+00:00,True,2026-02-11 19:30:00+00:00,prem,7.020833333333333,7.020833333333333,Arsenal,0.29,1.6,2.0,2.0,True,1.0,0.0,0.0,0.9299999999999999,0.75,0.5568739181369577,-0.26687391813695777,5+d,5+d,6.0,1.020833333333333
Wolves,prem,27.0,25-26-prem-crystal-palace-vs-wolverhampton-wanderers,2026-02-22 14:00:00+00:00,False,2026-02-18 20:00:00+00:00,prem,3.75,3.75,Crystal Palace,1.63,2.0,0.0,1.0,False,0.0,0.0,-1.0,0.9299999999999999,1.3828947368421052,0.8296808669093128,0.8003191330906871,4d,4d,10.76388888888889,-7.013888888888889
Wolves,prem,28.0,25-26-prem-wolverhampton-wanderers-vs-aston-villa,2026-02-27 20:00:00+00:00,True,2026-02-22 14:00:00+00:00,prem,5.25,5.25,Aston Villa,0.86,1.03,2.0,0.0,True,3.0,1.0,2.0,0.9299999999999999,1.403421052631579,1.0420381071664546,-0.18203810716645463,5+d,5+d,6.208333333333333,-0.958333333333333
Wolves,prem,29.0,25-26-prem-wolverhampton-wanderers-vs-liverpool,2026-03-03 20:15:00+00:00,True,2026-02-27 20:00:00+00:00,prem,4.010416666666667,4.010416666666667,Liverpool,0.44,1.9,2.0,1.0,True,3.0,1.0,1.0,0.9299999999999999,1.246842105263158,0.9257784646080371,-0.48577846460803714,4d,4d,3.21875,0.791666666666667
Wolves,prem,30.0,25-26-prem-brentford-vs-wolverhampton-wanderers,2026-03-16 20:00:00+00:00,False,2026-03-03 20:15:00+00:00,prem,12.989583333333334,12.989583333333334,Brentford,1.39,2.56,2.0,2.0,False,1.0,0.0,0.0,0.9299999999999999,1.4205263157894739,0.8522582910706891,0.5377417089293108,5+d,5+d,13.020833333333334,-0.03125
Wolves,prem,32.0,25-26-prem-west-ham-united-vs-wolverhampton-wanderers,2026-04-10 19:00:00+00:00,False,2026-03-16 20:00:00+00:00,prem,24.958333333333332,24.958333333333332,West Ham,0.59,2.35,0.0,4.0,False,0.0,0.0,-4.0,0.9299999999999999,1.5681578947368422,0.9408312627807032,-0.3508312627807032,5+d,5+d,19.197916666666668,5.760416666666664
Wolves,prem,33.0,25-26-prem-leeds-united-vs-wolverhampton-wanderers,2026-04-18 14:00:00+00:00,False,2026-04-10 19:00:00+00:00,prem,7.791666666666667,7.791666666666667,Leeds,0.57,2.82,0.0,3.0,False,0.0,0.0,-3.0,0.9299999999999999,1.4621052631578948,0.8772039765077339,-0.3072039765077339,5+d,5+d,4.791666666666667,3.0
Wolves,prem,34.0,25-26-prem-wolverhampton-wanderers-vs-tottenham-hotspur,2026-04-25 14:00:00+00:00,True,2026-04-18 14:00:00+00:00,prem,7.0,7.0,Spurs,0.7,0.92,0.0,1.0,True,0.0,0.0,-1.0,0.9299999999999999,1.355,1.0060855454341038,-0.3060855454341038,5+d,5+d,6.895833333333333,0.10416666666666696
Wolves,prem,35.0,25-26-prem-wolverhampton-wanderers-vs-sunderland,2026-05-02 14:00:00+00:00,True,2026-04-25 14:00:00+00:00,prem,7.0,7.0,Sunderland,1.72,0.66,1.0,1.0,True,1.0,0.0,0.0,0.9299999999999999,1.4210526315789473,1.0551295291016043,0.6648704708983957,5+d,5+d,7.791666666666667,-0.791666666666667
Wolves,prem,36.0,25-26-prem-brighton-hove-albion-vs-wolverhampton-wanderers,2026-05-09 14:00:00+00:00,False,2026-05-02 14:00:00+00:00,prem,7.0,7.0,Brighton,0.49,1.62,0.0,3.0,False,0.0,0.0,-3.0,0.9299999999999999,1.2984210526315791,0.7790000756100001,-0.2890000756100001,5+d,5+d,7.0,0.0
Wolves,prem,37.0,25-26-prem-wolverhampton-wanderers-vs-fulham,2026-05-17 14:00:00+00:00,True,2026-05-09 14:00:00+00:00,prem,8.0,8.0,Fulham,1.4,1.59,1.0,1.0,True,1.0,0.0,0.0,0.9299999999999999,1.3981578947368423,1.038130220021634,0.3618697799783659,5+d,5+d,8.0,0.0
Wolves,prem,38.0,25-26-prem-burnley-vs-wolverhampton-wanderers,2026-05-24 15:00:00+00:00,False,2026-05-17 14:00:00+00:00,prem,7.041666666666667,7.041666666666667,Burnley,2.09,0.98,1.0,1.0,False,1.0,0.0,0.0,0.9299999999999999,1.9947368421052631,1.196761364637981,0.8932386353620188,5+d,5+d,5.833333333333333,1.208333333333334
