player_code,season,x,nx,pos,si,y,ny,pos_pred,w,player_pred,flat90,delta_vs_pos
1632,2016-17,81.0909090909091,22,MID,0,86.55,20,83.1,0.7932186122041907,81.50635169729885,90.0,-1.5936483027011406
3773,2016-17,85.9090909090909,11,FWD,0,84.35714285714286,14,81.5,0.6573009993574788,84.39809986080343,90.0,2.898099860803427
7645,2016-17,89.68,25,DEF,0,89.17391304347827,23,87.5,0.8134021840999093,89.2732167613378,90.0,1.7732167613378067
7958,2016-17,89.78378378378379,37,FWD,0,77.0,10,81.5,0.8657987767774127,88.67208986708857,90.0,7.172089867088573
8380,2016-17,90.0,18,DEF,0,90.0,11,87.5,0.7583704151151263,89.3959260377878,90.0,1.8959260377878024
9089,2016-17,90.0,38,GK,0,90.0,37,89.9,0.8688672781338241,89.98688672781338,90.0,0.08688672781337914
9089,2017-18,90.0,37,GK,1,90.0,38,89.9,0.8657987767774127,89.98657987767774,90.0,0.08657987767773534
9089,2018-19,90.0,38,GK,2,90.0,38,89.9,0.8688672781338241,89.98688672781338,90.0,0.08688672781337914
11334,2016-17,90.0,34,GK,0,89.38235294117646,34,89.9,0.855666585386568,89.98556665853866,90.0,0.08556665853865297
11352,2017-18,87.95454545454545,22,DEF,1,85.07692307692308,13,87.5,0.7932186122041907,87.86055391463827,90.0,0.3605539146382739
12745,2016-17,89.48387096774194,31,DEF,0,89.66666666666667,21,87.5,0.8438794878379978,89.17414801619475,90.0,1.6741480161947493
13017,2016-17,86.06666666666666,15,FWD,0,81.95833333333333,24,81.5,0.7234109190985335,84.80357653054998,90.0,3.303576530549975
13152,2016-17,83.06666666666666,15,MID,0,84.9090909090909,11,83.1,0.7234109190985335,83.07588630269672,90.0,-0.02411369730327806
14295,2016-17,87.75,36,MID,0,85.88,25,83.1,0.8625832288761219,87.11101201427397,90.0,4.011012014273973
15033,2016-17,90.0,27,DEF,0,90.0,31,87.5,0.8248026562634164,89.56200664065855,90.0,2.062006640658552
15033,2017-18,90.0,31,DEF,1,87.45454545454545,22,87.5,0.8438794878379978,89.609698719595,90.0,2.109698719595002
15149,2016-17,89.71875,32,DEF,0,89.62068965517241,29,87.5,0.8480167631939919,89.38153719333667,90.0,1.8815371933366691
15149,2017-18,89.62068965517241,29,DEF,1,90.0,12,87.5,0.8348902810601913,89.27054318224833,90.0,1.770543182248332
15157,2016-17,88.82857142857142,35,MID,0,85.66666666666667,18,83.1,0.8592098049585397,88.02204473983392,90.0,4.922044739833922
15157,2017-18,85.66666666666667,18,DEF,1,85.29411764705883,17,87.5,0.7583704151151263,86.10965423895561,90.0,-1.3903457610443866
15237,2016-17,88.57894736842105,19,MID,0,89.2,20,83.1,0.7681391063467261,87.3085937352997,90.0,4.208593735299701
15237,2017-18,89.2,20,MID,1,89.0625,16,83.1,0.7771486250823768,87.8406066130025,90.0,4.740606613002512
15749,2017-18,90.0,19,GK,1,90.0,19,89.9,0.7681391063467261,89.97681391063468,90.0,0.07681391063466947
17339,2016-17,88.37931034482759,29,MID,0,83.41176470588235,17,83.1,0.8348902810601913,87.50764489759707,90.0,4.407644897597081
17349,2017-18,81.95,20,MID,1,87.07692307692308,13,83.1,0.7771486250823768,82.20627908115527,90.0,-0.8937209188447213
17476,2017-18,89.26666666666667,15,DEF,1,88.76923076923077,13,87.5,0.7234109190985335,88.77802595707408,90.0,1.2780259570740782
17745,2016-17,90.0,29,GK,0,89.84848484848484,33,89.9,0.8348902810601913,89.98348902810602,90.0,0.08348902810601544
17745,2017-18,89.84848484848484,33,GK,1,90.0,38,89.9,0.8519404196346568,89.85611216020064,90.0,-0.04388783979936761
17745,2018-19,90.0,38,GK,2,90.0,38,89.9,0.8688672781338241,89.98688672781338,90.0,0.08688672781337914
17745,2019-20,90.0,38,GK,3,90.0,38,89.9,0.8688672781338241,89.98688672781338,90.0,0.08688672781337914
17745,2020-21,90.0,38,GK,4,90.0,37,89.9,0.8688672781338241,89.98688672781338,90.0,0.08688672781337914
17761,2017-18,90.0,31,DEF,1,90.0,34,87.5,0.8438794878379978,89.609698719595,90.0,2.109698719595002
17761,2018-19,90.0,34,DEF,2,90.0,38,87.5,0.855666585386568,89.63916646346642,90.0,2.139166463466424
17761,2019-20,90.0,38,DEF,3,90.0,36,87.5,0.8688672781338241,89.67216819533455,90.0,2.1721681953345495
17761,2020-21,90.0,36,DEF,4,90.0,34,87.5,0.8625832288761219,89.6564580721903,90.0,2.156458072190304
17761,2021-22,90.0,34,DEF,5,90.0,38,87.5,0.855666585386568,89.63916646346642,90.0,2.139166463466424
17761,2022-23,90.0,38,DEF,6,90.0,38,87.5,0.8688672781338241,89.67216819533455,90.0,2.1721681953345495
17761,2023-24,90.0,38,DEF,7,89.71875,32,87.5,0.8688672781338241,89.67216819533455,90.0,2.1721681953345495
17761,2024-25,89.71875,32,DEF,8,90.0,37,87.5,0.8480167631939919,89.38153719333667,90.0,1.8815371933366691
17878,2016-17,86.5,12,MID,0,85.625,24,83.1,0.6766242025254809,85.40052228858664,90.0,2.3005222885866488
17997,2016-17,87.83333333333333,12,DEF,0,90.0,12,87.5,0.6766242025254809,87.72554140084182,90.0,0.22554140084181995
17997,2017-18,90.0,12,DEF,1,89.55555555555556,18,87.5,0.6766242025254809,89.19156050631369,90.0,1.6915605063136923
17997,2018-19,89.55555555555556,18,DEF,2,90.0,21,87.5,0.7583704151151263,89.05887251995887,90.0,1.558872519958868
18073,2016-17,86.24,25,MID,0,85.96296296296296,27,83.1,0.8134021840999093,85.65408285807372,90.0,2.554082858073727
18073,2017-18,85.96296296296296,27,MID,1,81.72,25,83.1,0.8248026562634164,85.46137945663563,90.0,2.361379456635632
18073,2018-19,81.72,25,MID,2,85.93333333333334,30,83.1,0.8134021840999093,81.97750498594213,90.0,-1.1224950140578613
18656,2016-17,89.32432432432432,37,GK,0,90.0,23,89.9,0.8657987767774127,89.4015807041795,90.0,-0.49841929582051137
18892,2017-18,88.03703703703704,27,MID,1,90.0,27,83.1,0.8248026562634164,87.17208126221901,90.0,4.072081262219015
18892,2018-19,90.0,27,DEF,2,89.5,10,87.5,0.8248026562634164,89.56200664065855,90.0,2.062006640658552
18892,2021-22,83.5,12,DEF,5,84.0,22,87.5,0.6766242025254809,84.79350318989808,90.0,-2.7064968101019247
18892,2022-23,84.0,22,DEF,6,84.88,25,87.5,0.7932186122041907,84.72373485728534,90.0,-2.7762651427146636
18892,2023-24,84.88,25,DEF,7,84.5,20,87.5,0.8134021840999093,85.36888627765823,90.0,-2.131113722341766
18987,2018-19,84.47826086956522,23,MID,2,83.9375,16,83.1,0.8004147369923426,84.20318031141987,90.0,1.1031803114198766
19151,2016-17,88.57692307692308,26,DEF,0,85.80952380952381,21,87.5,0.8192820394525251,88.38230373479503,90.0,0.8823037347950304
19159,2016-17,90.0,35,DEF,0,86.73684210526316,19,87.5,0.8592098049585397,89.64802451239635,90.0,2.148024512396347
19188,2016-17,90.0,19,DEF,0,88.4375,16,87.5,0.7681391063467261,89.42034776586681,90.0,1.9203477658668078
19188,2019-20,90.0,13,DEF,3,90.0,15,87.5,0.6938846251416729,89.23471156285419,90.0,1.7347115628541872
19419,2016-17,89.08108108108108,37,DEF,0,90.0,22,87.5,0.8657987767774127,88.8688980659859,90.0,1.3688980659859027
19419,2019-20,90.0,24,DEF,3,90.0,20,87.5,0.8071268463216613,89.51781711580415,90.0,2.0178171158041494
19624,2018-19,85.97058823529412,34,MID,2,89.81818181818181,33,83.1,0.855666585386568,85.55626643334496,90.0,2.4562664333449646
19624,2019-20,89.81818181818181,33,MID,3,86.67857142857143,28,83.1,0.8519404196346568,88.82349063736373,90.0,5.723490637363739
19624,2020-21,86.67857142857143,28,MID,4,87.93939393939394,33,83.1,0.829995980948208,86.07019990325037,90.0,2.970199903250375
19624,2021-22,87.93939393939394,33,MID,5,80.3125,16,83.1,0.8519404196346568,87.2228753035047,90.0,4.122875303504699
20066,2016-17,90.0,29,GK,0,90.0,27,89.9,0.8348902810601913,89.98348902810602,90.0,0.08348902810601544
20066,2017-18,90.0,27,GK,1,90.0,17,89.9,0.8248026562634164,89.98248026562635,90.0,0.08248026562634436
20145,2017-18,87.91666666666667,24,DEF,1,89.23809523809524,21,87.5,0.8071268463216613,87.83630285263402,90.0,0.33630285263402016
20145,2018-19,89.23809523809524,21,DEF,2,88.66666666666667,15,87.5,0.7854841596035032,88.8652462774061,90.0,1.3652462774061007
20452,2017-18,83.4,15,FWD,1,76.08333333333333,12,81.5,0.7234109190985335,82.87448074628722,90.0,1.3744807462872188
20452,2018-19,76.08333333333333,12,FWD,2,77.13333333333334,15,81.5,0.6766242025254809,77.8349522363203,90.0,-3.665047763679695
20467,2016-17,79.6086956521739,23,MID,0,86.3076923076923,13,83.1,0.8004147369923426,80.30550854867455,90.0,-2.7944914513254417
20467,2017-18,86.3076923076923,13,MID,1,81.47619047619048,21,83.1,0.6938846251416729,85.3257683744929,90.0,2.225768374492901
20467,2018-19,81.47619047619048,21,MID,2,75.83333333333333,12,83.1,0.7854841596035032,81.82452334083432,90.0,-1.275476659165676
20467,2019-20,75.83333333333333,12,MID,3,80.15,20,83.1,0.6766242025254809,78.18319746164818,90.0,-4.916802538351817
20529,2017-18,80.44,25,FWD,1,84.76,25,81.5,0.8134021840999093,80.6377936848541,90.0,-0.8622063151458974
20658,2016-17,86.6,10,DEF,0,88.89189189189189,37,87.5,0.635521733076294,86.92803044023134,90.0,-0.5719695597686609
20658,2017-18,88.89189189189189,37,DEF,1,87.43478260869566,23,87.5,0.8657987767774127,88.7050982974064,90.0,1.2050982974063942
20664,2016-17,85.70967741935483,31,MID,0,88.03703703703704,27,83.1,0.8438794878379978,85.30225324406754,90.0,2.202253244067549
20664,2017-18,88.03703703703704,27,MID,1,82.67857142857143,28,83.1,0.8248026562634164,87.17208126221901,90.0,4.072081262219015
20664,2018-19,82.67857142857143,28,MID,2,81.8,20,83.1,0.829995980948208,82.75021597945754,90.0,-0.34978402054245805
20695,2016-17,88.67857142857143,28,DEF,0,88.41935483870968,31,87.5,0.829995980948208,88.47820954897468,90.0,0.9782095489746752
21205,2018-19,90.0,19,GK,2,89.7,20,89.9,0.7681391063467261,89.97681391063468,90.0,0.07681391063466947
27341,2016-17,81.6086956521739,23,MID,0,82.3076923076923,26,83.1,0.8004147369923426,81.90633802265924,90.0,-1.1936619773407529
27436,2019-20,80.05263157894737,19,FWD,3,83.72,25,81.5,0.7681391063467261,80.38821971449816,90.0,-1.1117802855018368
27789,2016-17,90.0,30,MID,0,88.0625,32,83.1,0.8395106600310144,88.892623554214,90.0,5.792623554214003
27789,2017-18,88.0625,32,MID,1,88.0,25,83.1,0.8480167631939919,87.30828318735018,90.0,4.20828318735019
27789,2018-19,88.0,25,MID,2,86.84615384615384,26,83.1,0.8134021840999093,87.08567070208956,90.0,3.985670702089564
27789,2019-20,86.84615384615384,26,MID,3,87.81818181818181,11,83.1,0.8192820394525251,86.16915656317984,90.0,3.0691565631798454
28147,2017-18,84.3913043478261,23,MID,1,88.52173913043478,23,83.1,0.8004147369923426,84.13357902994228,90.0,1.0335790299422882
28654,2016-17,88.07142857142857,14,DEF,0,88.31428571428572,35,87.5,0.7093958374782874,87.9053690499876,90.0,0.4053690499875984
33871,2016-17,90.0,15,DEF,0,90.0,16,87.5,0.7234109190985335,89.30852729774634,90.0,1.8085272977463376
37096,2016-17,90.0,37,GK,0,90.0,38,89.9,0.8657987767774127,89.98657987767774,90.0,0.08657987767773534
37096,2017-18,90.0,38,GK,1,90.0,38,89.9,0.8688672781338241,89.98688672781338,90.0,0.08688672781337914
37096,2018-19,90.0,38,GK,2,90.0,23,89.9,0.8688672781338241,89.98688672781338,90.0,0.08688672781337914
37096,2019-20,90.0,23,GK,3,90.0,35,89.9,0.8004147369923426,89.98004147369923,90.0,0.08004147369922521
37096,2020-21,90.0,35,GK,4,90.0,37,89.9,0.8592098049585397,89.98592098049586,90.0,0.08592098049585672
37096,2021-22,90.0,37,GK,5,89.3529411764706,34,89.9,0.8657987767774127,89.98657987767774,90.0,0.08657987767773534
37265,2016-17,87.30555555555556,36,MID,0,86.44827586206897,29,83.1,0.8625832288761219,86.72764169032902,90.0,3.6276416903290283
37402,2016-17,89.32352941176471,34,DEF,0,89.42857142857143,21,87.5,0.855666585386568,89.06033318511669,90.0,1.56033318511669
37572,2016-17,87.88461538461539,26,FWD,0,84.77272727272727,22,81.5,0.8192820394525251,86.73080071342767,90.0,5.230800713427669
37572,2017-18,84.77272727272727,22,FWD,1,79.10344827586206,29,81.5,0.7932186122041907,84.09598818539553,90.0,2.5959881853955267
37572,2018-19,79.10344827586206,29,FWD,2,82.66666666666667,15,81.5,0.8348902810601913,79.4991422574592,90.0,-2.000857742540802
37605,2016-17,88.21875,32,MID,0,88.54166666666667,24,83.1,0.8480167631939919,87.44078580659924,90.0,4.340785806599243
37605,2017-18,88.54166666666667,24,MID,1,83.0,19,83.1,0.8071268463216613,87.49211525540038,90.0,4.392115255400384
37605,2018-19,83.0,19,MID,2,82.9375,16,83.1,0.7681391063467261,83.02318608936532,90.0,-0.07681391063466947
37642,2016-17,90.0,28,DEF,0,88.72,25,87.5,0.829995980948208,89.57498995237052,90.0,2.0749899523705153
37642,2017-18,88.72,25,DEF,1,88.4090909090909,22,87.5,0.8134021840999093,88.49235066460189,90.0,0.9923506646018865
37642,2018-19,88.4090909090909,22,DEF,2,89.05263157894737,38,87.5,0.7932186122041907,88.22110782927655,90.0,0.7211078292765478
37642,2019-20,89.05263157894737,38,DEF,3,88.32142857142857,28,87.5,0.8688672781338241,88.84903077394462,90.0,1.3490307739446195
37642,2020-21,88.32142857142857,28,DEF,4,87.85714285714286,14,87.5,0.829995980948208,88.18178241292173,90.0,0.6817824129217342
37642,2021-22,87.85714285714286,14,DEF,5,87.5,12,87.5,0.7093958374782874,87.75335565624225,90.0,0.253355656242249
37642,2022-23,87.5,12,DEF,6,84.86666666666666,15,87.5,0.6766242025254809,87.5,90.0,0.0
37869,2016-17,90.0,35,DEF,0,90.0,26,87.5,0.8592098049585397,89.64802451239635,90.0,2.148024512396347
37915,2016-17,90.0,33,GK,0,90.0,36,89.9,0.8519404196346568,89.98519404196347,90.0,0.08519404196346159
37915,2017-18,90.0,36,GK,1,90.0,33,89.9,0.8625832288761219,89.98625832288762,90.0,0.08625832288761615
37915,2018-19,90.0,33,GK,2,90.0,20,89.9,0.8519404196346568,89.98519404196347,90.0,0.08519404196346159
37915,2019-20,90.0,20,GK,3,90.0,38,89.9,0.7771486250823768,89.97771486250824,90.0,0.07771486250823045
37915,2020-21,90.0,38,GK,4,90.0,38,89.9,0.8688672781338241,89.98688672781338,90.0,0.08688672781337914
37915,2021-22,90.0,38,GK,5,90.0,24,89.9,0.8688672781338241,89.98688672781338,90.0,0.08688672781337914
38290,2018-19,87.0,20,DEF,2,85.55,20,87.5,0.7771486250823768,87.1114256874588,90.0,-0.3885743125411949
38411,2016-17,89.51428571428572,35,DEF,0,90.0,23,87.5,0.8592098049585397,89.23069403570221,90.0,1.7306940357022143
38411,2017-18,90.0,23,DEF,1,90.0,20,87.5,0.8004147369923426,89.50103684248086,90.0,2.0010368424808576
38439,2016-17,86.5945945945946,37,MID,0,84.625,16,83.1,0.8657987767774127,86.12561572533296,90.0,3.025615725332969
38439,2017-18,84.625,16,MID,1,89.21212121212122,33,83.1,0.736136374297603,84.22260797080384,90.0,1.1226079708038412
38439,2018-19,89.21212121212122,33,MID,2,88.62068965517241,29,83.1,0.8519404196346568,88.30716311031244,90.0,5.20716311031245
38454,2016-17,89.57142857142857,28,DEF,0,89.65217391304348,23,87.5,0.829995980948208,89.21927738910699,90.0,1.719277389106992
38454,2017-18,89.65217391304348,23,DEF,1,89.36363636363636,11,87.5,0.8004147369923426,89.22263171657048,90.0,1.7226317165704756
38533,2018-19,90.0,37,GK,2,90.0,38,89.9,0.8657987767774127,89.98657987767774,90.0,0.08657987767773534
38533,2019-20,90.0,38,GK,3,90.0,37,89.9,0.8688672781338241,89.98688672781338,90.0,0.08688672781337914
39104,2016-17,81.08695652173913,23,MID,0,82.5,20,83.1,0.8004147369923426,81.48873033379367,90.0,-1.6112696662063257
39155,2020-21,84.76923076923077,13,MID,4,85.93333333333334,15,83.1,0.6938846251416729,84.25825356658264,90.0,1.1582535665826441
39158,2016-17,84.66666666666667,21,MID,0,87.38461538461539,13,83.1,0.7854841596035032,84.3305918500455,90.0,1.2305918500454993
39194,2016-17,87.6969696969697,33,DEF,0,89.82857142857142,35,87.5,0.8519404196346568,87.66780644629168,90.0,0.16780644629167796
39194,2017-18,89.82857142857142,35,DEF,1,88.85714285714286,21,87.5,0.8592098049585397,89.50073140297488,90.0,2.0007314029748784
39194,2018-19,88.85714285714286,21,DEF,2,88.16666666666667,18,87.5,0.7854841596035032,88.56601421660476,90.0,1.0660142166047564
39476,2018-19,90.0,24,DEF,2,89.26315789473684,19,87.5,0.8071268463216613,89.51781711580415,90.0,2.0178171158041494
39487,2016-17,90.0,35,DEF,0,87.64516129032258,31,87.5,0.8592098049585397,89.64802451239635,90.0,2.148024512396347
39487,2019-20,88.63157894736842,19,DEF,3,88.25,12,87.5,0.7681391063467261,88.36921004139236,90.0,0.869210041392364
40145,2016-17,86.08,25,MID,0,90.0,38,83.1,0.8134021840999093,85.52393850861773,90.0,2.423938508617738
40145,2017-18,90.0,38,MID,1,89.51351351351352,37,83.1,0.8688672781338241,89.09518421912338,90.0,5.995184219123388
40145,2018-19,89.51351351351352,37,MID,2,88.58620689655173,29,83.1,0.8657987767774127,88.6528121548454,90.0,5.552812154845412
40145,2019-20,88.58620689655173,29,MID,3,87.0,15,83.1,0.8348902810601913,87.68038081781644,90.0,4.580380817816447
40145,2020-21,87.0,15,MID,4,86.33333333333333,18,83.1,0.7234109190985335,85.92130258448428,90.0,2.821302584484286
40146,2016-17,89.53571428571429,28,DEF,0,89.57142857142857,35,87.5,0.829995980948208,89.18963467550171,90.0,1.6896346755017078
40146,2017-18,89.57142857142857,35,DEF,1,90.0,24,87.5,0.8592098049585397,89.27979173884268,90.0,1.7797917388426754
40146,2018-19,90.0,24,DEF,2,89.53333333333333,30,87.5,0.8071268463216613,89.51781711580415,90.0,2.0178171158041494
40146,2019-20,89.53333333333333,30,DEF,3,89.58620689655173,29,87.5,0.8395106600310144,89.20700500872972,90.0,1.7070050087297233
40349,2017-18,90.0,38,GK,1,90.0,24,89.9,0.8688672781338241,89.98688672781338,90.0,0.08688672781337914
40383,2016-17,90.0,38,GK,0,90.0,20,89.9,0.8688672781338241,89.98688672781338,90.0,0.08688672781337914
40383,2021-22,90.0,19,GK,5,90.0,13,89.9,0.7681391063467261,89.97681391063468,90.0,0.07681391063466947
40386,2019-20,86.05405405405405,37,DEF,3,85.37931034482759,29,87.5,0.8657987767774127,86.24810176871374,90.0,-1.2518982312862619
40387,2016-17,87.08333333333333,12,MID,0,88.42857142857143,21,83.1,0.6766242025254809,85.79521974005982,90.0,2.6952197400598266
40387,2017-18,88.42857142857143,21,MID,1,87.6470588235294,17,83.1,0.7854841596035032,87.28550845045866,90.0,4.18550845045867
40387,2018-19,87.6470588235294,17,MID,2,82.41666666666667,12,83.1,0.747742375132532,86.50002856457321,90.0,3.400028564573219
40555,2016-17,87.5625,32,MID,0,89.48571428571428,35,83.1,0.8480167631939919,86.88427480575318,90.0,3.784274805753185
40616,2016-17,89.77142857142857,35,DEF,0,89.62962962962963,27,87.5,0.8592098049585397,89.45163369983439,90.0,1.9516336998343888
40669,2016-17,90.0,19,DEF,0,90.0,32,87.5,0.7681391063467261,89.42034776586681,90.0,1.9203477658668078
40669,2017-18,90.0,32,DEF,1,90.0,20,87.5,0.8480167631939919,89.62004190798498,90.0,2.1200419079849837
40669,2018-19,90.0,20,DEF,2,89.87096774193549,31,87.5,0.7771486250823768,89.44287156270595,90.0,1.942871562705946
40669,2019-20,89.87096774193549,31,DEF,3,89.0,28,87.5,0.8438794878379978,89.50081104374495,90.0,2.000811043744946
40669,2020-21,89.0,28,DEF,4,90.0,10,87.5,0.829995980948208,88.7449939714223,90.0,1.2449939714223035
40669,2021-22,90.0,10,DEF,5,86.35714285714286,14,87.5,0.635521733076294,89.08880433269074,90.0,1.5888043326907422
40725,2016-17,89.12121212121212,33,DEF,0,87.25,24,87.5,0.8519404196346568,88.88117613486226,90.0,1.3811761348622582
40784,2017-18,90.0,17,DEF,1,89.48148148148148,27,87.5,0.747742375132532,89.36935593783133,90.0,1.8693559378313296
40836,2018-19,90.0,19,GK,2,90.0,35,89.9,0.7681391063467261,89.97681391063468,90.0,0.07681391063466947
40836,2019-20,90.0,35,GK,3,90.0,37,89.9,0.8592098049585397,89.98592098049586,90.0,0.08592098049585672
40836,2020-21,90.0,37,GK,4,90.0,29,89.9,0.8657987767774127,89.98657987767774,90.0,0.08657987767773534
40836,2021-22,90.0,29,GK,5,90.0,27,89.9,0.8348902810601913,89.98348902810602,90.0,0.08348902810601544
40845,2017-18,90.0,36,MID,1,89.62962962962963,27,83.1,0.8625832288761219,89.05182427924524,90.0,5.951824279245244
40845,2018-19,89.62962962962963,27,MID,2,88.32142857142857,28,83.1,0.8248026562634164,88.48565586293482,90.0,5.385655862934826
40868,2016-17,89.0625,32,DEF,0,89.65384615384616,26,87.5,0.8480167631939919,88.82502619249061,90.0,1.3250261924906113
40868,2017-18,89.65384615384616,26,DEF,1,89.73076923076923,26,87.5,0.8192820394525251,89.26460746959006,90.0,1.7646074695900609
40868,2018-19,89.73076923076923,26,DEF,2,88.54545454545455,11,87.5,0.8192820394525251,89.32762916493255,90.0,1.8276291649325458
41270,2018-19,89.94444444444444,36,DEF,2,90.0,30,87.5,0.8625832288761219,89.60853678169718,90.0,2.1085367816971825
41270,2019-20,90.0,30,DEF,3,90.0,13,87.5,0.8395106600310144,89.59877665007753,90.0,2.098776650077525
41320,2016-17,90.0,34,DEF,0,87.9090909090909,33,87.5,0.855666585386568,89.63916646346642,90.0,2.139166463466424
41320,2017-18,87.9090909090909,33,DEF,1,87.76470588235294,17,87.5,0.8519404196346568,87.84852108075964,90.0,0.34852108075963883
41328,2016-17,90.0,38,DEF,0,90.0,37,87.5,0.8688672781338241,89.67216819533455,90.0,2.1721681953345495
41328,2017-18,90.0,37,DEF,1,89.52631578947368,38,87.5,0.8657987767774127,89.66449694194353,90.0,2.1644969419435256
41328,2018-19,89.52631578947368,38,DEF,2,89.69444444444444,36,87.5,0.8688672781338241,89.26059948463958,90.0,1.7605994846395845
41328,2019-20,89.69444444444444,36,DEF,3,89.04166666666667,24,87.5,0.8625832288761219,89.39289097447815,90.0,1.8928909744781492
41328,2020-21,89.04166666666667,24,DEF,4,85.47826086956522,23,87.5,0.8071268463216613,88.7443205547459,90.0,1.2443205547458973
41328,2021-22,85.47826086956522,23,DEF,5,87.78571428571429,14,87.5,0.8004147369923426,85.88177020564592,90.0,-1.6182297943540789
41338,2018-19,89.47058823529412,34,DEF,2,89.77777777777777,27,87.5,0.855666585386568,89.18616650649706,90.0,1.6861665064970595
41464,2016-17,86.80645161290323,31,MID,0,82.6923076923077,26,83.1,0.8438794878379978,86.2277984887931,90.0,3.127798488793104
41464,2017-18,82.6923076923077,26,MID,1,80.81818181818181,22,83.1,0.8192820394525251,82.76598501468474,90.0,-0.33401498531524965
41725,2016-17,88.96875,32,FWD,0,85.6842105263158,19,81.5,0.8480167631939919,87.83362520010513,90.0,6.333625200105132
41725,2017-18,85.6842105263158,19,FWD,1,88.4074074074074,27,81.5,0.7681391063467261,84.71405573445078,90.0,3.214055734450781
41725,2018-19,88.4074074074074,27,FWD,2,84.23076923076923,26,81.5,0.8248026562634164,87.19724797752323,90.0,5.697247977523233
41733,2016-17,88.45454545454545,33,MID,0,86.1923076923077,26,83.1,0.8519404196346568,87.6617537014983,90.0,4.561753701498304
41733,2017-18,86.1923076923077,26,MID,1,83.29032258064517,31,83.1,0.8192820394525251,85.63347215276858,90.0,2.5334721527685815
41733,2018-19,83.29032258064517,31,MID,2,83.6969696969697,33,83.1,0.8438794878379978,83.26060932187885,90.0,0.16060932187885157
41733,2019-20,83.6969696969697,33,MID,3,85.20588235294117,34,83.1,0.8519404196346568,83.60858261414555,90.0,0.5085826141455527
41792,2016-17,85.66666666666667,12,MID,0,87.1,20,83.1,0.6766242025254809,84.83666878648208,90.0,1.7366687864820847
41792,2017-18,87.1,20,MID,1,76.0,12,83.1,0.7771486250823768,86.20859450032951,90.0,3.1085945003295166
41945,2016-17,89.53333333333333,30,DEF,0,88.3125,16,87.5,0.8395106600310144,89.20700500872972,90.0,1.7070050087297233
42748,2017-18,89.48,25,DEF,1,88.7,20,87.5,0.8134021840999093,89.11053632451782,90.0,1.610536324517824
42774,2016-17,88.36363636363636,11,MID,0,87.22727272727273,22,83.1,0.6573009993574788,86.55979344207255,90.0,3.4597934420725522
42786,2016-17,82.91666666666667,36,MID,0,83.37037037037037,27,83.1,0.8625832288761219,82.94185974137272,90.0,-0.1581402586272702
42786,2017-18,83.37037037037037,27,MID,1,88.12903225806451,31,83.1,0.8248026562634164,83.3230021996564,90.0,0.22300219965640622
43020,2017-18,82.5625,16,FWD,1,72.15384615384616,13,81.5,0.736136374297603,82.28214489769121,90.0,0.7821448976912109
43250,2016-17,88.05,20,MID,0,87.47619047619048,21,83.1,0.7771486250823768,86.94688569415777,90.0,3.846885694157777
43670,2016-17,74.36842105263158,19,MID,0,80.63636363636364,22,83.1,0.7681391063467261,76.39293275037252,90.0,-6.707067249627471
43670,2017-18,80.63636363636364,22,MID,1,80.25,12,83.1,0.7932186122041907,81.1457977826606,90.0,-1.9542022173394002
44683,2019-20,86.27777777777777,18,FWD,3,80.36363636363636,11,81.5,0.7583704151151263,85.12332531666115,90.0,3.623325316661152
44683,2020-21,80.36363636363636,11,FWD,4,80.3076923076923,13,81.5,0.6573009993574788,80.75306704618468,90.0,-0.7469329538153175
44699,2016-17,82.10526315789474,19,FWD,0,86.80952380952381,21,81.5,0.7681391063467261,81.96492630120986,90.0,0.46492630120985723
44699,2017-18,86.80952380952381,21,FWD,1,85.48,25,81.5,0.7854841596035032,85.67054684741859,90.0,4.170546847418592
44699,2018-19,85.48,25,FWD,2,78.625,16,81.5,0.8134021840999093,84.73734069271765,90.0,3.237340692717652
44699,2019-20,78.625,16,FWD,3,81.26666666666667,15,81.5,0.736136374297603,79.38360792389439,90.0,-2.116392076105612
45124,2016-17,78.26666666666667,15,MID,0,82.84210526315789,19,83.1,0.7234109190985335,79.60351389102375,90.0,-3.4964861089762422
45268,2017-18,80.46153846153847,13,MID,1,87.3076923076923,26,83.1,0.6938846251416729,81.26921210443389,90.0,-1.8307878955661039
45268,2018-19,87.3076923076923,26,MID,2,87.25,28,83.1,0.8192820394525251,86.54728673523486,90.0,3.4472867352348686
45268,2019-20,87.25,28,MID,3,89.13333333333334,15,83.1,0.829995980948208,86.54448332093506,90.0,3.4444833209350634
45268,2020-21,89.13333333333334,15,MID,4,89.44444444444444,36,83.1,0.7234109190985335,87.46457921189449,90.0,4.364579211894494
47247,2019-20,89.33333333333333,27,MID,3,88.60714285714286,28,83.1,0.8248026562634164,88.24126989070862,90.0,5.141269890708628
47431,2016-17,81.26666666666667,15,MID,0,83.05263157894737,19,83.1,0.7234109190985335,81.77374664831936,90.0,-1.3262533516806343
47431,2017-18,83.05263157894737,19,MID,1,77.16,25,83.1,0.7681391063467261,83.06361446338357,90.0,-0.03638553661642163
47431,2018-19,77.16,25,MID,2,85.71428571428571,28,83.1,0.8134021840999093,78.26839102644654,90.0,-4.8316089735534575
47431,2019-20,85.71428571428571,28,MID,3,78.33333333333333,15,83.1,0.829995980948208,85.26984663590746,90.0,2.1698466359074615
47431,2022-23,82.08,25,MID,6,83.65,20,83.1,0.8134021840999093,82.27032977221809,90.0,-0.8296702277819037
48615,2016-17,87.51515151515152,33,MID,0,87.7,10,83.1,0.8519404196346568,86.86144603456877,90.0,3.7614460345687775
48615,2017-18,87.7,10,MID,1,84.91304347826087,23,83.1,0.635521733076294,86.02339997215095,90.0,2.9233999721509605
48717,2016-17,88.62068965517241,29,DEF,0,89.125,16,87.5,0.8348902810601913,88.43565290118815,90.0,0.9356529011881491
48760,2017-18,90.0,38,DEF,1,89.45833333333333,24,87.5,0.8688672781338241,89.67216819533455,90.0,2.1721681953345495
48760,2022-23,84.25,12,DEF,6,89.91666666666667,12,87.5,0.6766242025254809,85.30097134179218,90.0,-2.1990286582078227
49013,2016-17,84.67857142857143,28,MID,0,86.5909090909091,22,83.1,0.829995980948208,84.41020794135396,90.0,1.3102079413539656
49262,2022-23,90.0,15,GK,6,90.0,17,89.9,0.7234109190985335,89.97234109190985,90.0,0.07234109190984839
49277,2016-17,87.16,25,MID,0,85.85714285714286,14,83.1,0.8134021840999093,86.40241286744563,90.0,3.302412867445639
49413,2016-17,89.28571428571429,21,DEF,0,89.76923076923077,26,87.5,0.7854841596035032,88.90265028500626,90.0,1.4026502850062599
49413,2017-18,89.76923076923077,26,DEF,1,89.35714285714286,28,87.5,0.8192820394525251,89.3591400126038,90.0,1.8591400126038025
49413,2018-19,89.35714285714286,28,DEF,2,87.88888888888889,18,87.5,0.829995980948208,89.04142110747524,90.0,1.5414211074752444
49539,2016-17,89.13333333333334,30,DEF,0,89.11764705882354,34,87.5,0.8395106600310144,88.87120074471733,90.0,1.3712007447173278
49579,2016-17,79.04,25,MID,0,77.2,15,83.1,0.8134021840999093,79.79758713255438,90.0,-3.302412867445611
49579,2017-18,77.2,15,MID,1,79.61111111111111,18,83.1,0.7234109190985335,78.83187557731864,90.0,-4.268124422681353
49944,2016-17,85.5,34,MID,0,86.66666666666667,30,83.1,0.855666585386568,85.15359980492775,90.0,2.0535998049277566
50089,2016-17,90.0,18,DEF,0,88.4375,16,87.5,0.7583704151151263,89.3959260377878,90.0,1.8959260377878024
50175,2020-21,84.375,16,FWD,4,79.6,15,81.5,0.736136374297603,83.6163920761056,90.0,2.1163920761055977
50175,2021-22,79.6,15,FWD,5,82.6875,16,81.5,0.7234109190985335,80.12551925371278,90.0,-1.3744807462872188
50175,2022-23,82.6875,16,FWD,6,76.11764705882354,17,81.5,0.736136374297603,82.3741619444784,90.0,0.8741619444784021
50175,2023-24,76.11764705882354,17,FWD,7,83.875,24,81.5,0.747742375132532,77.47538662796315,90.0,-4.024613372036853
50175,2024-25,83.875,24,FWD,8,80.28,25,81.5,0.8071268463216613,83.41692626001395,90.0,1.9169262600139518
50229,2016-17,83.44,25,MID,0,84.31818181818181,22,83.1,0.8134021840999093,83.37655674259398,90.0,0.2765567425939821
50232,2019-20,87.6086956521739,23,MID,3,89.34482758620689,29,83.1,0.8004147369923426,86.7088264446133,90.0,3.6088264446132996
50232,2020-21,89.34482758620689,29,MID,4,88.63636363636364,22,83.1,0.8348902810601913,88.3137458586207,90.0,5.213745858620712
50471,2016-17,79.70833333333333,24,MID,0,86.23076923076923,26,83.1,0.8071268463216613,80.36249477955903,90.0,-2.7375052204409656
50471,2017-18,86.23076923076923,26,MID,1,83.13888888888889,36,83.1,0.8192820394525251,85.66498300043983,90.0,2.564983000439838
50471,2018-19,83.13888888888889,36,MID,2,84.61111111111111,36,83.1,0.8625832288761219,83.13354490334518,90.0,0.033544903345188004
50471,2019-20,84.61111111111111,36,MID,3,85.23529411764706,17,83.1,0.8625832288761219,84.4034591014128,90.0,1.3034591014128125
50471,2020-21,85.23529411764706,17,MID,4,87.33333333333333,15,83.1,0.747742375132532,84.69664989513593,90.0,1.5966498951359398
51090,2020-21,89.14285714285714,21,DEF,4,87.96428571428571,28,87.5,0.7854841596035032,88.79043826220575,90.0,1.290438262205754
51090,2021-22,87.96428571428571,28,DEF,5,89.73076923076923,26,87.5,0.829995980948208,87.88535527686881,90.0,0.38535527686880755
51090,2022-23,89.73076923076923,26,DEF,6,88.57142857142857,28,87.5,0.8192820394525251,89.32762916493255,90.0,1.8276291649325458
51507,2016-17,89.12903225806451,31,DEF,0,89.0,25,87.5,0.8438794878379978,88.87470690760706,90.0,1.374706907607063
51507,2017-18,89.0,25,DEF,1,88.38461538461539,13,87.5,0.8134021840999093,88.72010327614987,90.0,1.220103276149871
51927,2016-17,90.0,33,DEF,0,90.0,29,87.5,0.8519404196346568,89.62985104908664,90.0,2.129851049086639
51927,2017-18,90.0,29,DEF,1,90.0,38,87.5,0.8348902810601913,89.58722570265047,90.0,2.0872257026504712
51927,2018-19,90.0,38,DEF,2,90.0,32,87.5,0.8688672781338241,89.67216819533455,90.0,2.1721681953345495
51927,2019-20,90.0,32,DEF,3,89.76666666666667,30,87.5,0.8480167631939919,89.62004190798498,90.0,2.1200419079849837
51927,2020-21,89.76666666666667,30,DEF,4,90.0,20,87.5,0.8395106600310144,89.40289082940363,90.0,1.9028908294036313
51927,2021-22,90.0,20,DEF,5,89.19444444444444,36,87.5,0.7771486250823768,89.44287156270595,90.0,1.942871562705946
51927,2022-23,89.19444444444444,36,DEF,6,84.73333333333333,15,87.5,0.8625832288761219,88.96159936004008,90.0,1.4615993600400827
51938,2016-17,80.92857142857143,28,MID,0,85.77777777777777,27,83.1,0.829995980948208,81.29772301279817,90.0,-1.8022769872018216
51938,2017-18,85.77777777777777,27,MID,1,83.92857142857143,14,83.1,0.8248026562634164,85.30863822399425,90.0,2.2086382239942566
51938,2020-21,82.5625,16,MID,4,90.0,11,83.1,0.736136374297603,82.70432669881504,90.0,-0.39567330118495647
51940,2016-17,90.0,35,GK,0,90.0,37,89.9,0.8592098049585397,89.98592098049586,90.0,0.08592098049585672
51940,2017-18,90.0,37,GK,1,90.0,38,89.9,0.8657987767774127,89.98657987767774,90.0,0.08657987767773534
51940,2018-19,90.0,38,GK,2,90.0,38,89.9,0.8688672781338241,89.98688672781338,90.0,0.08688672781337914
51940,2019-20,90.0,38,GK,3,90.0,25,89.9,0.8688672781338241,89.98688672781338,90.0,0.08688672781337914
51940,2020-21,90.0,25,GK,4,90.0,38,89.9,0.8134021840999093,89.98134021840998,90.0,0.08134021840997718
51940,2021-22,90.0,38,GK,5,90.0,38,89.9,0.8688672781338241,89.98688672781338,90.0,0.08688672781337914
52940,2016-17,87.84615384615384,13,DEF,0,88.2,20,87.5,0.6938846251416729,87.74019083177981,90.0,0.24019083177981315
52940,2017-18,88.2,20,DEF,1,88.8125,16,87.5,0.7771486250823768,88.04400403755767,90.0,0.54400403755767
54102,2016-17,85.4,20,MID,0,87.16666666666667,12,83.1,0.7771486250823768,84.88744183768948,90.0,1.7874418376894852
54284,2017-18,82.41176470588235,17,DEF,1,88.2,20,87.5,0.747742375132532,83.69531085594329,90.0,-3.8046891440567094
54469,2016-17,90.0,34,DEF,0,89.23809523809524,21,87.5,0.855666585386568,89.63916646346642,90.0,2.139166463466424
54469,2017-18,89.23809523809524,21,DEF,1,86.73913043478261,23,87.5,0.7854841596035032,88.8652462774061,90.0,1.3652462774061007
54469,2018-19,86.73913043478261,23,DEF,2,85.625,24,87.5,0.8004147369923426,86.89098878707105,90.0,-0.609011212928948
54469,2022-23,86.0625,32,DEF,6,86.20833333333333,24,87.5,0.8480167631939919,86.28097590290864,90.0,-1.2190240970913635
54469,2023-24,86.20833333333333,24,DEF,7,77.33333333333333,18,87.5,0.8071268463216613,86.45746115683451,90.0,-1.042538843165488
54469,2024-25,77.33333333333333,18,DEF,8,86.0,11,87.5,0.7583704151151263,79.78990077966287,90.0,-7.710099220337128
54484,2017-18,83.78947368421052,19,DEF,1,88.14285714285714,21,87.5,0.7681391063467261,84.64979963171345,90.0,-2.8502003682865507
54484,2018-19,88.14285714285714,21,DEF,2,87.41666666666667,24,87.5,0.7854841596035032,88.00495410260226,90.0,0.5049541026022553
54694,2017-18,86.33333333333333,12,FWD,1,84.73333333333333,30,81.5,0.6766242025254809,84.77035031220649,90.0,3.2703503122064888
54694,2018-19,84.73333333333333,30,FWD,2,88.68571428571428,35,81.5,0.8395106600310144,84.21441780076694,90.0,2.714417800766938
54694,2019-20,88.68571428571428,35,FWD,3,87.03846153846153,26,81.5,0.8592098049585397,87.67403616991636,90.0,6.174036169916363
54694,2020-21,87.03846153846153,26,MID,4,85.81818181818181,11,83.1,0.8192820394525251,86.3267108015361,90.0,3.2267108015361003
54861,2016-17,88.17142857142858,35,FWD,0,89.04347826086956,23,81.5,0.8592098049585397,87.23215684165199,90.0,5.732156841651985
54861,2019-20,86.0,13,FWD,3,82.85,20,81.5,0.6938846251416729,84.62248081313753,90.0,3.1224808131375283
54861,2020-21,82.85,20,FWD,4,82.54545454545455,11,81.5,0.7771486250823768,82.5491506438612,90.0,1.0491506438611964
55037,2016-17,87.83870967741936,31,MID,0,89.73333333333333,30,83.1,0.8438794878379978,87.09889989559362,90.0,3.998899895593624
55037,2017-18,89.73333333333333,30,MID,1,83.33333333333333,21,83.1,0.8395106600310144,88.6687540448724,90.0,5.568754044872406
55037,2018-19,83.33333333333333,21,MID,2,82.13793103448276,29,83.1,0.7854841596035032,83.28327963724081,90.0,0.18327963724081542
55037,2019-20,82.13793103448276,29,MID,3,89.14285714285714,35,83.1,0.8348902810601913,82.29677797098003,90.0,-0.8032220290199632
55037,2020-21,89.14285714285714,35,MID,4,84.95238095238095,21,83.1,0.8592098049585397,88.2920821071066,90.0,5.1920821071066
55422,2016-17,89.94444444444444,36,MID,0,88.48,25,83.1,0.8625832288761219,89.00390298875212,90.0,5.903902988752122
55422,2017-18,88.48,25,MID,1,86.48571428571428,35,83.1,0.8134021840999093,87.47610375045753,90.0,4.376103750457531
55422,2018-19,86.48571428571428,35,MID,2,83.85714285714286,28,83.1,0.8592098049585397,86.0090389110739,90.0,2.9090389110739068
55422,2019-20,83.85714285714286,28,MID,3,83.63636363636364,22,83.1,0.829995980948208,83.72842552843221,90.0,0.6284255284322171
55459,2016-17,87.52173913043478,23,DEF,0,88.67647058823529,34,87.5,0.8004147369923426,87.5174003203694,90.0,0.0174003203694042
55459,2017-18,88.67647058823529,34,DEF,1,90.0,16,87.5,0.855666585386568,88.50666657104301,90.0,1.006666571043013
55459,2018-19,90.0,16,DEF,2,89.23333333333333,30,87.5,0.736136374297603,89.34034093574401,90.0,1.8403409357440097
55459,2019-20,89.23333333333333,30,DEF,3,90.0,34,87.5,0.8395106600310144,88.95515181072042,90.0,1.455151810720423
55459,2020-21,90.0,34,DEF,4,89.0,30,87.5,0.855666585386568,89.63916646346642,90.0,2.139166463466424
55459,2021-22,89.0,30,DEF,5,88.375,24,87.5,0.8395106600310144,88.75926599004652,90.0,1.259265990046515
55494,2016-17,89.92105263157895,38,DEF,0,89.11764705882354,17,87.5,0.8688672781338241,89.60357341021873,90.0,2.103573410218729
55494,2019-20,88.73076923076923,26,DEF,3,90.0,25,87.5,0.8192820394525251,88.50834712548003,90.0,1.0083471254800287
55494,2020-21,90.0,25,DEF,4,90.0,27,87.5,0.8134021840999093,89.53350546024977,90.0,2.0335054602497706
55494,2021-22,90.0,27,DEF,5,89.0,24,87.5,0.8248026562634164,89.56200664065855,90.0,2.062006640658552
55494,2022-23,89.0,24,DEF,6,87.68181818181819,22,87.5,0.8071268463216613,88.71069026948248,90.0,1.210690269482484
55605,2016-17,89.07142857142857,28,DEF,0,90.0,13,87.5,0.829995980948208,88.8042793986329,90.0,1.3042793986329002
55605,2017-18,90.0,13,DEF,1,89.28125,32,87.5,0.6938846251416729,89.23471156285419,90.0,1.7347115628541872
55605,2018-19,89.28125,32,DEF,2,89.60606060606061,33,87.5,0.8480167631939919,89.0105298594393,90.0,1.510529859439302
55605,2019-20,89.60606060606061,33,DEF,3,89.6,25,87.5,0.8519404196346568,89.2942381565033,90.0,1.7942381565032974
55909,2016-17,88.53846153846153,13,DEF,0,90.0,28,87.5,0.6938846251416729,88.22057249533943,90.0,0.7205724953394252
55909,2017-18,90.0,28,DEF,1,90.0,23,87.5,0.829995980948208,89.57498995237052,90.0,2.0749899523705153
55914,2020-21,89.20833333333333,24,DEF,4,90.0,20,87.5,0.8071268463216613,88.8788416957995,90.0,1.378841695799494
55914,2021-22,90.0,20,DEF,5,88.73333333333333,15,87.5,0.7771486250823768,89.44287156270595,90.0,1.942871562705946
56872,2016-17,78.52941176470588,17,MID,0,77.42857142857143,14,83.1,0.747742375132532,79.68237749718837,90.0,-3.417622502811625
56872,2017-18,77.42857142857143,14,MID,1,80.3,10,83.1,0.7093958374782874,79.07671217887315,90.0,-4.023287821126843
56917,2016-17,90.0,38,DEF,0,89.3,30,87.5,0.8688672781338241,89.67216819533455,90.0,2.1721681953345495
56917,2017-18,89.3,30,DEF,1,89.87096774193549,31,87.5,0.8395106600310144,89.01111918805582,90.0,1.5111191880558152
56917,2018-19,89.87096774193549,31,DEF,2,89.57692307692308,26,87.5,0.8438794878379978,89.50081104374495,90.0,2.000811043744946
56979,2016-17,88.16666666666667,24,MID,0,88.54166666666667,24,83.1,0.8071268463216613,87.18944268802976,90.0,4.089442688029763
56979,2017-18,88.54166666666667,24,MID,1,85.55,20,83.1,0.8071268463216613,87.49211525540038,90.0,4.392115255400384
56979,2018-19,85.55,20,MID,2,83.61538461538461,26,83.1,0.7771486250823768,85.00401413145183,90.0,1.9040141314518308
56979,2019-20,83.61538461538461,26,MID,3,88.05555555555556,18,83.1,0.8192820394525251,83.52224535879476,90.0,0.4222453587947683
56979,2020-21,88.05555555555556,18,MID,4,83.37931034482759,29,83.1,0.7583704151151263,86.85814672379274,90.0,3.7581467237927484
56979,2021-22,83.37931034482759,29,MID,5,82.36842105263158,19,83.1,0.8348902810601913,83.33319349229612,90.0,0.23319349229612385
56983,2017-18,84.71875,32,MID,1,84.26470588235294,34,83.1,0.8480167631939919,84.47272713542027,90.0,1.372727135420277
56983,2018-19,84.26470588235294,34,MID,2,83.86666666666666,15,83.1,0.855666585386568,84.09659990533258,90.0,0.9965999053325874
56983,2019-20,83.86666666666666,15,DEF,3,86.06666666666666,15,87.5,0.7234109190985335,84.87160699394198,90.0,-2.628393006058019
56983,2020-21,86.06666666666666,15,MID,4,87.4,15,83.1,0.7234109190985335,85.24611905999231,90.0,2.1461190599923157
57134,2016-17,87.06451612903226,31,FWD,0,87.48275862068965,29,81.5,0.8438794878379978,86.19578102103402,90.0,4.695781021034023
57134,2017-18,87.48275862068965,29,FWD,1,86.34482758620689,29,81.5,0.8348902810601913,86.49494702634287,90.0,4.994947026342871
57145,2016-17,90.0,27,DEF,0,89.2,30,87.5,0.8248026562634164,89.56200664065855,90.0,2.062006640658552
57145,2017-18,89.2,30,DEF,1,90.0,15,87.5,0.8395106600310144,88.92716812205272,90.0,1.42716812205272
57145,2018-19,90.0,15,DEF,2,89.44827586206897,29,87.5,0.7234109190985335,89.30852729774634,90.0,1.8085272977463376
57145,2019-20,89.44827586206897,29,DEF,3,88.47826086956522,23,87.5,0.8348902810601913,89.12659658206555,90.0,1.6265965820655452
57249,2016-17,79.14285714285714,14,MID,0,77.6,20,83.1,0.7093958374782874,80.29281932883592,90.0,-2.807180671164076
57249,2017-18,77.6,20,MID,1,82.52941176470588,17,83.1,0.7771486250823768,78.82568256204692,90.0,-4.274317437953073
57328,2020-21,88.07692307692308,13,DEF,4,90.0,15,87.5,0.6938846251416729,87.90031805296636,90.0,0.40031805296635525
57328,2021-22,90.0,15,DEF,5,85.88888888888889,18,87.5,0.7234109190985335,89.30852729774634,90.0,1.8085272977463376
57328,2022-23,85.88888888888889,18,DEF,6,85.26666666666667,15,87.5,0.7583704151151263,86.27818099787007,90.0,-1.2218190021299336
57410,2016-17,90.0,28,DEF,0,89.0909090909091,33,87.5,0.829995980948208,89.57498995237052,90.0,2.0749899523705153
57410,2017-18,89.0909090909091,33,DEF,1,90.0,13,87.5,0.8519404196346568,88.85535975850969,90.0,1.3553597585096924
57410,2018-19,90.0,13,DEF,2,88.44444444444444,18,87.5,0.6938846251416729,89.23471156285419,90.0,1.7347115628541872
57513,2017-18,90.0,38,GK,1,89.58064516129032,31,89.9,0.8688672781338241,89.98688672781338,90.0,0.08688672781337914
57531,2016-17,88.38461538461539,26,MID,0,84.61538461538461,13,83.1,0.8192820394525251,87.4295904700299,90.0,4.329590470029899
57531,2017-18,84.61538461538461,13,MID,1,85.0952380952381,21,83.1,0.6938846251416729,84.1515020857916,90.0,1.0515020857916113
57531,2018-19,85.0952380952381,21,MID,2,86.58823529411765,17,83.1,0.7854841596035032,84.667227918447,90.0,1.5672279184470028
57531,2019-20,86.58823529411765,17,MID,3,85.57142857142857,21,83.1,0.747742375132532,85.70830134384467,90.0,2.6083013438446727
57531,2020-21,85.57142857142857,21,FWD,4,89.03225806451613,31,81.5,0.7854841596035032,84.69804264981425,90.0,3.198042649814255
57531,2021-22,89.03225806451613,31,FWD,5,75.75,20,81.5,0.8438794878379978,87.8563180777475,90.0,6.356318077747503
57531,2022-23,75.75,20,FWD,6,75.55,20,81.5,0.7771486250823768,77.03139540577634,90.0,-4.468604594223663
57531,2023-24,75.55,20,FWD,7,68.0,10,81.5,0.7771486250823768,76.87596568075986,90.0,-4.624034319240138
58376,2017-18,90.0,18,GK,1,90.0,25,89.9,0.7583704151151263,89.97583704151151,90.0,0.07583704151150528
58376,2018-19,90.0,25,GK,2,90.0,28,89.9,0.8134021840999093,89.98134021840998,90.0,0.08134021840997718
58376,2019-20,90.0,28,GK,3,90.0,30,89.9,0.829995980948208,89.98299959809482,90.0,0.0829995980948155
58376,2020-21,90.0,30,GK,4,90.0,17,89.9,0.8395106600310144,89.9839510660031,90.0,0.08395106600309532
58621,2016-17,88.76666666666667,30,DEF,0,88.41935483870968,31,87.5,0.8395106600310144,88.5633801693726,90.0,1.063380169372607
58621,2017-18,88.41935483870968,31,DEF,1,89.29032258064517,31,87.5,0.8438794878379978,88.27582469043172,90.0,0.775824690431719
58621,2018-19,89.29032258064517,31,DEF,2,88.16,25,87.5,0.8438794878379978,89.01081650241966,90.0,1.510816502419658
58621,2019-20,88.16,25,DEF,3,89.38095238095238,21,87.5,0.8134021840999093,88.03684544150595,90.0,0.536845441505946
58621,2020-21,89.38095238095238,21,DEF,4,90.0,19,87.5,0.7854841596035032,88.97745830020659,90.0,1.4774583002065924
58621,2021-22,90.0,19,DEF,5,89.0,20,87.5,0.7681391063467261,89.42034776586681,90.0,1.9203477658668078
58621,2022-23,89.0,20,DEF,6,88.16129032258064,31,87.5,0.7771486250823768,88.66572293762357,90.0,1.1657229376235705
58786,2016-17,86.26086956521739,23,DEF,0,87.41666666666667,12,87.5,0.8004147369923426,86.50818173894427,90.0,-0.9918182610557267
58786,2017-18,87.41666666666667,12,DEF,1,90.0,12,87.5,0.6766242025254809,87.44361464978954,90.0,-0.05638535021046209
58786,2018-19,90.0,12,DEF,2,87.11764705882354,17,87.5,0.6766242025254809,89.19156050631369,90.0,1.6915605063136923
58822,2016-17,88.71428571428571,28,DEF,0,89.61290322580645,31,87.5,0.829995980948208,88.50785226257996,90.0,1.0078522625799593
58822,2017-18,89.61290322580645,31,DEF,1,90.0,15,87.5,0.8438794878379978,89.2830356920448,90.0,1.7830356920448054
58822,2018-19,90.0,15,DEF,2,86.41176470588235,17,87.5,0.7234109190985335,89.30852729774634,90.0,1.8085272977463376
58845,2019-20,87.76923076923077,13,DEF,3,88.28571428571429,21,87.5,0.6938846251416729,87.6868150913843,90.0,0.18681509138430386
58845,2020-21,88.28571428571429,21,DEF,4,89.36363636363636,11,87.5,0.7854841596035032,88.11716612540276,90.0,0.6171661254027612
59779,2016-17,87.21052631578948,19,MID,0,90.0,15,83.1,0.7681391063467261,86.25745601082522,90.0,3.1574560108252285
59779,2017-18,90.0,15,MID,1,81.5,10,83.1,0.7234109190985335,88.09153534177987,90.0,4.99153534177988
59846,2016-17,87.5925925925926,27,MID,0,83.83333333333333,12,83.1,0.8248026562634164,86.80550230387972,90.0,3.705502303879726
59846,2017-18,83.83333333333333,12,MID,1,84.35714285714286,14,83.1,0.6766242025254809,83.59619108185201,90.0,0.4961910818520181
59859,2017-18,85.5,14,MID,1,86.52173913043478,23,83.1,0.7093958374782874,84.80255000994788,90.0,1.7025500099478847
59859,2018-19,86.52173913043478,23,MID,2,87.05263157894737,19,83.1,0.8004147369923426,85.83881042614335,90.0,2.7388104261433597
59859,2019-20,87.05263157894737,19,MID,3,87.14285714285714,21,83.1,0.7681391063467261,86.13617088877047,90.0,3.036170888770471
59859,2020-21,87.14285714285714,21,MID,4,86.0,19,83.1,0.7854841596035032,86.27560024525417,90.0,3.1756002452541736
59859,2021-22,86.0,19,MID,5,86.1923076923077,26,83.1,0.7681391063467261,85.32760340840551,90.0,2.227603408405514
59949,2016-17,89.07692307692308,26,DEF,0,90.0,11,87.5,0.8192820394525251,88.79194475452128,90.0,1.2919447545212819
59949,2017-18,90.0,11,DEF,1,89.35714285714286,28,87.5,0.6573009993574788,89.1432524983937,90.0,1.643252498393693
59949,2018-19,89.35714285714286,28,DEF,2,88.0,17,87.5,0.829995980948208,89.04142110747524,90.0,1.5414211074752444
59949,2019-20,88.0,17,DEF,3,86.375,16,87.5,0.747742375132532,87.87387118756627,90.0,0.3738711875662659
59949,2020-21,86.375,16,DEF,4,89.75862068965517,29,87.5,0.736136374297603,86.6718465789152,90.0,-0.8281534210848065
59949,2021-22,89.75862068965517,29,DEF,5,79.84210526315789,19,87.5,0.8348902810601913,89.38570046239457,90.0,1.885700462394567
59966,2017-18,80.36,25,FWD,1,85.64,25,81.5,0.8134021840999093,80.5727215101261,90.0,-0.927278489873899
59966,2018-19,85.64,25,FWD,2,82.94736842105263,19,81.5,0.8134021840999093,84.86748504217363,90.0,3.3674850421736267
59966,2019-20,82.94736842105263,19,FWD,3,83.6842105263158,19,81.5,0.7681391063467261,82.61178028550184,90.0,1.1117802855018368
59966,2020-21,83.6842105263158,19,FWD,4,81.52631578947368,19,81.5,0.7681391063467261,83.17777752175733,90.0,1.677777521757335
60232,2016-17,89.52777777777777,36,DEF,0,89.64285714285714,28,87.5,0.8625832288761219,89.2491271029988,90.0,1.7491271029987985
60232,2019-20,90.0,25,DEF,3,90.0,21,87.5,0.8134021840999093,89.53350546024977,90.0,2.0335054602497706
60232,2020-21,90.0,21,DEF,4,88.35483870967742,31,87.5,0.7854841596035032,89.46371039900876,90.0,1.963710399008761
60232,2021-22,88.35483870967742,31,DEF,5,88.8695652173913,23,87.5,0.8438794878379978,88.22138085250668,90.0,0.7213808525066838
60232,2022-23,88.8695652173913,23,DEF,6,88.36,25,87.5,0.8004147369923426,88.59622018327212,90.0,1.0962201832721234
60232,2023-24,88.36,25,DEF,7,88.7,10,87.5,0.8134021840999093,88.19952587832593,90.0,0.6995258783259288
60252,2016-17,84.88,25,MID,0,87.85714285714286,35,83.1,0.8134021840999093,84.54785588769784,90.0,1.4478558876978411
60252,2017-18,87.85714285714286,35,MID,1,86.97058823529412,34,83.1,0.8592098049585397,87.18738378644562,90.0,4.087383786445628
60252,2018-19,86.97058823529412,34,MID,2,83.76923076923077,13,83.1,0.855666585386568,86.41193301873153,90.0,3.311933018731537
60252,2019-20,83.76923076923077,13,MID,3,83.72,25,83.1,0.6938846251416729,83.56436894144096,90.0,0.4643689414409664
60252,2020-21,83.72,25,MID,4,83.75,16,83.1,0.8134021840999093,83.60430935414195,90.0,0.5043093541419523
60307,2017-18,81.88571428571429,35,MID,1,84.36842105263158,19,83.1,0.8592098049585397,82.05667380826462,90.0,-1.0433261917353747
60307,2018-19,84.36842105263158,19,MID,2,80.22222222222223,18,83.1,0.7681391063467261,84.07432381383978,90.0,0.9743238138397885
60307,2019-20,80.22222222222223,18,MID,3,88.74074074074075,27,83.1,0.7583704151151263,80.91757847205758,90.0,-2.1824215279424095
60307,2020-21,88.74074074074075,27,MID,4,83.45454545454545,22,83.1,0.8248026562634164,87.75249794625623,90.0,4.652497946256233
60307,2021-22,83.45454545454545,22,MID,5,87.56756756756756,37,83.1,0.7932186122041907,83.38123205341785,90.0,0.2812320534178525
60307,2022-23,87.56756756756756,37,MID,6,89.6470588235294,34,83.1,0.8657987767774127,86.96801453517044,90.0,3.8680145351704454
60551,2017-18,87.41666666666667,12,MID,1,89.41935483870968,31,83.1,0.6766242025254809,86.02076114090167,90.0,2.920761140901675
60551,2018-19,89.41935483870968,31,MID,2,90.0,35,83.1,0.8438794878379978,88.4327739247569,90.0,5.332773924756907
60551,2019-20,90.0,35,MID,3,89.73684210526316,38,83.1,0.8592098049585397,89.02854765421392,90.0,5.928547654213929
60551,2020-21,89.73684210526316,38,MID,4,89.08,25,83.1,0.8688672781338241,88.86653493540396,90.0,5.766534935403968
60586,2017-18,87.96666666666667,30,MID,1,85.38888888888889,18,83.1,0.8395106600310144,87.18561854548427,90.0,4.08561854548428
60586,2020-21,81.0,14,MID,4,80.36363636363636,11,83.1,0.7093958374782874,81.6102687412956,90.0,-1.4897312587043956
60689,2017-18,80.5,18,FWD,1,82.27586206896552,29,81.5,0.7583704151151263,80.74162958488488,90.0,-0.7583704151151238
60689,2018-19,82.27586206896552,29,FWD,2,84.14814814814815,27,81.5,0.8348902810601913,82.14775970082258,90.0,0.6477597008225757
60689,2019-20,84.14814814814815,27,FWD,3,85.125,32,81.5,0.8248026562634164,83.68419962677164,90.0,2.184199626771644
60689,2020-21,85.125,32,FWD,4,84.53333333333333,30,81.5,0.8480167631939919,84.57406076657823,90.0,3.074060766578228
60689,2023-24,85.0,19,FWD,7,83.74285714285715,35,81.5,0.7681391063467261,84.18848687221355,90.0,2.688486872213545
60689,2024-25,83.74285714285715,35,FWD,8,75.5,10,81.5,0.8592098049585397,83.42708484826416,90.0,1.9270848482641583
60706,2016-17,90.0,16,GK,0,90.0,19,89.9,0.736136374297603,89.97361363742976,90.0,0.07361363742975868
60772,2016-17,90.0,36,GK,0,90.0,35,89.9,0.8625832288761219,89.98625832288762,90.0,0.08625832288761615
60914,2016-17,90.0,27,DEF,0,90.0,22,87.5,0.8248026562634164,89.56200664065855,90.0,2.062006640658552
60914,2017-18,90.0,22,DEF,1,90.0,17,87.5,0.7932186122041907,89.48304653051048,90.0,1.983046530510478
60914,2021-22,90.0,31,DEF,5,86.33333333333333,12,87.5,0.8438794878379978,89.609698719595,90.0,2.109698719595002
61256,2022-23,87.26086956521739,23,MID,6,87.0952380952381,21,83.1,0.8004147369923426,86.43042131870291,90.0,3.3304213187029177
61256,2023-24,87.0952380952381,21,MID,7,80.46666666666667,15,83.1,0.7854841596035032,86.23819623765401,90.0,3.1381962376540145
61256,2024-25,80.46666666666667,15,MID,8,81.03448275862068,29,83.1,0.7234109190985335,81.19501791304053,90.0,-1.904982086959464
61366,2016-17,86.96875,32,MID,0,84.86111111111111,36,83.1,0.8480167631939919,86.38076485260675,90.0,3.280764852606751
61366,2019-20,84.28125,32,MID,3,86.5909090909091,22,83.1,0.8480167631939919,84.10171980152289,90.0,1.0017198015228956
61366,2020-21,86.5909090909091,22,MID,4,86.69565217391305,23,83.1,0.7932186122041907,85.8690540644219,90.0,2.7690540644219084
61366,2021-22,86.69565217391305,23,MID,5,84.51851851851852,27,83.1,0.8004147369923426,85.97801298909854,90.0,2.8780129890985506
61366,2022-23,84.51851851851852,27,MID,6,81.21428571428571,14,83.1,0.8248026562634164,84.26999784203291,90.0,1.1699978420329131
61366,2023-24,81.21428571428571,14,MID,7,82.73684210526316,19,83.1,0.7093958374782874,81.76228213504095,90.0,-1.3377178649590462
61558,2020-21,84.23809523809524,21,MID,4,83.6,15,83.1,0.7854841596035032,83.99395578164399,90.0,0.8939557816439958
61558,2021-22,83.6,15,MID,5,87.41666666666667,12,83.1,0.7234109190985335,83.46170545954925,90.0,0.36170545954925615
61566,2016-17,87.45454545454545,11,MID,0,78.91666666666667,12,83.1,0.6573009993574788,85.9622470790203,90.0,2.8622470790203067
61566,2017-18,78.91666666666667,12,MID,1,87.6774193548387,31,83.1,0.6766242025254809,80.26945541943508,90.0,-2.8305445805649185
61566,2018-19,87.6774193548387,31,MID,2,81.1875,16,83.1,0.8438794878379978,86.96279030078102,90.0,3.862790300781029
61858,2016-17,78.0,15,FWD,0,84.89655172413794,29,81.5,0.7234109190985335,78.96806178315514,90.0,-2.531938216844864
61933,2017-18,88.97297297297297,37,DEF,1,90.0,34,87.5,0.8657987767774127,88.77529819822618,90.0,1.2752981982261815
61933,2018-19,90.0,34,DEF,2,88.15384615384616,13,87.5,0.855666585386568,89.63916646346642,90.0,2.139166463466424
62398,2016-17,86.79310344827586,29,MID,0,89.58823529411765,34,83.1,0.8348902810601913,86.1833361759154,90.0,3.083336175915406
62398,2017-18,89.58823529411765,34,MID,1,88.33333333333333,27,83.1,0.855666585386568,88.65176613930225,90.0,5.551766139302259
62398,2018-19,88.33333333333333,27,MID,2,84.27777777777777,18,83.1,0.8248026562634164,87.41646723444521,90.0,4.316467234445213
62398,2019-20,84.27777777777777,18,MID,3,90.0,11,83.1,0.7583704151151263,83.9931918222467,90.0,0.8931918222467061
62398,2020-21,90.0,11,MID,4,82.2,15,83.1,0.6573009993574788,87.6353768955666,90.0,4.5353768955666
62399,2016-17,79.92857142857143,28,MID,0,83.06451612903226,31,83.1,0.829995980948208,80.46772703184998,90.0,-2.632272968150019
63370,2016-17,79.9,10,MID,0,85.58333333333333,12,83.1,0.635521733076294,81.06633045415586,90.0,-2.033669545844134
63426,2019-20,89.1891891891892,37,DEF,3,90.0,30,87.5,0.8657987767774127,88.96249793374564,90.0,1.462497933745638
66242,2017-18,89.08571428571429,35,MID,1,87.48275862068965,29,83.1,0.8592098049585397,88.24298440396612,90.0,5.142984403966125
66242,2018-19,87.48275862068965,29,MID,2,88.56666666666666,30,83.1,0.8348902810601913,86.75912257664656,90.0,3.659122576646567
66588,2020-21,89.44736842105263,38,DEF,4,89.84,25,87.5,0.8688672781338241,89.19200469952375,90.0,1.6920046995237499
66588,2021-22,89.84,25,DEF,5,89.04545454545455,22,87.5,0.8134021840999093,89.4033611107938,90.0,1.9033611107937958
66749,2016-17,89.25,36,FWD,0,89.54838709677419,31,81.5,0.8625832288761219,88.18502002378995,90.0,6.685020023789946
66749,2017-18,89.54838709677419,31,FWD,1,87.13636363636364,22,81.5,0.8438794878379978,88.29186878114776,90.0,6.791868781147755
66797,2016-17,90.0,28,GK,0,90.0,19,89.9,0.829995980948208,89.98299959809482,90.0,0.0829995980948155
66838,2017-18,78.25,12,FWD,1,80.2,10,81.5,0.6766242025254809,79.30097134179218,90.0,-2.1990286582078227
66975,2016-17,87.42857142857143,14,MID,0,89.57575757575758,33,83.1,0.7093958374782874,86.17067055365601,90.0,3.070670553656015
66975,2017-18,89.57575757575758,33,MID,1,90.0,38,83.1,0.8519404196346568,88.61695962654322,90.0,5.516959626543226
66975,2018-19,90.0,38,MID,2,87.89285714285714,28,83.1,0.8688672781338241,89.09518421912338,90.0,5.995184219123388
66975,2019-20,87.89285714285714,28,MID,3,85.51851851851852,27,83.1,0.829995980948208,87.07805216583033,90.0,3.9780521658303343
67089,2017-18,90.0,12,GK,1,90.0,38,89.9,0.6766242025254809,89.96766242025255,90.0,0.06766242025254599
67089,2018-19,90.0,38,GK,2,90.0,38,89.9,0.8688672781338241,89.98688672781338,90.0,0.08688672781337914
67089,2019-20,90.0,38,GK,3,90.0,13,89.9,0.8688672781338241,89.98688672781338,90.0,0.08688672781337914
67089,2020-21,90.0,13,GK,4,90.0,26,89.9,0.6938846251416729,89.96938846251417,90.0,0.06938846251416919
67089,2023-24,90.0,22,GK,7,90.0,10,89.9,0.7932186122041907,89.97932186122041,90.0,0.07932186122040719
67089,2024-25,90.0,10,GK,8,90.0,35,89.9,0.635521733076294,89.96355217330763,90.0,0.06355217330762741
67527,2016-17,88.25,28,DEF,0,88.76,25,87.5,0.829995980948208,88.12249698571115,90.0,0.6224969857111518
68312,2016-17,85.15789473684211,19,MID,0,87.02941176470588,34,83.1,0.7681391063467261,84.68074942411351,90.0,1.5807494241135203
68312,2017-18,87.02941176470588,34,MID,1,78.4,10,83.1,0.855666585386568,86.46226634728369,90.0,3.3622663472836933
68983,2016-17,90.0,36,DEF,0,90.0,25,87.5,0.8625832288761219,89.6564580721903,90.0,2.156458072190304
68983,2017-18,90.0,25,DEF,1,90.0,19,87.5,0.8134021840999093,89.53350546024977,90.0,2.0335054602497706
68983,2018-19,90.0,19,DEF,2,90.0,17,87.5,0.7681391063467261,89.42034776586681,90.0,1.9203477658668078
68983,2019-20,90.0,17,DEF,3,90.0,34,87.5,0.747742375132532,89.36935593783133,90.0,1.8693559378313296
68983,2020-21,90.0,34,DEF,4,87.1,20,87.5,0.855666585386568,89.63916646346642,90.0,2.139166463466424
69140,2016-17,90.0,25,DEF,0,88.52,25,87.5,0.8134021840999093,89.53350546024977,90.0,2.0335054602497706
69140,2017-18,88.52,25,DEF,1,87.96428571428571,28,87.5,0.8134021840999093,88.3296702277819,90.0,0.8296702277819037
69140,2018-19,87.96428571428571,28,DEF,2,88.23076923076923,13,87.5,0.829995980948208,87.88535527686881,90.0,0.38535527686880755
69752,2022-23,90.0,26,GK,6,90.0,32,89.9,0.8192820394525251,89.98192820394526,90.0,0.08192820394525313
72222,2020-21,85.0,24,MID,4,82.58823529411765,17,83.1,0.8071268463216613,84.63354100801115,90.0,1.5335410080111558
73426,2016-17,84.73913043478261,23,FWD,0,79.25,16,81.5,0.8004147369923426,84.09264773504042,90.0,2.5926477350404156
73426,2017-18,79.25,16,FWD,1,79.33333333333333,12,81.5,0.736136374297603,79.84369315783039,90.0,-1.656306842169613
74033,2016-17,88.4,35,MID,0,88.04761904761905,21,83.1,0.8592098049585397,87.65381196628026,90.0,4.553811966280264
74208,2016-17,89.96428571428571,28,MID,0,85.75,24,83.1,0.829995980948208,88.79732955493733,90.0,5.69732955493734
74208,2017-18,85.75,24,MID,1,88.0,34,83.1,0.8071268463216613,85.2388861427524,90.0,2.138886142752412
74208,2018-19,88.0,34,MID,2,84.92307692307692,13,83.1,0.855666585386568,87.29276626839417,90.0,4.19276626839418
74208,2019-20,84.92307692307692,13,MID,3,87.15,20,83.1,0.6938846251416729,84.36500504737366,90.0,1.2650050473736627
74208,2020-21,87.15,20,MID,4,82.13333333333334,15,83.1,0.7771486250823768,86.24745193158364,90.0,3.147451931583646
74230,2016-17,87.88888888888889,27,DEF,0,89.30434782608695,23,87.5,0.8248026562634164,87.82075658854689,90.0,0.32075658854688527
74230,2017-18,89.30434782608695,23,DEF,1,89.77142857142857,35,87.5,0.8004147369923426,88.9442265906601,90.0,1.4442265906600937
74230,2018-19,89.77142857142857,35,DEF,2,88.53571428571429,28,87.5,0.8592098049585397,89.45163369983439,90.0,1.9516336998343888
74230,2019-20,88.53571428571429,28,DEF,3,90.0,19,87.5,0.829995980948208,88.3596386945535,90.0,0.859638694553496
74471,2017-18,87.17647058823529,34,MID,1,88.88,25,83.1,0.855666585386568,86.58809966866406,90.0,3.488099668664063
74471,2018-19,88.88,25,MID,2,84.22727272727273,22,83.1,0.8134021840999093,87.80146462409748,90.0,4.701464624097483
75115,2016-17,79.14285714285714,14,FWD,0,81.8695652173913,23,81.5,0.7093958374782874,79.82785266880117,90.0,-1.672147331198829
75115,2017-18,81.8695652173913,23,FWD,1,86.06896551724138,29,81.5,0.8004147369923426,81.79580544627977,90.0,0.2958054462797719
75115,2018-19,86.06896551724138,29,FWD,2,87.875,32,81.5,0.8348902810601913,85.31458490484398,90.0,3.814584904843983
75115,2019-20,87.875,32,FWD,3,88.95454545454545,22,81.5,0.8480167631939919,86.90610686536169,90.0,5.406106865361693
75115,2020-21,88.95454545454545,22,FWD,4,87.2,15,81.5,0.7932186122041907,87.4130842000676,90.0,5.913084200067601
75115,2021-22,87.2,15,FWD,5,77.9,20,81.5,0.7234109190985335,85.62344223886164,90.0,4.123442238861642
76359,2016-17,90.0,17,DEF,0,88.68181818181819,22,87.5,0.747742375132532,89.36935593783133,90.0,1.8693559378313296
76359,2017-18,88.68181818181819,22,DEF,1,90.0,12,87.5,0.7932186122041907,88.43744017805949,90.0,0.9374401780594894
76542,2016-17,79.85714285714286,14,MID,0,86.65,20,83.1,0.7093958374782874,80.79953064132042,90.0,-2.300469358679578
76542,2017-18,86.65,20,MID,1,86.07142857142857,14,83.1,0.7771486250823768,85.85887761904245,90.0,2.758877619042451
77359,2017-18,90.0,23,DEF,1,87.83333333333333,12,87.5,0.8004147369923426,89.50103684248086,90.0,2.0010368424808576
77794,2017-18,89.19047619047619,21,DEF,1,89.24,25,87.5,0.7854841596035032,88.82784226980593,90.0,1.3278422698059273
77794,2022-23,87.94736842105263,38,DEF,6,86.96,25,87.5,0.8688672781338241,87.88870378232302,90.0,0.38870378232302016
77794,2023-24,86.96,25,DEF,7,80.91666666666667,12,87.5,0.8134021840999093,87.06076282058605,90.0,-0.4392371794139507
77794,2024-25,80.91666666666667,12,DEF,8,84.27777777777777,18,87.5,0.6766242025254809,83.04555733337392,90.0,-4.454442666626079
78007,2016-17,84.6,30,MID,0,87.5,26,83.1,0.8395106600310144,84.35926599004652,90.0,1.2592659900465293
78007,2017-18,87.5,26,FWD,1,86.67647058823529,34,81.5,0.8192820394525251,86.41569223671516,90.0,4.915692236715159
78007,2018-19,86.67647058823529,34,FWD,2,83.30434782608695,23,81.5,0.855666585386568,85.92933291258929,90.0,4.429332912589288
78056,2016-17,90.0,34,MID,0,87.71875,32,83.1,0.855666585386568,89.00409943916732,90.0,5.904099439167325
78056,2017-18,87.71875,32,MID,1,86.42857142857143,21,83.1,0.8480167631939919,87.01677742500225,90.0,3.916777425002252
78056,2018-19,86.42857142857143,21,MID,2,85.2,20,83.1,0.7854841596035032,85.71454013125167,90.0,2.6145401312516725
78056,2019-20,85.2,20,MID,3,88.3157894736842,19,83.1,0.7771486250823768,84.73201211267299,90.0,1.6320121126729958
78056,2020-21,88.3157894736842,19,MID,4,86.78125,32,83.1,0.7681391063467261,87.10645186520844,90.0,4.006451865208447
78356,2016-17,78.27272727272727,11,FWD,0,80.4,10,81.5,0.6573009993574788,79.37871041116449,90.0,-2.121289588835509
78412,2016-17,70.875,16,FWD,0,74.9090909090909,11,81.5,0.736136374297603,73.67855102308798,90.0,-7.8214489769120235
78830,2016-17,85.96551724137932,29,FWD,0,88.32352941176471,34,81.5,0.8348902810601913,85.22821694473431,90.0,3.7282169447343136
78830,2017-18,88.32352941176471,34,FWD,1,89.14814814814815,27,81.5,0.855666585386568,87.33866611204952,90.0,5.838666112049523
78830,2018-19,89.14814814814815,27,FWD,2,89.24137931034483,29,81.5,0.8248026562634164,87.80821290808872,90.0,6.30821290808872
78830,2019-20,89.24137931034483,29,FWD,3,89.3529411764706,34,81.5,0.8348902810601913,87.96320234820735,90.0,6.463202348207346
78830,2020-21,89.3529411764706,34,FWD,4,89.25,36,81.5,0.855666585386568,88.21949936171217,90.0,6.719499361712167
78830,2021-22,89.25,36,FWD,5,89.63157894736842,38,81.5,0.8625832288761219,88.18502002378995,90.0,6.685020023789946
78916,2019-20,90.0,31,DEF,3,88.5909090909091,22,87.5,0.8438794878379978,89.609698719595,90.0,2.109698719595002
78916,2020-21,88.5909090909091,22,DEF,4,90.0,26,87.5,0.7932186122041907,88.36532939513185,90.0,0.8653293951318517
78916,2021-22,90.0,26,DEF,5,87.45714285714286,35,87.5,0.8192820394525251,89.54820509863131,90.0,2.048205098631314
78916,2022-23,87.45714285714286,35,DEF,6,86.96666666666667,30,87.5,0.8592098049585397,87.46317672264462,90.0,-0.03682327735538138
78916,2023-24,86.96666666666667,30,DEF,7,90.0,37,87.5,0.8395106600310144,87.05226098131679,90.0,-0.4477390186832082
78916,2024-25,90.0,37,DEF,8,87.79166666666667,24,87.5,0.8657987767774127,89.66449694194353,90.0,2.1644969419435256
79619,2017-18,85.11111111111111,27,MID,1,87.36,25,83.1,0.8248026562634164,84.75876978648532,90.0,1.6587697864853226
79934,2019-20,85.17142857142858,35,MID,3,82.78260869565217,23,83.1,0.8592098049585397,84.87979173884268,90.0,1.7797917388426896
80146,2017-18,87.7741935483871,31,FWD,1,79.57142857142857,14,81.5,0.8438794878379978,86.79466323820938,90.0,5.294663238209381
80146,2018-19,79.57142857142857,14,FWD,2,85.08108108108108,37,81.5,0.7093958374782874,80.13187945629187,90.0,-1.3681205437081303
80146,2019-20,85.08108108108108,37,FWD,3,83.91304347826087,23,81.5,0.8657987767774127,84.60049561954074,90.0,3.1004956195407374
80146,2020-21,83.91304347826087,23,FWD,4,83.42857142857143,21,81.5,0.8004147369923426,83.43143556100327,90.0,1.9314355610032692
80146,2021-22,83.42857142857143,21,FWD,5,83.0,30,81.5,0.7854841596035032,83.01486230780677,90.0,1.5148623078067658
80146,2022-23,83.0,30,MID,6,83.58620689655173,29,83.1,0.8395106600310144,83.0160489339969,90.0,-0.08395106600309532
80146,2023-24,83.58620689655173,29,MID,7,78.27777777777777,18,83.1,0.8348902810601913,83.50592941251548,90.0,0.40592941251549064
80201,2018-19,90.0,31,GK,2,90.0,29,89.9,0.8438794878379978,89.9843879487838,90.0,0.08438794878379952
80201,2019-20,90.0,29,GK,3,89.45714285714286,35,89.9,0.8348902810601913,89.98348902810602,90.0,0.08348902810601544
80201,2022-23,90.0,36,GK,6,90.0,38,89.9,0.8625832288761219,89.98625832288762,90.0,0.08625832288761615
80201,2023-24,90.0,38,GK,7,90.0,38,89.9,0.8688672781338241,89.98688672781338,90.0,0.08688672781337914
80201,2024-25,90.0,38,GK,8,90.0,38,89.9,0.8688672781338241,89.98688672781338,90.0,0.08688672781337914
80226,2019-20,88.16666666666667,30,DEF,3,86.66666666666667,18,87.5,0.8395106600310144,88.059673773354,90.0,0.5596737733540067
80447,2016-17,90.0,23,DEF,0,88.91304347826087,23,87.5,0.8004147369923426,89.50103684248086,90.0,2.0010368424808576
80447,2017-18,88.91304347826087,23,DEF,1,89.29411764705883,17,87.5,0.8004147369923426,88.63102082401092,90.0,1.1310208240109176
80607,2016-17,87.75,36,MID,0,86.97297297297297,37,83.1,0.8625832288761219,87.11101201427397,90.0,4.011012014273973
80607,2017-18,86.97297297297297,37,MID,1,89.36666666666666,30,83.1,0.8657987767774127,86.45321526249198,90.0,3.353215262491986
80607,2018-19,89.36666666666666,30,MID,2,87.5,10,83.1,0.8395106600310144,88.3609334695277,90.0,5.2609334695277
80607,2021-22,90.0,10,MID,5,80.24,25,83.1,0.635521733076294,87.48509995822643,90.0,4.385099958226434
80607,2022-23,80.24,25,MID,6,84.6,10,83.1,0.8134021840999093,80.77366975347427,90.0,-2.3263302465257283
80607,2023-24,84.6,10,MID,7,80.45454545454545,11,83.1,0.635521733076294,84.05328259961443,90.0,0.9532825996144396
80801,2016-17,87.10344827586206,29,MID,0,86.0,31,83.1,0.8348902810601913,86.44244005624442,90.0,3.3424400562444276
80801,2017-18,86.0,31,MID,1,87.6875,32,83.1,0.8438794878379978,85.5472505147302,90.0,2.4472505147302
80801,2022-23,83.75,28,MID,6,86.0,19,83.1,0.829995980948208,83.63949738761633,90.0,0.5394973876163363
80801,2023-24,86.0,19,MID,7,86.37142857142857,35,83.1,0.7681391063467261,85.32760340840551,90.0,2.227603408405514
80801,2024-25,86.37142857142857,35,MID,8,86.75,24,83.1,0.8592098049585397,85.91084350479292,90.0,2.8108435047929277
80954,2020-21,79.0,10,FWD,4,85.4090909090909,22,81.5,0.635521733076294,79.91119566730927,90.0,-1.588804332690728
80954,2021-22,85.4090909090909,22,FWD,5,79.3,20,81.5,0.7932186122041907,84.6007636658891,90.0,3.1007636658891045
81012,2018-19,89.36363636363636,11,DEF,2,89.54166666666667,24,87.5,0.6573009993574788,88.72497004425712,90.0,1.2249700442571196
81880,2016-17,78.41176470588235,17,MID,0,81.5,16,83.1,0.747742375132532,79.5944078059963,90.0,-3.5055921940036967
82263,2016-17,88.56666666666666,30,DEF,0,88.48387096774194,31,87.5,0.8395106600310144,88.3954780373664,90.0,0.8954780373664022
82263,2017-18,88.48387096774194,31,DEF,1,89.0,31,87.5,0.8438794878379978,88.33026852835674,90.0,0.8302685283567399
82263,2018-19,89.0,31,DEF,2,86.4375,16,87.5,0.8438794878379978,88.765819231757,90.0,1.265819231757007
82263,2019-20,86.4375,16,DEF,3,87.6,10,87.5,0.736136374297603,86.7178551023088,90.0,-0.7821448976911967
82263,2020-21,87.6,10,DEF,4,85.25,24,87.5,0.635521733076294,87.56355217330763,90.0,0.06355217330762741
82403,2016-17,88.05882352941177,34,MID,0,89.42857142857143,28,83.1,0.855666585386568,87.34309959694633,90.0,4.243099596946337
82403,2017-18,89.42857142857143,28,MID,1,89.32352941176471,34,83.1,0.829995980948208,88.35268885085794,90.0,5.25268885085795
82403,2018-19,89.32352941176471,34,FWD,2,90.0,36,81.5,0.855666585386568,88.1943326974361,90.0,6.694332697436096
82403,2019-20,90.0,36,MID,3,89.64285714285714,28,83.1,0.8625832288761219,89.05182427924524,90.0,5.951824279245244
82403,2020-21,89.64285714285714,28,MID,4,89.1,30,83.1,0.829995980948208,88.5305451324897,90.0,5.430545132489712
82403,2021-22,89.1,30,MID,5,87.76,25,83.1,0.8395106600310144,88.13706396018608,90.0,5.037063960186089
82514,2022-23,89.90625,32,DEF,6,87.52941176470588,17,87.5,0.8480167631939919,89.54054033643554,90.0,2.040540336435541
82691,2019-20,90.0,38,DEF,3,90.0,30,87.5,0.8688672781338241,89.67216819533455,90.0,2.1721681953345495
83283,2016-17,85.58064516129032,31,MID,0,82.35,20,83.1,0.8438794878379978,85.19336556821749,90.0,2.093365568217493
83283,2017-18,82.35,20,MID,1,88.38888888888889,36,83.1,0.7771486250823768,82.51713853118821,90.0,-0.5828614688117852
83283,2018-19,88.38888888888889,36,MID,2,88.73333333333333,30,83.1,0.8625832288761219,87.66210685494482,90.0,4.56210685494483
83283,2019-20,88.73333333333333,30,MID,3,88.9375,16,83.1,0.8395106600310144,87.82924338484139,90.0,4.729243384841396
83283,2020-21,88.9375,16,MID,4,86.47368421052632,19,83.1,0.736136374297603,87.39719608496225,90.0,4.297196084962252
83299,2017-18,90.0,38,DEF,1,89.48571428571428,35,87.5,0.8688672781338241,89.67216819533455,90.0,2.1721681953345495
83299,2018-19,89.48571428571428,35,DEF,2,89.72222222222223,36,87.5,0.8592098049585397,89.20614518413194,90.0,1.706145184131941
83299,2019-20,89.72222222222223,36,DEF,3,90.0,32,87.5,0.8625832288761219,89.41685161972471,90.0,1.91685161972471
83299,2020-21,90.0,32,DEF,4,90.0,28,87.5,0.8480167631939919,89.62004190798498,90.0,2.1200419079849837
83299,2021-22,90.0,28,DEF,5,90.0,36,87.5,0.829995980948208,89.57498995237052,90.0,2.0749899523705153
83299,2022-23,90.0,36,DEF,6,89.2258064516129,31,87.5,0.8625832288761219,89.6564580721903,90.0,2.156458072190304
83299,2023-24,89.2258064516129,31,DEF,7,88.52173913043478,23,87.5,0.8438794878379978,88.95637266449461,90.0,1.4563726644946087
83299,2024-25,88.52173913043478,23,DEF,8,90.0,31,87.5,0.8004147369923426,88.31781505736174,90.0,0.8178150573617415
83314,2016-17,89.0,30,MID,0,81.23076923076923,26,83.1,0.8395106600310144,88.05311289418299,90.0,4.953112894182993
83314,2017-18,81.23076923076923,26,MID,1,82.81818181818181,22,83.1,0.8192820394525251,81.5685728031772,90.0,-1.53142719682279
83314,2018-19,82.81818181818181,22,MID,2,87.47619047619048,21,83.1,0.7932186122041907,82.87645657292427,90.0,-0.22354342707572528
83314,2019-20,87.47619047619048,21,MID,3,82.86666666666666,15,83.1,0.7854841596035032,86.53742829845534,90.0,3.4374282984553446
83543,2017-18,85.29629629629629,27,MID,1,82.44444444444444,18,83.1,0.8248026562634164,84.91151101912668,90.0,1.8115110191266837
84182,2023-24,90.0,29,GK,7,90.0,24,89.9,0.8348902810601913,89.98348902810602,90.0,0.08348902810601544
84182,2024-25,90.0,24,GK,8,90.0,20,89.9,0.8071268463216613,89.98071268463217,90.0,0.08071268463216086
84450,2016-17,84.46428571428571,28,MID,0,87.70270270270271,37,83.1,0.829995980948208,84.2323516597222,90.0,1.1323516597222039
84450,2017-18,87.70270270270271,37,MID,1,88.70370370370371,27,83.1,0.8657987767774127,87.0850143698701,90.0,3.9850143698701004
84450,2018-19,88.70370370370371,27,MID,2,87.37931034482759,29,83.1,0.8248026562634164,87.72194969972796,90.0,4.621949699727963
84450,2019-20,87.37931034482759,29,MID,3,88.22222222222223,27,83.1,0.8348902810601913,86.67275461653689,90.0,3.5727546165368977
84450,2020-21,88.22222222222223,27,MID,4,88.1923076923077,26,83.1,0.8248026562634164,87.32482249486038,90.0,4.2248224948603905
84450,2021-22,88.1923076923077,26,MID,5,86.45454545454545,33,83.1,0.8192820394525251,87.27203623167364,90.0,4.172036231673644
84583,2016-17,82.41666666666667,24,MID,0,84.38461538461539,13,83.1,0.8071268463216613,82.5484633216802,90.0,-0.5515366783197919
84939,2018-19,76.89473684210526,19,FWD,2,84.61290322580645,31,81.5,0.7681391063467261,77.96251727340324,90.0,-3.537482726596764
84939,2019-20,84.61290322580645,31,FWD,3,85.68181818181819,22,81.5,0.8438794878379978,84.1269151798828,90.0,2.6269151798828005
84939,2020-21,85.68181818181819,22,FWD,4,79.04545454545455,22,81.5,0.7932186122041907,84.81709601467207,90.0,3.3170960146720745
84939,2021-22,79.04545454545455,22,FWD,5,79.53333333333333,15,81.5,0.7932186122041907,79.55300886095335,90.0,-1.946991139046645
85352,2016-17,89.88571428571429,35,DEF,0,87.33333333333333,12,87.5,0.8592098049585397,89.54982910611537,90.0,2.049829106115368
85368,2017-18,90.0,35,DEF,1,89.44444444444444,36,87.5,0.8592098049585397,89.64802451239635,90.0,2.148024512396347
85624,2017-18,88.5,26,DEF,1,89.23529411764706,17,87.5,0.8192820394525251,88.31928203945252,90.0,0.8192820394525171
85624,2018-19,89.23529411764706,17,DEF,2,88.16,25,87.5,0.747742375132532,88.79755294508291,90.0,1.2975529450829129
85633,2023-24,90.0,16,GK,7,90.0,38,89.9,0.736136374297603,89.97361363742976,90.0,0.07361363742975868
85633,2024-25,90.0,38,GK,8,90.0,29,89.9,0.8688672781338241,89.98688672781338,90.0,0.08688672781337914
85955,2018-19,85.29729729729729,37,MID,2,84.70370370370371,27,83.1,0.8657987767774127,85.00241731221631,90.0,1.9024173122163148
85955,2019-20,84.70370370370371,27,MID,3,83.77272727272727,22,83.1,0.8248026562634164,84.4227390746743,90.0,1.3227390746743026
85955,2020-21,83.77272727272727,22,MID,4,85.76,25,83.1,0.7932186122041907,83.63361979366464,90.0,0.5336197936646414
85955,2021-22,85.76,25,MID,5,84.80952380952381,21,83.1,0.8134021840999093,85.26364980970577,90.0,2.163649809705774
85955,2022-23,84.80952380952381,21,MID,6,77.5,10,83.1,0.7854841596035032,84.44280387284599,90.0,1.342803872845991
85971,2016-17,81.9090909090909,22,MID,0,78.4074074074074,27,83.1,0.7932186122041907,82.15534874364774,90.0,-0.9446512563522589
85971,2017-18,78.4074074074074,27,MID,1,83.45454545454545,22,83.1,0.8248026562634164,79.2295371648676,90.0,-3.8704628351324004
85971,2018-19,83.45454545454545,22,MID,2,85.28571428571429,28,83.1,0.7932186122041907,83.38123205341785,90.0,0.2812320534178525
85971,2019-20,85.28571428571429,28,MID,3,88.55882352941177,34,83.1,0.829995980948208,84.91413407264395,90.0,1.8141340726439523
85971,2020-21,88.55882352941177,34,MID,4,85.97142857142858,35,83.1,0.855666585386568,87.77093288963961,90.0,4.670932889639616
85971,2021-22,85.97142857142858,35,MID,5,85.51515151515152,33,83.1,0.8592098049585397,85.56715958280952,90.0,2.467159582809529
85971,2022-23,85.51515151515152,33,MID,6,86.33333333333333,33,83.1,0.8519404196346568,85.15756519529945,90.0,2.0575651952994605
85971,2023-24,86.33333333333333,33,MID,7,83.04761904761905,21,83.1,0.8519404196346568,85.85460735681872,90.0,2.754607356818724
86153,2018-19,90.0,24,DEF,2,82.85,20,87.5,0.8071268463216613,89.51781711580415,90.0,2.0178171158041494
86417,2016-17,85.54545454545455,11,DEF,0,85.35,20,87.5,0.6573009993574788,86.21527531943765,90.0,-1.2847246805623485
86417,2017-18,85.35,20,DEF,1,85.88235294117646,17,87.5,0.7771486250823768,85.82913045607289,90.0,-1.670869543927111
86417,2018-19,85.88235294117646,17,DEF,2,82.9,10,87.5,0.747742375132532,86.29041674610913,90.0,-1.2095832538908695
86417,2019-20,82.9,10,MID,3,81.21428571428571,14,83.1,0.635521733076294,82.97289565338474,90.0,-0.12710434661525483
86417,2020-21,81.21428571428571,14,MID,4,85.47368421052632,19,83.1,0.7093958374782874,81.76228213504095,90.0,-1.3377178649590462
86417,2021-22,85.47368421052632,19,MID,5,81.33333333333333,30,83.1,0.7681391063467261,84.923319668223,90.0,1.8233196682230073
86417,2022-23,81.33333333333333,30,MID,6,75.64285714285714,14,83.1,0.8395106600310144,81.61686450061188,90.0,-1.483135499388112
86881,2020-21,82.375,16,MID,4,84.36363636363636,11,83.1,0.736136374297603,82.56630112863424,90.0,-0.5336988713657576
86934,2016-17,86.20689655172414,29,MID,0,85.0,22,83.1,0.8348902810601913,85.69391773529391,90.0,2.593917735293914
87428,2017-18,81.5,14,MID,1,84.9090909090909,11,83.1,0.7093958374782874,81.96496666003475,90.0,-1.135033339965247
87835,2018-19,87.97058823529412,34,DEF,2,88.13793103448276,29,87.5,0.855666585386568,87.90266662841721,90.0,0.402666628417208
87835,2019-20,88.13793103448276,29,DEF,3,88.84615384615384,13,87.5,0.8348902810601913,88.03260242067633,90.0,0.5326024206763265
87873,2020-21,89.73684210526316,38,DEF,4,89.59375,32,87.5,0.8688672781338241,89.44351891161513,90.0,1.9435189116151292
88482,2017-18,82.8695652173913,23,FWD,1,77.3,10,81.5,0.8004147369923426,82.59622018327211,90.0,1.0962201832721092
88894,2018-19,77.27272727272727,11,MID,2,77.8,10,83.1,0.6573009993574788,79.26972781283504,90.0,-3.830272187164951
88894,2019-20,77.8,10,MID,3,80.82352941176471,17,83.1,0.635521733076294,79.73173481469564,90.0,-3.3682651853043524
88900,2016-17,89.6875,16,DEF,0,90.0,22,87.5,0.736136374297603,89.110298318776,90.0,1.6102983187760032
88900,2017-18,90.0,22,DEF,1,90.0,17,87.5,0.7932186122041907,89.48304653051048,90.0,1.983046530510478
88900,2018-19,90.0,17,DEF,2,89.11111111111111,27,87.5,0.747742375132532,89.36935593783133,90.0,1.8693559378313296
88900,2019-20,89.11111111111111,27,DEF,3,87.76470588235294,17,87.5,0.8248026562634164,88.82884872397995,90.0,1.3288487239799451
90105,2016-17,82.5,18,MID,0,86.27272727272727,22,83.1,0.7583704151151263,82.64497775093092,90.0,-0.4550222490690743
90105,2017-18,86.27272727272727,22,MID,1,86.55555555555556,36,83.1,0.7932186122041907,85.61666632417511,90.0,2.5166663241751195
90105,2018-19,86.55555555555556,36,MID,2,88.33333333333333,21,83.1,0.8625832288761219,86.08070426867192,90.0,2.9807042686719285
90152,2021-22,90.0,20,DEF,5,88.4,20,87.5,0.7771486250823768,89.44287156270595,90.0,1.942871562705946
90152,2022-23,88.4,20,DEF,6,89.6923076923077,13,87.5,0.7771486250823768,88.19943376257415,90.0,0.6994337625741451
90585,2018-19,90.0,35,DEF,2,90.0,22,87.5,0.8592098049585397,89.64802451239635,90.0,2.148024512396347
90585,2019-20,90.0,22,DEF,3,89.47619047619048,21,87.5,0.7932186122041907,89.48304653051048,90.0,1.983046530510478
90585,2020-21,89.47619047619048,21,DEF,4,90.0,10,87.5,0.7854841596035032,89.05226631540692,90.0,1.552266315406925
91047,2018-19,79.38461538461539,13,MID,2,84.83333333333333,18,83.1,0.6938846251416729,80.5219517388967,90.0,-2.578048261103291
91047,2019-20,84.83333333333333,18,MID,3,86.0,32,83.1,0.7583704151151263,84.41450871953288,90.0,1.3145087195328813
91047,2020-21,86.0,32,MID,4,86.35714285714286,14,83.1,0.8480167631939919,85.55924861326257,90.0,2.4592486132625737
91047,2021-22,86.35714285714286,14,MID,5,71.58333333333333,12,83.1,0.7093958374782874,85.41060358492928,90.0,2.3106035849292823
91651,2018-19,74.27777777777777,18,MID,2,85.04761904761905,21,83.1,0.7583704151151263,76.40948767109543,90.0,-6.6905123289045605
91651,2019-20,85.04761904761905,21,MID,3,83.10526315789474,19,83.1,0.7854841596035032,84.62982391084682,90.0,1.5298239108468294
91651,2020-21,83.10526315789474,19,MID,4,85.46666666666667,15,83.1,0.7681391063467261,83.10404283740183,90.0,0.004042837401840416
91651,2021-22,85.46666666666667,15,MID,5,83.58823529411765,17,83.1,0.7234109190985335,84.81207250853319,90.0,1.712072508533197
91651,2022-23,83.58823529411765,17,MID,6,80.52941176470588,17,83.1,0.747742375132532,83.46507421844706,90.0,0.365074218447063
91651,2023-24,80.52941176470588,17,MID,7,84.25,24,83.1,0.747742375132532,81.17786224745343,90.0,-1.9221377525465613
92217,2016-17,88.73529411764706,34,MID,0,83.21875,32,83.1,0.855666585386568,87.92193287529606,90.0,4.821932875296071
92217,2017-18,83.21875,32,FWD,1,83.73333333333333,30,81.5,0.8480167631939919,82.95752881173968,90.0,1.457528811739678
92217,2018-19,83.73333333333333,30,FWD,2,84.11764705882354,34,81.5,0.8395106600310144,83.37490714073593,90.0,1.8749071407359281
92217,2019-20,84.11764705882354,34,FWD,3,84.8125,32,81.5,0.855666585386568,83.73983312057072,90.0,2.2398331205707223
93100,2018-19,88.1304347826087,23,DEF,2,89.25,16,87.5,0.8004147369923426,88.00460929071257,90.0,0.5046092907125654
93100,2019-20,89.25,16,DEF,3,90.0,28,87.5,0.736136374297603,88.7882386550208,90.0,1.2882386550208054
93264,2016-17,89.03030303030303,33,MID,0,87.65625,32,83.1,0.8519404196346568,88.15226485219705,90.0,5.052264852197055
93264,2017-18,87.65625,32,MID,1,85.11764705882354,17,83.1,0.8480167631939919,86.96377637730262,90.0,3.863776377302628
93264,2018-19,85.11764705882354,17,MID,2,90.0,13,83.1,0.747742375132532,84.60868020394388,90.0,1.5086802039438822
93264,2019-20,90.0,13,MID,3,90.0,28,83.1,0.6938846251416729,87.88780391347754,90.0,4.787803913477546
93264,2020-21,90.0,28,DEF,4,90.0,34,87.5,0.829995980948208,89.57498995237052,90.0,2.0749899523705153
93264,2021-22,90.0,34,DEF,5,89.70967741935483,31,87.5,0.855666585386568,89.63916646346642,90.0,2.139166463466424
93464,2016-17,87.93333333333334,15,MID,0,87.11538461538461,26,83.1,0.7234109190985335,86.59648610897625,90.0,3.4964861089762564
94147,2018-19,90.0,38,DEF,2,90.0,38,87.5,0.8688672781338241,89.67216819533455,90.0,2.1721681953345495
94147,2019-20,90.0,38,DEF,3,89.27027027027027,37,87.5,0.8688672781338241,89.67216819533455,90.0,2.1721681953345495
94147,2020-21,89.27027027027027,37,DEF,4,89.62162162162163,37,87.5,0.8657987767774127,89.03269783456543,90.0,1.5326978345654254
94147,2021-22,89.62162162162163,37,DEF,5,89.56521739130434,23,87.5,0.8657987767774127,89.33689740478452,90.0,1.8368974047845228
94924,2018-19,79.72727272727273,22,MID,2,84.0,23,83.1,0.7932186122041907,80.42468995338405,90.0,-2.675310046615948
95658,2016-17,88.875,24,DEF,0,90.0,38,87.5,0.8071268463216613,88.60979941369229,90.0,1.1097994136922864
95658,2017-18,90.0,38,DEF,1,90.0,28,87.5,0.8688672781338241,89.67216819533455,90.0,2.1721681953345495
95658,2018-19,90.0,28,DEF,2,90.0,38,87.5,0.829995980948208,89.57498995237052,90.0,2.0749899523705153
95658,2019-20,90.0,38,DEF,3,89.61764705882354,34,87.5,0.8688672781338241,89.67216819533455,90.0,2.1721681953345495
95658,2020-21,89.61764705882354,34,DEF,4,88.35714285714286,28,87.5,0.855666585386568,89.31199982787744,90.0,1.8119998278774432
95658,2023-24,90.0,17,DEF,7,87.0625,16,87.5,0.747742375132532,89.36935593783133,90.0,1.8693559378313296
95658,2024-25,87.0625,16,DEF,8,84.36842105263158,19,87.5,0.736136374297603,87.1779403362448,90.0,-0.3220596637551978
95715,2018-19,81.29166666666667,24,MID,2,82.83333333333333,24,83.1,0.8071268463216613,81.64044561956834,90.0,-1.4595543804316549
95715,2019-20,82.83333333333333,24,MID,3,81.41666666666667,12,83.1,0.8071268463216613,82.88476617431422,90.0,-0.21523382568577176
95715,2020-21,81.41666666666667,12,MID,4,82.88235294117646,17,83.1,0.6766242025254809,81.96101592574877,90.0,-1.1389840742512263
96787,2021-22,85.0,21,MID,5,79.21739130434783,23,83.1,0.7854841596035032,84.59241990324666,90.0,1.4924199032466703
96994,2022-23,82.10714285714286,28,MID,6,72.85714285714286,14,83.1,0.829995980948208,82.27593256177285,90.0,-0.8240674382271465
97032,2016-17,89.9,20,DEF,0,90.0,25,87.5,0.7771486250823768,89.36515670019772,90.0,1.8651567001977156
97032,2017-18,90.0,25,DEF,1,90.0,37,87.5,0.8134021840999093,89.53350546024977,90.0,2.0335054602497706
97032,2018-19,90.0,37,DEF,2,90.0,38,87.5,0.8657987767774127,89.66449694194353,90.0,2.1644969419435256
97032,2021-22,90.0,34,DEF,5,90.0,31,87.5,0.855666585386568,89.63916646346642,90.0,2.139166463466424
97032,2022-23,90.0,31,DEF,6,90.0,35,87.5,0.8438794878379978,89.609698719595,90.0,2.109698719595002
97032,2023-24,90.0,35,DEF,7,90.0,37,87.5,0.8592098049585397,89.64802451239635,90.0,2.148024512396347
97032,2024-25,90.0,37,DEF,8,90.0,38,87.5,0.8657987767774127,89.66449694194353,90.0,2.1644969419435256
97299,2016-17,89.38095238095238,21,DEF,0,84.06666666666666,15,87.5,0.7854841596035032,88.97745830020659,90.0,1.4774583002065924
97299,2017-18,84.06666666666666,15,DEF,1,88.78947368421052,19,87.5,0.7234109190985335,85.0162891777617,90.0,-2.4837108222382938
97299,2018-19,88.78947368421052,19,DEF,2,90.0,11,87.5,0.7681391063467261,88.4904951634471,90.0,0.9904951634470933
97299,2019-20,90.0,11,DEF,3,90.0,21,87.5,0.6573009993574788,89.1432524983937,90.0,1.643252498393693
97299,2020-21,90.0,21,DEF,4,88.83333333333333,12,87.5,0.7854841596035032,89.46371039900876,90.0,1.963710399008761
97299,2021-22,88.83333333333333,12,DEF,5,88.6842105263158,19,87.5,0.6766242025254809,88.40216560336731,90.0,0.9021656033673082
97299,2022-23,88.6842105263158,19,DEF,6,86.72727272727273,11,87.5,0.7681391063467261,88.4096384154106,90.0,0.9096384154105976
98745,2016-17,89.11111111111111,27,DEF,0,89.5,34,87.5,0.8248026562634164,88.82884872397995,90.0,1.3288487239799451
98745,2017-18,89.5,34,DEF,1,88.8125,16,87.5,0.855666585386568,89.21133317077313,90.0,1.7113331707731305
98745,2018-19,88.8125,16,DEF,2,87.76923076923077,13,87.5,0.736136374297603,88.46617899126561,90.0,0.9661789912656076
98745,2019-20,87.76923076923077,13,DEF,3,87.56521739130434,23,87.5,0.6938846251416729,87.6868150913843,90.0,0.18681509138430386
98747,2019-20,90.0,38,GK,3,90.0,32,89.9,0.8688672781338241,89.98688672781338,90.0,0.08688672781337914
98747,2020-21,90.0,32,GK,4,90.0,36,89.9,0.8480167631939919,89.9848016763194,90.0,0.08480167631940105
98747,2021-22,90.0,36,GK,5,90.0,36,89.9,0.8625832288761219,89.98625832288762,90.0,0.08625832288761615
98747,2022-23,90.0,36,GK,6,89.66666666666667,15,89.9,0.8625832288761219,89.98625832288762,90.0,0.08625832288761615
98747,2023-24,89.66666666666667,15,GK,7,90.0,28,89.9,0.7234109190985335,89.73120411887702,90.0,-0.16879588112298904
98747,2024-25,90.0,28,GK,8,89.48148148148148,27,89.9,0.829995980948208,89.98299959809482,90.0,0.0829995980948155
98980,2020-21,90.0,38,GK,4,90.0,36,89.9,0.8688672781338241,89.98688672781338,90.0,0.08688672781337914
98980,2021-22,90.0,36,GK,5,90.0,34,89.9,0.8625832288761219,89.98625832288762,90.0,0.08625832288761615
98980,2022-23,90.0,34,GK,6,90.0,33,89.9,0.855666585386568,89.98556665853866,90.0,0.08556665853865297
98980,2023-24,90.0,33,GK,7,90.0,34,89.9,0.8519404196346568,89.98519404196347,90.0,0.08519404196346159
98980,2024-25,90.0,34,GK,8,90.0,31,89.9,0.855666585386568,89.98556665853866,90.0,0.08556665853865297
100649,2018-19,77.66666666666667,24,MID,2,76.45454545454545,11,83.1,0.8071268463216613,78.71461080165231,90.0,-4.385389198347681
101148,2017-18,89.78125,32,DEF,1,90.0,29,87.5,0.8480167631939919,89.4345382410363,90.0,1.934538241036293
101148,2018-19,90.0,29,DEF,2,89.43478260869566,23,87.5,0.8348902810601913,89.58722570265047,90.0,2.0872257026504712
101148,2019-20,89.43478260869566,23,DEF,3,89.82352941176471,17,87.5,0.8004147369923426,89.04862851287649,90.0,1.5486285128764905
101148,2020-21,89.82352941176471,17,DEF,4,89.0,22,87.5,0.747742375132532,89.23740140104323,90.0,1.737401401043229
101178,2016-17,84.5,20,MID,0,83.94117647058823,17,83.1,0.7771486250823768,84.18800807511533,90.0,1.08800807511534
101178,2017-18,83.94117647058823,17,MID,1,88.80952380952381,21,83.1,0.747742375132532,83.72898329202324,90.0,0.6289832920232499
101178,2018-19,88.80952380952381,21,MID,2,90.0,38,83.1,0.7854841596035032,87.58474051126001,90.0,4.484740511260014
101178,2019-20,90.0,38,MID,3,90.0,38,83.1,0.8688672781338241,89.09518421912338,90.0,5.995184219123388
101178,2020-21,90.0,38,MID,4,89.30555555555556,36,83.1,0.8688672781338241,89.09518421912338,90.0,5.995184219123388
101178,2021-22,89.30555555555556,36,MID,5,89.89189189189189,37,83.1,0.8625832288761219,88.45280814808126,90.0,5.352808148081266
101178,2022-23,89.89189189189189,37,MID,6,87.51515151515152,33,83.1,0.8657987767774127,88.98041169200442,90.0,5.880411692004429
101178,2023-24,87.51515151515152,33,MID,7,85.28571428571429,14,83.1,0.8519404196346568,86.86144603456877,90.0,3.7614460345687775
101178,2024-25,85.28571428571429,14,MID,8,82.41666666666667,12,83.1,0.7093958374782874,84.65053661620254,90.0,1.5505366162025496
101184,2016-17,90.0,25,DEF,0,84.5,10,87.5,0.8134021840999093,89.53350546024977,90.0,2.0335054602497706
101184,2017-18,84.5,10,DEF,1,90.0,28,87.5,0.635521733076294,85.59343480077112,90.0,-1.9065651992288792
101184,2018-19,90.0,28,DEF,2,90.0,11,87.5,0.829995980948208,89.57498995237052,90.0,2.0749899523705153
101188,2018-19,89.36363636363636,33,DEF,2,88.44117647058823,34,87.5,0.8519404196346568,89.08770714568277,90.0,1.5877071456827707
101188,2019-20,88.44117647058823,34,DEF,3,89.36666666666666,30,87.5,0.855666585386568,88.30533325683442,90.0,0.805333256834416
101188,2020-21,89.36666666666666,30,DEF,4,89.5925925925926,27,87.5,0.8395106600310144,89.06708656539122,90.0,1.5670865653912216
101188,2021-22,89.5925925925926,27,DEF,5,84.64285714285714,14,87.5,0.8248026562634164,89.22597592884753,90.0,1.7259759288475323
101188,2022-23,84.64285714285714,14,DEF,6,87.64,25,87.5,0.7093958374782874,85.47315475006204,90.0,-2.0268452499379634
101188,2023-24,87.64,25,DEF,7,83.88,25,87.5,0.8134021840999093,87.61387630577399,90.0,0.11387630577398511
101188,2024-25,83.88,25,DEF,8,83.52631578947368,19,87.5,0.8134021840999093,84.55548409355833,90.0,-2.9445159064416657
101537,2018-19,86.58823529411765,34,MID,2,76.88235294117646,17,83.1,0.855666585386568,86.08476638314255,90.0,2.9847663831425564
101582,2018-19,83.0,10,MID,2,88.26086956521739,23,83.1,0.635521733076294,83.03644782669237,90.0,-0.06355217330762741
101582,2019-20,88.26086956521739,23,MID,3,85.5,26,83.1,0.8004147369923426,87.23083605569526,90.0,4.130836055695269
101582,2020-21,85.5,26,MID,4,84.45454545454545,22,83.1,0.8192820394525251,85.06627689468607,90.0,1.9662768946860751
101668,2016-17,86.06451612903226,31,FWD,0,87.78378378378379,37,81.5,0.8438794878379978,85.35190153319603,90.0,3.8519015331960276
101668,2017-18,87.78378378378379,37,FWD,1,86.3,30,81.5,0.8657987767774127,86.94049231353375,90.0,5.440492313533753
101668,2018-19,86.3,30,FWD,2,89.66666666666667,33,81.5,0.8395106600310144,85.52965116814886,90.0,4.02965116814886
101668,2019-20,89.66666666666667,33,FWD,3,88.87096774193549,31,81.5,0.8519404196346568,88.45751342701637,90.0,6.957513427016366
101668,2020-21,88.87096774193549,31,FWD,4,86.6842105263158,19,81.5,0.8438794878379978,87.72020848293492,90.0,6.220208482934922
101668,2021-22,86.6842105263158,19,FWD,5,77.94117647058823,17,81.5,0.7681391063467261,85.4821948407975,90.0,3.9821948407975043
102057,2018-19,86.67647058823529,34,FWD,2,87.10810810810811,37,81.5,0.855666585386568,85.92933291258929,90.0,4.429332912589288
102057,2023-24,80.84615384615384,13,FWD,7,78.33333333333333,30,81.5,0.6938846251416729,81.04630620663814,90.0,-0.45369379336186455
102057,2024-25,78.33333333333333,30,FWD,8,80.43478260869566,23,81.5,0.8395106600310144,78.84154957656845,90.0,-2.658450423431546
102380,2017-18,88.92307692307692,26,DEF,1,88.5,32,87.5,0.8192820394525251,88.66590136383628,90.0,1.1659013638362836
102380,2018-19,88.5,32,DEF,2,90.0,18,87.5,0.8480167631939919,88.348016763194,90.0,0.8480167631939963
102380,2019-20,90.0,18,DEF,3,90.0,19,87.5,0.7583704151151263,89.3959260377878,90.0,1.8959260377878024
102380,2020-21,90.0,19,DEF,4,89.26470588235294,34,87.5,0.7681391063467261,89.42034776586681,90.0,1.9203477658668078
102826,2018-19,90.0,10,DEF,2,85.9375,16,87.5,0.635521733076294,89.08880433269074,90.0,1.5888043326907422
102826,2019-20,85.9375,16,DEF,3,84.18181818181819,11,87.5,0.736136374297603,86.34978691516,90.0,-1.1502130848400043
103025,2016-17,84.375,32,MID,0,85.44117647058823,34,83.1,0.8480167631939919,84.18122137307233,90.0,1.0812213730723386
103025,2017-18,85.44117647058823,34,MID,1,83.75,12,83.1,0.855666585386568,85.10326647637561,90.0,2.0032664763756145
103025,2018-19,83.75,12,MID,2,83.72222222222223,18,83.1,0.6766242025254809,83.53980573164156,90.0,0.4398057316415702
103025,2019-20,83.72222222222223,18,MID,3,82.34782608695652,23,83.1,0.7583704151151263,83.57187492496053,90.0,0.47187492496053096
103025,2020-21,82.34782608695652,23,MID,4,85.92857142857143,14,83.1,0.8004147369923426,82.4979489152188,90.0,-0.6020510847811948
103025,2021-22,85.92857142857143,14,MID,5,82.35,20,83.1,0.7093958374782874,85.10657679743858,90.0,2.0065767974385835
103192,2017-18,89.21875,32,DEF,1,90.0,29,87.5,0.8480167631939919,88.95752881173968,90.0,1.457528811739678
103192,2018-19,90.0,29,DEF,2,90.0,24,87.5,0.8348902810601913,89.58722570265047,90.0,2.0872257026504712
103192,2019-20,90.0,24,DEF,3,90.0,22,87.5,0.8071268463216613,89.51781711580415,90.0,2.0178171158041494
103192,2020-21,90.0,22,DEF,4,89.1304347826087,23,87.5,0.7932186122041907,89.48304653051048,90.0,1.983046530510478
103192,2021-22,89.1304347826087,23,DEF,5,90.0,21,87.5,0.8004147369923426,88.80502402770492,90.0,1.305024027704917
103192,2022-23,90.0,21,DEF,6,89.12903225806451,31,87.5,0.7854841596035032,89.46371039900876,90.0,1.963710399008761
103914,2017-18,90.0,10,DEF,1,89.47222222222223,36,87.5,0.635521733076294,89.08880433269074,90.0,1.5888043326907422
103914,2018-19,89.47222222222223,36,DEF,2,90.0,20,87.5,0.8625832288761219,89.20120581250569,90.0,1.701205812505691
103914,2019-20,90.0,20,DEF,3,88.92307692307692,26,87.5,0.7771486250823768,89.44287156270595,90.0,1.942871562705946
103914,2020-21,88.92307692307692,26,DEF,4,90.0,30,87.5,0.8192820394525251,88.66590136383628,90.0,1.1659013638362836
103955,2016-17,86.84615384615384,26,MID,0,85.0,29,83.1,0.8192820394525251,86.16915656317984,90.0,3.0691565631798454
103955,2017-18,85.0,29,MID,1,86.45161290322581,31,83.1,0.8348902810601913,84.68629153401436,90.0,1.5862915340143644
103955,2018-19,86.45161290322581,31,MID,2,86.82758620689656,29,83.1,0.8438794878379978,85.92835738020543,90.0,2.828357380205432
103955,2019-20,86.82758620689656,29,MID,3,88.60714285714286,28,83.1,0.8348902810601913,86.21212549595197,90.0,3.1121254959519717
103955,2020-21,88.60714285714286,28,MID,4,86.45454545454545,22,83.1,0.829995980948208,87.67090643793621,90.0,4.570906437936216
103955,2021-22,86.45454545454545,22,MID,5,80.52380952380952,21,83.1,0.7932186122041907,85.76088789003042,90.0,2.6608878900304234
103955,2022-23,80.52380952380952,21,MID,6,81.95454545454545,22,83.1,0.7854841596035032,81.07644318883096,90.0,-2.02355681116903
104542,2016-17,90.0,10,GK,0,90.0,19,89.9,0.635521733076294,89.96355217330763,90.0,0.06355217330762741
104545,2017-18,86.75,20,DEF,1,90.0,11,87.5,0.7771486250823768,86.91713853118821,90.0,-0.5828614688117852
104953,2017-18,84.5,18,MID,1,84.13333333333334,15,83.1,0.7583704151151263,84.16171858116118,90.0,1.0617185811611876
105717,2016-17,88.6,10,DEF,0,86.6,20,87.5,0.635521733076294,88.19907390638392,90.0,0.6990739063839158
105717,2017-18,86.6,20,DEF,1,90.0,18,87.5,0.7771486250823768,86.80056623742585,90.0,-0.6994337625741451
106450,2017-18,83.1,10,MID,1,82.95454545454545,22,83.1,0.635521733076294,83.1,90.0,0.0
106468,2022-23,80.66666666666667,15,DEF,6,81.8,10,87.5,0.7234109190985335,82.55669205282669,90.0,-4.9433079471733095
106468,2023-24,81.8,10,DEF,7,81.9,10,87.5,0.635521733076294,83.87752612146512,90.0,-3.6224738785348762
106611,2016-17,90.0,35,DEF,0,89.42857142857143,28,87.5,0.8592098049585397,89.64802451239635,90.0,2.148024512396347
106611,2017-18,89.42857142857143,28,DEF,1,90.0,33,87.5,0.829995980948208,89.10070653468583,90.0,1.600706534685827
106611,2018-19,90.0,33,DEF,2,90.0,28,87.5,0.8519404196346568,89.62985104908664,90.0,2.129851049086639
106611,2019-20,90.0,28,DEF,3,89.24242424242425,33,87.5,0.829995980948208,89.57498995237052,90.0,2.0749899523705153
106611,2020-21,89.24242424242425,33,DEF,4,88.58064516129032,31,87.5,0.8519404196346568,88.98444164027252,90.0,1.4844416402725216
106611,2021-22,88.58064516129032,31,DEF,5,87.36363636363636,11,87.5,0.8438794878379978,88.41193428524429,90.0,0.9119342852442855
106611,2024-25,90.0,11,DEF,8,88.82758620689656,29,87.5,0.6573009993574788,89.1432524983937,90.0,1.643252498393693
106618,2017-18,90.0,17,DEF,1,89.52380952380952,21,87.5,0.747742375132532,89.36935593783133,90.0,1.8693559378313296
106618,2018-19,89.52380952380952,21,DEF,2,86.57142857142857,14,87.5,0.7854841596035032,89.08967032300708,90.0,1.589670323007084
106618,2019-20,86.57142857142857,14,DEF,3,87.92857142857143,14,87.5,0.7093958374782874,86.84127529377017,90.0,-0.6587247062298331
106760,2018-19,89.34482758620689,29,DEF,2,87.42105263157895,19,87.5,0.8348902810601913,89.04022862195586,90.0,1.5402286219558619
106760,2019-20,87.42105263157895,19,DEF,3,89.14285714285714,28,87.5,0.7681391063467261,87.43935743897262,90.0,-0.06064256102737886
106760,2020-21,89.14285714285714,28,DEF,4,88.58823529411765,17,87.5,0.829995980948208,88.86356482584348,90.0,1.3635648258434827
106760,2021-22,88.58823529411765,17,DEF,5,88.18518518518519,27,87.5,0.747742375132532,88.31371964352658,90.0,0.8137196435265821
106760,2022-23,88.18518518518519,27,DEF,6,87.0,10,87.5,0.8248026562634164,88.0651425607731,90.0,0.5651425607730971
107265,2018-19,90.0,12,GK,2,90.0,10,89.9,0.6766242025254809,89.96766242025255,90.0,0.06766242025254599
107613,2018-19,88.36363636363636,11,DEF,2,89.37931034482759,29,87.5,0.6573009993574788,88.06766904489965,90.0,0.5676690448996453
107613,2019-20,89.37931034482759,29,DEF,3,89.14814814814815,27,87.5,0.8348902810601913,89.06901794199243,90.0,1.5690179419924277
107613,2020-21,89.14814814814815,27,DEF,4,88.7,30,87.5,0.8248026562634164,88.85939697050821,90.0,1.3593969705082145
108413,2017-18,84.3,10,MID,1,84.03846153846153,26,83.1,0.635521733076294,83.86262607969155,90.0,0.7626260796915574
108413,2018-19,84.03846153846153,26,MID,2,82.36,25,83.1,0.8192820394525251,83.86886468317853,90.0,0.7688646831785348
108413,2023-24,81.61904761904762,21,MID,7,81.55,20,83.1,0.7854841596035032,81.93673536363481,90.0,-1.1632646363651844
108413,2024-25,81.55,20,MID,8,81.6923076923077,13,83.1,0.7771486250823768,81.89541963112231,90.0,-1.2045803688776857
108416,2019-20,89.65714285714286,35,DEF,3,89.79310344827586,29,87.5,0.8592098049585397,89.35343829355341,90.0,1.8534382935534097
108823,2016-17,85.42857142857143,35,MID,0,86.02941176470588,34,83.1,0.8592098049585397,85.10073140297489,90.0,2.0007314029748926
108823,2017-18,86.02941176470588,34,MID,1,84.7,20,83.1,0.855666585386568,85.60659976189712,90.0,2.506599761897121
108823,2018-19,84.7,20,MID,2,85.8,20,83.1,0.7771486250823768,84.34343780013181,90.0,1.2434378001318152
109322,2016-17,74.35714285714286,14,MID,0,76.45,20,83.1,0.7093958374782874,76.89785353518982,90.0,-6.20214646481017
109322,2017-18,76.45,20,MID,1,82.70588235294117,17,83.1,0.7771486250823768,77.9319616432022,90.0,-5.168038356797794
109345,2017-18,85.05555555555556,18,MID,1,83.1923076923077,26,83.1,0.7583704151151263,84.58303547844736,90.0,1.4830354784473627
109345,2018-19,83.1923076923077,26,MID,2,80.81818181818181,11,83.1,0.8192820394525251,83.17562603441101,90.0,0.07562603441101601
109345,2019-20,80.81818181818181,11,MID,3,85.57894736842105,19,83.1,0.6573009993574788,81.60015862873884,90.0,-1.4998413712611551
109345,2020-21,85.57894736842105,19,MID,4,82.27777777777777,18,83.1,0.7681391063467261,85.00417641625953,90.0,1.9041764162595314
109345,2021-22,82.27777777777777,18,MID,5,86.83333333333333,30,83.1,0.7583704151151263,82.47645099201645,90.0,-0.6235490079835415
109434,2017-18,90.0,11,DEF,1,88.75862068965517,29,87.5,0.6573009993574788,89.1432524983937,90.0,1.643252498393693
109528,2016-17,89.26666666666667,15,DEF,0,87.55,20,87.5,0.7234109190985335,88.77802595707408,90.0,1.2780259570740782
109528,2017-18,87.55,20,DEF,1,89.36363636363636,11,87.5,0.7771486250823768,87.53885743125412,90.0,0.03885743125411523
109528,2018-19,89.36363636363636,11,DEF,2,87.82352941176471,17,87.5,0.6573009993574788,88.72497004425712,90.0,1.2249700442571196
109533,2022-23,86.23076923076923,13,DEF,6,88.37142857142857,35,87.5,0.6938846251416729,86.61930028347402,90.0,-0.8806997165259816
109533,2023-24,88.37142857142857,35,DEF,7,81.36363636363636,22,87.5,0.8592098049585397,88.24873997289242,90.0,0.7487399728924231
109646,2022-23,90.0,23,DEF,6,89.66666666666667,18,87.5,0.8004147369923426,89.50103684248086,90.0,2.0010368424808576
109646,2023-24,89.66666666666667,18,DEF,7,89.42857142857143,14,87.5,0.7583704151151263,89.14313589941611,90.0,1.6431358994161087
109745,2018-19,90.0,36,GK,2,90.0,33,89.9,0.8625832288761219,89.98625832288762,90.0,0.08625832288761615
110735,2019-20,90.0,29,DEF,3,89.44827586206897,29,87.5,0.8348902810601913,89.58722570265047,90.0,2.0872257026504712
110735,2020-21,89.44827586206897,29,DEF,4,87.92857142857143,14,87.5,0.8348902810601913,89.12659658206555,90.0,1.6265965820655452
110735,2021-22,87.92857142857143,14,DEF,5,87.0,22,87.5,0.7093958374782874,87.8040267874907,90.0,0.3040267874906988
110735,2022-23,87.0,22,DEF,6,88.58333333333333,12,87.5,0.7932186122041907,87.1033906938979,90.0,-0.396609306102107
110979,2016-17,86.8,25,MID,0,79.70370370370371,27,83.1,0.8134021840999093,86.10958808116966,90.0,3.0095880811696674
110979,2017-18,79.70370370370371,27,MID,1,87.17142857142858,35,83.1,0.8248026562634164,80.2987257933572,90.0,-2.8012742066427876
110979,2018-19,87.17142857142858,35,MID,2,87.06666666666666,30,83.1,0.8592098049585397,86.59821134875976,90.0,3.4982113487597672
110979,2019-20,87.06666666666666,30,MID,3,88.9,30,83.1,0.8395106600310144,86.43005895145636,90.0,3.3300589514563654
110979,2020-21,88.9,30,MID,4,87.0,32,83.1,0.8395106600310144,87.96916182817989,90.0,4.869161828179898
111234,2016-17,90.0,29,GK,0,90.0,38,89.9,0.8348902810601913,89.98348902810602,90.0,0.08348902810601544
111234,2017-18,90.0,38,GK,1,90.0,38,89.9,0.8688672781338241,89.98688672781338,90.0,0.08688672781337914
111234,2018-19,90.0,38,GK,2,90.0,38,89.9,0.8688672781338241,89.98688672781338,90.0,0.08688672781337914
111234,2019-20,90.0,38,GK,3,90.0,30,89.9,0.8688672781338241,89.98688672781338,90.0,0.08688672781337914
111234,2020-21,90.0,30,GK,4,90.0,35,89.9,0.8395106600310144,89.9839510660031,90.0,0.08395106600309532
111234,2021-22,90.0,35,GK,5,90.0,37,89.9,0.8592098049585397,89.98592098049586,90.0,0.08592098049585672
111234,2022-23,90.0,37,GK,6,90.0,38,89.9,0.8657987767774127,89.98657987767774,90.0,0.08657987767773534
111234,2023-24,90.0,38,GK,7,90.0,38,89.9,0.8688672781338241,89.98688672781338,90.0,0.08688672781337914
111234,2024-25,90.0,38,GK,8,90.0,38,89.9,0.8688672781338241,89.98688672781338,90.0,0.08688672781337914
111457,2017-18,85.70833333333333,24,DEF,1,87.0,20,87.5,0.8071268463216613,86.05389773367368,90.0,-1.4461022663263208
111457,2018-19,87.0,20,DEF,2,85.72222222222223,18,87.5,0.7771486250823768,87.1114256874588,90.0,-0.3885743125411949
111478,2020-21,88.875,24,DEF,4,86.59375,32,87.5,0.8071268463216613,88.60979941369229,90.0,1.1097994136922864
111478,2021-22,86.59375,32,DEF,5,81.6,25,87.5,0.8480167631939919,86.73148480835545,90.0,-0.7685151916445534
111478,2022-23,81.6,25,DEF,6,89.64285714285714,14,87.5,0.8134021840999093,82.70092711381054,90.0,-4.799072886189464
111478,2023-24,89.64285714285714,14,DEF,7,86.42105263157895,19,87.5,0.7093958374782874,89.02013393745347,90.0,1.5201339374534655
111773,2019-20,84.18181818181819,11,DEF,3,83.86666666666666,15,87.5,0.6573009993574788,85.31895577485928,90.0,-2.181044225140724
111773,2020-21,83.86666666666666,15,DEF,4,88.05555555555556,18,87.5,0.7234109190985335,84.87160699394198,90.0,-2.628393006058019
111931,2018-19,89.22857142857143,35,DEF,2,90.0,28,87.5,0.8592098049585397,88.98520551999977,90.0,1.4852055199997665
112338,2016-17,87.76923076923077,26,MID,0,88.08695652173913,23,83.1,0.8192820394525251,86.92541690728987,90.0,3.8254169072898776
114128,2018-19,87.51612903225806,31,DEF,2,88.80645161290323,31,87.5,0.8438794878379978,87.51361095948127,90.0,0.013610959481269447
114128,2021-22,86.9090909090909,11,DEF,5,83.92857142857143,14,87.5,0.6573009993574788,87.11159486401604,90.0,-0.38840513598395887
114243,2020-21,85.82352941176471,17,MID,4,84.14285714285714,14,83.1,0.747742375132532,85.13649835109625,90.0,2.036498351096256
114243,2021-22,84.14285714285714,14,MID,5,71.18181818181819,11,83.1,0.7093958374782874,83.83979851622735,90.0,0.7397985162273528
114243,2022-23,71.18181818181819,11,MID,6,75.14285714285714,14,83.1,0.6573009993574788,75.26616718038497,90.0,-7.833832819615026
114243,2023-24,75.14285714285714,14,MID,7,75.51851851851852,27,83.1,0.7093958374782874,77.45523597892276,90.0,-5.644764021077236
114243,2024-25,75.51851851851852,27,MID,8,72.29411764705883,17,83.1,0.8248026562634164,76.84677393566217,90.0,-6.253226064337824
114283,2019-20,89.80555555555556,36,MID,3,89.125,24,83.1,0.8625832288761219,88.88409976251933,90.0,5.784099762519332
114283,2020-21,89.125,24,MID,4,84.9090909090909,22,83.1,0.8071268463216613,87.96293924908801,90.0,4.862939249088015
114283,2021-22,84.9090909090909,22,MID,5,82.56521739130434,23,83.1,0.7932186122041907,84.5350045802603,90.0,1.435004580260312
115382,2019-20,86.65517241379311,29,FWD,3,85.60714285714286,28,81.5,0.8348902810601913,85.80400334546547,90.0,4.304003345465475
115382,2020-21,85.60714285714286,28,FWD,4,87.30434782608695,23,81.5,0.829995980948208,84.90891206460871,90.0,3.408912064608714
115382,2021-22,87.30434782608695,23,FWD,5,77.9090909090909,11,81.5,0.8004147369923426,86.14588553862946,90.0,4.645885538629457
115382,2022-23,77.9090909090909,11,FWD,6,82.0,14,81.5,0.6573009993574788,79.1396918659436,90.0,-2.360308134056396
115556,2016-17,89.33333333333333,18,DEF,0,89.23076923076923,26,87.5,0.7583704151151263,88.89034576104439,90.0,1.3903457610443866
115556,2017-18,89.23076923076923,26,DEF,1,89.45,20,87.5,0.8192820394525251,88.91798814520628,90.0,1.4179881452062801
115556,2018-19,89.45,20,DEF,2,88.375,16,87.5,0.7771486250823768,89.01543981891064,90.0,1.515439818910636
115556,2019-20,88.375,16,DEF,3,90.0,14,87.5,0.736136374297603,88.1441193275104,90.0,0.6441193275103956
115556,2020-21,90.0,14,DEF,4,89.53571428571429,28,87.5,0.7093958374782874,89.27348959369571,90.0,1.7734895936957145
115556,2021-22,89.53571428571429,28,DEF,5,88.76,25,87.5,0.829995980948208,89.18963467550171,90.0,1.6896346755017078
115556,2022-23,88.76,25,DEF,6,89.72727272727273,11,87.5,0.8134021840999093,88.5248867519659,90.0,1.0248867519658944
115556,2023-24,89.72727272727273,11,DEF,7,87.92857142857143,14,87.5,0.6573009993574788,88.96398858947802,90.0,1.4639885894780207
116216,2019-20,83.8,20,MID,3,82.41379310344827,29,83.1,0.7771486250823768,83.64400403755766,90.0,0.54400403755767
116216,2020-21,82.41379310344827,29,MID,4,87.86666666666666,30,83.1,0.8348902810601913,82.52709253127249,90.0,-0.5729074687275073
116216,2021-22,87.86666666666666,30,MID,5,79.66666666666667,24,83.1,0.8395106600310144,87.10166747948116,90.0,4.001667479481171
116216,2022-23,79.66666666666667,24,MID,6,74.47058823529412,17,83.1,0.8071268463216613,80.32886449429563,90.0,-2.7711355057043647
116216,2023-24,74.47058823529412,17,MID,7,84.84615384615384,26,83.1,0.747742375132532,76.64742315106221,90.0,-6.452576848937781
116216,2024-25,84.84615384615384,26,MID,8,82.55,20,83.1,0.8192820394525251,84.53059248427479,90.0,1.430592484274797
116535,2018-19,90.0,38,GK,2,89.46428571428571,28,89.9,0.8688672781338241,89.98688672781338,90.0,0.08688672781337914
116535,2019-20,89.46428571428571,28,GK,3,90.0,33,89.9,0.829995980948208,89.53835889401542,90.0,-0.36164110598458876
116535,2020-21,90.0,33,GK,4,90.0,36,89.9,0.8519404196346568,89.98519404196347,90.0,0.08519404196346159
116535,2021-22,90.0,36,GK,5,90.0,37,89.9,0.8625832288761219,89.98625832288762,90.0,0.08625832288761615
116535,2022-23,90.0,37,GK,6,90.0,28,89.9,0.8657987767774127,89.98657987767774,90.0,0.08657987767773534
116535,2023-24,90.0,28,GK,7,89.57142857142857,28,89.9,0.829995980948208,89.98299959809482,90.0,0.0829995980948155
116535,2024-25,89.57142857142857,28,GK,8,90.0,26,89.9,0.829995980948208,89.6272870348313,90.0,-0.2727129651687079
116594,2016-17,89.65714285714286,35,MID,0,88.05882352941177,34,83.1,0.8592098049585397,88.73396143537099,90.0,5.633961435370992
116594,2017-18,88.05882352941177,34,MID,1,89.3529411764706,34,83.1,0.855666585386568,87.34309959694633,90.0,4.243099596946337
116594,2018-19,89.3529411764706,34,MID,2,88.15789473684211,19,83.1,0.855666585386568,88.45043282509366,90.0,5.350432825093662
116594,2019-20,88.15789473684211,19,MID,3,86.73913043478261,23,83.1,0.7681391063467261,86.98516674315371,90.0,3.885166743153718
116594,2020-21,86.73913043478261,23,MID,4,81.94736842105263,19,83.1,0.8004147369923426,86.01281362983735,90.0,2.912813629837359
116643,2018-19,89.80952380952381,21,MID,2,88.63636363636364,22,83.1,0.7854841596035032,88.37022467086351,90.0,5.270224670863513
116643,2019-20,88.63636363636364,22,MID,3,90.0,28,83.1,0.7932186122041907,87.49154668029412,90.0,4.391546680294127
116643,2020-21,90.0,28,MID,4,88.16,25,83.1,0.829995980948208,88.82697226854263,90.0,5.726972268542639
116643,2021-22,88.16,25,MID,5,85.07142857142857,28,83.1,0.8134021840999093,87.21581505154555,90.0,4.115815051545553
118342,2023-24,90.0,36,GK,7,90.0,36,89.9,0.8625832288761219,89.98625832288762,90.0,0.08625832288761615
118748,2017-18,85.0909090909091,33,MID,1,87.27027027027027,37,83.1,0.8519404196346568,84.79613592636355,90.0,1.696135926363553
118748,2018-19,87.27027027027027,37,MID,2,86.45454545454545,33,83.1,0.8657987767774127,86.71061489883122,90.0,3.61061489883123
118748,2019-20,86.45454545454545,33,MID,3,88.0,34,83.1,0.8519404196346568,85.95787286222898,90.0,2.8578728622289873
118748,2020-21,88.0,34,MID,4,87.43333333333334,30,83.1,0.855666585386568,87.29276626839417,90.0,4.19276626839418
118748,2021-22,87.43333333333334,30,MID,5,88.24324324324324,37,83.1,0.8395106600310144,86.73787952680107,90.0,3.637879526801072
118748,2022-23,88.24324324324324,37,MID,6,87.77777777777777,27,83.1,0.8657987767774127,87.5530137086687,90.0,4.453013708668706
118748,2023-24,87.77777777777777,27,MID,7,88.78947368421052,38,83.1,0.8248026562634164,86.95824353652108,90.0,3.858243536521087
118748,2024-25,88.78947368421052,38,MID,8,86.91304347826087,23,83.1,0.8688672781338241,88.04339751401402,90.0,4.943397514014023
119471,2018-19,86.81818181818181,22,DEF,2,88.88888888888889,18,87.5,0.7932186122041907,86.95916912804259,90.0,-0.5408308719574109
119471,2019-20,88.88888888888889,18,DEF,3,90.0,12,87.5,0.7583704151151263,88.55329224321545,90.0,1.0532922432154521
119471,2020-21,90.0,12,DEF,4,87.91666666666667,24,87.5,0.6766242025254809,89.19156050631369,90.0,1.6915605063136923
119471,2021-22,87.91666666666667,24,DEF,5,89.08333333333333,36,87.5,0.8071268463216613,87.83630285263402,90.0,0.33630285263402016
119471,2022-23,89.08333333333333,36,DEF,6,90.0,33,87.5,0.8625832288761219,88.86575677905385,90.0,1.3657567790538536
119471,2023-24,90.0,33,DEF,7,89.46875,32,87.5,0.8519404196346568,89.62985104908664,90.0,2.129851049086639
119471,2024-25,89.46875,32,DEF,8,87.72727272727273,11,87.5,0.8480167631939919,89.16953300253817,90.0,1.6695330025381736
119765,2020-21,89.9090909090909,22,MID,4,87.47826086956522,23,83.1,0.7932186122041907,88.50109764128126,90.0,5.401097641281268
120250,2018-19,83.0909090909091,22,MID,2,88.93333333333334,15,83.1,0.7932186122041907,83.09278892170724,90.0,-0.007211078292755246
120250,2019-20,88.93333333333334,15,MID,3,79.93333333333334,15,83.1,0.7234109190985335,87.31989702807478,90.0,4.219897028074783
121145,2019-20,90.0,12,DEF,3,87.3076923076923,26,87.5,0.6766242025254809,89.19156050631369,90.0,1.6915605063136923
121145,2020-21,87.3076923076923,26,DEF,4,89.63888888888889,36,87.5,0.8192820394525251,87.34244576164375,90.0,-0.15755423835625493
121145,2021-22,89.63888888888889,36,DEF,5,84.35714285714286,14,87.5,0.8625832288761219,89.34496968398503,90.0,1.8449696839850276
121160,2017-18,90.0,35,GK,1,90.0,38,89.9,0.8592098049585397,89.98592098049586,90.0,0.08592098049585672
121160,2018-19,90.0,38,GK,2,90.0,34,89.9,0.8688672781338241,89.98688672781338,90.0,0.08688672781337914
121160,2019-20,90.0,34,GK,3,90.0,36,89.9,0.855666585386568,89.98556665853866,90.0,0.08556665853865297
121160,2020-21,90.0,36,GK,4,90.0,37,89.9,0.8625832288761219,89.98625832288762,90.0,0.08625832288761615
121160,2021-22,90.0,37,GK,5,90.0,35,89.9,0.8657987767774127,89.98657987767774,90.0,0.08657987767773534
121160,2022-23,90.0,35,GK,6,89.26666666666667,30,89.9,0.8592098049585397,89.98592098049586,90.0,0.08592098049585672
121160,2023-24,89.26666666666667,30,GK,7,89.23076923076923,26,89.9,0.8395106600310144,89.3683099153137,90.0,-0.5316900846863035
121599,2016-17,88.38461538461539,13,MID,0,89.83783783783784,37,83.1,0.6938846251416729,86.76691336517176,90.0,3.666913365171766
121599,2017-18,89.83783783783784,37,MID,1,90.0,33,83.1,0.8657987767774127,88.93361175812457,90.0,5.833611758124576
121599,2018-19,90.0,33,MID,2,86.41666666666667,36,83.1,0.8519404196346568,88.97838889547913,90.0,5.878388895479134
121599,2019-20,86.41666666666667,36,MID,3,86.29629629629629,27,83.1,0.8625832288761219,85.96090104243913,90.0,2.8609010424391386
121599,2020-21,86.29629629629629,27,MID,4,89.07142857142857,28,83.1,0.8248026562634164,85.7363136753901,90.0,2.636313675390099
121599,2021-22,89.07142857142857,28,MID,5,89.2,15,83.1,0.829995980948208,88.05626171480502,90.0,4.956261714805024
121599,2022-23,89.2,15,MID,6,86.28571428571429,28,83.1,0.7234109190985335,87.51280660650106,90.0,4.412806606501064
121599,2023-24,86.28571428571429,28,MID,7,82.86666666666666,30,83.1,0.829995980948208,85.74413005359216,90.0,2.644130053592164
122798,2016-17,89.06666666666666,30,DEF,0,88.18181818181819,22,87.5,0.8395106600310144,88.81523336738192,90.0,1.3152333673819214
122798,2017-18,88.18181818181819,22,DEF,1,89.33333333333333,36,87.5,0.7932186122041907,88.04083087195741,90.0,0.5408308719574109
122798,2018-19,89.33333333333333,36,DEF,2,89.26470588235294,34,87.5,0.8625832288761219,89.08140258627289,90.0,1.5814025862728869
122798,2019-20,89.26470588235294,34,DEF,3,89.05263157894737,38,87.5,0.855666585386568,89.00999985656453,90.0,1.5099998565645336
122798,2020-21,89.05263157894737,38,DEF,4,87.48275862068965,29,87.5,0.8688672781338241,88.84903077394462,90.0,1.3490307739446195
122798,2021-22,87.48275862068965,29,DEF,5,84.34482758620689,29,87.5,0.8348902810601913,87.48560533998172,90.0,-0.014394660018282934
122798,2022-23,84.34482758620689,29,DEF,6,88.0,17,87.5,0.8348902810601913,84.8657772166549,90.0,-2.634222783345095
122798,2023-24,88.0,17,DEF,7,84.0,28,87.5,0.747742375132532,87.87387118756627,90.0,0.3738711875662659
122806,2019-20,88.68,25,MID,3,90.0,37,83.1,0.8134021840999093,87.63878418727751,90.0,4.538784187277514
122806,2020-21,90.0,37,MID,4,89.73529411764706,34,83.1,0.8657987767774127,89.07401155976414,90.0,5.9740115597641505
122806,2021-22,89.73529411764706,34,MID,5,86.46666666666667,30,83.1,0.855666585386568,88.77759946068264,90.0,5.677599460682643
122806,2022-23,86.46666666666667,30,MID,6,85.71428571428571,35,83.1,0.8395106600310144,85.92635255543776,90.0,2.826352555437765
122806,2023-24,85.71428571428571,35,MID,7,80.56,25,83.1,0.8592098049585397,85.34621991867732,90.0,2.246219918677326
122806,2024-25,80.56,25,MID,8,78.16,25,83.1,0.8134021840999093,81.03395845238623,90.0,-2.0660415476137644
124183,2020-21,74.92307692307692,13,MID,4,81.92857142857143,14,83.1,0.6938846251416729,77.42615879595694,90.0,-5.6738412040430575
126184,2017-18,89.78378378378379,37,DEF,1,89.76315789473684,38,87.5,0.8657987767774127,89.4772972064241,90.0,1.9772972064240975
126184,2018-19,89.76315789473684,38,DEF,2,90.0,27,87.5,0.8688672781338241,89.46638383998706,90.0,1.96638383998706
126184,2022-23,86.85,20,DEF,6,87.95454545454545,22,87.5,0.7771486250823768,86.99485339369645,90.0,-0.5051466063035548
126187,2020-21,79.95454545454545,22,MID,4,84.35714285714286,14,83.1,0.7932186122041907,80.60496691070318,90.0,-2.495033089296811
126187,2021-22,84.35714285714286,14,MID,5,81.06666666666666,15,83.1,0.7093958374782874,83.99181190997271,90.0,0.8918119099727164
128295,2021-22,88.11764705882354,34,MID,5,84.5,20,83.1,0.855666585386568,87.39343292549849,90.0,4.293432925498493
128295,2022-23,84.5,20,MID,6,84.55172413793103,29,83.1,0.7771486250823768,84.18800807511533,90.0,1.08800807511534
128295,2023-24,84.55172413793103,29,MID,7,86.51612903225806,31,83.1,0.8348902810601913,84.3120303735391,90.0,1.2120303735391076
131897,2017-18,90.0,38,GK,1,90.0,34,89.9,0.8688672781338241,89.98688672781338,90.0,0.08688672781337914
131897,2018-19,90.0,34,GK,2,90.0,38,89.9,0.855666585386568,89.98556665853866,90.0,0.08556665853865297
131897,2019-20,90.0,38,GK,3,90.0,14,89.9,0.8688672781338241,89.98688672781338,90.0,0.08688672781337914
132015,2016-17,85.25,12,MID,0,85.21052631578948,19,83.1,0.6766242025254809,84.55474203542978,90.0,1.4547420354297884
132015,2017-18,85.21052631578948,19,MID,1,89.03225806451613,31,83.1,0.7681391063467261,84.72117779813178,90.0,1.6211777981317823
132015,2018-19,89.03225806451613,31,MID,2,90.0,30,83.1,0.8438794878379978,88.1061108972067,90.0,5.00611089720671
132015,2019-20,90.0,30,MID,3,90.0,38,83.1,0.8395106600310144,88.892623554214,90.0,5.792623554214003
132015,2020-21,90.0,38,MID,4,89.62857142857143,35,83.1,0.8688672781338241,89.09518421912338,90.0,5.995184219123388
132015,2021-22,89.62857142857143,35,MID,5,89.45714285714286,35,83.1,0.8592098049585397,88.70941258380076,90.0,5.609412583800761
135363,2019-20,90.0,18,DEF,3,90.0,13,87.5,0.7583704151151263,89.3959260377878,90.0,1.8959260377878024
135363,2020-21,90.0,13,DEF,4,90.0,15,87.5,0.6938846251416729,89.23471156285419,90.0,1.7347115628541872
141746,2019-20,84.78571428571429,14,MID,3,88.20588235294117,34,83.1,0.7093958374782874,84.29583869746341,90.0,1.1958386974634152
141746,2020-21,88.20588235294117,34,MID,4,88.0,35,83.1,0.855666585386568,87.4689329183267,90.0,4.368932918326706
141746,2021-22,88.0,35,MID,5,89.64864864864865,37,83.1,0.8592098049585397,87.31012804429685,90.0,4.210128044296852
141746,2022-23,89.64864864864865,37,MID,6,89.97058823529412,34,83.1,0.8657987767774127,88.76981198954506,90.0,5.669811989545067
141746,2023-24,89.97058823529412,34,MID,7,87.84848484848484,33,83.1,0.855666585386568,88.97893277489123,90.0,5.87893277489124
141746,2024-25,87.84848484848484,33,MID,8,88.82352941176471,34,83.1,0.8519404196346568,87.145426174447,90.0,4.045426174447002
144485,2021-22,90.0,32,FWD,5,89.48484848484848,33,81.5,0.8480167631939919,88.70814248714893,90.0,7.208142487148933
144485,2022-23,89.48484848484848,33,FWD,6,90.0,16,81.5,0.8519404196346568,88.30261516890097,90.0,6.802615168900971
146941,2018-19,89.8529411764706,34,DEF,2,81.16666666666667,12,87.5,0.855666585386568,89.51333314208604,90.0,2.01333314208604
146941,2019-20,81.16666666666667,12,DEF,3,90.0,14,87.5,0.6766242025254809,83.21471338400528,90.0,-4.285286615994721
146941,2020-21,90.0,14,DEF,4,87.0,32,87.5,0.7093958374782874,89.27348959369571,90.0,1.7734895936957145
146941,2021-22,87.0,32,DEF,5,88.81818181818181,11,87.5,0.8480167631939919,87.07599161840301,90.0,-0.42400838159699106
148225,2016-17,82.0,16,MID,0,77.0,17,83.1,0.736136374297603,82.29024998827263,90.0,-0.8097500117273597
148225,2017-18,77.0,17,MID,1,80.76470588235294,17,83.1,0.747742375132532,78.53877151169155,90.0,-4.561228488308444
148225,2018-19,80.76470588235294,17,MID,2,84.48387096774194,31,83.1,0.747742375132532,81.35380162983756,90.0,-1.746198370162432
148225,2019-20,84.48387096774194,31,MID,3,81.1875,16,83.1,0.8438794878379978,84.26782032349195,90.0,1.1678203234919522
148508,2019-20,79.55,20,MID,3,78.3076923076923,13,83.1,0.7771486250823768,80.34112238095756,90.0,-2.758877619042437
149065,2021-22,90.0,36,GK,5,90.0,36,89.9,0.8625832288761219,89.98625832288762,90.0,0.08625832288761615
149065,2022-23,90.0,36,GK,6,90.0,33,89.9,0.8625832288761219,89.98625832288762,90.0,0.08625832288761615
149065,2023-24,90.0,33,GK,7,90.0,29,89.9,0.8519404196346568,89.98519404196347,90.0,0.08519404196346159
149065,2024-25,90.0,29,GK,8,90.0,23,89.9,0.8348902810601913,89.98348902810602,90.0,0.08348902810601544
149266,2016-17,90.0,27,DEF,0,90.0,38,87.5,0.8248026562634164,89.56200664065855,90.0,2.062006640658552
149266,2017-18,90.0,38,DEF,1,90.0,11,87.5,0.8688672781338241,89.67216819533455,90.0,2.1721681953345495
149484,2019-20,90.0,32,DEF,3,90.0,35,87.5,0.8480167631939919,89.62004190798498,90.0,2.1200419079849837
149484,2020-21,90.0,35,DEF,4,90.0,35,87.5,0.8592098049585397,89.64802451239635,90.0,2.148024512396347
149484,2021-22,90.0,35,DEF,5,90.0,35,87.5,0.8592098049585397,89.64802451239635,90.0,2.148024512396347
149484,2024-25,85.25,12,DEF,8,90.0,14,87.5,0.6766242025254809,85.97759554431767,90.0,-1.5224044556823344
149915,2020-21,88.38461538461539,13,DEF,4,88.96,25,87.5,0.6938846251416729,88.1138210145484,90.0,0.6138210145484067
151086,2017-18,83.66666666666667,18,MID,1,87.3529411764706,17,83.1,0.7583704151151263,83.5297432352319,90.0,0.4297432352319106
151086,2022-23,84.84615384615384,13,MID,6,87.42424242424242,33,83.1,0.6938846251416729,84.31162930697815,90.0,1.2116293069781534
151086,2023-24,87.42424242424242,33,MID,7,89.92857142857143,14,83.1,0.8519404196346568,86.78399690551107,90.0,3.68399690551108
151119,2017-18,90.0,31,DEF,1,89.25925925925925,27,87.5,0.8438794878379978,89.609698719595,90.0,2.109698719595002
151589,2018-19,86.3125,16,MID,2,88.17241379310344,29,83.1,0.736136374297603,85.46483810243105,90.0,2.364838102431051
151589,2019-20,88.17241379310344,29,MID,3,89.57692307692308,26,83.1,0.8348902810601913,87.33490897737772,90.0,4.234908977377728
151589,2020-21,89.57692307692308,26,MID,4,89.38095238095238,21,83.1,0.8192820394525251,88.40642674783867,90.0,5.306426747838671
152551,2018-19,87.10714285714286,28,MID,2,87.44827586206897,29,83.1,0.829995980948208,86.42591246651389,90.0,3.3259124665138984
152551,2022-23,89.08333333333333,36,MID,6,88.33333333333333,27,83.1,0.8625832288761219,88.2611229861088,90.0,5.161122986108808
152551,2023-24,88.33333333333333,27,MID,7,85.78260869565217,23,83.1,0.8248026562634164,87.41646723444521,90.0,4.316467234445213
152551,2024-25,85.78260869565217,23,MID,8,88.625,16,83.1,0.8004147369923426,85.2471995335838,90.0,2.1471995335838017
153127,2017-18,82.71428571428571,14,MID,1,85.80952380952381,21,83.1,0.7093958374782874,82.82637589125838,90.0,-0.2736241087416147
153127,2018-19,85.80952380952381,21,MID,2,88.08695652173913,23,83.1,0.7854841596035032,85.2282880324495,90.0,2.128288032449504
153127,2019-20,88.08695652173913,23,MID,3,89.85,20,83.1,0.8004147369923426,87.09163349274007,90.0,3.9916334927400783
153127,2020-21,89.85,20,MID,4,85.0909090909091,11,83.1,0.7771486250823768,88.34575321930605,90.0,5.245753219306053
153133,2016-17,74.41176470588235,17,MID,0,77.6086956521739,23,83.1,0.747742375132532,76.60343830546617,90.0,-6.496561694533824
153133,2017-18,77.6086956521739,23,MID,1,79.0,18,83.1,0.8004147369923426,78.70467907468986,90.0,-4.395320925310131
153133,2018-19,79.0,18,MID,2,80.25,16,83.1,0.7583704151151263,79.99068129802798,90.0,-3.1093187019720148
153133,2019-20,80.25,16,MID,3,79.26666666666667,15,83.1,0.736136374297603,81.00201133325183,90.0,-2.097988666748165
153133,2020-21,79.26666666666667,15,MID,4,85.69565217391305,23,83.1,0.7234109190985335,80.32692481012228,90.0,-2.7730751898777157
153133,2021-22,85.69565217391305,23,MID,5,88.92105263157895,38,83.1,0.8004147369923426,85.17759825210621,90.0,2.0775982521062133
153133,2022-23,88.92105263157895,38,MID,6,83.2,25,83.1,0.8688672781338241,88.15772215587373,90.0,5.0577221558737335
153133,2023-24,83.2,25,MID,7,84.1470588235294,34,83.1,0.8134021840999093,83.18134021841,90.0,0.0813402184100056
153133,2024-25,84.1470588235294,34,MID,8,84.92857142857143,28,83.1,0.855666585386568,83.99593324822828,90.0,0.8959332482282889
153366,2022-23,84.0625,32,MID,6,79.57142857142857,14,83.1,0.8480167631939919,83.91621613457421,90.0,0.8162161345742192
153682,2022-23,74.54545454545455,11,MID,6,80.35714285714286,14,83.1,0.6573009993574788,77.47708872367829,90.0,-5.622911276321702
153682,2023-24,80.35714285714286,14,MID,7,79.63636363636364,11,83.1,0.7093958374782874,81.15422856005955,90.0,-1.9457714399404438
153682,2024-25,79.63636363636364,11,MID,8,82.33333333333333,30,83.1,0.6573009993574788,80.82334835677091,90.0,-2.276651643229087
153723,2019-20,87.03846153846153,26,DEF,3,86.04545454545455,22,87.5,0.8192820394525251,87.12186982794498,90.0,-0.3781301720550232
154043,2019-20,90.0,14,DEF,3,86.10526315789474,19,87.5,0.7093958374782874,89.27348959369571,90.0,1.7734895936957145
154296,2022-23,88.8,35,MID,6,85.64516129032258,31,83.1,0.8592098049585397,87.99749588826367,90.0,4.897495888263677
154561,2021-22,90.0,24,GK,5,90.0,38,89.9,0.8071268463216613,89.98071268463217,90.0,0.08071268463216086
154561,2022-23,90.0,38,GK,6,90.0,32,89.9,0.8688672781338241,89.98688672781338,90.0,0.08688672781337914
154561,2023-24,90.0,32,GK,7,90.0,38,89.9,0.8480167631939919,89.9848016763194,90.0,0.08480167631940105
154561,2024-25,90.0,38,GK,8,90.0,37,89.9,0.8688672781338241,89.98688672781338,90.0,0.08688672781337914
154566,2022-23,89.54838709677419,31,FWD,6,89.02702702702703,37,81.5,0.8438794878379978,88.29186878114776,90.0,6.791868781147755
154566,2023-24,89.02702702702703,37,FWD,7,86.4,25,81.5,0.8657987767774127,88.01689079277052,90.0,6.516890792770525
154566,2024-25,86.4,25,FWD,8,87.1,10,81.5,0.8134021840999093,85.48567070208956,90.0,3.985670702089564
155405,2020-21,89.88461538461539,26,MID,4,90.0,16,83.1,0.8192820394525251,88.65851352920868,90.0,5.558513529208682
155408,2022-23,86.94117647058823,17,MID,6,88.7,30,83.1,0.747742375132532,85.97221041742084,90.0,2.8722104174208454
155408,2023-24,88.7,30,MID,7,89.21875,32,83.1,0.8395106600310144,87.80125969617369,90.0,4.701259696173693
155511,2021-22,84.66666666666667,15,FWD,5,76.08333333333333,12,81.5,0.7234109190985335,83.79080124381203,90.0,2.2908012438120267
155511,2024-25,80.33333333333333,12,FWD,8,83.23076923076923,13,81.5,0.6766242025254809,80.7106050970536,90.0,-0.7893949029463982
155569,2021-22,90.0,22,DEF,5,87.05555555555556,18,87.5,0.7932186122041907,89.48304653051048,90.0,1.983046530510478
155651,2018-19,88.36363636363636,11,DEF,2,88.0,19,87.5,0.6573009993574788,88.06766904489965,90.0,0.5676690448996453
156689,2022-23,83.25806451612904,31,MID,6,75.27272727272727,33,83.1,0.8438794878379978,83.23338740291634,90.0,0.1333874029163411
156689,2023-24,75.27272727272727,33,MID,7,75.47826086956522,23,83.1,0.8519404196346568,76.43162998813237,90.0,-6.668370011867623
157668,2018-19,86.6470588235294,17,MID,2,84.04166666666667,24,83.1,0.747742375132532,85.75228618944068,90.0,2.6522861894406873
158499,2022-23,78.61111111111111,18,MID,6,85.41935483870968,31,83.1,0.7583704151151263,79.69575946992765,90.0,-3.404240530072343
158499,2023-24,85.41935483870968,31,MID,7,79.95833333333333,24,83.1,0.8438794878379978,85.0572559734049,90.0,1.9572559734049122
158534,2019-20,85.3,10,DEF,3,89.20689655172414,29,87.5,0.635521733076294,86.10185218723215,90.0,-1.3981478127678457
158534,2020-21,89.20689655172414,29,DEF,4,89.13793103448276,29,87.5,0.8348902810601913,88.92507134180964,90.0,1.425071341809641
158534,2021-22,89.13793103448276,29,DEF,5,88.72413793103448,29,87.5,0.8348902810601913,88.86749270173652,90.0,1.3674927017365235
158534,2024-25,89.375,32,DEF,8,87.57142857142857,14,87.5,0.8480167631939919,89.09003143098873,90.0,1.5900314309887307
159506,2023-24,84.15,20,DEF,7,88.0,33,87.5,0.7771486250823768,84.89655210597404,90.0,-2.6034478940259618
159506,2024-25,88.0,33,DEF,8,88.16666666666667,18,87.5,0.8519404196346568,87.92597020981734,90.0,0.42597020981733635
159533,2019-20,87.0,26,MID,3,88.88888888888889,27,83.1,0.8192820394525251,86.29519995386485,90.0,3.195199953864858
159533,2020-21,88.88888888888889,27,MID,4,84.45454545454545,11,83.1,0.8248026562634164,87.87469093236932,90.0,4.7746909323693245
159533,2021-22,84.45454545454545,11,MID,5,80.0,10,83.1,0.6573009993574788,83.99034408094786,90.0,0.8903440809478695
164511,2018-19,87.4,10,DEF,2,90.0,24,87.5,0.635521733076294,87.43644782669237,90.0,-0.06355217330762741
164511,2019-20,90.0,24,DEF,3,88.61904761904762,21,87.5,0.8071268463216613,89.51781711580415,90.0,2.0178171158041494
164555,2020-21,89.82352941176471,34,DEF,4,86.84,25,87.5,0.855666585386568,89.48816647780997,90.0,1.988166477809969
164555,2021-22,86.84,25,DEF,5,85.875,24,87.5,0.8134021840999093,86.96315455849407,90.0,-0.5368454415059318
164555,2022-23,85.875,24,DEF,6,88.28571428571429,35,87.5,0.8071268463216613,86.18841887472729,90.0,-1.3115811252727099
164555,2023-24,88.28571428571429,35,DEF,7,81.0,10,87.5,0.8592098049585397,88.17509341818172,90.0,0.6750934181817172
165153,2020-21,87.21428571428571,28,FWD,4,80.4,15,81.5,0.829995980948208,86.2428341768469,90.0,4.742834176846898
165809,2017-18,83.0,15,MID,1,88.63333333333334,30,83.1,0.7234109190985335,83.02765890809015,90.0,-0.07234109190984839
165809,2018-19,88.63333333333334,30,MID,2,83.95,20,83.1,0.8395106600310144,87.7452923188383,90.0,4.645292318838301
165809,2019-20,83.95,20,MID,3,85.95454545454545,22,83.1,0.7771486250823768,83.76057633132002,90.0,0.6605763313200299
165809,2020-21,85.95454545454545,22,MID,4,88.12903225806451,31,83.1,0.7932186122041907,85.36427858392832,90.0,2.2642785839283306
165809,2021-22,88.12903225806451,31,MID,5,86.52173913043478,23,83.1,0.8438794878379978,87.34389716625626,90.0,4.243897166256261
165809,2022-23,86.52173913043478,23,MID,6,86.96551724137932,29,83.1,0.8004147369923426,85.83881042614335,90.0,2.7388104261433597
165809,2023-24,86.96551724137932,29,MID,7,90.0,29,83.1,0.8348902810601913,86.3272827760982,90.0,3.227282776098207
165809,2024-25,90.0,29,MID,8,84.16129032258064,31,83.1,0.8348902810601913,88.86074293931532,90.0,5.760742939315321
166477,2020-21,90.0,25,DEF,4,87.43478260869566,23,87.5,0.8134021840999093,89.53350546024977,90.0,2.0335054602497706
166477,2021-22,87.43478260869566,23,DEF,5,89.16666666666667,36,87.5,0.8004147369923426,87.4477990388918,90.0,-0.052200961108198385
166477,2022-23,89.16666666666667,36,DEF,6,88.06896551724138,29,87.5,0.8625832288761219,88.93763871479354,90.0,1.437638714793536
166477,2023-24,88.06896551724138,29,DEF,7,89.3529411764706,17,87.5,0.8348902810601913,87.97502378060321,90.0,0.47502378060320893
166477,2024-25,89.3529411764706,17,DEF,8,87.63157894736842,19,87.5,0.747742375132532,88.88552263627498,90.0,1.3855226362749846
166640,2018-19,90.0,22,DEF,2,90.0,13,87.5,0.7932186122041907,89.48304653051048,90.0,1.983046530510478
166640,2019-20,90.0,13,DEF,3,89.23076923076923,13,87.5,0.6938846251416729,89.23471156285419,90.0,1.7347115628541872
166989,2018-19,83.61538461538461,13,MID,2,85.6875,32,83.1,0.6938846251416729,83.45761746064994,90.0,0.3576174606499478
166989,2019-20,85.6875,32,MID,3,89.8108108108108,37,83.1,0.8480167631939919,85.29424337476445,90.0,2.1942433747644543
166989,2020-21,89.8108108108108,37,MID,4,87.96551724137932,29,83.1,0.8657987767774127,88.91021179118464,90.0,5.810211791184642
166989,2021-22,87.96551724137932,29,MID,5,84.52,25,83.1,0.8348902810601913,87.16217305715838,90.0,4.06217305715839
166989,2022-23,84.52,25,MID,6,83.5,14,83.1,0.8134021840999093,84.25503110142188,90.0,1.1550311014218835
166989,2023-24,83.5,14,MID,7,87.6969696969697,33,83.1,0.7093958374782874,83.38375833499131,90.0,0.28375833499131886
166989,2024-25,87.6969696969697,33,MID,8,86.65,20,83.1,0.8519404196346568,87.01634429268417,90.0,3.9163442926841725
167074,2022-23,87.34482758620689,29,DEF,6,81.6,10,87.5,0.8348902810601913,87.37044805983548,90.0,-0.129551940164518
167074,2023-24,81.6,10,DEF,7,85.55,20,87.5,0.635521733076294,83.75042177484987,90.0,-3.749578225150131
167074,2024-25,85.55,20,DEF,8,88.89473684210526,19,87.5,0.7771486250823768,85.98456018108936,90.0,-1.515439818910636
167075,2017-18,90.0,28,DEF,1,90.0,13,87.5,0.829995980948208,89.57498995237052,90.0,2.0749899523705153
167199,2020-21,84.125,16,MID,4,86.91304347826087,23,83.1,0.736136374297603,83.85453978365504,90.0,0.7545397836550478
167199,2021-22,86.91304347826087,23,MID,5,87.23076923076923,26,83.1,0.8004147369923426,86.15201619279254,90.0,3.05201619279255
167767,2017-18,80.58333333333333,12,MID,1,84.0,13,83.1,0.6766242025254809,81.3971624236442,90.0,-1.7028375763557904
168580,2017-18,84.42857142857143,28,FWD,1,84.72727272727273,33,81.5,0.829995980948208,83.93070251563404,90.0,2.4307025156340387
168580,2018-19,84.72727272727273,33,FWD,2,74.30434782608695,23,81.5,0.8519404196346568,84.24944408154822,90.0,2.7494440815482193
168580,2019-20,74.30434782608695,23,MID,3,74.86666666666666,15,83.1,0.8004147369923426,76.05983037854126,90.0,-7.04016962145873
168991,2018-19,86.91666666666667,24,MID,2,89.125,24,83.1,0.8071268463216613,86.18053413012768,90.0,3.0805341301276883
168991,2022-23,81.96774193548387,31,MID,6,82.61538461538461,13,83.1,0.8438794878379978,82.14451064441569,90.0,-0.9554893555843051
169141,2017-18,83.3,20,FWD,1,81.16666666666667,18,81.5,0.7771486250823768,82.89886752514829,90.0,1.3988675251482903
169187,2017-18,87.33333333333333,18,DEF,1,88.48148148148148,27,87.5,0.7583704151151263,87.37360493081414,90.0,-0.12639506918586108
169187,2018-19,88.48148148148148,27,DEF,2,88.48571428571428,35,87.5,0.8248026562634164,88.30952853299928,90.0,0.8095285329992805
169187,2019-20,88.48571428571428,35,DEF,3,88.02941176470588,34,87.5,0.8592098049585397,88.3469353791734,90.0,0.8469353791734022
169187,2020-21,88.02941176470588,34,DEF,4,89.15625,32,87.5,0.855666585386568,87.95299995696936,90.0,0.45299995696936435
169187,2021-22,89.15625,32,DEF,5,86.625,32,87.5,0.8480167631939919,88.90452776404005,90.0,1.4045277640400542
169187,2022-23,86.625,32,DEF,6,85.69565217391305,23,87.5,0.8480167631939919,86.75798533220527,90.0,-0.7420146677947344
169187,2023-24,85.69565217391305,23,DEF,7,82.42307692307692,26,87.5,0.8004147369923426,86.0557734093399,90.0,-1.4442265906600937
169359,2018-19,90.0,11,DEF,2,87.32,25,87.5,0.6573009993574788,89.1432524983937,90.0,1.643252498393693
169359,2019-20,87.32,25,DEF,3,89.57894736842105,38,87.5,0.8134021840999093,87.35358760686202,90.0,-0.14641239313797882
169359,2020-21,89.57894736842105,38,DEF,4,88.3125,32,87.5,0.8688672781338241,89.30632934138347,90.0,1.8063293413834742
169432,2019-20,79.57142857142857,21,FWD,3,88.72727272727273,11,81.5,0.7854841596035032,79.98513769219323,90.0,-1.5148623078067658
169528,2022-23,90.0,34,DEF,6,88.27027027027027,37,87.5,0.855666585386568,89.63916646346642,90.0,2.139166463466424
169528,2023-24,88.27027027027027,37,DEF,7,89.94285714285714,35,87.5,0.8657987767774127,88.16689905778802,90.0,0.6668990577880152
169528,2024-25,89.94285714285714,35,DEF,8,84.375,16,87.5,0.8592098049585397,89.59892680925586,90.0,2.0989268092558575
170137,2019-20,83.19047619047619,21,MID,3,76.38888888888889,18,83.1,0.7854841596035032,83.17106761444032,90.0,0.07106761444032372
170137,2020-21,76.38888888888889,18,MID,4,86.87096774193549,31,83.1,0.7583704151151263,78.01049188078292,90.0,-5.089508119217072
170137,2021-22,86.87096774193549,31,FWD,5,77.18181818181819,11,81.5,0.8438794878379978,86.03244950725893,90.0,4.5324495072589315
171101,2022-23,86.9090909090909,22,DEF,6,87.58333333333333,12,87.5,0.7932186122041907,87.03127991097026,90.0,-0.4687200890297447
171287,2017-18,90.0,21,DEF,1,90.0,11,87.5,0.7854841596035032,89.46371039900876,90.0,1.963710399008761
171287,2018-19,90.0,11,DEF,2,90.0,21,87.5,0.6573009993574788,89.1432524983937,90.0,1.643252498393693
171287,2022-23,90.0,15,DEF,6,84.82352941176471,17,87.5,0.7234109190985335,89.30852729774634,90.0,1.8085272977463376
171314,2020-21,88.84375,32,DEF,4,88.1923076923077,26,87.5,0.8480167631939919,88.63952252554193,90.0,1.1395225255419348
171314,2021-22,88.1923076923077,26,DEF,5,87.81818181818181,22,87.5,0.8192820394525251,88.06719525808252,90.0,0.5671952580825206
171314,2022-23,87.81818181818181,22,DEF,6,90.0,28,87.5,0.7932186122041907,87.75238774024677,90.0,0.2523877402467747
171314,2023-24,90.0,28,DEF,7,90.0,25,87.5,0.829995980948208,89.57498995237052,90.0,2.0749899523705153
171314,2024-25,90.0,25,DEF,8,89.56521739130434,23,87.5,0.8134021840999093,89.53350546024977,90.0,2.0335054602497706
171317,2018-19,89.12121212121212,33,MID,2,88.15625,32,83.1,0.8519404196346568,88.22971398125475,90.0,5.129713981254753
171317,2019-20,88.15625,32,MID,3,84.73333333333333,30,83.1,0.8480167631939919,87.38778475889961,90.0,4.287784758899619
171317,2020-21,84.73333333333333,30,MID,4,89.20689655172414,29,83.1,0.8395106600310144,84.47120074471732,90.0,1.3712007447173278
171317,2021-22,89.20689655172414,29,MID,5,88.78787878787878,33,83.1,0.8348902810601913,88.19858857847449,90.0,5.098588578474491
171771,2018-19,90.0,23,DEF,2,89.91176470588235,34,87.5,0.8004147369923426,89.50103684248086,90.0,2.0010368424808576
171771,2019-20,89.91176470588235,34,DEF,3,89.84848484848484,33,87.5,0.855666585386568,89.56366647063818,90.0,2.063666470638182
171771,2020-21,89.84848484848484,33,DEF,4,89.07142857142857,28,87.5,0.8519404196346568,89.50076916732381,90.0,2.00076916732381
171771,2021-22,89.07142857142857,28,DEF,5,88.83333333333333,18,87.5,0.829995980948208,88.8042793986329,90.0,1.3042793986329002
172246,2017-18,88.23529411764706,17,DEF,1,84.76190476190476,21,87.5,0.747742375132532,88.04981056995038,90.0,0.549810569950381
172632,2017-18,80.0,17,MID,1,79.6,20,83.1,0.747742375132532,80.78199863708915,90.0,-2.3180013629108487
172632,2021-22,83.84615384615384,26,MID,5,86.29629629629629,27,83.1,0.8192820394525251,83.71131044482226,90.0,0.6113104448222657
172649,2019-20,90.0,36,GK,3,90.0,12,89.9,0.8625832288761219,89.98625832288762,90.0,0.08625832288761615
172649,2022-23,90.0,18,GK,6,90.0,18,89.9,0.7583704151151263,89.97583704151151,90.0,0.07583704151150528
172649,2023-24,90.0,18,GK,7,90.0,38,89.9,0.7583704151151263,89.97583704151151,90.0,0.07583704151150528
172649,2024-25,90.0,38,GK,8,90.0,37,89.9,0.8688672781338241,89.98688672781338,90.0,0.08688672781337914
172780,2018-19,83.0909090909091,33,MID,2,88.03448275862068,29,83.1,0.8519404196346568,83.09225508709423,90.0,-0.0077449129057640675
172780,2019-20,88.03448275862068,29,MID,3,81.65217391304348,23,83.1,0.8348902810601913,87.21975169723149,90.0,4.119751697231493
172780,2020-21,81.65217391304348,23,MID,4,83.66666666666667,27,83.1,0.8004147369923426,81.94113866339805,90.0,-1.1588613366019445
172780,2021-22,83.66666666666667,27,MID,5,88.48148148148148,27,83.1,0.8248026562634164,83.5673881718826,90.0,0.46738817188260384
172780,2022-23,88.48148148148148,27,MID,6,81.44,25,83.1,0.8248026562634164,87.5386602205583,90.0,4.438660220558305
172780,2023-24,81.44,25,MID,7,79.16666666666667,18,83.1,0.8134021840999093,81.74975237439415,90.0,-1.3502476256058458
172782,2020-21,89.9,30,MID,4,88.54545454545455,33,83.1,0.8395106600310144,88.8086724882109,90.0,5.708672488210908
172841,2020-21,78.53846153846153,13,MID,4,80.0,24,83.1,0.6938846251416729,79.93481859454606,90.0,-3.165181405453936
172841,2021-22,80.0,24,MID,5,78.9047619047619,21,83.1,0.8071268463216613,80.59790677640285,90.0,-2.502093223597143
172850,2017-18,85.80952380952381,21,DEF,1,90.0,36,87.5,0.7854841596035032,86.17215773019409,90.0,-1.3278422698059131
172850,2018-19,90.0,36,DEF,2,89.57692307692308,26,87.5,0.8625832288761219,89.6564580721903,90.0,2.156458072190304
172850,2019-20,89.57692307692308,26,DEF,3,87.57692307692308,26,87.5,0.8192820394525251,89.20158577424755,90.0,1.7015857742475475
173515,2020-21,83.0,16,FWD,4,81.0909090909091,11,81.5,0.736136374297603,82.60420456144641,90.0,1.1042045614464087
173515,2021-22,81.0909090909091,11,FWD,5,75.4,10,81.5,0.6573009993574788,81.23110413662648,90.0,-0.26889586337351545
173807,2016-17,84.5625,16,MID,0,82.66666666666667,15,83.1,0.736136374297603,84.17659944741024,90.0,1.0765994474102456
173807,2017-18,82.66666666666667,15,MID,1,86.0,11,83.1,0.7234109190985335,82.7865219350573,90.0,-0.31347806494270003
173807,2018-19,86.0,11,MID,2,86.19047619047619,21,83.1,0.6573009993574788,85.0061728981367,90.0,1.9061728981367025
173807,2019-20,86.19047619047619,21,MID,3,80.8125,16,83.1,0.7854841596035032,85.52752009325083,90.0,2.427520093250834
173904,2017-18,89.25925925925925,27,DEF,1,87.72727272727273,22,87.5,0.8248026562634164,88.95104171009305,90.0,1.451041710093051
173904,2018-19,87.72727272727273,22,DEF,2,90.0,26,87.5,0.7932186122041907,87.68027695731914,90.0,0.18027695731913695
173904,2019-20,90.0,26,DEF,3,90.0,16,87.5,0.8192820394525251,89.54820509863131,90.0,2.048205098631314
173904,2020-21,90.0,16,DEF,4,90.0,17,87.5,0.736136374297603,89.34034093574401,90.0,1.8403409357440097
174874,2020-21,89.03333333333333,30,DEF,4,89.75,32,87.5,0.8395106600310144,88.78724967871422,90.0,1.2872496787142182
174874,2021-22,89.75,32,DEF,5,90.0,30,87.5,0.8480167631939919,89.40803771718649,90.0,1.9080377171864882
174874,2022-23,90.0,30,DEF,6,89.89473684210526,38,87.5,0.8395106600310144,89.59877665007753,90.0,2.098776650077525
174874,2023-24,89.89473684210526,38,DEF,7,89.1,30,87.5,0.8688672781338241,89.58070848184678,90.0,2.0807084818467843
174874,2024-25,89.1,30,DEF,8,90.0,31,87.5,0.8395106600310144,88.84321705604961,90.0,1.3432170560496104
176297,2016-17,85.4375,16,FWD,0,80.33333333333333,18,81.5,0.736136374297603,84.39853697379681,90.0,2.8985369737968085
176297,2017-18,80.33333333333333,18,FWD,1,81.96153846153847,26,81.5,0.7583704151151263,80.61523451569902,90.0,-0.8847654843009849
176297,2018-19,81.96153846153847,26,FWD,2,86.23333333333333,30,81.5,0.8192820394525251,81.87813017205502,90.0,0.3781301720550232
176297,2019-20,86.23333333333333,30,FWD,3,86.125,32,81.5,0.8395106600310144,85.47368379081347,90.0,3.9736837908134675
176297,2020-21,86.125,32,MID,4,77.75,12,83.1,0.8480167631939919,85.66525070866182,90.0,2.5652507086618215
176297,2021-22,77.75,12,MID,5,86.21875,32,83.1,0.6766242025254809,79.48006051648868,90.0,-3.619939483511317
176297,2022-23,86.21875,32,MID,6,82.65384615384616,26,83.1,0.8480167631939919,85.74475228021126,90.0,2.6447522802112644
176297,2023-24,82.65384615384616,26,MID,7,74.28571428571429,14,83.1,0.8192820394525251,82.7344741670135,90.0,-0.3655258329864921
176413,2019-20,82.10526315789474,19,MID,3,84.94444444444444,18,83.1,0.7681391063467261,82.3359037310551,90.0,-0.7640962689448969
176413,2020-21,84.94444444444444,18,MID,4,85.15384615384616,13,83.1,0.7583704151151263,84.49877209899012,90.0,1.398772098990122
177815,2017-18,86.3529411764706,17,FWD,1,85.5,18,81.5,0.747742375132532,85.12874976167258,90.0,3.62874976167258
177815,2018-19,85.5,18,FWD,2,84.93103448275862,29,81.5,0.7583704151151263,84.5334816604605,90.0,3.0334816604604953
177815,2019-20,84.93103448275862,29,FWD,3,88.84375,32,81.5,0.8348902810601913,84.36453734363755,90.0,2.8645373436375507
177815,2020-21,88.84375,32,FWD,4,83.6,15,81.5,0.8480167631939919,87.72762310470588,90.0,6.227623104705884
177815,2021-22,83.6,15,FWD,5,79.84615384615384,13,81.5,0.7234109190985335,83.01916293010692,90.0,1.5191629301069156
177815,2022-23,79.84615384615384,13,FWD,6,79.16,25,81.5,0.6938846251416729,80.35242158149646,90.0,-1.1475784185035423
177815,2023-24,79.16,25,FWD,7,80.88888888888889,18,81.5,0.8134021840999093,79.59663888920622,90.0,-1.9033611107937816
177815,2024-25,80.88888888888889,18,FWD,8,86.7,30,81.5,0.7583704151151263,81.0365514129852,90.0,-0.4634485870147955
178186,2019-20,85.5,10,MID,3,81.53571428571429,28,83.1,0.635521733076294,84.62525215938311,90.0,1.5252521593831148
178186,2020-21,81.53571428571429,28,MID,4,87.9090909090909,33,83.1,0.829995980948208,81.80164914408816,90.0,-1.2983508559118349
178186,2021-22,87.9090909090909,33,MID,5,88.80555555555556,36,83.1,0.8519404196346568,87.19705892715213,90.0,4.097058927152133
178186,2022-23,88.80555555555556,36,MID,6,89.9090909090909,33,83.1,0.8625832288761219,88.0215165336432,90.0,4.921516533643199
178186,2023-24,89.9090909090909,33,MID,7,88.33333333333333,33,83.1,0.8519404196346568,88.90093976642143,90.0,5.800939766421436
178186,2024-25,88.33333333333333,33,MID,8,89.63157894736842,38,83.1,0.8519404196346568,87.55848819608804,90.0,4.458488196088041
178301,2020-21,89.94594594594595,37,FWD,4,88.0909090909091,33,81.5,0.8657987767774127,88.81248966872815,90.0,7.312489668728148
178301,2021-22,88.0909090909091,33,FWD,5,87.82857142857142,35,81.5,0.8519404196346568,87.11506185668297,90.0,5.615061856682971
178301,2022-23,87.82857142857142,35,FWD,6,88.25,36,81.5,0.8592098049585397,86.93757062280903,90.0,5.437570622809034
178301,2023-24,88.25,36,FWD,7,79.4,30,81.5,0.8625832288761219,87.32243679491383,90.0,5.822436794913827
178301,2024-25,79.4,30,FWD,8,82.71875,32,81.5,0.8395106600310144,79.73702761393487,90.0,-1.7629723860651296
179018,2019-20,84.65714285714286,35,MID,3,83.92592592592592,27,83.1,0.8592098049585397,84.43791241057829,90.0,1.3379124105782978
179018,2020-21,83.92592592592592,27,MID,4,78.2,20,83.1,0.8248026562634164,83.78122589758051,90.0,0.6812258975805179
179018,2021-22,78.2,20,MID,5,81.41379310344827,29,83.1,0.7771486250823768,79.29197173709636,90.0,-3.8080282629036333
179018,2022-23,81.41379310344827,29,MID,6,79.21052631578948,19,83.1,0.8348902810601913,81.69220225021229,90.0,-1.4077977497877043
179268,2021-22,88.25714285714285,35,DEF,5,81.36842105263158,19,87.5,0.8592098049585397,88.15054456661147,90.0,0.6505445666114724
179268,2022-23,81.36842105263158,19,DEF,6,89.10526315789474,19,87.5,0.7681391063467261,82.79009442687402,90.0,-4.70990557312598
179268,2023-24,89.10526315789474,19,DEF,7,88.42424242424242,33,87.5,0.7681391063467261,88.73306540755658,90.0,1.2330654075565803
179268,2024-25,88.42424242424242,33,DEF,8,87.55172413793103,29,87.5,0.8519404196346568,88.28739947875324,90.0,0.7873994787532439
179519,2022-23,79.76923076923077,13,MID,6,84.11111111111111,18,83.1,0.6938846251416729,80.78883044087428,90.0,-2.311169559125716
179519,2023-24,84.11111111111111,18,MID,7,89.16666666666667,12,83.1,0.7583704151151263,83.86679675306085,90.0,0.7667967530608593
180135,2019-20,87.46153846153847,13,MID,3,89.26666666666667,15,83.1,0.6938846251416729,86.1264044804256,90.0,3.0264044804256116
180135,2020-21,89.26666666666667,15,MID,4,87.5,14,83.1,0.7234109190985335,87.56103400110761,90.0,4.46103400110762
180135,2021-22,87.5,14,MID,5,88.33333333333333,27,83.1,0.7093958374782874,86.22134168490447,90.0,3.121341684904479
180135,2022-23,88.33333333333333,27,MID,6,87.6,30,83.1,0.8248026562634164,87.41646723444521,90.0,4.316467234445213
180736,2021-22,88.5,14,DEF,5,88.70588235294117,17,87.5,0.7093958374782874,88.20939583747828,90.0,0.7093958374782829
180736,2022-23,88.70588235294117,17,DEF,6,89.2,10,87.5,0.747742375132532,88.40168933471864,90.0,0.9016893347186397
180736,2023-24,89.2,10,DEF,7,88.36363636363636,22,87.5,0.635521733076294,88.58038694622971,90.0,1.0803869462297087
180736,2024-25,88.36363636363636,22,DEF,8,89.26666666666667,30,87.5,0.7932186122041907,88.18505243781271,90.0,0.6850524378127147
180804,2024-25,86.52631578947368,19,DEF,8,88.92307692307692,13,87.5,0.7681391063467261,86.7520750806624,90.0,-0.7479249193376063
180974,2019-20,80.6,30,FWD,3,84.47368421052632,19,81.5,0.8395106600310144,80.74444040597209,90.0,-0.7555595940279147
180974,2020-21,84.47368421052632,19,FWD,4,88.22222222222223,27,81.5,0.7681391063467261,83.78420313203105,90.0,2.2842031320310525
180974,2021-22,88.22222222222223,27,FWD,5,88.58620689655173,29,81.5,0.8248026562634164,87.04450674488186,90.0,5.544506744881858
180974,2022-23,88.58620689655173,29,MID,6,86.83333333333333,12,83.1,0.8348902810601913,87.68038081781644,90.0,4.580380817816447
180974,2023-24,86.83333333333333,12,MID,7,84.81481481481481,27,83.1,0.6766242025254809,85.62606368942846,90.0,2.5260636894284687
180974,2024-25,84.81481481481481,27,MID,8,87.2,20,83.1,0.8248026562634164,84.5143838142591,90.0,1.4143838142591107
182156,2016-17,82.45,20,MID,0,86.4074074074074,27,83.1,0.7771486250823768,82.59485339369645,90.0,-0.5051466063035406
182156,2017-18,86.4074074074074,27,MID,1,82.77777777777777,18,83.1,0.8248026562634164,85.82795841497492,90.0,2.727958414974921
182539,2019-20,81.22222222222223,18,MID,3,85.4375,16,83.1,0.7583704151151263,81.67594888717271,90.0,-1.4240511128272857
184029,2021-22,83.875,32,MID,5,84.64864864864865,37,83.1,0.8480167631939919,83.75721299147534,90.0,0.6572129914753475
184029,2022-23,84.64864864864865,37,MID,6,88.51428571428572,35,83.1,0.8657987767774127,84.440818105658,90.0,1.340818105658002
184029,2023-24,88.51428571428572,35,MID,7,85.88461538461539,26,83.1,0.8592098049585397,87.75200737256124,90.0,4.652007372561243
184029,2024-25,85.88461538461539,26,MID,8,87.54545454545455,11,83.1,0.8192820394525251,85.38138537139858,90.0,2.281385371398585
184254,2023-24,90.0,38,GK,7,90.0,24,89.9,0.8688672781338241,89.98688672781338,90.0,0.08688672781337914
184254,2024-25,90.0,24,GK,8,90.0,31,89.9,0.8071268463216613,89.98071268463217,90.0,0.08071268463216086
184341,2019-20,86.13333333333334,30,MID,3,87.25,32,83.1,0.8395106600310144,85.64651566876076,90.0,2.5465156687607617
184341,2020-21,87.25,32,MID,4,86.03846153846153,26,83.1,0.8480167631939919,86.61926956725506,90.0,3.5192695672550656
184341,2021-22,86.03846153846153,26,MID,5,79.10526315789474,19,83.1,0.8192820394525251,85.50742876208358,90.0,2.4074287620835833
184667,2017-18,88.35714285714286,14,DEF,1,89.71428571428571,28,87.5,0.7093958374782874,88.1080535749814,90.0,0.6080535749813976
184667,2018-19,89.71428571428571,28,DEF,2,89.61764705882354,34,87.5,0.829995980948208,89.33784824352817,90.0,1.837848243528171
184667,2019-20,89.61764705882354,34,DEF,3,89.13793103448276,29,87.5,0.855666585386568,89.31199982787744,90.0,1.8119998278774432
184667,2020-21,89.13793103448276,29,DEF,4,89.34615384615384,26,87.5,0.8348902810601913,88.86749270173652,90.0,1.3674927017365235
184667,2021-22,89.34615384615384,26,DEF,5,89.78571428571429,14,87.5,0.8192820394525251,89.01252068822004,90.0,1.512520688220036
184667,2022-23,89.78571428571429,14,DEF,6,84.6923076923077,13,87.5,0.7093958374782874,89.12147619995038,90.0,1.6214761999503793
191866,2023-24,85.65,20,DEF,7,81.5,16,87.5,0.7771486250823768,86.06227504359761,90.0,-1.4377249564023913
191866,2024-25,81.5,16,DEF,8,87.3157894736842,19,87.5,0.736136374297603,83.08318175421438,90.0,-4.41681824578562
192895,2019-20,85.2,10,DEF,3,89.08,25,87.5,0.635521733076294,86.03830001392453,90.0,-1.4616999860754731
192895,2020-21,89.08,25,DEF,4,87.0909090909091,22,87.5,0.8134021840999093,88.78517545087786,90.0,1.2851754508778583
193488,2019-20,80.0,22,MID,3,82.58823529411765,17,83.1,0.7932186122041907,80.64102230216702,90.0,-2.458977697832978
193645,2020-21,90.0,12,DEF,4,88.5625,16,87.5,0.6766242025254809,89.19156050631369,90.0,1.6915605063136923
193645,2021-22,88.5625,16,DEF,5,89.42857142857143,35,87.5,0.736136374297603,88.2821448976912,90.0,0.7821448976911967
194010,2021-22,86.3225806451613,31,DEF,5,88.36111111111111,36,87.5,0.8438794878379978,86.50639995786817,90.0,-0.9936000421318312
194164,2016-17,89.07142857142857,14,DEF,0,90.0,13,87.5,0.7093958374782874,88.61476488746588,90.0,1.1147648874658813
194164,2019-20,90.0,22,DEF,3,88.48,25,87.5,0.7932186122041907,89.48304653051048,90.0,1.983046530510478
194164,2020-21,88.48,25,DEF,4,89.82608695652173,23,87.5,0.8134021840999093,88.29713414041792,90.0,0.7971341404179242
194634,2018-19,82.44,25,MID,2,78.65384615384616,26,83.1,0.8134021840999093,82.56315455849406,90.0,-0.5368454415059318
194634,2019-20,78.65384615384616,26,FWD,3,84.72727272727273,11,81.5,0.8192820394525251,79.16819727232743,90.0,-2.3318027276725672
194634,2020-21,84.72727272727273,11,MID,4,82.0,25,83.1,0.6573009993574788,84.16960798986354,90.0,1.0696079898635418
194634,2021-22,82.0,25,MID,5,77.9090909090909,11,83.1,0.8134021840999093,82.2052575974901,90.0,-0.8947424025098911
194634,2022-23,77.9090909090909,11,FWD,6,78.8,10,81.5,0.6573009993574788,79.1396918659436,90.0,-2.360308134056396
194634,2023-24,78.8,10,MID,7,73.3,10,83.1,0.635521733076294,80.36725654777193,90.0,-2.732743452228064
194799,2019-20,87.42307692307692,26,DEF,3,88.9,20,87.5,0.8192820394525251,87.43697830465749,90.0,-0.06302169534251334
195546,2021-22,79.3,20,MID,5,79.42307692307692,26,83.1,0.7771486250823768,80.14683522468697,90.0,-2.9531647753130272
195735,2019-20,81.22727272727273,22,MID,3,83.4,15,83.1,0.7932186122041907,81.61451787169034,90.0,-1.4854821283096555
195851,2019-20,85.63157894736842,19,MID,3,87.26086956521739,23,83.1,0.7681391063467261,85.04460479027776,90.0,1.944604790277765
195851,2020-21,87.26086956521739,23,MID,4,87.03846153846153,26,83.1,0.8004147369923426,86.43042131870291,90.0,3.3304213187029177
197365,2016-17,88.63636363636364,22,DEF,0,90.0,11,87.5,0.7932186122041907,88.40138478659568,90.0,0.9013847865956848
198826,2019-20,89.48275862068965,29,DEF,3,90.0,29,87.5,0.8348902810601913,89.1553859021021,90.0,1.655385902102097
198826,2020-21,90.0,29,DEF,4,88.21739130434783,23,87.5,0.8348902810601913,89.58722570265047,90.0,2.0872257026504712
198849,2018-19,89.42857142857143,21,MID,2,84.23076923076923,13,83.1,0.7854841596035032,88.07099261006218,90.0,4.970992610062183
198869,2020-21,88.66666666666667,36,DEF,4,90.0,32,87.5,0.8625832288761219,88.50634710035547,90.0,1.0063471003554696
198869,2021-22,90.0,32,DEF,5,85.23529411764706,34,87.5,0.8480167631939919,89.62004190798498,90.0,2.1200419079849837
198869,2022-23,85.23529411764706,34,DEF,6,85.0,35,87.5,0.855666585386568,85.56216685074219,90.0,-1.9378331492578127
198869,2023-24,85.0,35,DEF,7,86.3076923076923,13,87.5,0.8592098049585397,85.35197548760365,90.0,-2.148024512396347
199170,2022-23,88.46153846153847,13,DEF,6,88.0,15,87.5,0.6938846251416729,88.16719675494392,90.0,0.667196754943916
199249,2020-21,86.96,25,DEF,4,85.66666666666667,21,87.5,0.8134021840999093,87.06076282058605,90.0,-0.4392371794139507
199670,2021-22,78.33333333333333,18,FWD,5,76.21052631578948,19,81.5,0.7583704151151263,79.09849368546875,90.0,-2.4015063145312467
199670,2022-23,76.21052631578948,19,FWD,6,83.375,16,81.5,0.7681391063467261,77.436948411166,90.0,-4.063051588834
199796,2020-21,87.38461538461539,26,DEF,4,88.86842105263158,38,87.5,0.8192820394525251,87.40546745698624,90.0,-0.0945325430137558
199796,2021-22,88.86842105263158,38,DEF,5,87.73684210526316,19,87.5,0.8688672781338241,88.68897627534102,90.0,1.1889762753410196
199796,2022-23,87.73684210526316,19,DEF,6,86.5,22,87.5,0.7681391063467261,87.68192768308214,90.0,0.18192768308213658
199796,2023-24,86.5,22,DEF,7,85.54545454545455,22,87.5,0.7932186122041907,86.70678138779581,90.0,-0.7932186122041855
199796,2024-25,85.54545454545455,22,DEF,8,88.66666666666667,33,87.5,0.7932186122041907,85.94961816705543,90.0,-1.5503818329445664
199798,2019-20,88.61904761904762,21,DEF,3,90.0,35,87.5,0.7854841596035032,88.37899417860393,90.0,0.8789941786039321
199798,2020-21,90.0,35,DEF,4,89.76923076923077,26,87.5,0.8592098049585397,89.64802451239635,90.0,2.148024512396347
199798,2021-22,89.76923076923077,26,DEF,5,89.75675675675676,37,87.5,0.8192820394525251,89.3591400126038,90.0,1.8591400126038025
199798,2022-23,89.75675675675676,37,DEF,6,88.55882352941177,34,87.5,0.8657987767774127,89.45389723948416,90.0,1.9538972394841636
199798,2023-24,88.55882352941177,34,DEF,7,90.0,32,87.5,0.855666585386568,88.40599991393871,90.0,0.9059999139387145
199798,2024-25,90.0,32,DEF,8,89.26470588235294,34,87.5,0.8480167631939919,89.62004190798498,90.0,2.1200419079849837
200089,2020-21,84.91666666666667,12,MID,4,85.0909090909091,22,83.1,0.6766242025254809,84.32920063458796,90.0,1.2292006345879685
200089,2021-22,85.0909090909091,22,MID,5,80.36666666666666,30,83.1,0.7932186122041907,84.67922614611562,90.0,1.57922614611563
200402,2020-21,88.66666666666667,33,DEF,4,86.625,24,87.5,0.8519404196346568,88.49393048957377,90.0,0.9939304895737706
200402,2021-22,86.625,24,DEF,5,87.25925925925925,27,87.5,0.8071268463216613,86.79376400946855,90.0,-0.7062359905314537
200402,2022-23,87.25925925925925,27,DEF,6,87.34285714285714,35,87.5,0.8248026562634164,87.30143639756622,90.0,-0.19856360243377935
200402,2023-24,87.34285714285714,35,DEF,7,88.21875,32,87.5,0.8592098049585397,87.36498131636367,90.0,-0.13501868363633207
200439,2019-20,72.58333333333333,12,FWD,3,85.89655172413794,29,81.5,0.6766242025254809,75.46676752748112,90.0,-6.0332324725188755
200439,2020-21,85.89655172413794,29,FWD,4,83.63636363636364,22,81.5,0.8348902810601913,85.1706383046612,90.0,3.670638304661196
200439,2021-22,83.63636363636364,22,FWD,5,81.78260869565217,23,81.5,0.7932186122041907,83.19460339879987,90.0,1.6946033987998703
200600,2020-21,75.15,20,MID,4,82.3125,16,83.1,0.7771486250823768,76.9216684305951,90.0,-6.1783315694048895
200600,2021-22,82.3125,16,MID,5,80.3125,16,83.1,0.736136374297603,82.52029260524063,90.0,-0.5797073947593674
200720,2023-24,90.0,10,GK,7,90.0,10,89.9,0.635521733076294,89.96355217330763,90.0,0.06355217330762741
200720,2024-25,90.0,10,GK,8,90.0,37,89.9,0.635521733076294,89.96355217330763,90.0,0.06355217330762741
200785,2024-25,84.80952380952381,21,MID,8,82.8,20,83.1,0.7854841596035032,84.44280387284599,90.0,1.342803872845991
201658,2022-23,84.88888888888889,18,MID,6,81.0909090909091,22,83.1,0.7583704151151263,84.4566404092615,90.0,1.3566404092615016
201658,2023-24,81.0909090909091,22,MID,7,85.45,20,83.1,0.7932186122041907,81.50635169729885,90.0,-1.5936483027011406
201658,2024-25,85.45,20,MID,8,85.87096774193549,31,83.1,0.7771486250823768,84.9262992689436,90.0,1.8262992689436004
201666,2018-19,78.54545454545455,11,MID,2,79.52631578947368,19,83.1,0.6573009993574788,80.10629272110822,90.0,-2.993707278891776
201666,2019-20,79.52631578947368,19,MID,3,85.85714285714286,21,83.1,0.7681391063467261,80.35491340416091,90.0,-2.7450865958390835
201666,2020-21,85.85714285714286,21,MID,4,80.8695652173913,23,83.1,0.7854841596035032,85.26569204004966,90.0,2.165692040049663
201666,2021-22,80.8695652173913,23,MID,5,85.6,30,83.1,0.8004147369923426,81.31472713009968,90.0,-1.7852728699003109
201666,2024-25,79.16666666666667,18,MID,8,81.11111111111111,18,83.1,0.7583704151151263,80.11707636721384,90.0,-2.9829236327861537
202641,2023-24,90.0,38,GK,7,90.0,34,89.9,0.8688672781338241,89.98688672781338,90.0,0.08688672781337914
202993,2021-22,85.66666666666667,15,MID,5,86.41176470588235,17,83.1,0.7234109190985335,84.9567546923529,90.0,1.856754692352908
202993,2024-25,78.5,18,MID,8,81.0952380952381,21,83.1,0.7583704151151263,79.61149609047041,90.0,-3.488503909529584
203341,2016-17,89.47058823529412,17,MID,0,88.9375,32,83.1,0.747742375132532,87.86355877805019,90.0,4.7635587780501965
203341,2017-18,88.9375,32,MID,1,88.66666666666667,36,83.1,0.8480167631939919,88.05029785514492,90.0,4.950297855144925
203341,2018-19,88.66666666666667,36,MID,2,88.6896551724138,29,83.1,0.8625832288761219,87.9017133074104,90.0,4.8017133074104095
203341,2019-20,88.6896551724138,29,MID,3,88.04166666666667,24,83.1,0.8348902810601913,87.76674877792611,90.0,4.6667487779261165
203341,2020-21,88.04166666666667,24,MID,4,88.22222222222223,18,83.1,0.8071268463216613,87.08855183223955,90.0,3.9885518322395512
203341,2021-22,88.22222222222223,18,MID,5,82.29411764705883,17,83.1,0.7583704151151263,86.9845417929786,90.0,3.8845417929786095
204214,2022-23,84.4,30,DEF,6,87.16666666666667,12,87.5,0.8395106600310144,84.89751695390386,90.0,-2.6024830460961397
204214,2023-24,87.16666666666667,12,DEF,7,88.26923076923077,26,87.5,0.6766242025254809,87.27445859915818,90.0,-0.22554140084181995
204480,2017-18,87.14285714285714,14,DEF,1,89.63636363636364,33,87.5,0.7093958374782874,87.24664434375775,90.0,-0.253355656242249
204480,2018-19,89.63636363636364,33,DEF,2,90.0,38,87.5,0.8519404196346568,89.32005453285586,90.0,1.8200545328558633
204480,2019-20,90.0,38,MID,3,90.0,32,83.1,0.8688672781338241,89.09518421912338,90.0,5.995184219123388
204480,2020-21,90.0,32,MID,4,90.0,35,83.1,0.8480167631939919,88.95131566603854,90.0,5.851315666038545
204480,2021-22,90.0,35,MID,5,90.0,36,83.1,0.8592098049585397,89.02854765421392,90.0,5.928547654213929
204480,2022-23,90.0,36,MID,6,87.69444444444444,36,83.1,0.8625832288761219,89.05182427924524,90.0,5.951824279245244
204480,2023-24,87.69444444444444,36,MID,7,86.3225806451613,31,83.1,0.8625832288761219,87.06309072378085,90.0,3.9630907237808515
204480,2024-25,86.3225806451613,31,MID,8,87.74285714285715,35,83.1,0.8438794878379978,85.81946970435536,90.0,2.7194697043553617
204580,2021-22,82.88,25,MID,5,83.22727272727273,22,83.1,0.8134021840999093,82.92105151949802,90.0,-0.17894848050197254
204580,2022-23,83.22727272727273,22,MID,6,83.11111111111111,36,83.1,0.7932186122041907,83.20095509609872,90.0,0.10095509609872977
204580,2023-24,83.11111111111111,36,MID,7,79.6923076923077,26,83.1,0.8625832288761219,83.10958425809864,90.0,0.009584258098641385
204580,2024-25,79.6923076923077,26,MID,8,83.46666666666667,15,83.1,0.8192820394525251,80.30813889632716,90.0,-2.7918611036728294
204716,2021-22,90.0,11,DEF,5,90.0,17,87.5,0.6573009993574788,89.1432524983937,90.0,1.643252498393693
204716,2022-23,90.0,17,DEF,6,86.76470588235294,17,87.5,0.747742375132532,89.36935593783133,90.0,1.8693559378313296
204716,2023-24,86.76470588235294,17,DEF,7,86.64285714285714,28,87.5,0.747742375132532,86.9501894300496,90.0,-0.5498105699503952
204716,2024-25,86.64285714285714,28,DEF,8,87.67647058823529,34,87.5,0.829995980948208,86.78857487347295,90.0,-0.7114251265270468
204968,2022-23,86.38888888888889,18,MID,6,84.0,20,83.1,0.7583704151151263,85.59419603193419,90.0,2.4941960319341945
204968,2023-24,84.0,20,MID,7,86.52941176470588,17,83.1,0.7771486250823768,83.79943376257414,90.0,0.6994337625741451
205651,2019-20,82.0,20,FWD,3,87.61904761904762,21,81.5,0.7771486250823768,81.88857431254118,90.0,0.3885743125411807
205651,2020-21,87.61904761904762,21,FWD,4,83.71428571428571,21,81.5,0.7854841596035032,86.30641497662143,90.0,4.806414976621426
205651,2021-22,83.71428571428571,21,FWD,5,85.52173913043478,23,81.5,0.7854841596035032,83.23928635340775,90.0,1.7392863534077492
205651,2022-23,85.52173913043478,23,FWD,6,77.6470588235294,17,81.5,0.8004147369923426,84.71905926833877,90.0,3.2190592683387678
206325,2018-19,90.0,12,MID,2,88.83333333333333,12,83.1,0.6766242025254809,87.76870699742582,90.0,4.668706997425829
206325,2019-20,88.83333333333333,12,DEF,3,87.625,16,87.5,0.6766242025254809,88.40216560336731,90.0,0.9021656033673082
206325,2020-21,87.625,16,DEF,4,90.0,10,87.5,0.736136374297603,87.59201704678719,90.0,0.09201704678719125
206325,2021-22,90.0,10,DEF,5,81.84,25,87.5,0.635521733076294,89.08880433269074,90.0,1.5888043326907422
206325,2022-23,81.84,25,DEF,6,82.72222222222223,18,87.5,0.8134021840999093,82.89614363799453,90.0,-4.603856362005473
206915,2020-21,76.75,12,MID,4,77.4,10,83.1,0.6766242025254809,78.8034363139632,90.0,-4.296563686036791
206915,2021-22,77.4,10,MID,5,81.5,10,83.1,0.635521733076294,79.47752612146513,90.0,-3.622473878534862
206915,2022-23,81.5,10,MID,6,79.36363636363636,11,83.1,0.635521733076294,82.08316522707793,90.0,-1.016834772922067
206915,2023-24,79.36363636363636,11,MID,7,78.22222222222223,18,83.1,0.6573009993574788,80.64408444785523,90.0,-2.4559155521447593
206915,2024-25,78.22222222222223,18,MID,8,85.05555555555556,18,83.1,0.7583704151151263,79.40083764182734,90.0,-3.699162358172657
207189,2019-20,77.45454545454545,11,MID,3,90.0,11,83.1,0.6573009993574788,79.3892370854455,90.0,-3.7107629145544934
207189,2023-24,88.40625,32,MID,7,86.54545454545455,22,83.1,0.8480167631939919,87.59978894969811,90.0,4.4997889496981145
207189,2024-25,86.54545454545455,22,MID,8,86.15151515151516,33,83.1,0.7932186122041907,85.83299867295808,90.0,2.7329986729580895
207283,2021-22,80.33333333333333,15,MID,5,78.60606060606061,33,83.1,0.7234109190985335,81.09856312382738,90.0,-2.001436876172619
207283,2022-23,78.60606060606061,33,MID,6,78.6,25,83.1,0.8519404196346568,79.27143138691456,90.0,-3.8285686130854373
208706,2021-22,87.18181818181819,11,MID,5,87.46666666666667,30,83.1,0.6573009993574788,85.78298317010461,90.0,2.6829831701046203
208706,2022-23,87.46666666666667,30,MID,6,88.21621621621621,37,83.1,0.8395106600310144,86.76586321546877,90.0,3.665863215468775
208706,2023-24,88.21621621621621,37,MID,7,86.13157894736842,38,83.1,0.8657987767774127,87.52961374172877,90.0,4.429613741728772
208706,2024-25,86.13157894736842,38,MID,8,88.25925925925925,27,83.1,0.8688672781338241,85.73403974844781,90.0,2.634039748447819
209036,2021-22,89.5,36,DEF,5,90.0,37,87.5,0.8625832288761219,89.22516645775224,90.0,1.7251664577522376
209036,2022-23,90.0,37,DEF,6,89.13636363636364,22,87.5,0.8657987767774127,89.66449694194353,90.0,2.1644969419435256
209036,2023-24,89.13636363636364,22,DEF,7,89.97058823529412,34,87.5,0.7932186122041907,88.79799409269776,90.0,1.2979940926977633
209036,2024-25,89.97058823529412,34,DEF,8,90.0,35,87.5,0.855666585386568,89.61399979919034,90.0,2.1139997991903385
209042,2021-22,86.71428571428571,14,MID,5,83.76470588235294,17,83.1,0.7093958374782874,85.66395924117151,90.0,2.563959241171517
209046,2023-24,84.5,18,MID,7,85.77272727272727,22,83.1,0.7583704151151263,84.16171858116118,90.0,1.0617185811611876
209046,2024-25,85.77272727272727,22,MID,8,80.94117647058823,17,83.1,0.7932186122041907,85.22005701807302,90.0,2.1200570180730267
209243,2021-22,81.15,20,MID,5,75.73684210526316,19,83.1,0.7771486250823768,81.58456018108937,90.0,-1.5154398189106217
209244,2020-21,86.13333333333334,15,MID,4,85.65217391304348,23,83.1,0.7234109190985335,85.2943464545989,90.0,2.1943464545989
209244,2021-22,85.65217391304348,23,MID,5,87.33333333333333,15,83.1,0.8004147369923426,85.14279761136741,90.0,2.042797611367419
209244,2022-23,87.33333333333333,15,MID,6,85.18181818181819,33,83.1,0.7234109190985335,86.16243955751712,90.0,3.0624395575171235
209244,2023-24,85.18181818181819,33,MID,7,81.94736842105263,19,83.1,0.8519404196346568,84.87358505542124,90.0,1.7735850554212504
209244,2024-25,81.94736842105263,19,MID,8,84.95454545454545,22,83.1,0.7681391063467261,82.21461860900035,90.0,-0.8853813909996404
209289,2020-21,80.23529411764706,17,MID,4,81.9,20,83.1,0.747742375132532,80.95793801947327,90.0,-2.1420619805267194
209289,2024-25,74.95454545454545,22,MID,8,76.78947368421052,19,83.1,0.7932186122041907,76.63887384968223,90.0,-6.461126150317767
209365,2024-25,86.36363636363636,22,DEF,8,90.0,13,87.5,0.7932186122041907,86.59861521340432,90.0,-0.9013847865956848
209400,2024-25,81.0,15,MID,8,84.05,20,83.1,0.7234109190985335,81.58083706989308,90.0,-1.5191629301069156
210156,2022-23,72.5625,16,FWD,6,77.0,11,81.5,0.736136374297603,74.92078115471517,90.0,-6.579218845284828
210494,2022-23,88.55555555555556,18,DEF,6,88.42857142857143,21,87.5,0.7583704151151263,88.30050210484376,90.0,0.8005021048437584
211975,2022-23,89.17391304347827,23,DEF,6,89.25925925925925,27,87.5,0.8004147369923426,88.83982466844371,90.0,1.3398246684437112
211975,2023-24,89.25925925925925,27,DEF,7,87.81818181818181,22,87.5,0.8248026562634164,88.95104171009305,90.0,1.451041710093051
212314,2023-24,80.25,12,MID,7,83.07407407407408,27,83.1,0.6766242025254809,81.17162102280238,90.0,-1.9283789771976103
212314,2024-25,83.07407407407408,27,MID,8,87.70588235294117,17,83.1,0.8248026562634164,83.0786162274302,90.0,-0.021383772569791404
212319,2017-18,85.9,30,MID,1,84.58620689655173,29,83.1,0.8395106600310144,85.45062984808685,90.0,2.3506298480868537
212319,2018-19,84.58620689655173,29,MID,2,86.11428571428571,35,83.1,0.8348902810601913,84.34081969357567,90.0,1.2408196935756735
212319,2019-20,86.11428571428571,35,MID,3,88.25,32,83.1,0.8592098049585397,85.68990384066073,90.0,2.589903840660739
212319,2020-21,88.25,32,FWD,4,88.85185185185185,27,81.5,0.8480167631939919,87.22411315155945,90.0,5.72411315155945
213999,2023-24,85.07692307692308,26,MID,7,82.375,16,83.1,0.8192820394525251,84.7196575703023,90.0,1.6196575703023086
214048,2020-21,90.0,14,DEF,4,89.6,30,87.5,0.7093958374782874,89.27348959369571,90.0,1.7734895936957145
214048,2021-22,89.6,30,DEF,5,89.37837837837837,37,87.5,0.8395106600310144,89.26297238606512,90.0,1.7629723860651154
214048,2022-23,89.37837837837837,37,DEF,6,90.0,38,87.5,0.8657987767774127,89.12629770232513,90.0,1.6262977023251324
214048,2023-24,90.0,38,DEF,7,90.0,37,87.5,0.8688672781338241,89.67216819533455,90.0,2.1721681953345495
214048,2024-25,90.0,37,DEF,8,90.0,17,87.5,0.8657987767774127,89.66449694194353,90.0,2.1644969419435256
214590,2018-19,89.54285714285714,35,DEF,2,88.97058823529412,34,87.5,0.8592098049585397,89.25524288727246,90.0,1.755242887272459
214590,2019-20,88.97058823529412,34,DEF,3,90.0,34,87.5,0.855666585386568,88.75833321380377,90.0,1.2583332138037662
214590,2020-21,90.0,34,DEF,4,89.65,20,87.5,0.855666585386568,89.63916646346642,90.0,2.139166463466424
214590,2021-22,89.65,20,DEF,5,86.875,16,87.5,0.7771486250823768,89.17086954392711,90.0,1.670869543927111
214590,2022-23,86.875,16,DEF,6,87.95,20,87.5,0.736136374297603,87.039914766064,90.0,-0.46008523393599887
214590,2023-24,87.95,20,DEF,7,89.31428571428572,35,87.5,0.7771486250823768,87.84971688128707,90.0,0.34971688128706546
214590,2024-25,89.31428571428572,35,DEF,8,87.3913043478261,23,87.5,0.8592098049585397,89.0588520747105,90.0,1.5588520747105008
215059,2020-21,90.0,27,GK,4,90.0,37,89.9,0.8248026562634164,89.98248026562635,90.0,0.08248026562634436
215059,2021-22,90.0,37,GK,5,90.0,23,89.9,0.8657987767774127,89.98657987767774,90.0,0.08657987767773534
215059,2022-23,90.0,23,GK,6,89.5625,16,89.9,0.8004147369923426,89.98004147369923,90.0,0.08004147369922521
215059,2023-24,89.5625,16,GK,7,90.0,32,89.9,0.736136374297603,89.65155397367455,90.0,-0.24844602632545332
215059,2024-25,90.0,32,GK,8,89.29411764705883,34,89.9,0.8480167631939919,89.9848016763194,90.0,0.08480167631940105
215136,2022-23,87.47368421052632,19,DEF,6,88.23529411764706,17,87.5,0.7681391063467261,87.47978581299088,90.0,-0.020214187009116813
215136,2023-24,88.23529411764706,17,DEF,7,88.25,28,87.5,0.747742375132532,88.04981056995038,90.0,0.549810569950381
215136,2024-25,88.25,28,DEF,8,89.97058823529412,34,87.5,0.829995980948208,88.12249698571115,90.0,0.6224969857111518
215379,2023-24,79.6,10,MID,7,80.93548387096774,31,83.1,0.635521733076294,80.87567393423296,90.0,-2.2243260657670305
215379,2024-25,80.93548387096774,31,MID,8,88.83783783783784,37,83.1,0.8438794878379978,81.27340923761518,90.0,-1.8265907623848108
215413,2021-22,87.91304347826087,23,MID,5,81.73076923076923,26,83.1,0.8004147369923426,86.95243092978488,90.0,3.8524309297848873
215439,2019-20,89.45454545454545,11,MID,3,90.0,38,83.1,0.6573009993574788,87.27684907773525,90.0,4.176849077735255
215439,2020-21,90.0,38,MID,4,89.6470588235294,34,83.1,0.8688672781338241,89.09518421912338,90.0,5.995184219123388
215439,2021-22,89.6470588235294,34,MID,5,85.58064516129032,31,83.1,0.855666585386568,88.7020994678544,90.0,5.602099467854401
215439,2022-23,85.58064516129032,31,MID,6,86.90322580645162,31,83.1,0.8438794878379978,85.19336556821749,90.0,2.093365568217493
215439,2023-24,86.90322580645162,31,MID,7,85.76923076923077,26,83.1,0.8438794878379978,86.30946424568064,90.0,3.2094642456806497
215439,2024-25,85.76923076923077,26,MID,8,84.30434782608695,23,83.1,0.8192820394525251,85.28685282838482,90.0,2.186852828384829
215711,2022-23,73.86363636363636,22,MID,6,80.3157894736842,19,83.1,0.7932186122041907,75.77354445455038,90.0,-7.326455545449619
215711,2023-24,80.3157894736842,19,MID,7,71.54545454545455,11,83.1,0.7681391063467261,80.96133901443463,90.0,-2.138660985565366
216051,2021-22,89.36842105263158,19,DEF,5,88.66666666666667,24,87.5,0.7681391063467261,88.93520727764783,90.0,1.4352072776478337
216051,2022-23,88.66666666666667,24,DEF,6,90.0,35,87.5,0.8071268463216613,88.44164798737528,90.0,0.9416479873752763
216051,2023-24,90.0,35,DEF,7,90.0,30,87.5,0.8592098049585397,89.64802451239635,90.0,2.148024512396347
216051,2024-25,90.0,30,DEF,8,86.64285714285714,28,87.5,0.8395106600310144,89.59877665007753,90.0,2.098776650077525
216616,2023-24,88.96875,32,DEF,7,89.2,35,87.5,0.8480167631939919,88.74552462094118,90.0,1.2455246209411825
216646,2021-22,78.0,12,MID,5,74.625,16,83.1,0.6766242025254809,79.64921656712005,90.0,-3.4507834328799447
216646,2022-23,74.625,16,MID,6,80.79310344827586,29,83.1,0.736136374297603,76.86124422782781,90.0,-6.238755772172183
216646,2023-24,80.79310344827586,29,FWD,7,86.42424242424242,33,81.5,0.8348902810601913,80.90981893925056,90.0,-0.590181060749444
217593,2019-20,80.68181818181819,22,MID,3,83.06666666666666,30,83.1,0.7932186122041907,81.18185317412441,90.0,-1.9181468258755814
217593,2020-21,83.06666666666666,30,MID,4,87.26666666666667,30,83.1,0.8395106600310144,83.0720163113323,90.0,-0.027983688667688966
217593,2021-22,87.26666666666667,30,MID,5,79.5,14,83.1,0.8395106600310144,86.59796108346256,90.0,3.4979610834625703
218031,2019-20,89.29411764705883,34,DEF,3,90.0,19,87.5,0.855666585386568,89.0351665208406,90.0,1.5351665208406047
218031,2020-21,90.0,19,DEF,4,89.17857142857143,28,87.5,0.7681391063467261,89.42034776586681,90.0,1.9203477658668078
219168,2022-23,82.94117647058823,17,FWD,6,81.5,26,81.5,0.747742375132532,82.57762871710277,90.0,1.077628717102769
219168,2023-24,81.5,26,FWD,7,84.125,32,81.5,0.8192820394525251,81.5,90.0,0.0
219352,2020-21,87.56666666666666,30,MID,4,77.0,14,83.1,0.8395106600310144,86.84981428147186,90.0,3.7498142814718705
219847,2020-21,79.6470588235294,17,MID,4,82.26315789473684,19,83.1,0.747742375132532,80.51808956351296,90.0,-2.5819104364870356
219847,2021-22,82.26315789473684,19,MID,5,83.53571428571429,28,83.1,0.7681391063467261,82.45718885310984,90.0,-0.6428111468901534
219847,2022-23,83.53571428571429,28,FWD,6,85.35714285714286,28,81.5,0.829995980948208,83.18963467550172,90.0,1.689634675501722
219847,2023-24,85.35714285714286,28,MID,7,89.1,20,83.1,0.829995980948208,84.97341949985453,90.0,1.8734194998545348
219924,2018-19,90.0,33,DEF,2,89.12903225806451,31,87.5,0.8519404196346568,89.62985104908664,90.0,2.129851049086639
219924,2019-20,89.12903225806451,31,DEF,3,90.0,15,87.5,0.8438794878379978,88.87470690760706,90.0,1.374706907607063
219924,2020-21,90.0,15,DEF,4,87.0,11,87.5,0.7234109190985335,89.30852729774634,90.0,1.8085272977463376
219924,2021-22,87.0,11,DEF,5,88.36363636363636,22,87.5,0.6573009993574788,87.17134950032126,90.0,-0.32865049967874427
219924,2022-23,88.36363636363636,22,DEF,6,87.75,16,87.5,0.7932186122041907,88.18505243781271,90.0,0.6850524378127147
219924,2023-24,87.75,16,DEF,7,89.0,14,87.5,0.736136374297603,87.6840340935744,90.0,0.1840340935743967
219961,2020-21,87.15384615384616,26,MID,4,87.54838709677419,31,83.1,0.8192820394525251,86.42124334454986,90.0,3.3212433445498704
220237,2022-23,89.31428571428572,35,DEF,6,87.73333333333333,15,87.5,0.8592098049585397,89.0588520747105,90.0,1.5588520747105008
220566,2019-20,87.72,25,MID,3,90.0,29,83.1,0.8134021840999093,86.85791809054159,90.0,3.757918090541594
220566,2020-21,90.0,29,MID,4,88.40625,32,83.1,0.8348902810601913,88.86074293931532,90.0,5.760742939315321
220566,2021-22,88.40625,32,MID,5,88.3225806451613,31,83.1,0.8480167631939919,87.59978894969811,90.0,4.4997889496981145
220566,2022-23,88.3225806451613,31,MID,6,87.45454545454545,33,83.1,0.8438794878379978,87.50722868003136,90.0,4.407228680031366
220627,2019-20,90.0,11,DEF,3,90.0,23,87.5,0.6573009993574788,89.1432524983937,90.0,1.643252498393693
220627,2020-21,90.0,23,DEF,4,90.0,10,87.5,0.8004147369923426,89.50103684248086,90.0,2.0010368424808576
220627,2021-22,90.0,10,DEF,5,89.42857142857143,14,87.5,0.635521733076294,89.08880433269074,90.0,1.5888043326907422
220627,2024-25,86.40625,32,DEF,8,87.85,20,87.5,0.8480167631939919,86.57248166525657,90.0,-0.927518334743425
220688,2019-20,79.16666666666667,12,FWD,3,79.45,20,81.5,0.6766242025254809,79.9212101941072,90.0,-1.5787898058927965
220688,2020-21,79.45,20,MID,4,82.23076923076923,13,83.1,0.7771486250823768,80.26340751844933,90.0,-2.8365924815506673
221399,2020-21,86.13333333333334,30,MID,4,84.81481481481481,27,83.1,0.8395106600310144,85.64651566876076,90.0,2.5465156687607617
221399,2021-22,84.81481481481481,27,MID,5,80.15625,32,83.1,0.8248026562634164,84.5143838142591,90.0,1.4143838142591107
221399,2022-23,80.15625,32,MID,6,85.25,24,83.1,0.8480167631939919,80.60365065334769,90.0,-2.496349346652309
221399,2023-24,85.25,24,MID,7,78.4090909090909,22,83.1,0.8071268463216613,84.83532271959157,90.0,1.7353227195915792
221466,2022-23,87.81481481481481,27,DEF,6,87.16666666666667,24,87.5,0.8248026562634164,87.75966009549032,90.0,0.2596600954903181
221466,2023-24,87.16666666666667,24,DEF,7,82.83333333333333,12,87.5,0.8071268463216613,87.23095771789278,90.0,-0.2690422821072218
221466,2024-25,82.83333333333333,12,DEF,8,88.86486486486487,37,87.5,0.6766242025254809,84.3424203882144,90.0,-3.157579611785593
221632,2021-22,89.6,20,DEF,5,89.6923076923077,26,87.5,0.7771486250823768,89.13201211267298,90.0,1.6320121126729816
221632,2022-23,89.6923076923077,26,DEF,6,90.0,30,87.5,0.8192820394525251,89.2961183172613,90.0,1.7961183172613033
221632,2023-24,90.0,30,DEF,7,84.8125,16,87.5,0.8395106600310144,89.59877665007753,90.0,2.098776650077525
221632,2024-25,84.8125,16,DEF,8,88.3,20,87.5,0.736136374297603,85.52163349407519,90.0,-1.9783665059248108
221820,2024-25,87.55,20,DEF,8,89.75,12,87.5,0.7771486250823768,87.53885743125412,90.0,0.03885743125411523
222531,2022-23,88.52941176470588,34,MID,6,88.05714285714286,35,83.1,0.855666585386568,87.74576622536354,90.0,4.645766225363545
222531,2023-24,88.05714285714286,35,MID,7,83.27272727272727,33,83.1,0.8592098049585397,87.35922574743734,90.0,4.259225747437341
222531,2024-25,83.27272727272727,33,MID,8,86.74285714285715,35,83.1,0.8519404196346568,83.24715334520963,90.0,0.14715334520963097
222683,2023-24,70.13636363636364,22,MID,7,76.92592592592592,27,83.1,0.7932186122041907,72.81700235451659,90.0,-10.282997645483405
222694,2020-21,87.80952380952381,21,DEF,4,88.61904761904762,21,87.5,0.7854841596035032,87.74312604940108,90.0,0.2431260494010843
222694,2021-22,88.61904761904762,21,DEF,5,87.41666666666667,24,87.5,0.7854841596035032,88.37899417860393,90.0,0.8789941786039321
223094,2022-23,85.0,31,FWD,6,87.89285714285714,28,81.5,0.8438794878379978,84.453578207433,90.0,2.9535782074329973
223094,2023-24,87.89285714285714,28,FWD,7,88.25806451612904,31,81.5,0.829995980948208,86.80604573534747,90.0,5.3060457353474675
223094,2024-25,88.25806451612904,31,FWD,8,87.60606060606061,33,81.5,0.8438794878379978,87.20299202264712,90.0,5.702992022647123
223340,2019-20,85.17647058823529,17,MID,3,84.75862068965517,29,83.1,0.747742375132532,84.6526650495399,90.0,1.552665049539911
223340,2020-21,84.75862068965517,29,MID,4,83.44117647058823,34,83.1,0.8348902810601913,84.48476629375845,90.0,1.3847662937584602
223340,2021-22,83.44117647058823,34,MID,5,87.65714285714286,35,83.1,0.855666585386568,83.39193330560246,90.0,0.2919333056024698
223340,2022-23,87.65714285714286,35,MID,6,84.61764705882354,34,83.1,0.8592098049585397,87.01554182545391,90.0,3.9155418254539143
223340,2023-24,84.61764705882354,34,MID,7,85.11764705882354,17,83.1,0.855666585386568,84.39859987664549,90.0,1.298599876645497
223340,2024-25,85.11764705882354,17,MID,8,85.30434782608695,23,83.1,0.747742375132532,84.60868020394388,90.0,1.5086802039438822
223434,2023-24,85.75,16,DEF,7,86.6,10,87.5,0.736136374297603,86.2117613449792,90.0,-1.2882386550208054
224024,2022-23,81.46153846153847,26,MID,6,86.5,30,83.1,0.8192820394525251,81.75763788920472,90.0,-1.3423621107952783
224024,2023-24,86.5,30,MID,7,84.32,25,83.1,0.8395106600310144,85.95433624410545,90.0,2.854336244105454
224024,2024-25,84.32,25,MID,8,84.05555555555556,18,83.1,0.8134021840999093,84.0923506646019,90.0,0.9923506646019007
224967,2021-22,87.72727272727273,11,DEF,5,89.82142857142857,28,87.5,0.6573009993574788,87.64938659076307,90.0,0.14938659076307204
224967,2022-23,89.82142857142857,28,DEF,6,89.77777777777777,27,87.5,0.829995980948208,89.42677638434405,90.0,1.926776384344052
224967,2023-24,89.77777777777777,27,DEF,7,89.91176470588235,34,87.5,0.8248026562634164,89.37871716148888,90.0,1.8787171614888791
224967,2024-25,89.91176470588235,34,DEF,8,89.66666666666667,33,87.5,0.855666585386568,89.56366647063818,90.0,2.063666470638182
225321,2019-20,90.0,37,GK,3,90.0,38,89.9,0.8657987767774127,89.98657987767774,90.0,0.08657987767773534
225321,2020-21,90.0,38,GK,4,90.0,34,89.9,0.8688672781338241,89.98688672781338,90.0,0.08688672781337914
225321,2021-22,90.0,34,GK,5,90.0,38,89.9,0.855666585386568,89.98556665853866,90.0,0.08556665853865297
225321,2024-25,90.0,30,GK,8,90.0,11,89.9,0.8395106600310144,89.9839510660031,90.0,0.08395106600309532
225796,2019-20,87.4375,16,DEF,3,90.0,25,87.5,0.736136374297603,87.45399147660639,90.0,-0.046008523393609835
225796,2020-21,90.0,25,DEF,4,88.21052631578948,19,87.5,0.8134021840999093,89.53350546024977,90.0,2.0335054602497706
225796,2021-22,88.21052631578948,19,DEF,5,90.0,12,87.5,0.7681391063467261,88.04578304924635,90.0,0.5457830492463529
225796,2024-25,81.5,10,DEF,8,88.42105263157895,19,87.5,0.635521733076294,83.68686960154224,90.0,-3.8131303984577585
225902,2021-22,81.72727272727273,11,MID,5,79.44444444444444,18,83.1,0.6573009993574788,82.1977049917911,90.0,-0.9022950082088954
226597,2020-21,88.68181818181819,22,DEF,4,88.38235294117646,34,87.5,0.7932186122041907,88.43744017805949,90.0,0.9374401780594894
226597,2021-22,88.38235294117646,34,DEF,5,89.71052631578948,38,87.5,0.855666585386568,88.25499992828226,90.0,0.7549999282822597
226597,2022-23,89.71052631578948,38,DEF,6,89.6969696969697,33,87.5,0.8688672781338241,89.42065398324318,90.0,1.9206539832431844
226597,2023-24,89.6969696969697,33,DEF,7,90.0,25,87.5,0.8519404196346568,89.371687285561,90.0,1.871687285560995
226597,2024-25,90.0,25,DEF,8,89.53333333333333,30,87.5,0.8134021840999093,89.53350546024977,90.0,2.0335054602497706
226944,2022-23,88.22222222222223,18,MID,6,84.0,19,83.1,0.7583704151151263,86.9845417929786,90.0,3.8845417929786095
226944,2023-24,84.0,19,MID,7,84.94736842105263,19,83.1,0.7681391063467261,83.79132519571206,90.0,0.6913251957120679
226944,2024-25,84.94736842105263,19,MID,8,86.0625,16,83.1,0.7681391063467261,84.51903592804052,90.0,1.419035928040529
226956,2021-22,89.08333333333333,12,DEF,5,88.54545454545455,11,87.5,0.6766242025254809,88.57132165399867,90.0,1.071321653998666
226956,2022-23,88.54545454545455,11,DEF,6,80.47619047619048,21,87.5,0.6573009993574788,88.18717831751009,90.0,0.6871783175100887
226956,2023-24,80.47619047619048,21,DEF,7,88.27272727272727,11,87.5,0.7854841596035032,81.9829088789754,90.0,-5.517091121024606
227127,2018-19,87.11764705882354,17,MID,2,82.75,12,83.1,0.747742375132532,86.10416495420894,90.0,3.004164954208946
227127,2019-20,82.75,12,MID,3,89.38235294117646,34,83.1,0.6766242025254809,82.86318152911608,90.0,-0.23681847088391805
227127,2020-21,89.38235294117646,34,MID,4,86.08695652173913,23,83.1,0.855666585386568,88.47559948936973,90.0,5.375599489369733
227127,2023-24,81.21739130434783,23,MID,7,80.41666666666667,12,83.1,0.8004147369923426,81.59313225601007,90.0,-1.506867743989929
227444,2024-25,90.0,37,DEF,8,90.0,37,87.5,0.8657987767774127,89.66449694194353,90.0,2.1644969419435256
228286,2020-21,90.0,30,GK,4,90.0,34,89.9,0.8395106600310144,89.9839510660031,90.0,0.08395106600309532
230001,2024-25,85.38709677419355,31,DEF,8,75.5,10,87.5,0.8438794878379978,85.71696430795521,90.0,-1.7830356920447912
230046,2019-20,87.46428571428571,28,MID,3,86.375,32,83.1,0.829995980948208,86.72233960256682,90.0,3.622339602566825
230046,2020-21,86.375,32,MID,4,86.66666666666667,30,83.1,0.8480167631939919,85.87725489946031,90.0,2.777254899460317
230046,2021-22,86.66666666666667,30,MID,5,85.87878787878788,33,83.1,0.8395106600310144,86.09425468744396,90.0,2.99425468744397
230046,2022-23,85.87878787878788,33,MID,6,86.73529411764706,34,83.1,0.8519404196346568,85.46736171153024,90.0,2.3673617115302505
231057,2024-25,74.3125,16,MID,8,73.0,12,83.1,0.736136374297603,76.63120161085982,90.0,-6.468798389140176
231065,2021-22,89.20689655172414,29,DEF,5,90.0,30,87.5,0.8348902810601913,88.92507134180964,90.0,1.425071341809641
231065,2022-23,90.0,30,DEF,6,90.0,28,87.5,0.8395106600310144,89.59877665007753,90.0,2.098776650077525
231065,2023-24,90.0,28,DEF,7,89.61904761904762,21,87.5,0.829995980948208,89.57498995237052,90.0,2.0749899523705153
231480,2024-25,86.66666666666667,18,DEF,8,89.92857142857143,28,87.5,0.7583704151151263,86.86802465407072,90.0,-0.631975345929277
231747,2023-24,82.15384615384616,26,FWD,7,84.73076923076923,26,81.5,0.8192820394525251,82.03568441041128,90.0,0.5356844104112781
231747,2024-25,84.73076923076923,26,FWD,8,83.21739130434783,23,81.5,0.8192820394525251,84.14691120438508,90.0,2.646911204385077
232185,2024-25,84.56666666666666,30,MID,8,89.04545454545455,22,83.1,0.8395106600310144,84.33128230137882,90.0,1.231282301378826
232413,2022-23,82.51724137931035,29,MID,6,84.91304347826087,23,83.1,0.8348902810601913,82.61346049138217,90.0,-0.4865395086178239
232413,2023-24,84.91304347826087,23,MID,7,83.75,28,83.1,0.8004147369923426,84.55118671880786,90.0,1.451186718807861
232413,2024-25,83.75,28,MID,8,79.44444444444444,18,83.1,0.829995980948208,83.63949738761633,90.0,0.5394973876163363
232653,2021-22,83.77777777777777,27,MID,5,84.27586206896552,29,83.1,0.8248026562634164,83.65903291146742,90.0,0.5590329114674262
232653,2024-25,73.17647058823529,17,MID,8,82.76923076923077,13,83.1,0.747742375132532,75.67975654794952,90.0,-7.420243452050471
232787,2020-21,89.14285714285714,28,MID,4,87.45161290322581,31,83.1,0.829995980948208,88.1155471420156,90.0,5.015547142015606
232787,2021-22,87.45161290322581,31,MID,5,83.14285714285714,14,83.1,0.8438794878379978,86.77223686804342,90.0,3.672236868043427
232787,2022-23,83.14285714285714,14,MID,6,86.85714285714286,35,83.1,0.7093958374782874,83.13040267874906,90.0,0.030402678749069878
232826,2021-22,84.58333333333333,24,MID,5,82.14285714285714,14,83.1,0.8071268463216613,84.29723815537713,90.0,1.1972381553771356
232826,2022-23,82.14285714285714,14,MID,6,86.28125,32,83.1,0.7093958374782874,82.42100684127078,90.0,-0.6789931587292131
232826,2023-24,86.28125,32,MID,7,82.62962962962963,27,83.1,0.8480167631939919,85.79775332791088,90.0,2.6977533279108883
232826,2024-25,82.62962962962963,27,MID,8,77.28571428571429,21,83.1,0.8248026562634164,82.71203726909091,90.0,-0.38796273090908073
232859,2024-25,89.26315789473684,19,DEF,8,85.45454545454545,22,87.5,0.7681391063467261,88.85435052961134,90.0,1.354350529611338
232892,2023-24,89.68,25,DEF,7,90.0,34,87.5,0.8134021840999093,89.2732167613378,90.0,1.7732167613378067
232892,2024-25,90.0,34,DEF,8,90.0,28,87.5,0.855666585386568,89.63916646346642,90.0,2.139166463466424
232917,2023-24,90.0,10,GK,7,90.0,18,89.9,0.635521733076294,89.96355217330763,90.0,0.06355217330762741
232928,2023-24,88.75,32,MID,7,85.88888888888889,18,83.1,0.8480167631939919,87.89129471204605,90.0,4.791294712046053
232928,2024-25,85.88888888888889,18,MID,8,89.8157894736842,38,83.1,0.7583704151151263,85.21501082437663,90.0,2.1150108243766397
233963,2023-24,90.0,15,DEF,7,89.26315789473684,19,87.5,0.7234109190985335,89.30852729774634,90.0,1.8085272977463376
233963,2024-25,89.26315789473684,19,DEF,8,90.0,27,87.5,0.7681391063467261,88.85435052961134,90.0,1.354350529611338
235530,2022-23,88.69565217391305,23,DEF,6,88.06666666666666,15,87.5,0.8004147369923426,88.45701762031693,90.0,0.9570176203169325
241157,2021-22,86.4,25,DEF,5,83.57894736842105,19,87.5,0.8134021840999093,86.60525759749011,90.0,-0.8947424025098911
241157,2022-23,83.57894736842105,19,DEF,6,86.27272727272727,11,87.5,0.7681391063467261,84.48808613564046,90.0,-3.011913864359542
242166,2018-19,88.95,20,MID,2,86.52631578947368,19,83.1,0.7771486250823768,87.64631945673192,90.0,4.546319456731922
242880,2022-23,90.0,10,DEF,6,90.0,14,87.5,0.635521733076294,89.08880433269074,90.0,1.5888043326907422
242898,2022-23,86.84375,32,FWD,6,82.70833333333333,24,81.5,0.8480167631939919,86.03158957831789,90.0,4.531589578317892
242898,2023-24,82.70833333333333,24,MID,7,83.66666666666667,21,83.1,0.8071268463216613,82.78387531852401,90.0,-0.3161246814759835
242898,2024-25,83.66666666666667,21,MID,8,80.625,16,83.1,0.7854841596035032,83.545107690442,90.0,0.4451076904420006
243016,2020-21,77.58333333333333,12,MID,4,88.04761904761905,21,83.1,0.6766242025254809,79.36728981606777,90.0,-3.7327101839322268
243016,2021-22,88.04761904761905,21,MID,5,88.93548387096774,31,83.1,0.7854841596035032,86.98627638965733,90.0,3.88627638965734
243016,2022-23,88.93548387096774,31,MID,6,86.03571428571429,28,83.1,0.8438794878379978,88.02444514031916,90.0,4.924445140319165
243016,2023-24,86.03571428571429,28,MID,7,84.5,28,83.1,0.829995980948208,85.5366310583551,90.0,2.436631058355104
243016,2024-25,84.5,28,MID,8,84.03448275862068,29,83.1,0.829995980948208,84.2619943733275,90.0,1.1619943733275022
243298,2022-23,83.73333333333333,15,MID,6,78.38461538461539,13,83.1,0.7234109190985335,83.5581602487624,90.0,0.458160248762411
243298,2023-24,78.38461538461539,13,FWD,7,75.45,20,81.5,0.6938846251416729,79.33828251398171,90.0,-2.16171748601829
243298,2024-25,75.45,20,FWD,8,83.35483870967742,31,81.5,0.7771486250823768,76.79825081825163,90.0,-4.701749181748369
244560,2021-22,88.6470588235294,17,DEF,5,83.6842105263158,19,87.5,0.747742375132532,88.3577044891226,90.0,0.8577044891225967
244619,2021-22,90.0,20,DEF,5,85.9090909090909,11,87.5,0.7771486250823768,89.44287156270595,90.0,1.942871562705946
244619,2022-23,85.9090909090909,11,DEF,6,84.9,10,87.5,0.6573009993574788,86.45429386465855,90.0,-1.0457061353414474
244619,2023-24,84.9,10,DEF,7,85.07692307692308,13,87.5,0.635521733076294,85.84764349400164,90.0,-1.6523565059983554
244723,2020-21,90.0,19,DEF,4,89.73529411764706,34,87.5,0.7681391063467261,89.42034776586681,90.0,1.9203477658668078
244723,2021-22,89.73529411764706,34,DEF,5,88.36666666666666,30,87.5,0.855666585386568,89.41266648498174,90.0,1.9126664849817416
244723,2022-23,88.36666666666666,30,DEF,6,88.22222222222223,36,87.5,0.8395106600310144,88.2275759053602,90.0,0.7275759053601973
244723,2023-24,88.22222222222223,36,DEF,7,85.73529411764706,34,87.5,0.8625832288761219,88.12297677641054,90.0,0.622976776410539
244723,2024-25,85.73529411764706,34,DEF,8,89.08571428571429,35,87.5,0.855666585386568,85.99000014343547,90.0,-1.5099998565645336
244731,2021-22,85.2,10,MID,5,79.8,10,83.1,0.635521733076294,84.43459563946021,90.0,1.3345956394602183
244731,2022-23,79.8,10,MID,6,79.83870967741936,31,83.1,0.635521733076294,81.00277828084822,90.0,-2.0972217191517757
244731,2023-24,79.83870967741936,31,MID,7,79.51851851851852,27,83.1,0.8438794878379978,80.34786399288963,90.0,-2.7521360071103658
244850,2024-25,84.97222222222223,36,MID,8,88.64864864864865,37,83.1,0.8625832288761219,84.71494748961808,90.0,1.614947489618089
244851,2023-24,86.41379310344827,29,MID,7,87.83333333333333,36,83.1,0.8348902810601913,85.86665365551325,90.0,2.7666536555132524
244851,2024-25,87.83333333333333,36,MID,8,83.66666666666667,21,83.1,0.8625832288761219,87.18289395001364,90.0,4.082893950013641
244954,2023-24,89.61538461538461,26,DEF,7,90.0,22,87.5,0.8192820394525251,89.2330966219188,90.0,1.7330966219188042
244954,2024-25,90.0,22,DEF,8,87.88888888888889,18,87.5,0.7932186122041907,89.48304653051048,90.0,1.983046530510478
245419,2021-22,77.58333333333333,12,FWD,5,71.0,11,81.5,0.6766242025254809,78.84988854010854,90.0,-2.6501114598914626
247348,2023-24,90.0,16,DEF,7,89.25,36,87.5,0.736136374297603,89.34034093574401,90.0,1.8403409357440097
247348,2024-25,89.25,36,DEF,8,88.34615384615384,26,87.5,0.8625832288761219,89.0095206505332,90.0,1.5095206505332044
247412,2024-25,82.24137931034483,29,FWD,8,79.82608695652173,23,81.5,0.8348902810601913,82.11897038078601,90.0,0.6189703807860099
247632,2023-24,87.75,16,MID,7,84.95454545454545,22,83.1,0.736136374297603,86.52303414048384,90.0,3.42303414048385
247632,2024-25,84.95454545454545,22,MID,8,83.56666666666666,30,83.1,0.7932186122041907,84.57105997172414,90.0,1.471059971724145
248857,2023-24,76.2,10,MID,7,78.1304347826087,23,83.1,0.635521733076294,78.71490004177357,90.0,-4.385099958226419
248857,2024-25,78.1304347826087,23,MID,8,70.0909090909091,11,83.1,0.8004147369923426,79.12228676355545,90.0,-3.9777132364445436
248875,2023-24,85.6923076923077,13,MID,7,80.625,16,83.1,0.6938846251416729,84.89876245132879,90.0,1.7987624513287983
248875,2024-25,80.625,16,MID,8,80.83333333333333,18,83.1,0.736136374297603,81.27806247361343,90.0,-1.821937526386563
249231,2023-24,77.93333333333334,15,MID,7,86.17142857142858,35,83.1,0.7234109190985335,79.3623769179909,90.0,-3.737623082009094
249231,2024-25,86.17142857142858,35,MID,8,82.38095238095238,21,83.1,0.8592098049585397,85.73900154380122,90.0,2.6390015438012284
250199,2023-24,77.76470588235294,17,MID,7,76.63157894736842,19,83.1,0.747742375132532,79.11057450443997,90.0,-3.9894254955600275
424876,2023-24,79.4,25,MID,7,81.88888888888889,27,83.1,0.8134021840999093,80.09041191883034,90.0,-3.009588081169653
424876,2024-25,81.88888888888889,27,MID,8,89.77777777777777,36,83.1,0.8248026562634164,82.10107233852541,90.0,-0.9989276614745819
427623,2023-24,90.0,23,DEF,7,88.85714285714286,21,87.5,0.8004147369923426,89.50103684248086,90.0,2.0010368424808576
427623,2024-25,88.85714285714286,21,DEF,8,89.74193548387096,31,87.5,0.7854841596035032,88.56601421660476,90.0,1.0660142166047564
430871,2023-24,83.39285714285714,28,FWD,7,87.85185185185185,27,81.5,0.829995980948208,83.07106382108054,90.0,1.5710638210805428
430871,2024-25,87.85185185185185,27,FWD,8,84.71428571428571,28,81.5,0.8248026562634164,86.7390242795991,90.0,5.239024279599107
432422,2024-25,86.17857142857143,28,MID,8,84.74074074074075,27,83.1,0.829995980948208,85.65520191277626,90.0,2.555201912776269
432830,2021-22,90.0,18,DEF,5,90.0,18,87.5,0.7583704151151263,89.3959260377878,90.0,1.8959260377878024
432830,2022-23,90.0,18,DEF,6,89.55172413793103,29,87.5,0.7583704151151263,89.3959260377878,90.0,1.8959260377878024
432830,2023-24,89.55172413793103,29,DEF,7,90.0,38,87.5,0.8348902810601913,89.21296454217521,90.0,1.7129645421752144
432830,2024-25,90.0,38,DEF,8,90.0,32,87.5,0.8688672781338241,89.67216819533455,90.0,2.1721681953345495
433154,2018-19,83.16666666666667,18,MID,2,88.67567567567568,37,83.1,0.7583704151151263,83.15055802767435,90.0,0.0505580276743558
433154,2019-20,88.67567567567568,37,MID,3,88.17647058823529,34,83.1,0.8657987767774127,87.92741317970759,90.0,4.827413179707591
433154,2020-21,88.17647058823529,34,MID,4,88.23529411764706,34,83.1,0.855666585386568,87.44376625405063,90.0,4.343766254050635
433154,2021-22,88.23529411764706,34,MID,5,85.07692307692308,26,83.1,0.855666585386568,87.49409958260279,90.0,4.3940995826027915
433154,2022-23,85.07692307692308,26,MID,6,87.625,32,83.1,0.8192820394525251,84.7196575703023,90.0,1.6196575703023086
433154,2023-24,87.625,32,MID,7,85.4,15,83.1,0.8480167631939919,86.9372758534528,90.0,3.837275853452809
433154,2024-25,85.4,15,MID,8,81.5,12,83.1,0.7234109190985335,84.76384511392664,90.0,1.6638451139266408
433979,2023-24,81.75,20,FWD,7,72.66666666666667,12,81.5,0.7771486250823768,81.6942871562706,90.0,0.19428715627060456
437495,2020-21,90.0,35,GK,4,90.0,37,89.9,0.8592098049585397,89.98592098049586,90.0,0.08592098049585672
437495,2021-22,90.0,37,GK,5,90.0,34,89.9,0.8657987767774127,89.98657987767774,90.0,0.08657987767773534
437499,2024-25,89.02857142857142,35,DEF,8,89.11764705882354,34,87.5,0.8592098049585397,88.81336355900805,90.0,1.313363559008053
437730,2023-24,79.22727272727273,22,FWD,7,88.25,36,81.5,0.7932186122041907,79.69723042680866,90.0,-1.8027695731913411
437730,2024-25,88.25,36,MID,8,88.22857142857143,35,83.1,0.8625832288761219,87.54230362871203,90.0,4.44230362871204
440089,2024-25,83.02941176470588,34,MID,8,81.31818181818181,22,83.1,0.855666585386568,83.03960000573741,90.0,-0.06039999426258191
440854,2023-24,83.6,10,DEF,7,88.54545454545455,11,87.5,0.635521733076294,85.02146524100245,90.0,-2.4785347589975544
440993,2024-25,83.22222222222223,27,FWD,8,86.90625,32,81.5,0.8248026562634164,82.92049346356478,90.0,1.4204934635647817
441164,2022-23,85.84615384615384,13,DEF,6,89.47058823529412,34,87.5,0.6938846251416729,86.35242158149646,90.0,-1.1475784185035423
441164,2023-24,89.47058823529412,34,DEF,7,88.75,28,87.5,0.855666585386568,89.18616650649706,90.0,1.6861665064970595
441164,2024-25,88.75,28,DEF,8,87.38709677419355,31,87.5,0.829995980948208,88.53749497618526,90.0,1.0374949761852577
441191,2023-24,86.18181818181819,11,DEF,7,85.61290322580645,31,87.5,0.6573009993574788,86.63355777357424,90.0,-0.866442226425761
441191,2024-25,85.61290322580645,31,DEF,8,87.78571428571429,14,87.5,0.8438794878379978,85.90751774069281,90.0,-1.5924822593071895
441266,2024-25,86.22222222222223,36,MID,8,87.57575757575758,33,83.1,0.8625832288761219,85.79317652571322,90.0,2.693176525713227
443661,2021-22,79.81818181818181,11,MID,5,84.74193548387096,31,83.1,0.6573009993574788,80.94285762938136,90.0,-2.1571423706186295
443661,2022-23,84.74193548387096,31,MID,6,84.57142857142857,14,83.1,0.8438794878379978,84.48559567519206,90.0,1.3855956751920644
443967,2021-22,84.375,16,DEF,5,87.0,14,87.5,0.736136374297603,85.19957383031999,90.0,-2.3004261696800086
444102,2024-25,80.35714285714286,28,FWD,8,83.36666666666666,30,81.5,0.829995980948208,80.55143316463062,90.0,-0.9485668353693768
444145,2021-22,80.47619047619048,21,MID,5,83.87096774193549,31,83.1,0.7854841596035032,81.0390391812308,90.0,-2.060960818769189
444145,2022-23,83.87096774193549,31,MID,6,76.04347826086956,23,83.1,0.8438794878379978,83.75060386320413,90.0,0.6506038632041395
444145,2023-24,76.04347826086956,23,MID,7,81.24,25,83.1,0.8004147369923426,77.45185600809316,90.0,-5.648143991906835
444463,2024-25,88.08333333333333,12,DEF,8,83.44444444444444,18,87.5,0.6766242025254809,87.89469745147319,90.0,0.394697451473192
444765,2024-25,89.0,28,DEF,8,90.0,30,87.5,0.829995980948208,88.7449939714223,90.0,1.2449939714223035
444884,2022-23,79.28571428571429,14,MID,6,80.0,10,83.1,0.7093958374782874,80.39416159133282,90.0,-2.7058384086671765
445044,2021-22,79.93333333333334,15,MID,5,81.41666666666667,24,83.1,0.7234109190985335,80.80919875618798,90.0,-2.2908012438120124
445044,2022-23,81.41666666666667,24,MID,6,86.23333333333333,30,83.1,0.8071268463216613,81.74133647535854,90.0,-1.3586635246414573
445044,2023-24,86.23333333333333,30,MID,7,86.57692307692308,26,83.1,0.8395106600310144,85.73046673476385,90.0,2.630466734763857
445122,2024-25,86.81481481481481,27,DEF,8,88.23076923076923,26,87.5,0.8248026562634164,86.9348574392269,90.0,-0.5651425607730971
446008,2021-22,86.90625,32,MID,5,80.08571428571429,35,83.1,0.8480167631939919,86.32776380490712,90.0,3.227763804907127
446008,2022-23,80.08571428571429,35,FWD,6,89.0952380952381,21,81.5,0.8592098049585397,80.28483184727293,90.0,-1.215168152727074
446008,2023-24,89.0952380952381,21,MID,7,89.86842105263158,38,83.1,0.7854841596035032,87.809164556861,90.0,4.709164556861012
446008,2024-25,89.86842105263158,38,MID,8,83.09677419354838,31,83.1,0.8688672781338241,88.98085957726367,90.0,5.880859577263678
447203,2022-23,81.9375,16,FWD,6,81.04761904761905,21,81.5,0.736136374297603,81.8220596637552,90.0,0.3220596637551978
448047,2022-23,87.70588235294117,17,MID,6,84.84,25,83.1,0.747742375132532,86.54401341016926,90.0,3.444013410169262
448047,2023-24,84.84,25,MID,7,88.96875,32,83.1,0.8134021840999093,84.51531980033386,90.0,1.4153198003338616
448047,2024-25,88.96875,32,MID,8,87.94285714285714,35,83.1,0.8480167631939919,88.07679837899474,90.0,4.976798378994744
448089,2023-24,85.41379310344827,29,MID,7,86.46875,32,83.1,0.8348902810601913,85.03176337445306,90.0,1.9317633744530696
448089,2024-25,86.46875,32,MID,8,87.54838709677419,31,83.1,0.8480167631939919,85.95675647100975,90.0,2.85675647100976
448514,2020-21,87.64285714285714,14,DEF,4,89.45,20,87.5,0.7093958374782874,87.6013422624969,90.0,0.1013422624968996
448514,2023-24,81.96,25,DEF,7,84.80555555555556,36,87.5,0.8134021840999093,82.99375190008651,90.0,-4.506248099913492
448514,2024-25,84.80555555555556,36,DEF,8,83.9,10,87.5,0.8625832288761219,85.17581741108378,90.0,-2.3241825889162158
449434,2023-24,85.6,25,MID,7,81.3076923076923,26,83.1,0.8134021840999093,85.13350546024978,90.0,2.033505460249785
449434,2024-25,81.3076923076923,26,MID,8,75.18181818181819,11,83.1,0.8192820394525251,81.6315944985197,90.0,-1.4684055014802908
449871,2022-23,83.85714285714286,28,MID,6,86.23809523809524,21,83.1,0.829995980948208,83.72842552843221,90.0,0.6284255284322171
449871,2023-24,86.23809523809524,21,MID,7,79.23529411764706,17,83.1,0.7854841596035032,85.564924100851,90.0,2.4649241008510074
449871,2024-25,79.23529411764706,17,MID,8,82.3,20,83.1,0.747742375132532,80.21019564434074,90.0,-2.889804355659251
450527,2021-22,90.0,32,DEF,5,89.5909090909091,22,87.5,0.8480167631939919,89.62004190798498,90.0,2.1200419079849837
451340,2022-23,87.70833333333333,24,MID,6,87.8,15,83.1,0.8071268463216613,86.81950955013232,90.0,3.7195095501323294
451340,2023-24,87.8,15,MID,7,86.25925925925925,27,83.1,0.7234109190985335,86.50003131976311,90.0,3.400031319763116
451340,2024-25,86.25925925925925,27,MID,8,85.29411764705883,17,83.1,0.8248026562634164,85.70576542886182,90.0,2.6057654288618295
460028,2022-23,88.15384615384616,13,DEF,6,86.73684210526316,19,87.5,0.6938846251416729,87.95369379336188,90.0,0.45369379336187876
460028,2023-24,86.73684210526316,19,DEF,7,90.0,35,87.5,0.7681391063467261,86.91378857673539,90.0,-0.586211423264615
460842,2023-24,88.51851851851852,27,MID,7,84.23333333333333,30,83.1,0.8248026562634164,87.56920846708658,90.0,4.469208467086588
460842,2024-25,84.23333333333333,30,MID,8,85.88235294117646,17,83.1,0.8395106600310144,84.05144541470182,90.0,0.9514454147018228
461358,2022-23,84.84615384615384,13,FWD,6,84.16666666666667,30,81.5,0.6938846251416729,83.82184470720483,90.0,2.321844707204832
462116,2024-25,82.73684210526316,19,DEF,8,89.52631578947368,19,87.5,0.7681391063467261,83.84123215134849,90.0,-3.6587678486515074
462424,2022-23,89.44444444444444,27,DEF,6,90.0,38,87.5,0.8248026562634164,89.10378294273443,90.0,1.6037829427344263
462424,2023-24,90.0,38,DEF,7,89.84848484848484,33,87.5,0.8688672781338241,89.67216819533455,90.0,2.1721681953345495
462424,2024-25,89.84848484848484,33,DEF,8,90.0,28,87.5,0.8519404196346568,89.50076916732381,90.0,2.00076916732381
463034,2024-25,78.90322580645162,31,FWD,8,76.5,10,81.5,0.8438794878379978,79.30863552351747,90.0,-2.1913644764825335
463067,2024-25,75.84210526315789,19,MID,8,80.11111111111111,18,83.1,0.7681391063467261,77.52492722288349,90.0,-5.575072777116503
465351,2024-25,88.05555555555556,18,MID,8,89.2,30,83.1,0.7583704151151263,86.85814672379274,90.0,3.7581467237927484
467169,2022-23,80.0,20,MID,6,77.83333333333333,12,83.1,0.7771486250823768,80.69083926224464,90.0,-2.409160737755357
467189,2024-25,90.0,26,GK,8,90.0,18,89.9,0.8192820394525251,89.98192820394526,90.0,0.08192820394525313
469142,2023-24,90.0,26,DEF,7,89.42424242424242,33,87.5,0.8192820394525251,89.54820509863131,90.0,2.048205098631314
469142,2024-25,89.42424242424242,33,DEF,8,89.16666666666667,36,87.5,0.8519404196346568,89.1393398983879,90.0,1.6393398983879024
475168,2023-24,84.2,20,FWD,7,82.4090909090909,22,81.5,0.7771486250823768,83.59830128772242,90.0,2.098301287722421
475168,2024-25,82.4090909090909,22,FWD,8,82.83333333333333,30,81.5,0.7932186122041907,82.22110782927653,90.0,0.7211078292765336
477424,2023-24,88.96,25,DEF,7,89.80555555555556,36,87.5,0.8134021840999093,88.68756718878586,90.0,1.187567188785863
477424,2024-25,89.80555555555556,36,DEF,8,87.0,14,87.5,0.8625832288761219,89.48873355546439,90.0,1.9887335554643926
477580,2023-24,90.0,37,DEF,7,89.23529411764706,34,87.5,0.8657987767774127,89.66449694194353,90.0,2.1644969419435256
480455,2023-24,90.0,34,DEF,7,89.39285714285714,28,87.5,0.855666585386568,89.63916646346642,90.0,2.139166463466424
482442,2023-24,74.0,24,MID,7,80.78571428571429,14,83.1,0.8071268463216613,75.75514569847289,90.0,-7.344854301527107
482442,2024-25,80.78571428571429,14,MID,8,88.53846153846153,13,83.1,0.7093958374782874,81.45825534755025,90.0,-1.641744652449745
482609,2023-24,84.72222222222223,18,DEF,7,86.38888888888889,18,87.5,0.7583704151151263,85.3934155135691,90.0,-2.1065844864309042
482609,2024-25,86.38888888888889,18,DEF,8,83.82608695652173,23,87.5,0.7583704151151263,86.65736620542765,90.0,-0.8426337945723503
486385,2024-25,81.6875,16,FWD,8,73.0,16,81.5,0.736136374297603,81.6380255701808,90.0,0.13802557018080108
486672,2022-23,89.26470588235294,34,MID,6,85.3030303030303,33,83.1,0.855666585386568,88.37493283226543,90.0,5.274932832265435
486672,2023-24,85.3030303030303,33,MID,7,88.1842105263158,38,83.1,0.8519404196346568,84.9768505608315,90.0,1.8768505608314996
486672,2024-25,88.1842105263158,38,MID,8,87.54838709677419,31,83.1,0.8688672781338241,87.51750416145934,90.0,4.417504161459348
487053,2023-24,87.76923076923077,26,DEF,7,85.66666666666667,21,87.5,0.8192820394525251,87.72057593369875,90.0,0.22057593369875406
487053,2024-25,85.66666666666667,21,DEF,8,85.61538461538461,13,87.5,0.7854841596035032,86.05994570739358,90.0,-1.440054292606419
487838,2024-25,87.5,24,DEF,8,88.04347826086956,23,87.5,0.8071268463216613,87.5,90.0,0.0
489639,2023-24,90.0,21,GK,7,90.0,36,89.9,0.7854841596035032,89.97854841596035,90.0,0.07854841596034134
489639,2024-25,90.0,36,GK,8,90.0,38,89.9,0.8625832288761219,89.98625832288762,90.0,0.08625832288761615
491279,2023-24,89.92,25,DEF,7,85.45454545454545,11,87.5,0.8134021840999093,89.46843328552178,90.0,1.9684332855217832
491279,2024-25,85.45454545454545,11,DEF,8,89.66666666666667,33,87.5,0.6573009993574788,86.15552068313244,90.0,-1.344479316867563
493105,2023-24,83.96428571428571,28,MID,7,86.89473684210526,19,83.1,0.829995980948208,83.81735366924809,90.0,0.717353669248098
493105,2024-25,86.89473684210526,19,MID,8,78.1,10,83.1,0.7681391063467261,86.01488576671574,90.0,2.9148857667157415
493250,2024-25,86.7,20,MID,8,87.34782608695652,23,83.1,0.7771486250823768,85.89773505029656,90.0,2.7977350502965663
496221,2023-24,81.0,16,MID,7,80.07142857142857,14,83.1,0.736136374297603,81.55411361397503,90.0,-1.5458863860249608
496221,2024-25,80.07142857142857,14,MID,8,83.92857142857143,28,83.1,0.7093958374782874,80.95154403506575,90.0,-2.148455964934243
497894,2023-24,82.33333333333333,24,FWD,7,80.0,21,81.5,0.8071268463216613,82.17260570526804,90.0,0.6726057052680403
503301,2024-25,86.79310344827586,29,MID,8,81.8,15,83.1,0.8348902810601913,86.1833361759154,90.0,3.083336175915406
503714,2024-25,81.25,16,MID,8,79.42307692307692,26,83.1,0.736136374297603,81.73814770754943,90.0,-1.361852292450564
508395,2024-25,79.46666666666667,15,MID,8,84.48275862068965,29,83.1,0.7234109190985335,80.471606993942,90.0,-2.6283930060579905
509291,2024-25,84.29629629629629,27,MID,8,86.43333333333334,30,83.1,0.8248026562634164,84.08670836286326,90.0,0.9867083628632685
509416,2024-25,80.66666666666667,21,MID,8,87.8,20,83.1,0.7854841596035032,81.18865521163148,90.0,-1.9113447883685097
510362,2022-23,85.3,10,DEF,6,88.03448275862068,29,87.5,0.635521733076294,86.10185218723215,90.0,-1.3981478127678457
510362,2023-24,88.03448275862068,29,DEF,7,88.10344827586206,29,87.5,0.8348902810601913,87.94623446056664,90.0,0.44623446056664307
510362,2024-25,88.10344827586206,29,DEF,8,87.0,15,87.5,0.8348902810601913,88.00381310063976,90.0,0.5038131006397606
511499,2024-25,82.0909090909091,11,MID,8,79.5,12,83.1,0.6573009993574788,82.436723537012,90.0,-0.6632764629879944
512462,2024-25,89.82352941176471,17,DEF,8,86.58333333333333,36,87.5,0.747742375132532,89.23740140104323,90.0,1.737401401043229
513418,2024-25,79.4,25,MID,8,84.23333333333333,30,83.1,0.8134021840999093,80.09041191883034,90.0,-3.009588081169653
516895,2023-24,81.82608695652173,23,MID,7,80.6470588235294,17,83.1,0.8004147369923426,82.08034122635323,90.0,-1.0196587736467677
516895,2024-25,80.6470588235294,17,MID,8,89.0625,16,83.1,0.747742375132532,81.26583193864549,90.0,-1.8341680613545037
516939,2024-25,88.125,16,DEF,8,90.0,11,87.5,0.736136374297603,87.960085233936,90.0,0.46008523393599887
517052,2023-24,86.51612903225806,31,FWD,7,79.0,26,81.5,0.8438794878379978,85.73300839867125,90.0,4.233008398671245
532529,2024-25,84.9,20,MID,8,78.95,20,83.1,0.7771486250823768,84.49886752514828,90.0,1.3988675251482903
533463,2022-23,86.25,12,MID,6,78.2,10,83.1,0.6766242025254809,85.23136623795526,90.0,2.1313662379552625
533463,2023-24,78.2,10,MID,7,81.52380952380952,21,83.1,0.635521733076294,79.98594350792615,90.0,-3.1140564920738427
533463,2024-25,81.52380952380952,21,MID,8,85.29166666666667,24,83.1,0.7854841596035032,81.86192734843448,90.0,-1.238072651565517
535301,2023-24,83.75,12,MID,7,85.41379310344827,29,83.1,0.6766242025254809,83.53980573164156,90.0,0.4398057316415702
535301,2024-25,85.41379310344827,29,MID,8,76.66666666666667,15,83.1,0.8348902810601913,85.03176337445306,90.0,1.9317633744530696
535818,2023-24,84.25,24,MID,7,69.1,10,83.1,0.8071268463216613,84.02819587326991,90.0,0.9281958732699138
536916,2023-24,71.75,12,MID,7,82.38461538461539,13,83.1,0.6766242025254809,75.42031530133579,90.0,-7.679684698664204
544877,2023-24,84.61904761904762,21,DEF,7,87.78947368421052,38,87.5,0.7854841596035032,85.23705754018991,90.0,-2.262942459810091
544877,2024-25,87.78947368421052,38,DEF,8,84.73913043478261,23,87.5,0.8688672781338241,87.75151421209137,90.0,0.25151421209136515
547701,2024-25,90.0,18,MID,8,83.2,15,83.1,0.7583704151151263,88.33275586429437,90.0,5.232755864294376
550864,2024-25,83.6,10,DEF,8,83.17647058823529,17,87.5,0.635521733076294,85.02146524100245,90.0,-2.4785347589975544
551226,2024-25,85.96875,32,MID,8,86.67647058823529,34,83.1,0.8480167631939919,85.53274808941276,90.0,2.432748089412769
575476,2023-24,88.54838709677419,31,DEF,7,88.55555555555556,36,87.5,0.8438794878379978,88.38471236628178,90.0,0.8847123662817751
575476,2024-25,88.55555555555556,36,DEF,8,89.26086956521739,23,87.5,0.8625832288761219,88.41050451936924,90.0,0.9105045193692405
592031,2024-25,79.6842105263158,19,MID,8,84.24,25,83.1,0.7681391063467261,80.47619852621565,90.0,-2.62380147378434
