season,team,opp,md,rest,opp_rest,rest_diff,resid
1516,Arsenal,Crystal Palace,2,7.0,7.0,0.0,0.18117566755537817
1516,Arsenal,Liverpool,3,8.0,7.0,1.0,0.20301588013496907
1516,Arsenal,Newcastle,4,4.0,7.0,-3.0,0.4005134596605051
1516,Arsenal,Stoke,5,14.0,14.0,0.0,2.101424548102008
1516,Arsenal,Chelsea,6,6.0,7.0,-1.0,-0.7866720343793492
1516,Arsenal,Leicester,7,7.0,7.0,0.0,2.319456546987863
1516,Arsenal,Man United,8,8.0,8.0,0.0,0.41508825367242386
1516,Arsenal,Watford,9,13.0,14.0,-1.0,0.9720977229062333
1516,Arsenal,Everton,10,7.0,7.0,0.0,0.2487942676190631
1516,Arsenal,Swansea,11,6.0,7.0,-1.0,0.2190212222347352
1516,Arsenal,Tottenham,12,8.0,5.0,3.0,0.381700805110756
1516,Arsenal,West Brom,13,12.0,14.0,-2.0,-0.45102627462342615
1516,Arsenal,Norwich,14,8.0,8.0,0.0,-0.270772172136615
1516,Arsenal,Sunderland,15,5.0,7.0,-2.0,-0.13181369208451388
1516,Arsenal,Aston Villa,16,7.0,7.0,0.0,-1.1498765932389812
1516,Arsenal,Man City,17,8.0,9.0,-1.0,-0.18776295702875112
1516,Arsenal,Southampton,18,4.0,7.0,-3.0,-0.8041323121093756
1516,Arsenal,Bournemouth,19,1.0,2.0,-1.0,0.8567243704219623
1516,Arsenal,Newcastle,20,4.0,5.0,-1.0,-0.4445363648106522
1516,Arsenal,Liverpool,21,11.0,11.0,0.0,0.8945549147257896
1516,Arsenal,Stoke,22,3.0,3.0,0.0,-1.3128151572152866
1516,Arsenal,Chelsea,23,6.0,8.0,-2.0,-0.8039998285523455
1516,Arsenal,Southampton,24,9.0,10.0,-1.0,1.3821369327441655
1516,Arsenal,Bournemouth,25,4.0,4.0,0.0,-0.7161720920367516
1516,Arsenal,Leicester,26,6.0,7.0,-1.0,0.43200654803955185
1516,Arsenal,Man United,27,14.0,15.0,-1.0,0.11104085173897693
1516,Arsenal,Swansea,28,3.0,3.0,0.0,-0.9047453155961911
1516,Arsenal,Tottenham,29,2.0,2.0,0.0,-0.7925797959156632
1516,Arsenal,Everton,30,14.0,13.0,1.0,0.03879434217925248
1516,Arsenal,Watford,31,14.0,13.0,1.0,0.9028229269980286
1516,Arsenal,West Ham,32,6.0,6.0,0.0,-0.3856168576891319
1516,Arsenal,Crystal Palace,33,8.0,3.0,5.0,-0.5609066024854741
1516,Arsenal,West Brom,34,4.0,5.0,-1.0,-0.805894124505518
1516,Arsenal,Sunderland,35,2.0,8.0,-6.0,-1.0088975571862648
1516,Arsenal,Norwich,36,6.0,14.0,-8.0,-1.5795556005024771
1516,Arsenal,Man City,37,7.0,6.0,1.0,-0.298075351610273
1516,Arsenal,Aston Villa,38,6.0,8.0,-2.0,0.8622765492145299
1516,Aston Villa,Man United,2,6.0,6.0,0.0,-0.3901019303839962
1516,Aston Villa,Crystal Palace,3,7.0,6.0,1.0,0.11445359253894305
1516,Aston Villa,Sunderland,4,7.0,7.0,0.0,0.6699830522654446
1516,Aston Villa,Leicester,5,15.0,15.0,0.0,0.4056522544183351
1516,Aston Villa,West Brom,6,5.0,7.0,-2.0,0.11993940159661376
1516,Aston Villa,Liverpool,7,7.0,5.0,2.0,0.4286312136502024
1516,Aston Villa,Stoke,8,7.0,7.0,0.0,0.03153609118985867
1516,Aston Villa,Chelsea,9,14.0,13.0,1.0,0.25345282529975965
1516,Aston Villa,Swansea,10,7.0,4.0,3.0,0.26262126298875776
1516,Aston Villa,Tottenham,11,9.0,8.0,1.0,-0.13811865853328975
1516,Aston Villa,Man City,12,5.0,7.0,-2.0,-0.40370693852114664
1516,Aston Villa,Everton,13,13.0,14.0,-1.0,-0.33251412771989425
1516,Aston Villa,Watford,14,7.0,7.0,0.0,0.7588764559653112
1516,Aston Villa,Southampton,15,7.0,7.0,0.0,0.4901855218175486
1516,Aston Villa,Arsenal,16,7.0,7.0,0.0,0.4800138265448045
1516,Aston Villa,Newcastle,17,6.0,6.0,0.0,-0.26892595460177604
1516,Aston Villa,West Ham,18,6.0,5.0,1.0,0.06213515751716925
1516,Aston Villa,Norwich,19,2.0,2.0,0.0,-0.4335342792130962
1516,Aston Villa,Sunderland,20,5.0,2.0,3.0,-0.4086570086938775
1516,Aston Villa,Crystal Palace,21,10.0,9.0,1.0,-0.24513664401369994
1516,Aston Villa,Leicester,22,3.0,2.0,1.0,-0.005210305969031492
1516,Aston Villa,West Brom,23,6.0,7.0,-1.0,-0.05543471536163136
1516,Aston Villa,West Ham,24,10.0,10.0,0.0,-0.5363500220549061
1516,Aston Villa,Norwich,25,3.0,3.0,0.0,0.09842040352839654
1516,Aston Villa,Liverpool,26,7.0,7.0,0.0,-0.39271792336171363
1516,Aston Villa,Stoke,27,13.0,14.0,-1.0,-0.24495832325927003
1516,Aston Villa,Everton,28,3.0,17.0,-14.0,-0.19993341040605161
1516,Aston Villa,Man City,29,3.0,2.0,1.0,-0.35768725218514574
1516,Aston Villa,Tottenham,30,8.0,8.0,0.0,1.272135752147649
1516,Aston Villa,Swansea,31,6.0,7.0,-1.0,0.05107643222897229
1516,Aston Villa,Chelsea,32,13.0,13.0,0.0,0.06081358271702586
1516,Aston Villa,Bournemouth,33,7.0,7.0,0.0,-0.5683687050447148
1516,Aston Villa,Man United,34,7.0,5.0,2.0,-0.23498913739504085
1516,Aston Villa,Southampton,35,7.0,7.0,0.0,0.7764783549401204
1516,Aston Villa,Watford,36,7.0,9.0,-2.0,-0.10490194069339936
1516,Aston Villa,Newcastle,37,7.0,7.0,0.0,-0.7934203755867228
1516,Aston Villa,Arsenal,38,8.0,6.0,2.0,-0.20897989149482732
1516,Bournemouth,Liverpool,2,9.0,8.0,1.0,-0.200117940529983
1516,Bournemouth,West Ham,3,4.0,7.0,-3.0,1.1754325207229335
1516,Bournemouth,Leicester,4,7.0,7.0,0.0,-0.6349570587698765
1516,Bournemouth,Norwich,5,14.0,13.0,1.0,-0.5651997222804137
1516,Bournemouth,Sunderland,6,7.0,6.0,1.0,-0.5577995408539566
1516,Bournemouth,Stoke,7,7.0,7.0,0.0,-0.06860241369316245
1516,Bournemouth,Watford,8,7.0,5.0,2.0,-0.3007635014784218
1516,Bournemouth,Man City,9,14.0,14.0,0.0,-0.5098617314035437
1516,Bournemouth,Tottenham,10,8.0,8.0,0.0,-0.31960771453579645
1516,Bournemouth,Southampton,11,7.0,6.0,1.0,-0.09767197522485283
1516,Bournemouth,Newcastle,12,5.0,6.0,-1.0,-0.1718066145314472
1516,Bournemouth,Swansea,13,14.0,14.0,0.0,0.6156439169971161
1516,Bournemouth,Everton,14,7.0,7.0,0.0,0.5476789983019199
1516,Bournemouth,Chelsea,15,7.0,6.0,1.0,0.4855613042833197
1516,Bournemouth,Man United,16,7.0,7.0,0.0,0.1814645192620744
1516,Bournemouth,West Brom,17,6.0,5.0,1.0,0.24937131387010592
1516,Bournemouth,Crystal Palace,18,7.0,7.0,0.0,-0.26542447751418063
1516,Bournemouth,Arsenal,19,2.0,1.0,1.0,-0.27194416399961113
1516,Bournemouth,Leicester,20,4.0,3.0,1.0,0.4784270709736328
1516,Bournemouth,West Ham,21,10.0,10.0,0.0,-0.3957687903354419
1516,Bournemouth,Norwich,22,3.0,2.0,1.0,0.6004093745430727
1516,Bournemouth,Sunderland,23,7.0,7.0,0.0,0.28699069946786493
1516,Bournemouth,Crystal Palace,24,10.0,10.0,0.0,0.24607916903993854
1516,Bournemouth,Arsenal,25,4.0,4.0,0.0,-0.16976965579295233
1516,Bournemouth,Stoke,26,6.0,7.0,-1.0,0.04264357474664293
1516,Bournemouth,Watford,27,14.0,14.0,0.0,0.10425937206139424
1516,Bournemouth,Southampton,28,3.0,3.0,0.0,0.42045708891628153
1516,Bournemouth,Newcastle,29,3.0,2.0,1.0,0.30828648578644013
1516,Bournemouth,Swansea,30,7.0,7.0,0.0,-0.47978763671127944
1516,Bournemouth,Tottenham,31,8.0,7.0,1.0,-0.5411372122987744
1516,Bournemouth,Man City,32,12.0,12.0,0.0,0.4875214113507582
1516,Bournemouth,Aston Villa,33,7.0,7.0,0.0,-0.023164035458943966
1516,Bournemouth,Liverpool,34,7.0,6.0,1.0,0.04966198441425829
1516,Bournemouth,Chelsea,35,6.0,6.0,0.0,-0.3723315639033219
1516,Bournemouth,Everton,36,7.0,9.0,-2.0,0.4924499779004575
1516,Bournemouth,West Brom,37,7.0,7.0,0.0,-0.26433769219674175
1516,Bournemouth,Man United,38,10.0,6.0,4.0,-0.20593247751059618
1516,Chelsea,Man City,2,7.0,5.0,2.0,-0.4879471567775589
1516,Chelsea,West Brom,3,6.0,7.0,-1.0,0.7755693785412767
1516,Chelsea,Crystal Palace,4,6.0,7.0,-1.0,-0.3363406863714169
1516,Chelsea,Everton,5,13.0,13.0,0.0,-0.6704961191703878
1516,Chelsea,Arsenal,6,7.0,6.0,1.0,0.9971574111850756
1516,Chelsea,Newcastle,7,7.0,7.0,0.0,-0.058559316576594744
1516,Chelsea,Southampton,8,7.0,7.0,0.0,-0.8891880897554265
1516,Chelsea,Aston Villa,9,13.0,14.0,-1.0,-0.5585531626946989
1516,Chelsea,West Ham,10,7.0,7.0,0.0,-0.1699952224762853
1516,Chelsea,Liverpool,11,6.0,5.0,1.0,-0.4144921677409539
1516,Chelsea,Stoke,12,7.0,7.0,0.0,-0.30970209827974804
1516,Chelsea,Norwich,13,13.0,14.0,-1.0,0.5033425875262298
1516,Chelsea,Tottenham,14,7.0,6.0,1.0,-0.6566095484007444
1516,Chelsea,Bournemouth,15,6.0,7.0,-1.0,0.07006629094466121
1516,Chelsea,Leicester,16,9.0,9.0,0.0,1.1592631622667702
1516,Chelsea,Sunderland,17,4.0,7.0,-3.0,0.5508477457091283
1516,Chelsea,Watford,18,7.0,6.0,1.0,-0.14865681646891904
1516,Chelsea,Man United,19,2.0,2.0,0.0,-0.10802099135897758
1516,Chelsea,Crystal Palace,20,5.0,5.0,0.0,1.055756988313401
1516,Chelsea,West Brom,21,10.0,11.0,-1.0,-0.1483489147769288
1516,Chelsea,Everton,22,2.0,2.0,0.0,0.8239297118203943
1516,Chelsea,Arsenal,23,8.0,6.0,2.0,0.6128864697659407
1516,Chelsea,Watford,24,10.0,11.0,-1.0,-0.07230570915604462
1516,Chelsea,Man United,25,3.0,4.0,-1.0,0.3809114879950193
1516,Chelsea,Newcastle,26,6.0,7.0,-1.0,0.4146156053644203
1516,Chelsea,Southampton,27,13.0,14.0,-1.0,-0.5196813507134171
1516,Chelsea,Norwich,28,3.0,3.0,0.0,-0.3756165798399087
1516,Chelsea,Stoke,29,3.0,2.0,1.0,-0.5749411013309085
1516,Chelsea,West Ham,30,14.0,14.0,0.0,-0.21961272617842176
1516,Chelsea,Aston Villa,31,13.0,13.0,0.0,0.27311198428805117
1516,Chelsea,Swansea,32,7.0,7.0,0.0,-0.07726600661638972
1516,Chelsea,Man City,33,7.0,7.0,0.0,-0.7007644137453445
1516,Chelsea,Bournemouth,34,6.0,6.0,0.0,0.7659973828607203
1516,Chelsea,Tottenham,35,9.0,7.0,2.0,-0.33465405857624464
1516,Chelsea,Sunderland,36,4.0,7.0,-3.0,0.38204816146022536
1516,Chelsea,Liverpool,37,4.0,3.0,1.0,-0.1268919923193892
1516,Chelsea,Leicester,38,3.0,7.0,-4.0,-0.25953220249430564
1516,Crystal Palace,Arsenal,2,7.0,7.0,0.0,0.14575083524973853
1516,Crystal Palace,Aston Villa,3,6.0,7.0,-1.0,-0.12697030163832768
1516,Crystal Palace,Chelsea,4,7.0,6.0,1.0,1.3533242690185958
1516,Crystal Palace,Man City,5,14.0,14.0,0.0,-0.16449984768898918
1516,Crystal Palace,Tottenham,6,7.0,7.0,0.0,-0.17946763065228233
1516,Crystal Palace,Watford,7,7.0,8.0,-1.0,0.6509370392966107
1516,Crystal Palace,West Brom,8,5.0,4.0,1.0,0.058331082926946554
1516,Crystal Palace,West Ham,9,14.0,14.0,0.0,-0.8985273461583096
1516,Crystal Palace,Leicester,10,7.0,7.0,0.0,-0.6074464688857846
1516,Crystal Palace,Man United,11,7.0,6.0,1.0,-0.0038208990156666234
1516,Crystal Palace,Liverpool,12,8.0,8.0,0.0,0.13200411829322622
1516,Crystal Palace,Sunderland,13,15.0,16.0,-1.0,-0.6084521729965611
1516,Crystal Palace,Newcastle,14,4.0,7.0,-3.0,0.40200459608115713
1516,Crystal Palace,Everton,15,9.0,9.0,0.0,0.17736119827663055
1516,Crystal Palace,Southampton,16,4.0,7.0,-3.0,0.2353787881939835
1516,Crystal Palace,Stoke,17,7.0,7.0,0.0,0.17184608365846166
1516,Crystal Palace,Bournemouth,18,7.0,7.0,0.0,-0.5922082736408817
1516,Crystal Palace,Swansea,19,2.0,2.0,0.0,-0.5534024557164627
1516,Crystal Palace,Chelsea,20,5.0,5.0,0.0,-0.48170170467330975
1516,Crystal Palace,Aston Villa,21,9.0,10.0,-1.0,-0.5666156625825317
1516,Crystal Palace,Man City,22,3.0,2.0,1.0,-0.12777442672912454
1516,Crystal Palace,Tottenham,23,7.0,7.0,0.0,0.05152211977726562
1516,Crystal Palace,Bournemouth,24,10.0,10.0,0.0,0.4023784059713329
1516,Crystal Palace,Swansea,25,3.0,3.0,0.0,-0.037456411742277096
1516,Crystal Palace,Watford,26,7.0,7.0,0.0,-0.14719315718984038
1516,Crystal Palace,West Brom,27,14.0,14.0,0.0,0.26001288774490194
1516,Crystal Palace,Sunderland,28,3.0,3.0,0.0,-0.17776105849653345
1516,Crystal Palace,Liverpool,29,4.0,3.0,1.0,0.5605114168460565
1516,Crystal Palace,Leicester,30,13.0,5.0,8.0,-0.25359707348966454
1516,Crystal Palace,West Ham,31,13.0,13.0,0.0,0.6587907717452937
1516,Crystal Palace,Norwich,32,7.0,7.0,0.0,0.1813100487285959
1516,Crystal Palace,Everton,33,4.0,4.0,0.0,0.3493888701467769
1516,Crystal Palace,Arsenal,34,3.0,8.0,-5.0,-0.3923878203542037
1516,Crystal Palace,Man United,35,3.0,4.0,-1.0,-0.6324751371009647
1516,Crystal Palace,Newcastle,36,9.0,7.0,2.0,-0.7524961810984061
1516,Crystal Palace,Stoke,37,7.0,7.0,0.0,0.06465954357210957
1516,Crystal Palace,Southampton,38,8.0,7.0,1.0,0.3697176640873515
1516,Everton,Southampton,2,6.0,5.0,1.0,0.25688516598515454
1516,Everton,Man City,3,8.0,7.0,1.0,-0.5974473361339333
1516,Everton,Tottenham,4,6.0,7.0,-1.0,-0.2360435432136162
1516,Everton,Chelsea,5,13.0,13.0,0.0,-0.1527586691927214
1516,Everton,Swansea,6,7.0,7.0,0.0,0.4105685940017627
1516,Everton,West Brom,7,9.0,9.0,0.0,1.0617005412167202
1516,Everton,Liverpool,8,5.0,7.0,-2.0,0.06169379145534615
1516,Everton,Man United,9,13.0,12.0,1.0,-0.5690233490047074
1516,Everton,Arsenal,10,7.0,7.0,0.0,-0.49325999000530046
1516,Everton,Sunderland,11,7.0,7.0,0.0,0.6571157496572064
1516,Everton,West Ham,12,6.0,7.0,-1.0,-0.2046087804730441
1516,Everton,Aston Villa,13,14.0,13.0,1.0,1.0609630585371914
1516,Everton,Bournemouth,14,7.0,7.0,0.0,-0.5640679537267702
1516,Everton,Crystal Palace,15,9.0,9.0,0.0,0.09823409546617756
1516,Everton,Norwich,16,4.0,6.0,-2.0,1.092323770212407
1516,Everton,Leicester,17,7.0,4.0,3.0,0.14417983743084584
1516,Everton,Newcastle,18,7.0,7.0,0.0,0.34816661557119355
1516,Everton,Stoke,19,1.0,2.0,-1.0,0.6268607082790365
1516,Everton,Tottenham,20,6.0,6.0,0.0,-0.4183331625298232
1516,Everton,Man City,21,10.0,11.0,-1.0,-0.5912741715168015
1516,Everton,Chelsea,22,2.0,2.0,0.0,0.5007163729453399
1516,Everton,Swansea,23,7.0,5.0,2.0,0.2703409354882107
1516,Everton,Newcastle,24,10.0,11.0,-1.0,-0.6926107273849534
1516,Everton,Stoke,25,2.0,3.0,-1.0,0.9750247138020578
1516,Everton,West Brom,26,7.0,7.0,0.0,0.31054166492700674
1516,Everton,Aston Villa,27,17.0,3.0,14.0,1.1917407893767615
1516,Everton,West Ham,28,3.0,2.0,1.0,-0.254228800568604
1516,Everton,Arsenal,29,13.0,14.0,-1.0,-0.4748291144790545
1516,Everton,Man United,30,15.0,13.0,2.0,-0.2425062542746007
1516,Everton,Watford,31,5.0,7.0,-2.0,0.40244269902047836
1516,Everton,Crystal Palace,32,4.0,4.0,0.0,-0.546696233724854
1516,Everton,Southampton,33,2.0,7.0,-5.0,-1.0767746208168438
1516,Everton,Liverpool,34,4.0,3.0,1.0,-0.8412862003757036
1516,Everton,Bournemouth,35,9.0,7.0,2.0,-0.6309058379628903
1516,Everton,Leicester,36,7.0,6.0,1.0,0.20315117088226087
1516,Everton,Sunderland,37,4.0,4.0,0.0,-0.2153684326165577
1516,Everton,Norwich,38,3.0,3.0,0.0,0.0014012346211964566
1516,Leicester,West Ham,2,7.0,6.0,1.0,0.30161980600379734
1516,Leicester,Tottenham,3,7.0,7.0,0.0,-0.5005284295736
1516,Leicester,Bournemouth,4,7.0,7.0,0.0,-1.3502202866133004
1516,Leicester,Aston Villa,5,15.0,15.0,0.0,-0.7142019190401003
1516,Leicester,Stoke,6,5.0,7.0,-2.0,-1.0783722395532833
1516,Leicester,Arsenal,7,7.0,7.0,0.0,0.14768612662879232
1516,Leicester,Norwich,8,7.0,7.0,0.0,0.6750015109030398
1516,Leicester,Southampton,9,14.0,13.0,1.0,1.4575709374888737
1516,Leicester,Crystal Palace,10,7.0,7.0,0.0,-0.5305298766701954
1516,Leicester,West Brom,11,7.0,7.0,0.0,0.7793311576991513
1516,Leicester,Watford,12,7.0,7.0,0.0,-0.9076699445604317
1516,Leicester,Newcastle,13,14.0,14.0,0.0,1.6989958012355868
1516,Leicester,Man United,14,7.0,7.0,0.0,-0.5495580953735036
1516,Leicester,Swansea,15,6.0,5.0,1.0,0.6187341501735273
1516,Leicester,Chelsea,16,9.0,9.0,0.0,-0.8458921268569518
1516,Leicester,Everton,17,4.0,7.0,-3.0,-1.0251880843259982
1516,Leicester,Liverpool,18,7.0,6.0,1.0,-0.5794244717174896
1516,Leicester,Man City,19,3.0,3.0,0.0,-0.5621416837192647
1516,Leicester,Bournemouth,20,3.0,4.0,-1.0,-0.32324346653971725
1516,Leicester,Tottenham,21,11.0,10.0,1.0,-0.49683571255089887
1516,Leicester,Aston Villa,22,2.0,3.0,-1.0,-0.23119428284783305
1516,Leicester,Stoke,23,6.0,5.0,1.0,0.3692115428822873
1516,Leicester,Liverpool,24,10.0,10.0,0.0,0.017285845604516625
1516,Leicester,Man City,25,3.0,3.0,0.0,1.381045384963944
1516,Leicester,Arsenal,26,7.0,6.0,1.0,-0.45907917316852465
1516,Leicester,Norwich,27,13.0,14.0,-1.0,-0.15431945177774264
1516,Leicester,West Brom,28,3.0,3.0,0.0,1.2750982820724073
1516,Leicester,Watford,29,3.0,2.0,1.0,0.07391930353976695
1516,Leicester,Newcastle,30,8.0,8.0,0.0,-1.083200843895043
1516,Leicester,Crystal Palace,31,5.0,13.0,-8.0,-0.32003492467274697
1516,Leicester,Southampton,32,14.0,13.0,1.0,-0.2405967977801029
1516,Leicester,Sunderland,33,7.0,7.0,0.0,0.9900216910116226
1516,Leicester,West Ham,34,7.0,8.0,-1.0,-0.6548803903736056
1516,Leicester,Swansea,35,7.0,8.0,-1.0,1.3673221200557588
1516,Leicester,Man United,36,6.0,10.0,-4.0,0.002070725505543436
1516,Leicester,Everton,37,6.0,7.0,-1.0,1.1066089043587841
1516,Leicester,Chelsea,38,7.0,3.0,4.0,-0.03450322033659692
1516,Liverpool,Bournemouth,2,8.0,9.0,-1.0,0.48269063997186756
1516,Liverpool,Arsenal,3,7.0,8.0,-1.0,0.3797106161357373
1516,Liverpool,West Ham,4,4.0,7.0,-3.0,-1.1057742103127062
1516,Liverpool,Man United,5,14.0,13.0,1.0,-0.02548652598116008
1516,Liverpool,Norwich,6,7.0,8.0,-1.0,0.17180944341949655
1516,Liverpool,Aston Villa,7,5.0,7.0,-2.0,-0.08051100554213941
1516,Liverpool,Everton,8,7.0,5.0,2.0,-0.07489599228934929
1516,Liverpool,Tottenham,9,12.0,12.0,0.0,-0.26433507213975516
1516,Liverpool,Southampton,10,8.0,8.0,0.0,-0.7868776002952151
1516,Liverpool,Chelsea,11,5.0,6.0,-1.0,-0.306916036336512
1516,Liverpool,Crystal Palace,12,8.0,8.0,0.0,0.4721709422703326
1516,Liverpool,Man City,13,13.0,13.0,0.0,1.6050564538803638
1516,Liverpool,Swansea,14,7.0,8.0,-1.0,-1.3270205710090153
1516,Liverpool,Newcastle,15,6.0,8.0,-2.0,-0.42386269566216883
1516,Liverpool,West Brom,16,7.0,8.0,-1.0,0.5265018062320503
1516,Liverpool,Watford,17,6.0,7.0,-1.0,-0.8847028145687376
1516,Liverpool,Leicester,18,6.0,7.0,-1.0,-0.03786409592386253
1516,Liverpool,Sunderland,19,4.0,4.0,0.0,0.35299747069169496
1516,Liverpool,West Ham,20,2.0,4.0,-2.0,0.5044197664584464
1516,Liverpool,Arsenal,21,11.0,11.0,0.0,0.04480263788043848
1516,Liverpool,Man United,22,3.0,4.0,-1.0,-0.33451130341474533
1516,Liverpool,Norwich,23,5.0,6.0,-1.0,0.034746601628934615
1516,Liverpool,Leicester,24,10.0,10.0,0.0,-0.5763202138258156
1516,Liverpool,Sunderland,25,3.0,3.0,0.0,-0.20422406513981173
1516,Liverpool,Aston Villa,26,7.0,7.0,0.0,0.4857866647314757
1516,Liverpool,Man City,27,17.0,17.0,0.0,-0.07155047461208408
1516,Liverpool,Crystal Palace,28,3.0,4.0,-1.0,0.13429053304187089
1516,Liverpool,Southampton,29,14.0,7.0,7.0,0.090478254056084
1516,Liverpool,Tottenham,30,13.0,13.0,0.0,0.17898814059133938
1516,Liverpool,Stoke,31,7.0,8.0,-1.0,0.5083397471863946
1516,Liverpool,Bournemouth,32,6.0,7.0,-1.0,0.4525983554081401
1516,Liverpool,Everton,33,3.0,4.0,-1.0,1.5504527787279065
1516,Liverpool,Newcastle,34,2.0,3.0,-1.0,-1.0298499724892345
1516,Liverpool,Swansea,35,7.0,6.0,1.0,-0.6603562236378633
1516,Liverpool,Watford,36,7.0,8.0,-1.0,0.844736756508701
1516,Liverpool,Chelsea,37,3.0,4.0,-1.0,0.4354385408392014
1516,Liverpool,West Brom,38,3.0,8.0,-5.0,-0.8859431363662069
1516,Man City,Chelsea,2,5.0,7.0,-2.0,0.5888862304409268
1516,Man City,Everton,3,7.0,8.0,-1.0,0.006318948893823784
1516,Man City,Watford,4,5.0,5.0,0.0,-0.2278280062806426
1516,Man City,Crystal Palace,5,14.0,14.0,0.0,1.5243351786999366
1516,Man City,West Ham,6,7.0,4.0,3.0,1.0878965489977255
1516,Man City,Tottenham,7,6.0,5.0,1.0,0.4634355427151382
1516,Man City,Newcastle,8,7.0,6.0,1.0,1.3522858987247086
1516,Man City,Bournemouth,9,14.0,14.0,0.0,2.815510913865041
1516,Man City,Man United,10,8.0,8.0,0.0,-0.8850038599429788
1516,Man City,Norwich,11,6.0,7.0,-1.0,-0.657629248072636
1516,Man City,Aston Villa,12,7.0,5.0,2.0,-0.19817016220983952
1516,Man City,Liverpool,13,13.0,13.0,0.0,-0.2782806395002164
1516,Man City,Southampton,14,6.0,7.0,-1.0,0.45156130751157164
1516,Man City,Stoke,15,6.0,6.0,0.0,-1.101120193007185
1516,Man City,Swansea,16,7.0,7.0,0.0,-0.6579317634401571
1516,Man City,Arsenal,17,9.0,8.0,1.0,-0.26839723752888
1516,Man City,Sunderland,18,4.0,7.0,-3.0,0.731074444832283
1516,Man City,Leicester,19,3.0,3.0,0.0,0.3515841330360432
1516,Man City,Watford,20,3.0,5.0,-2.0,-0.7423208235450598
1516,Man City,Everton,21,11.0,10.0,1.0,-0.4776177628128411
1516,Man City,Crystal Palace,22,2.0,3.0,-1.0,-0.17589496286756323
1516,Man City,West Ham,23,7.0,7.0,0.0,-0.5780160317782198
1516,Man City,Sunderland,24,10.0,10.0,0.0,-1.0159206330315156
1516,Man City,Leicester,25,3.0,3.0,0.0,0.09516617937480332
1516,Man City,Tottenham,26,8.0,8.0,0.0,0.6131614550801474
1516,Man City,Liverpool,27,17.0,17.0,0.0,-0.9336883909789473
1516,Man City,Aston Villa,28,2.0,3.0,-1.0,-0.04851106919168968
1516,Man City,Norwich,29,6.0,6.0,0.0,-1.0517949632143204
1516,Man City,Man United,30,8.0,14.0,-6.0,0.3980067765806654
1516,Man City,Bournemouth,31,12.0,12.0,0.0,-0.6807473785454703
1516,Man City,West Brom,32,7.0,7.0,0.0,-0.5071169277650125
1516,Man City,Chelsea,33,7.0,7.0,0.0,0.5626693585013138
1516,Man City,Newcastle,34,3.0,3.0,0.0,-1.0964776264321843
1516,Man City,Stoke,35,3.0,4.0,-1.0,-0.47745253870705007
1516,Man City,Southampton,36,8.0,8.0,0.0,-0.23776005471779027
1516,Man City,Arsenal,37,6.0,7.0,-1.0,-0.5172850759277209
1516,Man City,Swansea,38,6.0,8.0,-2.0,0.40599815461011124
1516,Man United,Aston Villa,2,6.0,6.0,0.0,-0.5819550564165146
1516,Man United,Newcastle,3,7.0,6.0,1.0,-0.17364644744482827
1516,Man United,Swansea,4,8.0,8.0,0.0,0.10811268809743702
1516,Man United,Liverpool,5,13.0,14.0,-1.0,-0.2783626067998235
1516,Man United,Southampton,6,7.0,8.0,-1.0,0.6715380669183462
1516,Man United,Sunderland,7,5.0,7.0,-2.0,1.442830247317188
1516,Man United,Arsenal,8,8.0,8.0,0.0,0.2946979718715873
1516,Man United,Everton,9,12.0,13.0,-1.0,0.34918967167551673
1516,Man United,Man City,10,8.0,8.0,0.0,-0.6200462951650481
1516,Man United,Crystal Palace,11,6.0,7.0,-1.0,-0.7284652000014082
1516,Man United,West Brom,12,7.0,7.0,0.0,-0.7889399920858671
1516,Man United,Watford,13,13.0,13.0,0.0,0.2731605228625724
1516,Man United,Leicester,14,7.0,7.0,0.0,0.11147709903170577
1516,Man United,West Ham,15,6.0,6.0,0.0,0.3992721412035043
1516,Man United,Bournemouth,16,7.0,7.0,0.0,0.8558955852239636
1516,Man United,Norwich,17,6.0,7.0,-1.0,-0.4005850703736593
1516,Man United,Stoke,18,6.0,6.0,0.0,0.15211555307837954
1516,Man United,Chelsea,19,2.0,2.0,0.0,0.20600025013352985
1516,Man United,Swansea,20,4.0,5.0,-1.0,0.3062785507472181
1516,Man United,Newcastle,21,10.0,10.0,0.0,0.4393453999383179
1516,Man United,Liverpool,22,4.0,3.0,1.0,-0.08384165045498071
1516,Man United,Southampton,23,6.0,7.0,-1.0,-1.0126304468442178
1516,Man United,Stoke,24,10.0,10.0,0.0,1.0595519146320465
1516,Man United,Chelsea,25,4.0,3.0,1.0,-0.1553174859299713
1516,Man United,Sunderland,26,5.0,6.0,-1.0,-0.2790867611876966
1516,Man United,Arsenal,27,15.0,14.0,1.0,0.18297272410636045
1516,Man United,Watford,28,3.0,4.0,-1.0,-0.4745966846814087
1516,Man United,West Brom,29,3.0,4.0,-1.0,-0.6484352339305335
1516,Man United,Man City,30,14.0,8.0,6.0,0.07419688206724417
1516,Man United,Everton,31,13.0,15.0,-2.0,-0.38448917261898974
1516,Man United,Tottenham,32,7.0,7.0,0.0,-0.4590086281895939
1516,Man United,Aston Villa,33,5.0,7.0,-2.0,-0.43033302202037516
1516,Man United,Crystal Palace,34,4.0,3.0,1.0,0.09081446559438944
1516,Man United,Leicester,35,10.0,6.0,4.0,0.027638287306008147
1516,Man United,Norwich,36,5.0,6.0,-1.0,0.32850799324469837
1516,Man United,West Ham,37,3.0,3.0,0.0,-0.4755186905399903
1516,Man United,Bournemouth,38,6.0,10.0,-4.0,0.35941076836311003
1516,Newcastle,Swansea,2,6.0,6.0,0.0,-0.8471217006164186
1516,Newcastle,Man United,3,6.0,7.0,-1.0,-0.26426001397387366
1516,Newcastle,Arsenal,4,7.0,4.0,3.0,-0.7149480514006508
1516,Newcastle,West Ham,5,16.0,16.0,0.0,-0.19346455352739322
1516,Newcastle,Watford,6,4.0,7.0,-3.0,0.11877812739777416
1516,Newcastle,Chelsea,7,7.0,7.0,0.0,-0.23630357120348944
1516,Newcastle,Man City,8,6.0,7.0,-1.0,0.3038836686514591
1516,Newcastle,Norwich,9,15.0,15.0,0.0,1.0907943486190874
1516,Newcastle,Sunderland,10,6.0,7.0,-1.0,0.44525084771714385
1516,Newcastle,Stoke,11,6.0,7.0,-1.0,0.12007073112917754
1516,Newcastle,Bournemouth,12,6.0,5.0,1.0,-0.4058827635769412
1516,Newcastle,Leicester,13,14.0,14.0,0.0,-0.574910794138123
1516,Newcastle,Crystal Palace,14,7.0,4.0,3.0,-0.1280686136766278
1516,Newcastle,Liverpool,15,8.0,6.0,2.0,-0.15543726125350144
1516,Newcastle,Tottenham,16,7.0,8.0,-1.0,0.8973049198192345
1516,Newcastle,Aston Villa,17,6.0,6.0,0.0,0.03605251570863044
1516,Newcastle,Everton,18,7.0,7.0,0.0,0.22460768009349152
1516,Newcastle,West Brom,19,1.0,2.0,-1.0,-0.4166628826593443
1516,Newcastle,Arsenal,20,5.0,4.0,1.0,0.5435465344481059
1516,Newcastle,Man United,21,10.0,10.0,0.0,0.19127370523843623
1516,Newcastle,West Ham,22,3.0,3.0,0.0,0.7279922523159292
1516,Newcastle,Watford,23,7.0,4.0,3.0,0.44976675692973667
1516,Newcastle,Everton,24,11.0,10.0,1.0,-0.298426956354629
1516,Newcastle,West Brom,25,2.0,3.0,-1.0,1.3415279581111366
1516,Newcastle,Chelsea,26,7.0,6.0,1.0,-0.33553147912159126
1516,Newcastle,Stoke,27,18.0,4.0,14.0,-0.6605602749821922
1516,Newcastle,Bournemouth,28,2.0,3.0,-1.0,-0.28096625230815997
1516,Newcastle,Leicester,29,8.0,8.0,0.0,-0.2547350895695021
1516,Newcastle,Sunderland,30,6.0,14.0,-8.0,-0.25011426328981146
1516,Newcastle,Norwich,31,13.0,13.0,0.0,-0.23843456371058092
1516,Newcastle,Southampton,32,7.0,6.0,1.0,-0.6361241223781416
1516,Newcastle,Swansea,33,7.0,7.0,0.0,0.3263390791667895
1516,Newcastle,Man City,34,3.0,3.0,0.0,-0.3731821222443638
1516,Newcastle,Liverpool,35,3.0,2.0,1.0,-0.4016073243724087
1516,Newcastle,Crystal Palace,36,7.0,9.0,-2.0,-0.5919430733485929
1516,Newcastle,Aston Villa,37,7.0,7.0,0.0,0.07905810237402089
1516,Newcastle,Tottenham,38,8.0,7.0,1.0,0.8644327955745128
1516,Norwich,Sunderland,2,7.0,7.0,0.0,0.6592334694458182
1516,Norwich,Stoke,3,7.0,7.0,0.0,1.9079561995460674
1516,Norwich,Southampton,4,7.0,6.0,1.0,-0.23316235982879463
1516,Norwich,Bournemouth,5,13.0,14.0,-1.0,0.11863397673410758
1516,Norwich,Liverpool,6,8.0,7.0,1.0,-0.15590005580850286
1516,Norwich,West Ham,7,5.0,6.0,-1.0,0.39598875500064445
1516,Norwich,Leicester,8,7.0,7.0,0.0,0.15019231587562887
1516,Norwich,Newcastle,9,15.0,15.0,0.0,0.3092489850793134
1516,Norwich,West Brom,10,5.0,7.0,-2.0,-0.13071099113020934
1516,Norwich,Man City,11,7.0,6.0,1.0,0.4391320759731874
1516,Norwich,Swansea,12,7.0,7.0,0.0,-0.08424484278081534
1516,Norwich,Chelsea,13,14.0,13.0,1.0,-0.6307318376934561
1516,Norwich,Arsenal,14,8.0,8.0,0.0,0.1976923707770345
1516,Norwich,Watford,15,5.0,7.0,-2.0,-0.6064547900512367
1516,Norwich,Everton,16,6.0,4.0,2.0,0.26080175052330135
1516,Norwich,Man United,17,7.0,6.0,1.0,-0.2075137846639732
1516,Norwich,Tottenham,18,7.0,7.0,0.0,-0.26077732198235454
1516,Norwich,Aston Villa,19,2.0,2.0,0.0,-0.25213347079930193
1516,Norwich,Southampton,20,5.0,4.0,1.0,0.436360914586281
1516,Norwich,Stoke,21,11.0,11.0,0.0,-0.8194619710410139
1516,Norwich,Bournemouth,22,2.0,3.0,-1.0,-0.39481751047565117
1516,Norwich,Liverpool,23,6.0,5.0,1.0,-0.5990911252050568
1516,Norwich,Tottenham,24,10.0,10.0,0.0,0.05630806808649924
1516,Norwich,Aston Villa,25,3.0,3.0,0.0,0.034704939426553505
1516,Norwich,West Ham,26,7.0,6.0,1.0,-0.17895195537421205
1516,Norwich,Leicester,27,14.0,13.0,1.0,-0.02663799372145692
1516,Norwich,Chelsea,28,3.0,3.0,0.0,0.2207083849564151
1516,Norwich,Swansea,29,3.0,2.0,1.0,-0.46449115298904886
1516,Norwich,Man City,30,6.0,6.0,0.0,-0.7614885748282525
1516,Norwich,West Brom,31,7.0,12.0,-5.0,-0.15030435907840667
1516,Norwich,Newcastle,32,13.0,13.0,0.0,0.38489013702487207
1516,Norwich,Crystal Palace,33,7.0,7.0,0.0,-0.3244999593103989
1516,Norwich,Sunderland,34,6.0,5.0,1.0,-0.2052883268371941
1516,Norwich,Arsenal,35,14.0,6.0,8.0,-0.08465638472935688
1516,Norwich,Man United,36,6.0,5.0,1.0,0.4320232674766161
1516,Norwich,Watford,37,4.0,3.0,1.0,1.2956226840873877
1516,Norwich,Everton,38,3.0,3.0,0.0,-0.5757669279486656
1516,Southampton,Everton,2,5.0,6.0,-1.0,-0.6398761786927196
1516,Southampton,Watford,3,8.0,8.0,0.0,-0.5831932388163085
1516,Southampton,Norwich,4,6.0,7.0,-1.0,1.1144248889520727
1516,Southampton,West Brom,5,13.0,14.0,-1.0,-0.3044824791635259
1516,Southampton,Man United,6,8.0,7.0,1.0,0.5432562105952157
1516,Southampton,Swansea,7,5.0,7.0,-2.0,-0.21329957086006335
1516,Southampton,Chelsea,8,7.0,7.0,0.0,0.43095939944156236
1516,Southampton,Leicester,9,13.0,14.0,-1.0,0.04300417759981934
1516,Southampton,Liverpool,10,8.0,8.0,0.0,0.5799835179914943
1516,Southampton,Bournemouth,11,6.0,7.0,-1.0,-0.5158978577227087
1516,Southampton,Sunderland,12,5.0,6.0,-1.0,-0.4264745707332238
1516,Southampton,Stoke,13,14.0,13.0,1.0,-1.0048201596378146
1516,Southampton,Man City,14,7.0,6.0,1.0,0.2282383321273218
1516,Southampton,Aston Villa,15,7.0,7.0,0.0,0.9881645601594913
1516,Southampton,Crystal Palace,16,7.0,4.0,3.0,-0.4912890858531712
1516,Southampton,Tottenham,17,7.0,5.0,2.0,-0.37219274368181954
1516,Southampton,Arsenal,18,7.0,4.0,3.0,1.3077719803339671
1516,Southampton,West Ham,19,1.0,2.0,-1.0,0.0031828090364696138
1516,Southampton,Norwich,20,4.0,5.0,-1.0,-0.48885964183680053
1516,Southampton,Watford,21,11.0,11.0,0.0,0.17088299332441603
1516,Southampton,West Brom,22,2.0,2.0,0.0,-0.941585934866352
1516,Southampton,Man United,23,7.0,6.0,1.0,-0.22010435942551865
1516,Southampton,Arsenal,24,10.0,9.0,1.0,0.017527864376430613
1516,Southampton,West Ham,25,3.0,3.0,0.0,-0.610207795543712
1516,Southampton,Swansea,26,6.0,7.0,-1.0,-0.24958244136039243
1516,Southampton,Chelsea,27,14.0,13.0,1.0,-0.39958238998753326
1516,Southampton,Bournemouth,28,3.0,3.0,0.0,-0.4138991635028735
1516,Southampton,Sunderland,29,3.0,3.0,0.0,-0.24362128013573758
1516,Southampton,Stoke,30,7.0,7.0,0.0,-0.5247305763840858
1516,Southampton,Liverpool,31,7.0,14.0,-7.0,-0.4693368008886435
1516,Southampton,Leicester,32,13.0,14.0,-1.0,-0.49233541650452495
1516,Southampton,Newcastle,33,6.0,7.0,-1.0,0.03406841465119137
1516,Southampton,Everton,34,7.0,2.0,5.0,-0.006432864206650235
1516,Southampton,Aston Villa,35,7.0,7.0,0.0,2.136066631136547
1516,Southampton,Man City,36,8.0,8.0,0.0,1.5985911447298962
1516,Southampton,Tottenham,37,6.0,5.0,1.0,0.3234097284279539
1516,Southampton,Crystal Palace,38,7.0,8.0,-1.0,-0.13065361356772254
1516,Stoke,Tottenham,2,5.0,7.0,-2.0,1.3283162905973855
1516,Stoke,Norwich,3,7.0,7.0,0.0,-0.3410545688924044
1516,Stoke,West Brom,4,7.0,6.0,1.0,0.04278003642292849
1516,Stoke,Arsenal,5,14.0,14.0,0.0,-0.4789710657379902
1516,Stoke,Leicester,6,7.0,5.0,2.0,0.1060429730434187
1516,Stoke,Bournemouth,7,7.0,7.0,0.0,0.7195028971181265
1516,Stoke,Aston Villa,8,7.0,7.0,0.0,-0.08296508660871349
1516,Stoke,Swansea,9,16.0,15.0,1.0,-0.1675709294431862
1516,Stoke,Watford,10,4.0,6.0,-2.0,-0.28618464728522264
1516,Stoke,Newcastle,11,7.0,6.0,1.0,0.3348470051997674
1516,Stoke,Chelsea,12,7.0,7.0,0.0,-0.2059437284464143
1516,Stoke,Southampton,13,13.0,14.0,-1.0,0.31339578583124705
1516,Stoke,Sunderland,14,7.0,4.0,3.0,-0.273843858000103
1516,Stoke,Man City,15,6.0,6.0,0.0,1.1038766089305396
1516,Stoke,West Ham,16,7.0,7.0,0.0,0.8721852410650655
1516,Stoke,Crystal Palace,17,7.0,7.0,0.0,0.416316061204836
1516,Stoke,Man United,18,6.0,6.0,0.0,0.23627219976511993
1516,Stoke,Everton,19,2.0,1.0,1.0,-0.19583352030228707
1516,Stoke,West Brom,20,5.0,5.0,0.0,-0.04178129617435955
1516,Stoke,Norwich,21,11.0,11.0,0.0,-0.028321208852078783
1516,Stoke,Arsenal,22,3.0,3.0,0.0,-0.2740201410839931
1516,Stoke,Leicester,23,5.0,6.0,-1.0,-0.5095768198747462
1516,Stoke,Man United,24,10.0,10.0,0.0,-0.42134903315152883
1516,Stoke,Everton,25,3.0,2.0,1.0,-0.5511279410206922
1516,Stoke,Bournemouth,26,7.0,6.0,1.0,-0.07310757304204774
1516,Stoke,Aston Villa,27,14.0,13.0,1.0,-0.08993688001559619
1516,Stoke,Newcastle,28,4.0,18.0,-14.0,-0.9819613360425807
1516,Stoke,Chelsea,29,2.0,3.0,-1.0,0.7607633550382532
1516,Stoke,Southampton,30,7.0,7.0,0.0,-0.012940388890037902
1516,Stoke,Watford,31,7.0,13.0,-6.0,0.6550577367642983
1516,Stoke,Swansea,32,13.0,13.0,0.0,-0.11656899315047764
1516,Stoke,Liverpool,33,8.0,7.0,1.0,0.13559797559621378
1516,Stoke,Tottenham,34,8.0,8.0,0.0,-0.4235970421460107
1516,Stoke,Man City,35,4.0,3.0,1.0,0.3483481492727105
1516,Stoke,Sunderland,36,7.0,6.0,1.0,-0.6237760463390191
1516,Stoke,Crystal Palace,37,7.0,7.0,0.0,0.26722961978552817
1516,Stoke,West Ham,38,8.0,4.0,4.0,-0.936282913505841
1516,Sunderland,Norwich,2,7.0,7.0,0.0,-0.9245017214450771
1516,Sunderland,Swansea,3,7.0,7.0,0.0,-0.7035740434986797
1516,Sunderland,Aston Villa,4,7.0,7.0,0.0,-0.7321987544550392
1516,Sunderland,Tottenham,5,14.0,14.0,0.0,0.17206621747704676
1516,Sunderland,Bournemouth,6,6.0,7.0,-1.0,-0.13045734340982384
1516,Sunderland,Man United,7,7.0,5.0,2.0,0.0715608594392182
1516,Sunderland,West Ham,8,7.0,7.0,0.0,-0.12248229657334475
1516,Sunderland,West Brom,9,14.0,14.0,0.0,-0.28632540704683396
1516,Sunderland,Newcastle,10,7.0,6.0,1.0,0.3576040431509073
1516,Sunderland,Everton,11,7.0,7.0,0.0,0.21745664284598076
1516,Sunderland,Southampton,12,6.0,5.0,1.0,-0.7642666337679582
1516,Sunderland,Crystal Palace,13,16.0,15.0,1.0,0.31224171178678706
1516,Sunderland,Stoke,14,4.0,7.0,-3.0,-0.37123598963998605
1516,Sunderland,Arsenal,15,7.0,5.0,2.0,0.862688993484338
1516,Sunderland,Watford,16,7.0,7.0,0.0,-0.23798232003309472
1516,Sunderland,Chelsea,17,7.0,4.0,3.0,0.4063793592532148
1516,Sunderland,Man City,18,7.0,4.0,3.0,0.34888145992355335
1516,Sunderland,Liverpool,19,4.0,4.0,0.0,-0.38632081545757063
1516,Sunderland,Aston Villa,20,2.0,5.0,-3.0,-0.5873030767356777
1516,Sunderland,Swansea,21,11.0,11.0,0.0,1.4511904049468403
1516,Sunderland,Tottenham,22,2.0,2.0,0.0,-0.09191646526155606
1516,Sunderland,Bournemouth,23,7.0,7.0,0.0,-0.5946608399129971
1516,Sunderland,Man City,24,10.0,10.0,0.0,-0.008275931253131086
1516,Sunderland,Liverpool,25,3.0,3.0,0.0,-0.2167573340810381
1516,Sunderland,Man United,26,6.0,5.0,1.0,0.5503273716646322
1516,Sunderland,West Ham,27,14.0,13.0,1.0,0.0937926772996096
1516,Sunderland,Crystal Palace,28,3.0,3.0,0.0,-0.28507690425365173
1516,Sunderland,Southampton,29,3.0,3.0,0.0,0.4473987109578299
1516,Sunderland,Newcastle,30,14.0,6.0,8.0,-0.2444961750537421
1516,Sunderland,West Brom,31,13.0,13.0,0.0,0.3882800759526279
1516,Sunderland,Leicester,32,7.0,7.0,0.0,-0.15314866845183184
1516,Sunderland,Norwich,33,5.0,6.0,-1.0,0.2127458934025903
1516,Sunderland,Arsenal,34,8.0,2.0,6.0,-0.1913345838685251
1516,Sunderland,Stoke,35,6.0,7.0,-1.0,-0.3382279844083945
1516,Sunderland,Chelsea,36,7.0,4.0,3.0,-0.24188706363058587
1516,Sunderland,Everton,37,4.0,4.0,0.0,1.223018960343016
1516,Sunderland,Watford,38,3.0,3.0,0.0,-0.003564192237403785
1516,Swansea,Newcastle,2,6.0,6.0,0.0,0.7819493557410042
1516,Swansea,Sunderland,3,7.0,7.0,0.0,0.5655889423354175
1516,Swansea,Man United,4,8.0,8.0,0.0,0.09034900662134748
1516,Swansea,Watford,5,12.0,14.0,-2.0,-0.35971687360766724
1516,Swansea,Everton,6,7.0,7.0,0.0,-0.29426613411827174
1516,Swansea,Southampton,7,7.0,5.0,2.0,-0.16251537180033782
1516,Swansea,Tottenham,8,8.0,8.0,0.0,-0.04655241533597876
1516,Swansea,Stoke,9,15.0,16.0,-1.0,-0.6820143714177251
1516,Swansea,Aston Villa,10,4.0,7.0,-3.0,0.7024076816585345
1516,Swansea,Arsenal,11,7.0,6.0,1.0,-0.500040889413341
1516,Swansea,Norwich,12,7.0,7.0,0.0,-0.565572661236198
1516,Swansea,Bournemouth,13,14.0,14.0,0.0,-0.017025067465595622
1516,Swansea,Liverpool,14,8.0,7.0,1.0,-0.302517782456745
1516,Swansea,Leicester,15,5.0,6.0,-1.0,-0.18897235676695923
1516,Swansea,Man City,16,7.0,7.0,0.0,0.2704876219427288
1516,Swansea,West Ham,17,8.0,8.0,0.0,-0.16745099003799957
1516,Swansea,West Brom,18,5.0,7.0,-2.0,0.11824846961410795
1516,Swansea,Crystal Palace,19,2.0,2.0,0.0,-0.7715623729030541
1516,Swansea,Man United,20,5.0,4.0,1.0,-0.17627669840017302
1516,Swansea,Sunderland,21,11.0,11.0,0.0,-0.9146118192790909
1516,Swansea,Watford,22,5.0,5.0,0.0,-0.5826037938121709
1516,Swansea,Everton,23,5.0,7.0,-2.0,-0.6270333108912376
1516,Swansea,West Brom,24,9.0,10.0,-1.0,0.2859022175126622
1516,Swansea,Crystal Palace,25,3.0,3.0,0.0,0.16886771292943292
1516,Swansea,Southampton,26,7.0,6.0,1.0,-0.3064847193765414
1516,Swansea,Tottenham,27,14.0,13.0,1.0,0.5787569458333093
1516,Swansea,Arsenal,28,3.0,3.0,0.0,1.0736955149310983
1516,Swansea,Norwich,29,2.0,3.0,-1.0,-0.6394639619951711
1516,Swansea,Bournemouth,30,7.0,7.0,0.0,0.1639219040032892
1516,Swansea,Aston Villa,31,7.0,6.0,1.0,-0.784665477186216
1516,Swansea,Stoke,32,13.0,13.0,0.0,-0.5213436291771523
1516,Swansea,Chelsea,33,7.0,7.0,0.0,0.9466198102044909
1516,Swansea,Newcastle,34,7.0,7.0,0.0,-0.18640095182278582
1516,Swansea,Leicester,35,8.0,7.0,1.0,-0.21518146651621517
1516,Swansea,Liverpool,36,6.0,7.0,-1.0,1.4979820816950522
1516,Swansea,West Ham,37,6.0,7.0,-1.0,1.5411854806181267
1516,Swansea,Man City,38,8.0,6.0,2.0,-0.7323053572507813
1516,Tottenham,Stoke,2,7.0,5.0,2.0,-0.2189952996855007
1516,Tottenham,Leicester,3,7.0,7.0,0.0,0.5890108945880617
1516,Tottenham,Everton,4,7.0,6.0,1.0,0.0878350152010059
1516,Tottenham,Sunderland,5,14.0,14.0,0.0,-0.184622920230042
1516,Tottenham,Crystal Palace,6,7.0,7.0,0.0,-0.8846530213874271
1516,Tottenham,Man City,7,5.0,6.0,-1.0,0.9098439436036612
1516,Tottenham,Swansea,8,8.0,8.0,0.0,-0.439170527106135
1516,Tottenham,Liverpool,9,12.0,12.0,0.0,-0.7669492699472789
1516,Tottenham,Bournemouth,10,8.0,8.0,0.0,1.1356518940328408
1516,Tottenham,Aston Villa,11,8.0,9.0,-1.0,-0.9588718244920138
1516,Tottenham,Arsenal,12,5.0,8.0,-3.0,-0.12338864302248886
1516,Tottenham,West Ham,13,14.0,15.0,-1.0,1.342378978603157
1516,Tottenham,Chelsea,14,6.0,7.0,-1.0,-1.2502738616538953
1516,Tottenham,West Brom,15,6.0,6.0,0.0,-0.3443604612562694
1516,Tottenham,Newcastle,16,8.0,7.0,1.0,-0.9328378616822335
1516,Tottenham,Southampton,17,5.0,7.0,-2.0,0.12080783424817465
1516,Tottenham,Norwich,18,7.0,7.0,0.0,-0.3091572345059712
1516,Tottenham,Watford,19,2.0,2.0,0.0,-0.8953278561039618
1516,Tottenham,Everton,20,6.0,6.0,0.0,-0.8014975684435878
1516,Tottenham,Leicester,21,10.0,11.0,-1.0,-0.368663537286688
1516,Tottenham,Sunderland,22,2.0,2.0,0.0,-0.7449380238146976
1516,Tottenham,Crystal Palace,23,7.0,7.0,0.0,0.19205449511240857
1516,Tottenham,Norwich,24,10.0,10.0,0.0,0.3975888282390445
1516,Tottenham,Watford,25,3.0,2.0,1.0,0.26242300481986747
1516,Tottenham,Man City,26,8.0,8.0,0.0,-0.6675248627384884
1516,Tottenham,Swansea,27,13.0,14.0,-1.0,1.5884007482748457
1516,Tottenham,West Ham,28,3.0,4.0,-1.0,-0.30919295368630606
1516,Tottenham,Arsenal,29,2.0,2.0,0.0,0.6232002815082798
1516,Tottenham,Aston Villa,30,8.0,8.0,0.0,0.28466863941986453
1516,Tottenham,Bournemouth,31,7.0,8.0,-1.0,0.14531725597880252
1516,Tottenham,Liverpool,32,13.0,13.0,0.0,0.13094727037412168
1516,Tottenham,Man United,33,7.0,7.0,0.0,0.3440334115240007
1516,Tottenham,Stoke,34,8.0,8.0,0.0,1.3259147448256865
1516,Tottenham,West Brom,35,7.0,4.0,3.0,-0.5407724673134586
1516,Tottenham,Chelsea,36,7.0,9.0,-2.0,0.6109545699487662
1516,Tottenham,Southampton,37,5.0,6.0,-1.0,0.8974728793243134
1516,Tottenham,Newcastle,38,7.0,8.0,-1.0,-0.7361249012743344
1516,Watford,West Brom,2,7.0,4.0,3.0,-0.3853494065546974
1516,Watford,Southampton,3,8.0,8.0,0.0,0.12258335767576956
1516,Watford,Man City,4,5.0,5.0,0.0,-0.36160942778027305
1516,Watford,Swansea,5,14.0,12.0,2.0,0.3123899016783176
1516,Watford,Newcastle,6,7.0,4.0,3.0,0.3198500629870211
1516,Watford,Crystal Palace,7,8.0,7.0,1.0,-0.5213411759399983
1516,Watford,Bournemouth,8,5.0,7.0,-2.0,-0.06269873448834684
1516,Watford,Arsenal,9,14.0,13.0,1.0,-0.5460333007854236
1516,Watford,Stoke,10,6.0,4.0,2.0,0.04174048749177517
1516,Watford,West Ham,11,7.0,7.0,0.0,0.4203775780974801
1516,Watford,Leicester,12,7.0,7.0,0.0,-0.5851348639930014
1516,Watford,Man United,13,13.0,13.0,0.0,-0.21310562280164214
1516,Watford,Aston Villa,14,7.0,7.0,0.0,0.3611441670235995
1516,Watford,Norwich,15,7.0,5.0,2.0,0.06906671625820104
1516,Watford,Sunderland,16,7.0,7.0,0.0,1.0138455916940792
1516,Watford,Liverpool,17,7.0,6.0,1.0,1.1337100904005892
1516,Watford,Chelsea,18,6.0,7.0,-1.0,0.08434032933816837
1516,Watford,Tottenham,19,2.0,2.0,0.0,0.2697053419375012
1516,Watford,Man City,20,5.0,3.0,2.0,0.0971502049769476
1516,Watford,Southampton,21,11.0,11.0,0.0,-0.7445660723967934
1516,Watford,Swansea,22,5.0,5.0,0.0,-0.5040548860931345
1516,Watford,Newcastle,23,4.0,7.0,-3.0,1.3380995080313391
1516,Watford,Chelsea,24,11.0,10.0,1.0,-0.4747250892066921
1516,Watford,Tottenham,25,2.0,3.0,-1.0,-0.5526645463636102
1516,Watford,Crystal Palace,26,7.0,7.0,0.0,0.25038938923277476
1516,Watford,Bournemouth,27,14.0,14.0,0.0,-0.19055209905523984
1516,Watford,Man United,28,4.0,3.0,1.0,1.4114673035590597
1516,Watford,Leicester,29,2.0,3.0,-1.0,-0.18634858029430457
1516,Watford,Stoke,30,13.0,7.0,6.0,-0.3435428664693825
1516,Watford,Arsenal,31,13.0,14.0,-1.0,-0.36323835193806114
1516,Watford,Everton,32,7.0,5.0,2.0,-0.8058587672074422
1516,Watford,West Brom,33,7.0,6.0,1.0,-0.5709957262903873
1516,Watford,West Ham,34,4.0,3.0,1.0,-0.5135830539643895
1516,Watford,Aston Villa,35,9.0,7.0,2.0,0.026797393900110045
1516,Watford,Liverpool,36,8.0,7.0,1.0,0.22891569096956033
1516,Watford,Norwich,37,3.0,4.0,-1.0,0.7547327721055799
1516,Watford,Sunderland,38,3.0,3.0,0.0,-0.08504350294139806
1516,West Brom,Watford,2,4.0,7.0,-3.0,-0.1733577968630302
1516,West Brom,Chelsea,3,7.0,6.0,1.0,-0.28949604898741876
1516,West Brom,Stoke,4,6.0,7.0,-1.0,-0.06615920559143929
1516,West Brom,Southampton,5,14.0,13.0,1.0,-0.5901404057913402
1516,West Brom,Aston Villa,6,7.0,5.0,2.0,-0.401927861802276
1516,West Brom,Everton,7,9.0,9.0,0.0,0.1231385584333784
1516,West Brom,Crystal Palace,8,4.0,5.0,-1.0,-0.6796446849832504
1516,West Brom,Sunderland,9,14.0,14.0,0.0,0.8666329997718278
1516,West Brom,Norwich,10,7.0,5.0,2.0,0.4924840613518525
1516,West Brom,Leicester,11,7.0,7.0,0.0,-0.2202810199414169
1516,West Brom,Man United,12,7.0,7.0,0.0,-0.12070861245000164
1516,West Brom,Arsenal,13,14.0,12.0,2.0,-0.4268698902022077
1516,West Brom,West Ham,14,7.0,6.0,1.0,-0.05940367648265765
1516,West Brom,Tottenham,15,6.0,6.0,0.0,0.6706670436903723
1516,West Brom,Liverpool,16,8.0,7.0,1.0,0.1699905952652001
1516,West Brom,Bournemouth,17,5.0,6.0,-1.0,-0.4358087209874514
1516,West Brom,Swansea,18,7.0,5.0,2.0,-0.422155259147177
1516,West Brom,Newcastle,19,2.0,1.0,1.0,0.9189769338889229
1516,West Brom,Stoke,20,5.0,5.0,0.0,0.5628910375590592
1516,West Brom,Chelsea,21,11.0,10.0,1.0,-0.07510433116660808
1516,West Brom,Southampton,22,2.0,2.0,0.0,-0.40513832298851243
1516,West Brom,Aston Villa,23,7.0,6.0,1.0,-1.0354149782108524
1516,West Brom,Swansea,24,10.0,9.0,1.0,1.1101711310487703
1516,West Brom,Newcastle,25,3.0,2.0,1.0,-0.4949104686097139
1516,West Brom,Everton,26,7.0,7.0,0.0,0.2568378872465752
1516,West Brom,Crystal Palace,27,14.0,14.0,0.0,0.9295093632004896
1516,West Brom,Leicester,28,3.0,3.0,0.0,0.5081033426202908
1516,West Brom,Man United,29,4.0,3.0,1.0,-0.3096040140910028
1516,West Brom,Norwich,30,12.0,7.0,5.0,-0.8452869575877557
1516,West Brom,Sunderland,31,13.0,13.0,0.0,-0.9253459914524071
1516,West Brom,Man City,32,7.0,7.0,0.0,0.4061065926953372
1516,West Brom,Watford,33,6.0,7.0,-1.0,-0.2985784555799047
1516,West Brom,Arsenal,34,5.0,4.0,1.0,0.21941456773496504
1516,West Brom,Tottenham,35,4.0,7.0,-3.0,0.22793395869054311
1516,West Brom,West Ham,36,4.0,9.0,-5.0,0.40082058866832293
1516,West Brom,Bournemouth,37,7.0,7.0,0.0,-0.34428580974643697
1516,West Brom,Liverpool,38,8.0,3.0,5.0,1.0531230885199143
1516,West Ham,Leicester,2,6.0,7.0,-1.0,-0.8638118865807388
1516,West Ham,Bournemouth,3,7.0,4.0,3.0,-0.8801194491754871
1516,West Ham,Liverpool,4,7.0,4.0,3.0,0.020370033812383004
1516,West Ham,Newcastle,5,16.0,16.0,0.0,0.019143455730771475
1516,West Ham,Man City,6,4.0,7.0,-3.0,0.011842817748096368
1516,West Ham,Norwich,7,6.0,5.0,1.0,0.9201804093598172
1516,West Ham,Sunderland,8,7.0,7.0,0.0,0.5230668682441977
1516,West Ham,Crystal Palace,9,14.0,14.0,0.0,1.4268655877663785
1516,West Ham,Chelsea,10,7.0,7.0,0.0,-0.591544411238021
1516,West Ham,Watford,11,7.0,7.0,0.0,-0.6198957147876741
1516,West Ham,Everton,12,7.0,6.0,1.0,-1.057009951744899
1516,West Ham,Tottenham,13,15.0,14.0,1.0,-0.13369861981082498
1516,West Ham,West Brom,14,6.0,7.0,-1.0,-0.14027026999204883
1516,West Ham,Man United,15,6.0,6.0,0.0,0.08044285751357982
1516,West Ham,Stoke,16,7.0,7.0,0.0,-0.5266556476562192
1516,West Ham,Swansea,17,8.0,8.0,0.0,-0.9941184027872145
1516,West Ham,Aston Villa,18,5.0,6.0,-1.0,-0.6429114272876192
1516,West Ham,Southampton,19,2.0,1.0,1.0,0.36728856324188786
1516,West Ham,Liverpool,20,4.0,2.0,2.0,0.9016347824475446
1516,West Ham,Bournemouth,21,10.0,10.0,0.0,-0.1389487786980812
1516,West Ham,Newcastle,22,3.0,3.0,0.0,-0.30037371608898256
1516,West Ham,Man City,23,7.0,7.0,0.0,-0.19180492979747998
1516,West Ham,Aston Villa,24,10.0,10.0,0.0,0.5348318674856547
1516,West Ham,Southampton,25,3.0,3.0,0.0,-0.19562163441554015
1516,West Ham,Norwich,26,6.0,7.0,-1.0,-0.6334348601956838
1516,West Ham,Sunderland,27,13.0,14.0,-1.0,-1.207332754772371
1516,West Ham,Tottenham,28,4.0,3.0,1.0,-0.3824397003144384
1516,West Ham,Everton,29,2.0,3.0,-1.0,1.376512178437589
1516,West Ham,Chelsea,30,14.0,14.0,0.0,-0.251165140920807
1516,West Ham,Crystal Palace,31,13.0,13.0,0.0,0.0765479462050993
1516,West Ham,Arsenal,32,6.0,6.0,0.0,0.02376572538917121
1516,West Ham,Leicester,33,8.0,7.0,1.0,-0.3175198229409233
1516,West Ham,Watford,34,3.0,4.0,-1.0,0.9396200590252588
1516,West Ham,West Brom,35,9.0,4.0,5.0,0.0027661164110763803
1516,West Ham,Swansea,36,7.0,6.0,1.0,0.6846319741588629
1516,West Ham,Man United,37,3.0,3.0,0.0,0.8818648600973893
1516,West Ham,Stoke,38,4.0,8.0,-4.0,1.5907852911478941
1617,Arsenal,Leicester,2,6.0,7.0,-1.0,-0.9794447932646895
1617,Arsenal,Watford,3,6.0,7.0,-1.0,-0.2702688850868906
1617,Arsenal,Southampton,4,14.0,14.0,0.0,-0.24922051584093063
1617,Arsenal,Hull,5,7.0,7.0,0.0,0.9488180810639828
1617,Arsenal,Chelsea,6,7.0,7.0,0.0,0.6300702569249366
1617,Arsenal,Burnley,7,7.0,5.0,2.0,0.2604197866832054
1617,Arsenal,Swansea,8,12.0,14.0,-2.0,1.2606634996050778
1617,Arsenal,Middlesbrough,9,7.0,6.0,1.0,-1.2497691612719333
1617,Arsenal,Sunderland,10,6.0,6.0,0.0,0.5359351691909418
1617,Arsenal,Tottenham,11,8.0,7.0,1.0,-0.553095846948928
1617,Arsenal,Man United,12,13.0,12.0,1.0,-0.28937286124684447
1617,Arsenal,Bournemouth,13,8.0,7.0,1.0,0.6151518477395816
1617,Arsenal,West Ham,14,6.0,6.0,0.0,1.3027385685905797
1617,Arsenal,Stoke,15,6.0,7.0,-1.0,-0.21564190512828896
1617,Arsenal,Everton,16,3.0,3.0,0.0,0.045243783313810404
1617,Arsenal,Man City,17,4.0,3.0,1.0,-0.18809156880851197
1617,Arsenal,West Brom,18,7.0,8.0,-1.0,0.2411697518505065
1617,Arsenal,Crystal Palace,19,6.0,6.0,0.0,-0.1764489368376676
1617,Arsenal,Bournemouth,20,2.0,3.0,-1.0,-0.7145043954848056
1617,Arsenal,Swansea,21,10.0,10.0,0.0,0.48549808692037577
1617,Arsenal,Burnley,22,7.0,7.0,0.0,-0.8489120269883614
1617,Arsenal,Watford,23,9.0,10.0,-1.0,-0.8107099284839505
1617,Arsenal,Chelsea,24,3.0,3.0,0.0,0.10728862692448637
1617,Arsenal,Hull,25,7.0,6.0,1.0,0.005210466211886811
1617,Arsenal,Liverpool,26,21.0,4.0,17.0,-0.3234760563780983
1617,Arsenal,West Brom,27,13.0,6.0,7.0,-0.4235282189756283
1617,Arsenal,Man City,28,15.0,13.0,2.0,-0.23884986695725963
1617,Arsenal,West Ham,29,3.0,4.0,-1.0,0.11916273759538587
1617,Arsenal,Crystal Palace,30,5.0,5.0,0.0,-1.066456124486007
1617,Arsenal,Middlesbrough,31,7.0,9.0,-2.0,-0.5326917706362975
1617,Arsenal,Leicester,32,8.0,11.0,-3.0,-1.4281188731725565
1617,Arsenal,Tottenham,33,3.0,3.0,0.0,-0.4137874762319471
1617,Arsenal,Man United,34,6.0,7.0,-1.0,-0.01979293550461203
1617,Arsenal,Southampton,35,3.0,3.0,0.0,0.2326006603218087
1617,Arsenal,Stoke,36,2.0,7.0,-5.0,1.1700631147524694
1617,Arsenal,Sunderland,37,3.0,3.0,0.0,1.4537572098247624
1617,Arsenal,Everton,38,4.0,8.0,-4.0,1.7517450469092208
1617,Bournemouth,West Ham,2,7.0,5.0,2.0,-0.8040405142786133
1617,Bournemouth,Crystal Palace,3,5.0,7.0,-2.0,-0.11006772110328689
1617,Bournemouth,West Brom,4,14.0,13.0,1.0,-0.2620632017995629
1617,Bournemouth,Man City,5,7.0,7.0,0.0,-0.18371650611311252
1617,Bournemouth,Everton,6,7.0,6.0,1.0,-0.4553643848584439
1617,Bournemouth,Watford,7,7.0,4.0,3.0,0.2470096128600605
1617,Bournemouth,Hull,8,14.0,14.0,0.0,0.470451523816652
1617,Bournemouth,Tottenham,9,6.0,6.0,0.0,-0.35960749986607643
1617,Bournemouth,Middlesbrough,10,7.0,7.0,0.0,0.39517286811061236
1617,Bournemouth,Sunderland,11,7.0,7.0,0.0,0.9317577471528065
1617,Bournemouth,Stoke,12,14.0,14.0,0.0,0.18649689114596013
1617,Bournemouth,Arsenal,13,7.0,8.0,-1.0,0.40609083477682806
1617,Bournemouth,Liverpool,14,6.0,7.0,-1.0,0.8563768644090655
1617,Bournemouth,Burnley,15,6.0,7.0,-1.0,-0.14335758069978444
1617,Bournemouth,Leicester,16,3.0,3.0,0.0,-0.6797385663669281
1617,Bournemouth,Southampton,17,4.0,3.0,1.0,-0.4988541047462365
1617,Bournemouth,Chelsea,18,8.0,9.0,-1.0,0.04539008486519924
1617,Bournemouth,Swansea,19,5.0,5.0,0.0,1.1192643018032429
1617,Bournemouth,Arsenal,20,3.0,2.0,1.0,-0.28262938814535987
1617,Bournemouth,Hull,21,10.0,12.0,-2.0,-0.7094886230671739
1617,Bournemouth,Watford,22,6.0,6.0,0.0,-0.2089632037186817
1617,Bournemouth,Crystal Palace,23,10.0,10.0,0.0,-1.0067598275786573
1617,Bournemouth,Everton,24,3.0,2.0,1.0,1.2119979890173582
1617,Bournemouth,Man City,25,9.0,8.0,1.0,-0.5498835424051477
1617,Bournemouth,West Brom,26,11.0,14.0,-3.0,-0.5531393738539794
1617,Bournemouth,Man United,27,6.0,20.0,-14.0,-0.5666729164004236
1617,Bournemouth,West Ham,28,7.0,4.0,3.0,0.6929195741120675
1617,Bournemouth,Swansea,29,7.0,7.0,0.0,-0.6046352184769226
1617,Bournemouth,Southampton,30,14.0,13.0,1.0,0.4921424060367583
1617,Bournemouth,Liverpool,31,4.0,4.0,0.0,0.5559318249645626
1617,Bournemouth,Chelsea,32,2.0,2.0,0.0,-0.3575092929253086
1617,Bournemouth,Tottenham,33,6.0,7.0,-1.0,-0.5094326459322419
1617,Bournemouth,Middlesbrough,34,7.0,4.0,3.0,1.8676347013403816
1617,Bournemouth,Sunderland,35,7.0,2.0,5.0,0.13153972990042995
1617,Bournemouth,Stoke,36,7.0,7.0,0.0,0.016234940479847637
1617,Bournemouth,Burnley,37,7.0,7.0,0.0,0.14717487725484002
1617,Bournemouth,Leicester,38,8.0,2.0,6.0,-0.2077841301611566
1617,Burnley,Liverpool,2,7.0,5.0,2.0,-0.48026344982433683
1617,Burnley,Chelsea,3,7.0,7.0,0.0,-0.2585550510145572
1617,Burnley,Hull,4,14.0,13.0,1.0,-0.7860258899297716
1617,Burnley,Leicester,5,7.0,6.0,1.0,-0.3245520659425991
1617,Burnley,Watford,6,9.0,8.0,1.0,-0.42300657721047197
1617,Burnley,Arsenal,7,5.0,7.0,-2.0,-0.1814226360643859
1617,Burnley,Southampton,8,13.0,14.0,-1.0,-0.32235877277795705
1617,Burnley,Everton,9,5.0,7.0,-2.0,0.06495689393351034
1617,Burnley,Man United,10,7.0,5.0,2.0,-0.12688484361934343
1617,Burnley,Crystal Palace,11,7.0,6.0,1.0,1.2859472039147857
1617,Burnley,West Brom,12,16.0,15.0,1.0,-0.174853825596628
1617,Burnley,Man City,13,4.0,6.0,-2.0,-0.03816465211263642
1617,Burnley,Stoke,14,7.0,6.0,1.0,0.003123845363422806
1617,Burnley,Bournemouth,15,7.0,6.0,1.0,0.9665285019867422
1617,Burnley,West Ham,16,4.0,3.0,1.0,0.0472521886139492
1617,Burnley,Tottenham,17,3.0,3.0,0.0,0.6428465092535306
1617,Burnley,Middlesbrough,18,7.0,9.0,-2.0,-0.7555296076253808
1617,Burnley,Sunderland,19,5.0,5.0,0.0,0.7095539851433685
1617,Burnley,Man City,20,1.0,1.0,0.0,0.22259793498806957
1617,Burnley,Southampton,21,12.0,12.0,0.0,-0.2610591934155911
1617,Burnley,Arsenal,22,7.0,7.0,0.0,-0.10688042023293409
1617,Burnley,Leicester,23,9.0,9.0,0.0,0.8635152171262063
1617,Burnley,Watford,24,3.0,3.0,0.0,-0.09402523163854282
1617,Burnley,Chelsea,25,7.0,8.0,-1.0,0.3637380978382686
1617,Burnley,Hull,26,13.0,14.0,-1.0,-0.5387040198624806
1617,Burnley,Swansea,27,7.0,7.0,0.0,-0.7907509668571528
1617,Burnley,Liverpool,28,8.0,7.0,1.0,0.2813300285836051
1617,Burnley,Sunderland,29,5.0,12.0,-7.0,0.16356498681251352
1617,Burnley,Tottenham,30,14.0,13.0,1.0,-0.19925100123956985
1617,Burnley,Stoke,31,3.0,3.0,0.0,-0.5952541942412048
1617,Burnley,Middlesbrough,32,3.0,2.0,1.0,-0.03208303682150071
1617,Burnley,Everton,33,7.0,5.0,2.0,-0.3006184802362445
1617,Burnley,Man United,34,7.0,6.0,1.0,-0.21424724958986213
1617,Burnley,Crystal Palace,35,6.0,2.0,4.0,0.592534154190749
1617,Burnley,West Brom,36,6.0,7.0,-1.0,0.17298513426341622
1617,Burnley,Bournemouth,37,7.0,7.0,0.0,0.18336537317675383
1617,Burnley,West Ham,38,8.0,7.0,1.0,0.6349987704975779
1617,Chelsea,Watford,2,4.0,7.0,-3.0,0.22475672995920015
1617,Chelsea,Burnley,3,7.0,7.0,0.0,0.7196490077226865
1617,Chelsea,Swansea,4,15.0,15.0,0.0,0.3703559300177297
1617,Chelsea,Liverpool,5,5.0,6.0,-1.0,-0.1162618415645218
1617,Chelsea,Arsenal,6,7.0,7.0,0.0,-0.6052523754083354
1617,Chelsea,Hull,7,6.0,7.0,-1.0,0.08025887780610796
1617,Chelsea,Leicester,8,13.0,12.0,1.0,1.2900652839661566
1617,Chelsea,Man United,9,8.0,5.0,3.0,1.1995629542483799
1617,Chelsea,Southampton,10,7.0,7.0,0.0,0.028409828352316868
1617,Chelsea,Everton,11,6.0,6.0,0.0,0.35278446656102624
1617,Chelsea,Middlesbrough,12,14.0,15.0,-1.0,0.09681545969199545
1617,Chelsea,Tottenham,13,6.0,7.0,-1.0,0.029099930200755075
1617,Chelsea,Man City,14,6.0,7.0,-1.0,0.49230968996579405
1617,Chelsea,West Brom,15,7.0,7.0,0.0,-1.174567301034278
1617,Chelsea,Sunderland,16,3.0,4.0,-1.0,-0.7095456551266213
1617,Chelsea,Crystal Palace,17,2.0,2.0,0.0,-0.6838883586959095
1617,Chelsea,Bournemouth,18,9.0,8.0,1.0,-1.287165206765184
1617,Chelsea,Stoke,19,5.0,3.0,2.0,0.1638232522047216
1617,Chelsea,Tottenham,20,4.0,3.0,1.0,-0.08366241745175762
1617,Chelsea,Leicester,21,9.0,12.0,-3.0,-0.7517934724384283
1617,Chelsea,Hull,22,7.0,8.0,-1.0,-0.8692403669761033
1617,Chelsea,Liverpool,23,9.0,10.0,-1.0,-0.7399961829628651
1617,Chelsea,Arsenal,24,3.0,3.0,0.0,0.46175479940181896
1617,Chelsea,Burnley,25,8.0,7.0,1.0,-0.782713871810357
1617,Chelsea,Swansea,26,13.0,12.0,1.0,-1.0033425556684339
1617,Chelsea,West Ham,27,9.0,9.0,0.0,0.3563226440642424
1617,Chelsea,Stoke,28,11.0,9.0,2.0,0.49914902345819945
1617,Chelsea,Crystal Palace,29,14.0,14.0,0.0,1.3329436780429635
1617,Chelsea,Man City,30,4.0,3.0,1.0,-0.5067536684123073
1617,Chelsea,Bournemouth,31,2.0,2.0,0.0,-0.30686021461162505
1617,Chelsea,Man United,32,7.0,7.0,0.0,-0.72631591020372
1617,Chelsea,Southampton,33,9.0,10.0,-1.0,0.07306267364572183
1617,Chelsea,Everton,34,4.0,7.0,-3.0,0.5228827587642859
1617,Chelsea,Middlesbrough,35,8.0,8.0,0.0,0.33238565003550224
1617,Chelsea,West Brom,36,4.0,6.0,-2.0,0.36055910944773406
1617,Chelsea,Watford,37,3.0,3.0,0.0,0.7777917491319619
1617,Chelsea,Sunderland,38,5.0,4.0,1.0,0.3706003542738805
1617,Crystal Palace,Tottenham,2,7.0,7.0,0.0,-0.32337944756644377
1617,Crystal Palace,Bournemouth,3,7.0,5.0,2.0,0.36684545647196565
1617,Crystal Palace,Middlesbrough,4,14.0,13.0,1.0,0.03678522456396793
1617,Crystal Palace,Stoke,5,7.0,7.0,0.0,0.09411923945659639
1617,Crystal Palace,Sunderland,6,6.0,5.0,1.0,0.46619064006143973
1617,Crystal Palace,Everton,7,6.0,6.0,0.0,-0.40963741792407626
1617,Crystal Palace,West Ham,8,14.0,14.0,0.0,-0.2011971617579178
1617,Crystal Palace,Leicester,9,6.0,7.0,-1.0,0.636754943852456
1617,Crystal Palace,Liverpool,10,7.0,7.0,0.0,-0.3794667949935345
1617,Crystal Palace,Burnley,11,6.0,7.0,-1.0,0.21548150061227145
1617,Crystal Palace,Man City,12,14.0,14.0,0.0,-0.2321229645998315
1617,Crystal Palace,Swansea,13,7.0,7.0,0.0,1.0370975517718524
1617,Crystal Palace,Southampton,14,7.0,5.0,2.0,1.2634570950123658
1617,Crystal Palace,Hull,15,7.0,4.0,3.0,-0.5674658896024286
1617,Crystal Palace,Man United,16,4.0,3.0,1.0,-0.009249127828355963
1617,Crystal Palace,Chelsea,17,2.0,2.0,0.0,-0.3445792561685694
1617,Crystal Palace,Watford,18,9.0,8.0,1.0,-0.2698143154970938
1617,Crystal Palace,Arsenal,19,6.0,6.0,0.0,-0.6119169688944258
1617,Crystal Palace,Swansea,20,2.0,3.0,-1.0,-1.1929031913818355
1617,Crystal Palace,West Ham,21,10.0,11.0,-1.0,-0.06984585789406039
1617,Crystal Palace,Everton,22,6.0,6.0,0.0,-0.6220951584060765
1617,Crystal Palace,Bournemouth,23,10.0,10.0,0.0,0.35665111507412117
1617,Crystal Palace,Sunderland,24,3.0,3.0,0.0,0.840171360378889
1617,Crystal Palace,Stoke,25,7.0,7.0,0.0,-0.7935721378880092
1617,Crystal Palace,Middlesbrough,26,14.0,14.0,0.0,-0.5235182603899105
1617,Crystal Palace,West Brom,27,7.0,7.0,0.0,0.42828718589136405
1617,Crystal Palace,Watford,28,14.0,14.0,0.0,-0.9059929694254503
1617,Crystal Palace,Chelsea,29,14.0,14.0,0.0,1.0019505079876732
1617,Crystal Palace,Southampton,30,4.0,4.0,0.0,0.9652850360154513
1617,Crystal Palace,Arsenal,31,5.0,5.0,0.0,0.3778045910203933
1617,Crystal Palace,Leicester,32,4.0,5.0,-1.0,0.4306001182215089
1617,Crystal Palace,Liverpool,33,8.0,7.0,1.0,0.5025725887898145
1617,Crystal Palace,Tottenham,34,3.0,11.0,-8.0,-0.5127407020933097
1617,Crystal Palace,Burnley,35,2.0,6.0,-4.0,-0.6921825265067404
1617,Crystal Palace,Man City,36,6.0,5.0,1.0,-0.30031232131865626
1617,Crystal Palace,Hull,37,7.0,7.0,0.0,0.37094283025958097
1617,Crystal Palace,Man United,38,7.0,3.0,4.0,-0.2859173610818089
1617,Everton,West Brom,2,7.0,7.0,0.0,0.7189627465902351
1617,Everton,Stoke,3,7.0,7.0,0.0,0.13942812861505005
1617,Everton,Sunderland,4,16.0,16.0,0.0,1.3078041144406305
1617,Everton,Middlesbrough,5,4.0,7.0,-3.0,-0.3738658366262486
1617,Everton,Bournemouth,6,6.0,7.0,-1.0,-0.2959435841063056
1617,Everton,Crystal Palace,7,6.0,6.0,0.0,-0.30453688220454556
1617,Everton,Man City,8,14.0,13.0,1.0,-0.48545724030660276
1617,Everton,Burnley,9,7.0,5.0,2.0,-0.5054900981145684
1617,Everton,West Ham,10,7.0,7.0,0.0,0.3974144338018144
1617,Everton,Chelsea,11,6.0,6.0,0.0,-0.6521595794631634
1617,Everton,Swansea,12,13.0,13.0,0.0,-0.22313297431693768
1617,Everton,Southampton,13,8.0,8.0,0.0,-0.27446894585036685
1617,Everton,Man United,14,6.0,6.0,0.0,0.052158152628434706
1617,Everton,Watford,15,5.0,6.0,-1.0,-0.12040459756570554
1617,Everton,Arsenal,16,3.0,3.0,0.0,0.27374005145151914
1617,Everton,Liverpool,17,6.0,5.0,1.0,-0.5610189550268485
1617,Everton,Leicester,18,6.0,8.0,-2.0,0.07021775441276867
1617,Everton,Hull,19,4.0,4.0,0.0,-0.24172663105352132
1617,Everton,Southampton,20,2.0,1.0,1.0,0.49919278223670815
1617,Everton,Man City,21,13.0,13.0,0.0,-0.19902173229151288
1617,Everton,Crystal Palace,22,6.0,6.0,0.0,-0.24146908492272845
1617,Everton,Stoke,23,11.0,11.0,0.0,-0.2874086265619238
1617,Everton,Bournemouth,24,2.0,3.0,-1.0,0.9799956043900113
1617,Everton,Middlesbrough,25,7.0,6.0,1.0,-0.4327051718777508
1617,Everton,Sunderland,26,14.0,14.0,0.0,-0.1793685090350241
1617,Everton,Tottenham,27,7.0,7.0,0.0,0.015955689325534927
1617,Everton,West Brom,28,6.0,7.0,-1.0,0.8034596894346424
1617,Everton,Hull,29,7.0,7.0,0.0,0.7706223853272187
1617,Everton,Liverpool,30,13.0,12.0,1.0,0.6105005619718403
1617,Everton,Man United,31,3.0,3.0,0.0,-0.09388414878483753
1617,Everton,Leicester,32,4.0,4.0,0.0,1.1947383062538077
1617,Everton,Burnley,33,5.0,7.0,-2.0,0.1324112537275075
1617,Everton,West Ham,34,7.0,7.0,0.0,-1.2111070966880944
1617,Everton,Chelsea,35,7.0,4.0,3.0,-0.13031271217286167
1617,Everton,Swansea,36,6.0,6.0,0.0,-1.1765380636201426
1617,Everton,Watford,37,6.0,6.0,0.0,-0.36089337885425166
1617,Everton,Arsenal,38,8.0,4.0,4.0,0.15309438973342482
1617,Hull,Swansea,2,7.0,7.0,0.0,1.2066190269855266
1617,Hull,Man United,3,7.0,7.0,0.0,-0.2978007273864458
1617,Hull,Burnley,4,13.0,14.0,-1.0,0.05482317406911774
1617,Hull,Arsenal,5,7.0,7.0,0.0,-0.5952132650389135
1617,Hull,Liverpool,6,7.0,7.0,0.0,-0.40533766718043324
1617,Hull,Chelsea,7,7.0,6.0,1.0,-0.27925996375705087
1617,Hull,Bournemouth,8,14.0,14.0,0.0,-0.5957172954096599
1617,Hull,Stoke,9,7.0,7.0,0.0,-0.25870081023089975
1617,Hull,Watford,10,7.0,7.0,0.0,-0.5730662966419562
1617,Hull,Southampton,11,8.0,6.0,2.0,-0.1768247464562568
1617,Hull,Sunderland,12,13.0,14.0,-1.0,0.2092623022430069
1617,Hull,West Brom,13,7.0,4.0,3.0,-0.5046908937604513
1617,Hull,Middlesbrough,14,9.0,9.0,0.0,-0.635061294557842
1617,Hull,Crystal Palace,15,4.0,7.0,-3.0,0.41725220718686806
1617,Hull,Tottenham,16,4.0,3.0,1.0,0.03414012587299897
1617,Hull,West Ham,17,2.0,2.0,0.0,0.2436866746063261
1617,Hull,Man City,18,9.0,8.0,1.0,-0.17253617323640374
1617,Hull,Everton,19,4.0,4.0,0.0,-0.0024320760944570585
1617,Hull,West Brom,20,2.0,2.0,0.0,0.23370994849820492
1617,Hull,Bournemouth,21,12.0,10.0,2.0,-0.016507966148435527
1617,Hull,Chelsea,22,8.0,7.0,1.0,-0.13609983725818403
1617,Hull,Man United,23,10.0,11.0,-1.0,-0.0667346403439541
1617,Hull,Liverpool,24,2.0,3.0,-1.0,1.1964637857392035
1617,Hull,Arsenal,25,6.0,7.0,-1.0,-0.189832730180591
1617,Hull,Burnley,26,14.0,13.0,1.0,-0.21465794384365822
1617,Hull,Leicester,27,7.0,4.0,3.0,0.3190126651769035
1617,Hull,Swansea,28,7.0,7.0,0.0,0.7879907936597255
1617,Hull,Everton,29,7.0,7.0,0.0,-0.16941269123956104
1617,Hull,West Ham,30,14.0,14.0,0.0,-0.31269184554759966
1617,Hull,Middlesbrough,31,4.0,3.0,1.0,1.1837173553751499
1617,Hull,Man City,32,2.0,2.0,0.0,-0.06833288512992036
1617,Hull,Stoke,33,7.0,7.0,0.0,0.39288830366182204
1617,Hull,Watford,34,7.0,7.0,0.0,0.4133495476359217
1617,Hull,Southampton,35,7.0,3.0,4.0,-0.1301599933957222
1617,Hull,Sunderland,36,7.0,7.0,0.0,-0.058119505702379115
1617,Hull,Crystal Palace,37,7.0,7.0,0.0,-0.28858999472674374
1617,Hull,Tottenham,38,7.0,2.0,5.0,0.15563941441584772
1617,Leicester,Arsenal,2,7.0,6.0,1.0,-0.4563776585459549
1617,Leicester,Swansea,3,6.0,7.0,-1.0,0.0934412626393839
1617,Leicester,Liverpool,4,14.0,14.0,0.0,0.5176904943284533
1617,Leicester,Burnley,5,6.0,7.0,-1.0,0.673190463732914
1617,Leicester,Man United,6,6.0,6.0,0.0,-0.2944300057371862
1617,Leicester,Southampton,7,8.0,6.0,2.0,-0.4811984395114282
1617,Leicester,Chelsea,8,12.0,13.0,-1.0,-0.38376790033572117
1617,Leicester,Crystal Palace,9,7.0,6.0,1.0,0.4623779477986647
1617,Leicester,Tottenham,10,7.0,7.0,0.0,0.06676326488375994
1617,Leicester,West Brom,11,8.0,8.0,0.0,-0.5379983860037862
1617,Leicester,Watford,12,12.0,13.0,-1.0,-0.600388722925421
1617,Leicester,Middlesbrough,13,7.0,5.0,2.0,-0.7926957058018782
1617,Leicester,Sunderland,14,6.0,6.0,0.0,-0.17082010799634184
1617,Leicester,Man City,15,7.0,7.0,0.0,1.9490629512992532
1617,Leicester,Bournemouth,16,3.0,3.0,0.0,0.43810508728156505
1617,Leicester,Stoke,17,3.0,2.0,1.0,0.2703634051067625
1617,Leicester,Everton,18,8.0,6.0,2.0,-0.697050892720511
1617,Leicester,West Ham,19,5.0,4.0,1.0,-0.2631562207357776
1617,Leicester,Middlesbrough,20,2.0,2.0,0.0,-0.5991752075218736
1617,Leicester,Chelsea,21,12.0,9.0,3.0,-0.5144634579418104
1617,Leicester,Southampton,22,7.0,7.0,0.0,0.17857434725295018
1617,Leicester,Burnley,23,9.0,9.0,0.0,-0.2954462799598997
1617,Leicester,Man United,24,4.0,3.0,1.0,-0.22006688076187203
1617,Leicester,Swansea,25,7.0,7.0,0.0,-0.5586133686477638
1617,Leicester,Liverpool,26,15.0,16.0,-1.0,0.6809311698014128
1617,Leicester,Hull,27,4.0,7.0,-3.0,0.2285899015136985
1617,Leicester,West Ham,28,14.0,7.0,7.0,1.0501748875253403
1617,Leicester,Stoke,29,14.0,14.0,0.0,0.7676056594656862
1617,Leicester,Sunderland,30,3.0,3.0,0.0,-0.6737582371928662
1617,Leicester,Everton,31,4.0,4.0,0.0,-0.04122535813995043
1617,Leicester,Crystal Palace,32,5.0,4.0,1.0,-0.5461167279535162
1617,Leicester,Arsenal,33,11.0,8.0,3.0,-0.22952990352009883
1617,Leicester,West Brom,34,2.0,13.0,-11.0,-0.3827208921969901
1617,Leicester,Watford,35,7.0,4.0,3.0,-0.263298461980104
1617,Leicester,Man City,36,6.0,7.0,-1.0,0.32762257203674705
1617,Leicester,Tottenham,37,5.0,4.0,1.0,-0.10004741821386554
1617,Leicester,Bournemouth,38,2.0,8.0,-6.0,0.9380468155957264
1617,Liverpool,Burnley,2,5.0,7.0,-2.0,-0.6961811081003115
1617,Liverpool,Tottenham,3,6.0,6.0,0.0,0.13520084623977313
1617,Liverpool,Leicester,4,14.0,14.0,0.0,0.8832098815106653
1617,Liverpool,Chelsea,5,6.0,5.0,1.0,0.551839294437654
1617,Liverpool,Hull,6,7.0,7.0,0.0,0.7086109282628632
1617,Liverpool,Swansea,7,6.0,7.0,-1.0,-0.6188722216373268
1617,Liverpool,Man United,8,16.0,15.0,1.0,-0.816666001465193
1617,Liverpool,West Brom,9,4.0,7.0,-3.0,0.512540020964998
1617,Liverpool,Crystal Palace,10,7.0,7.0,0.0,0.7127552356304954
1617,Liverpool,Watford,11,7.0,8.0,-1.0,2.246375412982236
1617,Liverpool,Southampton,12,13.0,13.0,0.0,0.5318833015183195
1617,Liverpool,Sunderland,13,7.0,7.0,0.0,-1.1836522562103926
1617,Liverpool,Bournemouth,14,7.0,6.0,1.0,-0.6231667002576333
1617,Liverpool,West Ham,15,7.0,7.0,0.0,-0.30260834579948437
1617,Liverpool,Middlesbrough,16,3.0,3.0,0.0,0.49217331660527797
1617,Liverpool,Everton,17,5.0,6.0,-1.0,0.5388487210814477
1617,Liverpool,Stoke,18,7.0,10.0,-3.0,-0.17575136987167284
1617,Liverpool,Man City,19,4.0,5.0,-1.0,-0.745843502421832
1617,Liverpool,Sunderland,20,1.0,2.0,-1.0,0.33399711594093184
1617,Liverpool,Man United,21,12.0,12.0,0.0,-0.1881945682269055
1617,Liverpool,Swansea,22,5.0,6.0,-1.0,-1.0623089166506934
1617,Liverpool,Chelsea,23,10.0,9.0,1.0,0.14593824049726112
1617,Liverpool,Hull,24,3.0,2.0,1.0,-0.8490240002043632
1617,Liverpool,Tottenham,25,7.0,7.0,0.0,1.1194116744419778
1617,Liverpool,Leicester,26,16.0,15.0,1.0,-0.7499023224389936
1617,Liverpool,Arsenal,27,4.0,21.0,-17.0,1.1623024253721064
1617,Liverpool,Burnley,28,7.0,8.0,-1.0,-1.0364149641596652
1617,Liverpool,Man City,29,7.0,10.0,-3.0,0.3613308119330967
1617,Liverpool,Everton,30,12.0,13.0,-1.0,-1.0150898451699395
1617,Liverpool,Bournemouth,31,4.0,4.0,0.0,-0.1403302149363812
1617,Liverpool,Stoke,32,2.0,3.0,-1.0,-0.4820672816108347
1617,Liverpool,West Brom,33,7.0,7.0,0.0,-0.15533694722250124
1617,Liverpool,Crystal Palace,34,7.0,8.0,-1.0,-1.0012134963429964
1617,Liverpool,Watford,35,8.0,9.0,-1.0,-1.0250649102537324
1617,Liverpool,Southampton,36,5.0,7.0,-2.0,-0.8174965396125992
1617,Liverpool,West Ham,37,7.0,8.0,-1.0,1.579952200038484
1617,Liverpool,Middlesbrough,38,7.0,8.0,-1.0,0.15716815048456523
1617,Man City,Stoke,2,6.0,6.0,0.0,-0.40304599937786545
1617,Man City,West Ham,3,8.0,7.0,1.0,0.6914263746797515
1617,Man City,Man United,4,12.0,13.0,-1.0,0.8166394003164055
1617,Man City,Bournemouth,5,7.0,7.0,0.0,0.5984391101125754
1617,Man City,Swansea,6,6.0,5.0,1.0,-0.45108298743682496
1617,Man City,Tottenham,7,8.0,7.0,1.0,-0.33160597479719
1617,Man City,Everton,8,13.0,14.0,-1.0,-0.8081996417693198
1617,Man City,Southampton,9,7.0,6.0,1.0,-0.5541565943319633
1617,Man City,West Brom,10,6.0,6.0,0.0,0.7251778866634584
1617,Man City,Middlesbrough,11,7.0,7.0,0.0,0.06957244147510311
1617,Man City,Crystal Palace,12,14.0,14.0,0.0,-0.4720817670605906
1617,Man City,Burnley,13,6.0,4.0,2.0,0.285302584833278
1617,Man City,Chelsea,14,7.0,6.0,1.0,0.9638092404361007
1617,Man City,Leicester,15,7.0,7.0,0.0,-0.886317712295996
1617,Man City,Watford,16,4.0,4.0,0.0,-0.7123236490818421
1617,Man City,Arsenal,17,3.0,4.0,-1.0,-0.3407499381791226
1617,Man City,Hull,18,8.0,9.0,-1.0,-0.9194710091979219
1617,Man City,Liverpool,19,5.0,4.0,1.0,-0.9497259149856562
1617,Man City,Burnley,20,1.0,1.0,0.0,-1.7974376345497611
1617,Man City,Everton,21,13.0,13.0,0.0,-1.045695625165767
1617,Man City,Tottenham,22,6.0,7.0,-1.0,1.006935791666997
1617,Man City,West Ham,23,11.0,11.0,0.0,-0.15790085922956387
1617,Man City,Swansea,24,3.0,4.0,-1.0,0.1032259593709437
1617,Man City,Bournemouth,25,8.0,9.0,-1.0,0.6759252280212946
1617,Man City,Sunderland,26,19.0,8.0,11.0,0.07109423755172495
1617,Man City,Stoke,27,3.0,4.0,-1.0,-0.9166548362677509
1617,Man City,Liverpool,28,10.0,7.0,3.0,0.959781259931437
1617,Man City,Arsenal,29,13.0,15.0,-2.0,-0.11791279636323426
1617,Man City,Chelsea,30,3.0,4.0,-1.0,1.2189171947427595
1617,Man City,Hull,31,2.0,2.0,0.0,-0.5784623633298751
1617,Man City,Southampton,32,7.0,7.0,0.0,1.3478486262486062
1617,Man City,Man United,33,12.0,4.0,8.0,0.10457235067575388
1617,Man City,Middlesbrough,34,2.0,3.0,-1.0,0.3649004479163842
1617,Man City,Crystal Palace,35,5.0,6.0,-1.0,0.41259345410980686
1617,Man City,Leicester,36,7.0,6.0,1.0,-1.047386245619549
1617,Man City,West Brom,37,3.0,4.0,-1.0,0.4308775865999408
1617,Man City,Watford,38,4.0,5.0,-1.0,1.3589122704635146
1617,Man United,Southampton,2,5.0,6.0,-1.0,-0.6709213257991566
1617,Man United,Hull,3,7.0,7.0,0.0,0.6938840150290806
1617,Man United,Man City,4,13.0,12.0,1.0,0.10710250153526801
1617,Man United,Watford,5,7.0,7.0,0.0,-0.010976720048224697
1617,Man United,Leicester,6,6.0,6.0,0.0,0.7575077197746523
1617,Man United,Stoke,7,7.0,7.0,0.0,1.1505327508498668
1617,Man United,Liverpool,8,15.0,16.0,-1.0,-0.4348692807721922
1617,Man United,Chelsea,9,5.0,8.0,-3.0,-0.03585728955935985
1617,Man United,Burnley,10,5.0,7.0,-2.0,0.9201849544668901
1617,Man United,Swansea,11,8.0,5.0,3.0,-0.6931965166726324
1617,Man United,Arsenal,12,12.0,13.0,-1.0,-0.8773433334341117
1617,Man United,West Ham,13,8.0,7.0,1.0,-0.441340513274761
1617,Man United,Everton,14,6.0,6.0,0.0,-0.6649801669139985
1617,Man United,Tottenham,15,6.0,7.0,-1.0,-0.08645738402834668
1617,Man United,Crystal Palace,16,3.0,4.0,-1.0,-0.1209303977280396
1617,Man United,West Brom,17,2.0,2.0,0.0,-0.32755875178354565
1617,Man United,Sunderland,18,8.0,9.0,-1.0,0.11725954175723352
1617,Man United,Middlesbrough,19,4.0,4.0,0.0,0.72754223312655
1617,Man United,West Ham,20,2.0,2.0,0.0,0.10928183846317086
1617,Man United,Liverpool,21,12.0,12.0,0.0,-0.15946876861552273
1617,Man United,Stoke,22,6.0,6.0,0.0,0.3881254808003436
1617,Man United,Hull,23,11.0,10.0,1.0,-0.6963695514081478
1617,Man United,Leicester,24,3.0,4.0,-1.0,0.6000616706358399
1617,Man United,Watford,25,5.0,7.0,-2.0,0.882234656116748
1617,Man United,Bournemouth,26,20.0,6.0,14.0,-0.3065778984704435
1617,Man United,Middlesbrough,27,14.0,14.0,0.0,0.9950364020184004
1617,Man United,West Brom,28,13.0,14.0,-1.0,-0.6188236830092917
1617,Man United,Everton,29,3.0,3.0,0.0,-0.564347487104807
1617,Man United,Sunderland,30,4.0,4.0,0.0,-0.1051497104069945
1617,Man United,Chelsea,31,7.0,7.0,0.0,-0.14655353579073216
1617,Man United,Burnley,32,6.0,7.0,-1.0,0.7747638386860387
1617,Man United,Man City,33,4.0,12.0,-8.0,-0.3160532604904785
1617,Man United,Swansea,34,2.0,7.0,-5.0,-0.8427783126258006
1617,Man United,Arsenal,35,7.0,6.0,1.0,-0.557759345442149
1617,Man United,Tottenham,36,7.0,8.0,-1.0,0.10993028050963793
1617,Man United,Southampton,37,3.0,4.0,-1.0,-0.5831946667981156
1617,Man United,Crystal Palace,38,3.0,7.0,-4.0,-0.6687164081634447
1617,Middlesbrough,Sunderland,2,7.0,7.0,0.0,-0.11558630999255204
1617,Middlesbrough,West Brom,3,7.0,7.0,0.0,-0.3101705722938099
1617,Middlesbrough,Crystal Palace,4,13.0,14.0,-1.0,-0.3088452046947687
1617,Middlesbrough,Everton,5,7.0,4.0,3.0,-0.47249959749155684
1617,Middlesbrough,Tottenham,6,6.0,5.0,1.0,-0.2508440398526253
1617,Middlesbrough,West Ham,7,7.0,5.0,2.0,0.022162320920838252
1617,Middlesbrough,Watford,8,14.0,14.0,0.0,-0.41242547879537683
1617,Middlesbrough,Arsenal,9,6.0,7.0,-1.0,0.9442480970451169
1617,Middlesbrough,Bournemouth,10,7.0,7.0,0.0,0.31969077694971637
1617,Middlesbrough,Man City,11,7.0,7.0,0.0,-0.18888711761687127
1617,Middlesbrough,Chelsea,12,15.0,14.0,1.0,0.04541247548900518
1617,Middlesbrough,Leicester,13,5.0,7.0,-2.0,-0.32269849278530977
1617,Middlesbrough,Hull,14,9.0,9.0,0.0,0.775017734227434
1617,Middlesbrough,Southampton,15,5.0,7.0,-2.0,-0.06763180672717711
1617,Middlesbrough,Liverpool,16,3.0,3.0,0.0,-0.48089127701967593
1617,Middlesbrough,Swansea,17,2.0,2.0,0.0,-0.16416326555142102
1617,Middlesbrough,Burnley,18,9.0,7.0,2.0,-0.09545823866284564
1617,Middlesbrough,Man United,19,4.0,4.0,0.0,0.21378334930875342
1617,Middlesbrough,Leicester,20,2.0,2.0,0.0,-0.21895867514178036
1617,Middlesbrough,Watford,21,12.0,10.0,2.0,-0.4429622714488017
1617,Middlesbrough,West Ham,22,6.0,6.0,0.0,-0.05827310893177784
1617,Middlesbrough,West Brom,23,10.0,10.0,0.0,-0.4457183298356522
1617,Middlesbrough,Tottenham,24,3.0,3.0,0.0,0.004866556587734938
1617,Middlesbrough,Everton,25,6.0,7.0,-1.0,-0.145755033089206
1617,Middlesbrough,Crystal Palace,26,14.0,14.0,0.0,0.07703140715178358
1617,Middlesbrough,Stoke,27,7.0,6.0,1.0,-0.4560843227519055
1617,Middlesbrough,Man United,28,14.0,14.0,0.0,0.5623271389548384
1617,Middlesbrough,Swansea,29,14.0,14.0,0.0,-0.1650153060941405
1617,Middlesbrough,Hull,30,3.0,4.0,-1.0,0.3476984274668844
1617,Middlesbrough,Burnley,31,2.0,3.0,-1.0,-0.2881171195904584
1617,Middlesbrough,Arsenal,32,9.0,7.0,2.0,0.9717278595144698
1617,Middlesbrough,Bournemouth,33,4.0,7.0,-3.0,-0.7100987745509482
1617,Middlesbrough,Sunderland,34,4.0,11.0,-7.0,-0.3627924727705929
1617,Middlesbrough,Man City,35,3.0,2.0,1.0,0.6901216357404549
1617,Middlesbrough,Chelsea,36,8.0,8.0,0.0,-0.34807737672848316
1617,Middlesbrough,Southampton,37,4.0,2.0,2.0,0.6410529614649026
1617,Middlesbrough,Liverpool,38,8.0,7.0,1.0,0.37512334009208026
1617,Southampton,Man United,2,6.0,5.0,1.0,-0.05261039527377798
1617,Southampton,Sunderland,3,7.0,6.0,1.0,-1.2219682861778596
1617,Southampton,Arsenal,4,14.0,14.0,0.0,0.2307295391897295
1617,Southampton,Swansea,5,7.0,6.0,1.0,0.4248018576305046
1617,Southampton,West Ham,6,7.0,8.0,-1.0,1.6962452124529657
1617,Southampton,Leicester,7,6.0,8.0,-2.0,-0.23416471835655361
1617,Southampton,Burnley,8,14.0,13.0,1.0,1.9482566291770116
1617,Southampton,Man City,9,6.0,7.0,-1.0,-0.0503735636168422
1617,Southampton,Chelsea,10,7.0,7.0,0.0,-0.37198948751253086
1617,Southampton,Hull,11,6.0,8.0,-2.0,-0.21182935602408515
1617,Southampton,Liverpool,12,13.0,13.0,0.0,-0.8980257410716426
1617,Southampton,Everton,13,8.0,8.0,0.0,1.5750325219623889
1617,Southampton,Crystal Palace,14,5.0,7.0,-2.0,-0.39674457577511224
1617,Southampton,Middlesbrough,15,7.0,5.0,2.0,0.2195661686526833
1617,Southampton,Stoke,16,3.0,4.0,-1.0,-0.40536499577022855
1617,Southampton,Bournemouth,17,3.0,4.0,-1.0,0.27784238533951466
1617,Southampton,Tottenham,18,10.0,10.0,0.0,-0.5419677408163435
1617,Southampton,West Brom,19,2.0,5.0,-3.0,-0.9656126172824507
1617,Southampton,Everton,20,1.0,2.0,-1.0,0.006079433703928938
1617,Southampton,Burnley,21,12.0,12.0,0.0,-0.2646015877629395
1617,Southampton,Leicester,22,7.0,7.0,0.0,0.3232952280985326
1617,Southampton,Swansea,23,9.0,10.0,-1.0,-0.5032674106602002
1617,Southampton,West Ham,24,3.0,2.0,1.0,-0.5080367696364161
1617,Southampton,Sunderland,25,7.0,7.0,0.0,0.22834769987017478
1617,Southampton,Watford,26,21.0,6.0,15.0,0.15024037502940035
1617,Southampton,Tottenham,27,14.0,14.0,0.0,0.06783470837437344
1617,Southampton,Bournemouth,28,13.0,14.0,-1.0,-0.7325707634411771
1617,Southampton,Crystal Palace,29,4.0,4.0,0.0,1.9211886319387905
1617,Southampton,West Brom,30,2.0,3.0,-1.0,-0.1815244241703502
1617,Southampton,Man City,31,7.0,7.0,0.0,-0.1354090329268698
1617,Southampton,Chelsea,32,10.0,9.0,1.0,0.6809459403238616
1617,Southampton,Hull,33,3.0,7.0,-4.0,-1.3267572667078609
1617,Southampton,Liverpool,34,7.0,5.0,2.0,-0.628055368660041
1617,Southampton,Arsenal,35,3.0,3.0,0.0,0.09580723899720422
1617,Southampton,Middlesbrough,36,2.0,4.0,-2.0,-0.468055281926823
1617,Southampton,Man United,37,4.0,3.0,1.0,0.08865656333316707
1617,Southampton,Stoke,38,3.0,7.0,-4.0,-0.026726239094941873
1617,Stoke,Man City,2,6.0,6.0,0.0,-0.16772517605463055
1617,Stoke,Everton,3,7.0,7.0,0.0,-0.7706543088741112
1617,Stoke,Tottenham,4,14.0,14.0,0.0,0.11593749422392552
1617,Stoke,Crystal Palace,5,7.0,7.0,0.0,0.09592383452867193
1617,Stoke,West Brom,6,6.0,7.0,-1.0,-0.2954768329516817
1617,Stoke,Man United,7,7.0,7.0,0.0,0.5655220507763493
1617,Stoke,Sunderland,8,13.0,14.0,-1.0,0.5450068579416976
1617,Stoke,Hull,9,7.0,7.0,0.0,-0.36957574571074314
1617,Stoke,Swansea,10,9.0,9.0,0.0,0.5169467850064364
1617,Stoke,West Ham,11,4.0,6.0,-2.0,-0.4124779888271961
1617,Stoke,Bournemouth,12,14.0,14.0,0.0,-0.811359503498216
1617,Stoke,Watford,13,7.0,7.0,0.0,-0.42670495525855
1617,Stoke,Burnley,14,6.0,7.0,-1.0,-0.3032918228244639
1617,Stoke,Arsenal,15,7.0,6.0,1.0,-0.36776592064234215
1617,Stoke,Southampton,16,4.0,3.0,1.0,-0.6791216312372704
1617,Stoke,Leicester,17,2.0,3.0,-1.0,0.40779596836784604
1617,Stoke,Liverpool,18,10.0,7.0,3.0,-0.3833939461783178
1617,Stoke,Chelsea,19,3.0,5.0,-2.0,0.23997604365572456
1617,Stoke,Watford,20,3.0,2.0,1.0,0.46783604435624393
1617,Stoke,Sunderland,21,10.0,12.0,-2.0,-0.2002162014112534
1617,Stoke,Man United,22,6.0,6.0,0.0,-0.4238386572883529
1617,Stoke,Everton,23,11.0,11.0,0.0,0.5627862850529455
1617,Stoke,West Brom,24,2.0,3.0,-1.0,0.06704514397687977
1617,Stoke,Crystal Palace,25,7.0,7.0,0.0,-0.6351276947575265
1617,Stoke,Tottenham,26,14.0,14.0,0.0,0.007316416452144869
1617,Stoke,Middlesbrough,27,6.0,7.0,-1.0,1.5363541123825735
1617,Stoke,Man City,28,4.0,3.0,1.0,-0.2483989561356773
1617,Stoke,Chelsea,29,9.0,11.0,-2.0,-0.5665633927279301
1617,Stoke,Leicester,30,14.0,14.0,0.0,0.2652501432845955
1617,Stoke,Burnley,31,3.0,3.0,0.0,0.0030750086343354077
1617,Stoke,Liverpool,32,3.0,2.0,1.0,1.1935883616957643
1617,Stoke,Hull,33,7.0,7.0,0.0,0.28854151900229663
1617,Stoke,Swansea,34,7.0,7.0,0.0,-0.4114748348026219
1617,Stoke,West Ham,35,7.0,7.0,0.0,-0.14272669794430093
1617,Stoke,Bournemouth,36,7.0,7.0,0.0,0.9510515327176636
1617,Stoke,Arsenal,37,7.0,2.0,5.0,0.19935199481926213
1617,Stoke,Southampton,38,7.0,3.0,4.0,0.15647089123212932
1617,Sunderland,Middlesbrough,2,7.0,7.0,0.0,0.45343856801194926
1617,Sunderland,Southampton,3,6.0,7.0,-1.0,0.049390260768275684
1617,Sunderland,Everton,4,16.0,16.0,0.0,0.21622147824147608
1617,Sunderland,Tottenham,5,5.0,8.0,-3.0,0.4436753325856445
1617,Sunderland,Crystal Palace,6,5.0,6.0,-1.0,0.5621396034075807
1617,Sunderland,West Brom,7,7.0,7.0,0.0,0.29704439343120737
1617,Sunderland,Stoke,8,14.0,13.0,1.0,-0.16821998323438847
1617,Sunderland,West Ham,9,7.0,6.0,1.0,-0.05062422072511208
1617,Sunderland,Arsenal,10,6.0,6.0,0.0,-0.6824831588392541
1617,Sunderland,Bournemouth,11,7.0,7.0,0.0,-0.5732575679905476
1617,Sunderland,Hull,12,14.0,13.0,1.0,-0.26342413150821176
1617,Sunderland,Liverpool,13,7.0,7.0,0.0,-0.25151160356539215
1617,Sunderland,Leicester,14,6.0,6.0,0.0,0.48066984944035895
1617,Sunderland,Swansea,15,7.0,7.0,0.0,-0.2725290536920568
1617,Sunderland,Chelsea,16,4.0,3.0,1.0,-0.05803444461575619
1617,Sunderland,Watford,17,2.0,2.0,0.0,0.16193862823213112
1617,Sunderland,Man United,18,9.0,8.0,1.0,0.04259641252984658
1617,Sunderland,Burnley,19,5.0,5.0,0.0,-0.3558515292076248
1617,Sunderland,Liverpool,20,2.0,1.0,1.0,-0.2763068734478102
1617,Sunderland,Stoke,21,12.0,10.0,2.0,0.21082930941450584
1617,Sunderland,West Brom,22,6.0,7.0,-1.0,-0.2903819255784998
1617,Sunderland,Tottenham,23,10.0,10.0,0.0,-0.40537504972242866
1617,Sunderland,Crystal Palace,24,3.0,3.0,0.0,0.059720241083894066
1617,Sunderland,Southampton,25,7.0,7.0,0.0,-0.5134953028690795
1617,Sunderland,Everton,26,14.0,14.0,0.0,-0.16697361580951353
1617,Sunderland,Man City,27,8.0,19.0,-11.0,0.2340020269511609
1617,Sunderland,Burnley,28,12.0,5.0,7.0,0.02665782266331984
1617,Sunderland,Watford,29,14.0,14.0,0.0,-0.4449988308533913
1617,Sunderland,Leicester,30,3.0,3.0,0.0,-0.07243980403537242
1617,Sunderland,Man United,31,4.0,4.0,0.0,0.4311368350930044
1617,Sunderland,West Ham,32,6.0,7.0,-1.0,0.08917836252023226
1617,Sunderland,Middlesbrough,33,11.0,4.0,7.0,-0.379745850624456
1617,Sunderland,Bournemouth,34,2.0,7.0,-5.0,0.5046334536946171
1617,Sunderland,Hull,35,7.0,7.0,0.0,0.9630492679862956
1617,Sunderland,Swansea,36,7.0,6.0,1.0,-0.11925106498269034
1617,Sunderland,Arsenal,37,3.0,3.0,0.0,-0.36082277456768663
1617,Sunderland,Chelsea,38,4.0,5.0,-1.0,0.25961544561455796
1617,Swansea,Hull,2,7.0,7.0,0.0,-0.3451257482952188
1617,Swansea,Leicester,3,7.0,6.0,1.0,-0.6183635975901183
1617,Swansea,Chelsea,4,15.0,15.0,0.0,-0.1816842155902832
1617,Swansea,Southampton,5,6.0,7.0,-1.0,-0.22001858362973958
1617,Swansea,Man City,6,5.0,6.0,-1.0,0.4946176291059641
1617,Swansea,Liverpool,7,7.0,6.0,1.0,1.84535828081497
1617,Swansea,Arsenal,8,14.0,12.0,2.0,0.9758483964370332
1617,Swansea,Watford,9,7.0,6.0,1.0,0.14129721807361384
1617,Swansea,Stoke,10,9.0,9.0,0.0,0.17587310267011635
1617,Swansea,Man United,11,5.0,8.0,-3.0,-0.1555868882588628
1617,Swansea,Everton,12,13.0,13.0,0.0,-0.5097804004970765
1617,Swansea,Crystal Palace,13,7.0,7.0,0.0,2.2302071992128885
1617,Swansea,Tottenham,14,7.0,6.0,1.0,-0.5985136805596447
1617,Swansea,Sunderland,15,7.0,7.0,0.0,-0.08355259466728082
1617,Swansea,West Brom,16,4.0,3.0,1.0,0.17750691464623036
1617,Swansea,Middlesbrough,17,2.0,2.0,0.0,-0.4077597312824228
1617,Swansea,West Ham,18,9.0,9.0,0.0,-0.33229031357664807
1617,Swansea,Bournemouth,19,5.0,5.0,0.0,-0.9065633556665564
1617,Swansea,Crystal Palace,20,3.0,2.0,1.0,0.23761125843351005
1617,Swansea,Arsenal,21,10.0,10.0,0.0,-0.4594147853048138
1617,Swansea,Liverpool,22,6.0,5.0,1.0,0.9409710356926873
1617,Swansea,Southampton,23,10.0,9.0,1.0,-0.11037241612063853
1617,Swansea,Man City,24,4.0,3.0,1.0,-0.3887814705294917
1617,Swansea,Leicester,25,7.0,7.0,0.0,-0.4659213795526449
1617,Swansea,Chelsea,26,12.0,13.0,-1.0,-0.2512875208769688
1617,Swansea,Burnley,27,7.0,7.0,0.0,0.2143555173902345
1617,Swansea,Hull,28,7.0,7.0,0.0,0.22780983917484132
1617,Swansea,Bournemouth,29,7.0,7.0,0.0,-0.7839866215326847
1617,Swansea,Middlesbrough,30,14.0,14.0,0.0,-0.5932075161990363
1617,Swansea,Tottenham,31,3.0,4.0,-1.0,0.09763746525309558
1617,Swansea,West Ham,32,2.0,2.0,0.0,-0.7432702792630668
1617,Swansea,Watford,33,7.0,7.0,0.0,-0.3313069653986358
1617,Swansea,Stoke,34,7.0,7.0,0.0,-0.6569164631491968
1617,Swansea,Man United,35,7.0,2.0,5.0,0.2301025079491792
1617,Swansea,Everton,36,6.0,6.0,0.0,1.0840625884802715
1617,Swansea,Sunderland,37,6.0,7.0,-1.0,-0.8840804428020335
1617,Swansea,West Brom,38,8.0,4.0,4.0,0.6497452795739662
1617,Tottenham,Crystal Palace,2,7.0,7.0,0.0,0.276854448694281
1617,Tottenham,Liverpool,3,6.0,6.0,0.0,-0.7905620552616353
1617,Tottenham,Stoke,4,14.0,14.0,0.0,1.1995355637122178
1617,Tottenham,Sunderland,5,8.0,5.0,3.0,-0.02919136109176179
1617,Tottenham,Middlesbrough,6,5.0,6.0,-1.0,-0.29980880489037554
1617,Tottenham,Man City,7,7.0,8.0,-1.0,-0.10834701717183015
1617,Tottenham,West Brom,8,13.0,14.0,-1.0,-0.19656972438758125
1617,Tottenham,Bournemouth,9,6.0,6.0,0.0,-1.2265502222008868
1617,Tottenham,Leicester,10,7.0,7.0,0.0,-1.0320296814635066
1617,Tottenham,Arsenal,11,7.0,8.0,-1.0,-0.8799383180159732
1617,Tottenham,West Ham,12,13.0,14.0,-1.0,-0.41358047901642747
1617,Tottenham,Chelsea,13,7.0,6.0,1.0,-0.4801733379898728
1617,Tottenham,Swansea,14,6.0,7.0,-1.0,0.8112160559058381
1617,Tottenham,Man United,15,7.0,6.0,1.0,-0.20643728934650563
1617,Tottenham,Hull,16,3.0,4.0,-1.0,0.3058475444235813
1617,Tottenham,Burnley,17,3.0,3.0,0.0,-0.5835968075484261
1617,Tottenham,Southampton,18,10.0,10.0,0.0,-0.35798895150906274
1617,Tottenham,Watford,19,3.0,5.0,-2.0,1.4135200136842037
1617,Tottenham,Chelsea,20,3.0,4.0,-1.0,-0.09619972412257938
1617,Tottenham,West Brom,21,9.0,11.0,-2.0,0.7933974505981629
1617,Tottenham,Man City,22,7.0,6.0,1.0,0.2691170511884372
1617,Tottenham,Sunderland,23,10.0,10.0,0.0,-1.4034322020933339
1617,Tottenham,Middlesbrough,24,3.0,3.0,0.0,-0.7618647052439633
1617,Tottenham,Liverpool,25,7.0,7.0,0.0,-0.5055150918041846
1617,Tottenham,Stoke,26,14.0,14.0,0.0,-0.033742555311742084
1617,Tottenham,Everton,27,7.0,7.0,0.0,-0.010587832262330288
1617,Tottenham,Southampton,28,14.0,14.0,0.0,-0.5963905935027616
1617,Tottenham,Burnley,29,13.0,14.0,-1.0,0.656079601133073
1617,Tottenham,Swansea,30,4.0,3.0,1.0,0.26112476967629616
1617,Tottenham,Watford,31,2.0,3.0,-1.0,-0.835001937062793
1617,Tottenham,Bournemouth,32,7.0,6.0,1.0,0.8708309644204713
1617,Tottenham,Crystal Palace,33,11.0,3.0,8.0,-0.6102313579537455
1617,Tottenham,Arsenal,34,3.0,3.0,0.0,1.0891399410921
1617,Tottenham,West Ham,35,5.0,6.0,-1.0,-1.334111661009849
1617,Tottenham,Man United,36,8.0,7.0,1.0,0.9718905598504728
1617,Tottenham,Leicester,37,4.0,5.0,-1.0,1.0413135722512696
1617,Tottenham,Hull,38,2.0,7.0,-5.0,1.828720282998463
1617,Watford,Chelsea,2,7.0,4.0,3.0,0.21038905852211853
1617,Watford,Arsenal,3,7.0,6.0,1.0,0.212500475216865
1617,Watford,West Ham,4,14.0,12.0,2.0,0.8954880460309779
1617,Watford,Man United,5,7.0,7.0,0.0,0.37391458702009917
1617,Watford,Burnley,6,8.0,9.0,-1.0,-0.14141617848743382
1617,Watford,Bournemouth,7,4.0,7.0,-3.0,-0.06362192211201778
1617,Watford,Middlesbrough,8,14.0,14.0,0.0,-0.8325681031708599
1617,Watford,Swansea,9,6.0,7.0,-1.0,-0.5763498297802914
1617,Watford,Hull,10,7.0,7.0,0.0,-0.2069462861371012
1617,Watford,Liverpool,11,8.0,7.0,1.0,0.16516704262828064
1617,Watford,Leicester,12,13.0,12.0,1.0,-0.338514720892358
1617,Watford,Stoke,13,7.0,7.0,0.0,-0.4918867749594641
1617,Watford,West Brom,14,6.0,7.0,-1.0,0.6593087933705827
1617,Watford,Everton,15,6.0,5.0,1.0,0.5722560768683205
1617,Watford,Man City,16,4.0,4.0,0.0,0.0381088094182091
1617,Watford,Sunderland,17,2.0,2.0,0.0,-0.045568009469880044
1617,Watford,Crystal Palace,18,8.0,9.0,-1.0,-0.8653603831446542
1617,Watford,Tottenham,19,5.0,3.0,2.0,0.5559379707312565
1617,Watford,Stoke,20,2.0,3.0,-1.0,-0.33368389513455476
1617,Watford,Middlesbrough,21,10.0,12.0,-2.0,-0.2933403309016439
1617,Watford,Bournemouth,22,6.0,6.0,0.0,0.02767199217038674
1617,Watford,Arsenal,23,10.0,9.0,1.0,0.2118497148790356
1617,Watford,Burnley,24,3.0,3.0,0.0,0.5393283834736771
1617,Watford,Man United,25,7.0,5.0,2.0,0.14302094346468652
1617,Watford,West Ham,26,14.0,14.0,0.0,-0.7233024206088823
1617,Watford,Southampton,27,6.0,21.0,-15.0,0.6065160085543331
1617,Watford,Crystal Palace,28,14.0,14.0,0.0,-0.6778319087025269
1617,Watford,Sunderland,29,14.0,14.0,0.0,0.5852060127739824
1617,Watford,West Brom,30,3.0,3.0,0.0,-0.3082671795066545
1617,Watford,Tottenham,31,3.0,2.0,1.0,-0.20758740315033858
1617,Watford,Swansea,32,7.0,7.0,0.0,-0.07165304143530338
1617,Watford,Hull,33,7.0,7.0,0.0,0.050843425733973824
1617,Watford,Liverpool,34,9.0,8.0,1.0,-0.30552039907605094
1617,Watford,Leicester,35,4.0,7.0,-3.0,-0.3515785871932666
1617,Watford,Everton,36,6.0,6.0,0.0,0.7970774051853717
1617,Watford,Chelsea,37,3.0,3.0,0.0,0.39824804849331336
1617,Watford,Man City,38,5.0,4.0,1.0,0.2635223919109271
1617,West Brom,Everton,2,7.0,7.0,0.0,1.0040668914399762
1617,West Brom,Middlesbrough,3,7.0,7.0,0.0,-0.5480407083885438
1617,West Brom,Bournemouth,4,13.0,14.0,-1.0,0.31523906034018445
1617,West Brom,West Ham,5,7.0,7.0,0.0,-0.11421093522910586
1617,West Brom,Stoke,6,7.0,6.0,1.0,-0.659719079126994
1617,West Brom,Sunderland,7,7.0,7.0,0.0,-0.35386840872743086
1617,West Brom,Tottenham,8,14.0,13.0,1.0,0.5237856648821027
1617,West Brom,Liverpool,9,7.0,4.0,3.0,0.017915948620637945
1617,West Brom,Man City,10,6.0,6.0,0.0,-0.023652673295637916
1617,West Brom,Leicester,11,8.0,8.0,0.0,-0.17059649658242693
1617,West Brom,Burnley,12,15.0,16.0,-1.0,0.16620501467618398
1617,West Brom,Hull,13,4.0,7.0,-3.0,0.18075002411127739
1617,West Brom,Watford,14,7.0,6.0,1.0,-0.021047650053605205
1617,West Brom,Chelsea,15,7.0,7.0,0.0,-0.32226160669664994
1617,West Brom,Swansea,16,3.0,4.0,-1.0,0.35822688938677794
1617,West Brom,Man United,17,2.0,2.0,0.0,-0.07206591305355248
1617,West Brom,Arsenal,18,8.0,7.0,1.0,-0.09135605189140861
1617,West Brom,Southampton,19,5.0,2.0,3.0,-0.047694161260544043
1617,West Brom,Hull,20,2.0,2.0,0.0,-0.6123424917914307
1617,West Brom,Tottenham,21,11.0,9.0,2.0,-0.4717249506156487
1617,West Brom,Sunderland,22,7.0,6.0,1.0,-0.18588820169446896
1617,West Brom,Middlesbrough,23,10.0,10.0,0.0,0.2364552087515992
1617,West Brom,Stoke,24,3.0,2.0,1.0,0.7100830203153325
1617,West Brom,West Ham,25,7.0,7.0,0.0,-0.2876383306469118
1617,West Brom,Bournemouth,26,14.0,11.0,3.0,0.18158680712854802
1617,West Brom,Crystal Palace,27,7.0,7.0,0.0,-0.798095299652918
1617,West Brom,Everton,28,7.0,6.0,1.0,-0.7012295266308329
1617,West Brom,Arsenal,29,6.0,13.0,-7.0,1.1634487005479461
1617,West Brom,Man United,30,14.0,13.0,1.0,-0.3487794716276705
1617,West Brom,Watford,31,3.0,3.0,0.0,0.5026054679854749
1617,West Brom,Southampton,32,3.0,2.0,1.0,1.1412622685572744
1617,West Brom,Liverpool,33,7.0,7.0,0.0,-0.22785167725396538
1617,West Brom,Leicester,34,13.0,2.0,11.0,-0.3575607926267447
1617,West Brom,Burnley,35,7.0,6.0,1.0,-0.1830198128437377
1617,West Brom,Chelsea,36,6.0,4.0,2.0,-0.12589514128611567
1617,West Brom,Man City,37,4.0,3.0,1.0,-0.11868723823226679
1617,West Brom,Swansea,38,4.0,8.0,-4.0,0.44370194289806375
1617,West Ham,Bournemouth,2,5.0,7.0,-2.0,-0.02576583468358895
1617,West Ham,Man City,3,7.0,8.0,-1.0,0.47554502591927106
1617,West Ham,Watford,4,12.0,14.0,-2.0,-0.11733993803346787
1617,West Ham,West Brom,5,7.0,7.0,0.0,0.5315350928074514
1617,West Ham,Southampton,6,8.0,7.0,1.0,-0.3583416582593377
1617,West Ham,Middlesbrough,7,5.0,7.0,-2.0,-0.6119308441916319
1617,West Ham,Crystal Palace,8,14.0,14.0,0.0,-0.27587783003139366
1617,West Ham,Sunderland,9,6.0,7.0,-1.0,-0.622462691270453
1617,West Ham,Everton,10,7.0,7.0,0.0,-0.05041169185628369
1617,West Ham,Stoke,11,6.0,4.0,2.0,-0.9644986549032584
1617,West Ham,Tottenham,12,14.0,13.0,1.0,0.24106407037779154
1617,West Ham,Man United,13,7.0,8.0,-1.0,0.08985536807630268
1617,West Ham,Arsenal,14,6.0,6.0,0.0,-0.26333294833459375
1617,West Ham,Liverpool,15,7.0,7.0,0.0,-0.15247900877698117
1617,West Ham,Burnley,16,3.0,4.0,-1.0,-0.7933890076609313
1617,West Ham,Hull,17,2.0,2.0,0.0,-0.6364961707132595
1617,West Ham,Swansea,18,9.0,9.0,0.0,2.0088468675328546
1617,West Ham,Leicester,19,4.0,5.0,-1.0,0.43915040806688177
1617,West Ham,Man United,20,2.0,2.0,0.0,-0.007864208522084026
1617,West Ham,Crystal Palace,21,11.0,10.0,1.0,0.3147769048211144
1617,West Ham,Middlesbrough,22,6.0,6.0,0.0,1.4349039092654328
1617,West Ham,Man City,23,11.0,11.0,0.0,-0.2503131545383333
1617,West Ham,Southampton,24,2.0,3.0,-1.0,0.058782252816536706
1617,West Ham,West Brom,25,7.0,7.0,0.0,-0.14907607313555093
1617,West Ham,Watford,26,14.0,14.0,0.0,0.30611650310506366
1617,West Ham,Chelsea,27,9.0,9.0,0.0,-0.33624172487617315
1617,West Ham,Bournemouth,28,4.0,7.0,-3.0,-0.15009065251697784
1617,West Ham,Leicester,29,7.0,14.0,-7.0,0.9203841553851508
1617,West Ham,Hull,30,14.0,14.0,0.0,-0.22137152998955867
1617,West Ham,Arsenal,31,4.0,3.0,1.0,-0.6316337225683805
1617,West Ham,Swansea,32,2.0,2.0,0.0,-0.505276312672043
1617,West Ham,Sunderland,33,7.0,6.0,1.0,-0.056466688259103615
1617,West Ham,Everton,34,7.0,7.0,0.0,-0.55060115538458
1617,West Ham,Stoke,35,7.0,7.0,0.0,-0.46629344192319466
1617,West Ham,Tottenham,36,6.0,5.0,1.0,1.2736825630555342
1617,West Ham,Liverpool,37,8.0,7.0,1.0,0.056802977090475326
1617,West Ham,Burnley,38,7.0,8.0,-1.0,0.45794957328299213
1718,Arsenal,Stoke,2,7.0,7.0,0.0,-0.7537627931856141
1718,Arsenal,Liverpool,3,7.0,8.0,-1.0,-0.606449336724968
1718,Arsenal,Bournemouth,4,12.0,14.0,-2.0,-0.19776780189301535
1718,Arsenal,Chelsea,5,7.0,7.0,0.0,0.28435141601580116
1718,Arsenal,West Brom,6,8.0,9.0,-1.0,-0.43522753295148897
1718,Arsenal,Brighton,7,5.0,6.0,-1.0,0.3009190759277969
1718,Arsenal,Watford,8,13.0,14.0,-1.0,-0.7407173027649184
1718,Arsenal,Everton,9,7.0,7.0,0.0,2.0514650691244034
1718,Arsenal,Swansea,10,6.0,7.0,-1.0,-0.07054125569602476
1718,Arsenal,Man City,11,7.0,7.0,0.0,-0.4640850652202081
1718,Arsenal,Tottenham,12,12.0,13.0,-1.0,0.8076700397158438
1718,Arsenal,Burnley,13,8.0,7.0,1.0,-0.7013133357765713
1718,Arsenal,Huddersfield,14,3.0,3.0,0.0,2.4001259802994914
1718,Arsenal,Man United,15,2.0,3.0,-1.0,2.407096423787621
1718,Arsenal,Southampton,16,7.0,6.0,1.0,-0.9675228885193417
1718,Arsenal,West Ham,17,3.0,4.0,-1.0,-0.8575108137772292
1718,Arsenal,Newcastle,18,2.0,2.0,0.0,-0.02198074113348847
1718,Arsenal,Liverpool,19,6.0,5.0,1.0,-0.20550809824165817
1718,Arsenal,Crystal Palace,20,6.0,5.0,1.0,0.020914550629025364
1718,Arsenal,West Brom,21,2.0,5.0,-3.0,-0.7700416149779935
1718,Arsenal,Chelsea,22,3.0,4.0,-1.0,-0.16140484921464182
1718,Arsenal,Bournemouth,23,10.0,13.0,-3.0,-1.1827615843288664
1718,Arsenal,Crystal Palace,24,6.0,7.0,-1.0,1.33595653491182
1718,Arsenal,Swansea,25,10.0,7.0,3.0,-0.8428381732565955
1718,Arsenal,Everton,26,3.0,2.0,1.0,0.9808270611301921
1718,Arsenal,Tottenham,27,6.0,5.0,1.0,-0.6841808923399403
1718,Arsenal,Man City,28,19.0,19.0,0.0,-0.44476504768293845
1718,Arsenal,Brighton,29,2.0,7.0,-5.0,-0.9761778878711932
1718,Arsenal,Watford,30,7.0,7.0,0.0,0.2647772192510818
1718,Arsenal,Stoke,31,21.0,14.0,7.0,-0.6017711656514089
1718,Arsenal,Southampton,32,6.0,7.0,-1.0,-0.34113291790738476
1718,Arsenal,Newcastle,33,6.0,7.0,-1.0,-0.25571105642110936
1718,Arsenal,West Ham,34,7.0,5.0,2.0,-0.22880535857272521
1718,Arsenal,Man United,35,7.0,10.0,-3.0,-0.8454542537839548
1718,Arsenal,Burnley,36,7.0,8.0,-1.0,0.8517922648031102
1718,Arsenal,Leicester,37,3.0,4.0,-1.0,-0.07626994027848699
1718,Arsenal,Huddersfield,38,3.0,3.0,0.0,0.63492990480881
1718,Bournemouth,Watford,2,7.0,7.0,0.0,-0.3997778881989251
1718,Bournemouth,Man City,3,6.0,4.0,2.0,-0.12729135788244667
1718,Bournemouth,Arsenal,4,14.0,12.0,2.0,-0.27419481689181013
1718,Bournemouth,Brighton,5,6.0,6.0,0.0,0.19609726843244357
1718,Bournemouth,Everton,6,7.0,5.0,2.0,-0.6115373928162211
1718,Bournemouth,Leicester,7,7.0,6.0,1.0,0.30572004633356875
1718,Bournemouth,Tottenham,8,14.0,14.0,0.0,-0.47018710996835444
1718,Bournemouth,Stoke,9,7.0,7.0,0.0,-0.8327025559797812
1718,Bournemouth,Chelsea,10,7.0,6.0,1.0,-0.312432676130428
1718,Bournemouth,Newcastle,11,6.0,4.0,2.0,0.3666257312733696
1718,Bournemouth,Huddersfield,12,14.0,14.0,0.0,0.24287743684290897
1718,Bournemouth,Swansea,13,7.0,7.0,0.0,-0.6519340950893467
1718,Bournemouth,Burnley,14,4.0,3.0,1.0,-0.2262875523232325
1718,Bournemouth,Southampton,15,3.0,3.0,0.0,0.048898079631965796
1718,Bournemouth,Crystal Palace,16,6.0,7.0,-1.0,-0.04011549737473985
1718,Bournemouth,Man United,17,4.0,3.0,1.0,-0.00872370580307491
1718,Bournemouth,Liverpool,18,3.0,3.0,0.0,-0.1969665507431907
1718,Bournemouth,Man City,19,5.0,6.0,-1.0,-0.10820249432812057
1718,Bournemouth,West Ham,20,3.0,3.0,0.0,1.5814961376994383
1718,Bournemouth,Everton,21,4.0,4.0,0.0,0.17935490051239333
1718,Bournemouth,Brighton,22,1.0,1.0,0.0,0.3033626291146376
1718,Bournemouth,Arsenal,23,13.0,10.0,3.0,-0.22058854408409767
1718,Bournemouth,West Ham,24,6.0,7.0,-1.0,-0.5332346852996901
1718,Bournemouth,Chelsea,25,11.0,11.0,0.0,0.7978313489656079
1718,Bournemouth,Stoke,26,2.0,2.0,0.0,0.4535883739748494
1718,Bournemouth,Huddersfield,27,7.0,7.0,0.0,-0.5012681712409823
1718,Bournemouth,Newcastle,28,13.0,13.0,0.0,0.07917726354658261
1718,Bournemouth,Leicester,29,7.0,7.0,0.0,-0.25032282756356194
1718,Bournemouth,Tottenham,30,8.0,8.0,0.0,0.38361575317285035
1718,Bournemouth,West Brom,31,5.0,7.0,-2.0,-0.45325398409540163
1718,Bournemouth,Watford,32,14.0,13.0,1.0,0.40102855666230297
1718,Bournemouth,Crystal Palace,33,6.0,7.0,-1.0,0.8644518093804867
1718,Bournemouth,Liverpool,34,7.0,7.0,0.0,-0.06045460322644991
1718,Bournemouth,Man United,35,4.0,3.0,1.0,0.17316861543926487
1718,Bournemouth,Southampton,36,9.0,8.0,1.0,0.1494489342046733
1718,Bournemouth,Swansea,37,7.0,6.0,1.0,0.34769804729291853
1718,Bournemouth,Burnley,38,8.0,6.0,2.0,0.45359922322041657
1718,Brighton,Leicester,2,6.0,7.0,-1.0,-0.6317509863638235
1718,Brighton,Watford,3,7.0,7.0,0.0,0.14700496084272285
1718,Brighton,West Brom,4,14.0,13.0,1.0,-0.5660164195334234
1718,Brighton,Bournemouth,5,6.0,6.0,0.0,-0.14677747275658382
1718,Brighton,Newcastle,6,8.0,8.0,0.0,-0.44589091376942447
1718,Brighton,Arsenal,7,6.0,5.0,1.0,-0.3336746393518667
1718,Brighton,Everton,8,14.0,13.0,1.0,0.02704125755140696
1718,Brighton,West Ham,9,5.0,6.0,-1.0,0.34698045009749356
1718,Brighton,Southampton,10,8.0,7.0,1.0,0.6064117572911913
1718,Brighton,Swansea,11,6.0,7.0,-1.0,-0.056087884598944204
1718,Brighton,Stoke,12,16.0,16.0,0.0,-0.7422552765467737
1718,Brighton,Man United,13,4.0,6.0,-2.0,-0.13213967437401875
1718,Brighton,Crystal Palace,14,3.0,3.0,0.0,-0.5630828393447168
1718,Brighton,Liverpool,15,3.0,2.0,1.0,0.2751281022683455
1718,Brighton,Huddersfield,16,7.0,7.0,0.0,-0.5166788268264575
1718,Brighton,Tottenham,17,4.0,4.0,0.0,-0.22998897820279107
1718,Brighton,Burnley,18,2.0,3.0,-1.0,-0.23602581926932464
1718,Brighton,Watford,19,7.0,7.0,0.0,0.41501968278540324
1718,Brighton,Chelsea,20,3.0,3.0,0.0,-0.07728555042007518
1718,Brighton,Newcastle,21,4.0,2.0,2.0,-0.1482371819879027
1718,Brighton,Bournemouth,22,1.0,1.0,0.0,1.1227652253826188
1718,Brighton,West Brom,23,12.0,10.0,2.0,-0.25533206523388996
1718,Brighton,Chelsea,24,6.0,6.0,0.0,0.23218531006942567
1718,Brighton,Southampton,25,11.0,10.0,1.0,-0.41604513367381096
1718,Brighton,West Ham,26,2.0,3.0,-1.0,0.5702301308285487
1718,Brighton,Stoke,27,7.0,7.0,0.0,-0.10830364696716588
1718,Brighton,Swansea,28,14.0,14.0,0.0,1.3898517087643933
1718,Brighton,Arsenal,29,7.0,2.0,5.0,0.6031246214865671
1718,Brighton,Everton,30,6.0,7.0,-1.0,-0.5206464583326003
1718,Brighton,Leicester,31,21.0,21.0,0.0,-0.08244056743770356
1718,Brighton,Huddersfield,32,6.0,6.0,0.0,0.5642749112060549
1718,Brighton,Crystal Palace,33,7.0,7.0,0.0,0.6971434298428687
1718,Brighton,Tottenham,34,3.0,3.0,0.0,-0.44131013506800254
1718,Brighton,Burnley,35,10.0,6.0,4.0,-0.4096161018539941
1718,Brighton,Man United,36,6.0,5.0,1.0,0.06884766339599557
1718,Brighton,Man City,37,5.0,3.0,2.0,0.6347052717785822
1718,Brighton,Liverpool,38,3.0,6.0,-3.0,-0.46743022334876144
1718,Burnley,West Brom,2,7.0,7.0,0.0,0.38289607141656934
1718,Burnley,Tottenham,3,8.0,7.0,1.0,0.11018662685634306
1718,Burnley,Crystal Palace,4,13.0,14.0,-1.0,-0.637747793294339
1718,Burnley,Liverpool,5,6.0,7.0,-1.0,-0.18795868333905286
1718,Burnley,Huddersfield,6,7.0,7.0,0.0,-0.6255969351742239
1718,Burnley,Everton,7,7.0,7.0,0.0,-0.48186102777841244
1718,Burnley,West Ham,8,13.0,14.0,-1.0,-0.39962030767381684
1718,Burnley,Man City,9,7.0,7.0,0.0,-0.23649968514518638
1718,Burnley,Newcastle,10,9.0,9.0,0.0,0.047396932607065456
1718,Burnley,Southampton,11,4.0,6.0,-2.0,-0.6165878267210929
1718,Burnley,Swansea,12,14.0,14.0,0.0,0.37075629619811523
1718,Burnley,Arsenal,13,7.0,8.0,-1.0,-0.5035994129877802
1718,Burnley,Bournemouth,14,3.0,4.0,-1.0,0.03578197580138842
1718,Burnley,Leicester,15,2.0,3.0,-1.0,0.013600572505820474
1718,Burnley,Watford,16,7.0,7.0,0.0,-0.5281297209427909
1718,Burnley,Stoke,17,3.0,3.0,0.0,-0.9064534913262562
1718,Burnley,Brighton,18,3.0,2.0,1.0,0.47442503881004516
1718,Burnley,Tottenham,19,7.0,7.0,0.0,-0.5270620958844224
1718,Burnley,Man United,20,2.0,2.0,0.0,0.06964082809965777
1718,Burnley,Huddersfield,21,4.0,4.0,0.0,0.39679040634830864
1718,Burnley,Liverpool,22,2.0,2.0,0.0,0.26069475975489576
1718,Burnley,Crystal Palace,23,12.0,10.0,2.0,0.03660170431517085
1718,Burnley,Man United,24,7.0,4.0,3.0,-0.3094217011057856
1718,Burnley,Newcastle,25,11.0,11.0,0.0,0.4283716396981546
1718,Burnley,Man City,26,2.0,2.0,0.0,0.32432504093569636
1718,Burnley,Swansea,27,7.0,7.0,0.0,-0.5261400735743613
1718,Burnley,Southampton,28,14.0,12.0,2.0,0.35789888880767096
1718,Burnley,Everton,29,6.0,6.0,0.0,1.2747883110591982
1718,Burnley,West Ham,30,7.0,7.0,0.0,0.5196834703191571
1718,Burnley,West Brom,31,21.0,14.0,7.0,0.6074130989452439
1718,Burnley,Watford,32,6.0,6.0,0.0,0.5554734163477344
1718,Burnley,Leicester,33,7.0,7.0,0.0,0.10934950652282238
1718,Burnley,Chelsea,34,5.0,5.0,0.0,-0.44536904006690037
1718,Burnley,Stoke,35,2.0,5.0,-3.0,0.5789894016233046
1718,Burnley,Brighton,36,6.0,10.0,-4.0,0.5037611269752156
1718,Burnley,Arsenal,37,8.0,7.0,1.0,-0.5233024562139577
1718,Burnley,Bournemouth,38,6.0,8.0,-2.0,-0.12349255394928238
1718,Chelsea,Tottenham,2,8.0,7.0,1.0,-0.13880241589946507
1718,Chelsea,Everton,3,6.0,5.0,1.0,-0.6705658027534804
1718,Chelsea,Leicester,4,13.0,13.0,0.0,-0.3069943616883082
1718,Chelsea,Arsenal,5,7.0,7.0,0.0,-0.8108846303813614
1718,Chelsea,Stoke,6,6.0,7.0,-1.0,-0.19659194701522908
1718,Chelsea,Man City,7,7.0,7.0,0.0,0.09296290894471948
1718,Chelsea,Crystal Palace,8,13.0,14.0,-1.0,-0.8601815347484986
1718,Chelsea,Watford,9,7.0,7.0,0.0,0.02370736191383549
1718,Chelsea,Bournemouth,10,6.0,7.0,-1.0,-0.037688877995197156
1718,Chelsea,Man United,11,7.0,8.0,-1.0,0.31851027920569686
1718,Chelsea,West Brom,12,12.0,14.0,-2.0,0.31488570602589516
1718,Chelsea,Liverpool,13,7.0,7.0,0.0,-0.16660445515842937
1718,Chelsea,Swansea,14,4.0,4.0,0.0,0.2661432978731497
1718,Chelsea,Newcastle,15,2.0,3.0,-1.0,0.6164381430900012
1718,Chelsea,West Ham,16,7.0,5.0,2.0,-0.3724096406244297
1718,Chelsea,Huddersfield,17,3.0,3.0,0.0,0.4606636646264237
1718,Chelsea,Southampton,18,3.0,2.0,1.0,-0.31326959369987883
1718,Chelsea,Everton,19,6.0,4.0,2.0,0.346997565432015
1718,Chelsea,Brighton,20,3.0,3.0,0.0,0.3605430246517527
1718,Chelsea,Stoke,21,4.0,4.0,0.0,0.13599546503591053
1718,Chelsea,Arsenal,22,4.0,3.0,1.0,1.0312951890871864
1718,Chelsea,Leicester,23,9.0,12.0,-3.0,-1.026112995533999
1718,Chelsea,Brighton,24,6.0,6.0,0.0,0.04323270736061713
1718,Chelsea,Bournemouth,25,11.0,11.0,0.0,-1.0827328919359676
1718,Chelsea,Watford,26,5.0,5.0,0.0,-0.8629934432091227
1718,Chelsea,West Brom,27,7.0,9.0,-2.0,0.6625734652684561
1718,Chelsea,Man United,28,12.0,13.0,-1.0,0.4459254351209845
1718,Chelsea,Man City,29,7.0,2.0,5.0,-0.5500446255396059
1718,Chelsea,Crystal Palace,30,6.0,4.0,2.0,2.026315941945912
1718,Chelsea,Tottenham,31,21.0,21.0,0.0,0.017023553020901527
1718,Chelsea,West Ham,32,6.0,8.0,-2.0,0.20847390040956437
1718,Chelsea,Southampton,33,5.0,5.0,0.0,-0.645368178664656
1718,Chelsea,Burnley,34,5.0,5.0,0.0,0.3660565617430642
1718,Chelsea,Swansea,35,8.0,6.0,2.0,-0.20644212786002947
1718,Chelsea,Liverpool,36,8.0,8.0,0.0,-0.30419232970515564
1718,Chelsea,Huddersfield,37,3.0,3.0,0.0,0.5255910227290193
1718,Chelsea,Newcastle,38,3.0,3.0,0.0,-0.5450036484700881
1718,Crystal Palace,Liverpool,2,7.0,7.0,0.0,-0.05586792860338352
1718,Crystal Palace,Swansea,3,7.0,7.0,0.0,-0.93827108163885
1718,Crystal Palace,Burnley,4,14.0,13.0,1.0,0.515576528432685
1718,Crystal Palace,Southampton,5,5.0,6.0,-1.0,0.6471550212364787
1718,Crystal Palace,Man City,6,7.0,7.0,0.0,0.03361134134119215
1718,Crystal Palace,Man United,7,7.0,7.0,0.0,-0.8301147401199327
1718,Crystal Palace,Chelsea,8,14.0,13.0,1.0,0.5186081302377366
1718,Crystal Palace,Newcastle,9,7.0,5.0,2.0,-0.6325442108042294
1718,Crystal Palace,West Ham,10,7.0,7.0,0.0,0.5034865125297641
1718,Crystal Palace,Tottenham,11,7.0,7.0,0.0,0.2614172565652142
1718,Crystal Palace,Everton,12,13.0,12.0,1.0,0.4397799675003129
1718,Crystal Palace,Stoke,13,7.0,4.0,3.0,-0.41566229073354655
1718,Crystal Palace,Brighton,14,3.0,3.0,0.0,-0.6916029181738562
1718,Crystal Palace,West Brom,15,3.0,3.0,0.0,-0.40217227712373416
1718,Crystal Palace,Bournemouth,16,7.0,6.0,1.0,1.1625767091200683
1718,Crystal Palace,Watford,17,3.0,3.0,0.0,-0.41459270835010886
1718,Crystal Palace,Leicester,18,3.0,2.0,1.0,1.0956679153314837
1718,Crystal Palace,Swansea,19,7.0,4.0,3.0,-0.940443402374765
1718,Crystal Palace,Arsenal,20,5.0,6.0,-1.0,-0.21376030844437555
1718,Crystal Palace,Man City,21,2.0,3.0,-1.0,0.2532101483929021
1718,Crystal Palace,Southampton,22,2.0,3.0,-1.0,0.21189011998010443
1718,Crystal Palace,Burnley,23,10.0,12.0,-2.0,0.3223706107269184
1718,Crystal Palace,Arsenal,24,7.0,6.0,1.0,-0.6083787968663265
1718,Crystal Palace,West Ham,25,10.0,10.0,0.0,-0.1907874704906014
1718,Crystal Palace,Newcastle,26,4.0,3.0,1.0,0.772235118452955
1718,Crystal Palace,Everton,27,6.0,6.0,0.0,-0.40220669946728826
1718,Crystal Palace,Tottenham,28,14.0,14.0,0.0,-0.844831245488842
1718,Crystal Palace,Man United,29,8.0,8.0,0.0,-0.5745557278312311
1718,Crystal Palace,Chelsea,30,4.0,6.0,-2.0,0.322350087606314
1718,Crystal Palace,Huddersfield,31,6.0,7.0,-1.0,0.7677413542757456
1718,Crystal Palace,Liverpool,32,13.0,13.0,0.0,0.1882417113679562
1718,Crystal Palace,Bournemouth,33,7.0,6.0,1.0,-0.42791107025240693
1718,Crystal Palace,Brighton,34,7.0,7.0,0.0,0.936568390638441
1718,Crystal Palace,Watford,35,7.0,7.0,0.0,-1.0587600908742196
1718,Crystal Palace,Leicester,36,7.0,8.0,-1.0,0.601751498103962
1718,Crystal Palace,Stoke,37,6.0,7.0,-1.0,-0.23582898938021235
1718,Crystal Palace,West Brom,38,8.0,8.0,0.0,0.8812096379638616
1718,Everton,Man City,2,9.0,9.0,0.0,0.15903774946773974
1718,Everton,Chelsea,3,5.0,6.0,-1.0,-0.2965524090898129
1718,Everton,Tottenham,4,13.0,12.0,1.0,0.3655128937252551
1718,Everton,Man United,5,8.0,7.0,1.0,0.2429790378518939
1718,Everton,Bournemouth,6,5.0,7.0,-2.0,0.7401240335872876
1718,Everton,Burnley,7,7.0,7.0,0.0,-0.2013658011098597
1718,Everton,Brighton,8,13.0,14.0,-1.0,-0.27974308557986416
1718,Everton,Arsenal,9,7.0,7.0,0.0,-0.2261741535082109
1718,Everton,Leicester,10,7.0,8.0,-1.0,-0.312526006607894
1718,Everton,Watford,11,7.0,8.0,-1.0,0.6583452812859985
1718,Everton,Crystal Palace,12,12.0,13.0,-1.0,-0.07088623493184032
1718,Everton,Southampton,13,7.0,7.0,0.0,-0.715484431385843
1718,Everton,West Ham,14,3.0,5.0,-2.0,-0.3529319458423197
1718,Everton,Huddersfield,15,2.0,2.0,0.0,-0.3186492803090678
1718,Everton,Liverpool,16,7.0,7.0,0.0,-0.5357084884133515
1718,Everton,Newcastle,17,3.0,4.0,-1.0,0.4718255253039666
1718,Everton,Swansea,18,5.0,5.0,0.0,-0.8662811632935195
1718,Everton,Chelsea,19,4.0,6.0,-2.0,-0.42088219691543016
1718,Everton,West Brom,20,3.0,3.0,0.0,-0.5187653849732394
1718,Everton,Bournemouth,21,4.0,4.0,0.0,-0.6012680909185716
1718,Everton,Man United,22,2.0,2.0,0.0,0.23520813410262376
1718,Everton,Tottenham,23,12.0,8.0,4.0,-0.35134908448413255
1718,Everton,West Brom,24,6.0,7.0,-1.0,-0.20879852395483522
1718,Everton,Leicester,25,11.0,11.0,0.0,0.44341649855833154
1718,Everton,Arsenal,26,2.0,3.0,-1.0,0.6438266051361172
1718,Everton,Crystal Palace,27,6.0,6.0,0.0,0.26682488857296316
1718,Everton,Watford,28,14.0,14.0,0.0,-0.28205944458991206
1718,Everton,Burnley,29,6.0,6.0,0.0,0.8731220226417626
1718,Everton,Brighton,30,7.0,6.0,1.0,-0.2651103948224529
1718,Everton,Stoke,31,7.0,4.0,3.0,1.7954507578753827
1718,Everton,Man City,32,14.0,18.0,-4.0,0.3199062306232048
1718,Everton,Liverpool,33,6.0,6.0,0.0,-0.008686694913257687
1718,Everton,Swansea,34,7.0,7.0,0.0,0.5195796243045137
1718,Everton,Newcastle,35,9.0,8.0,1.0,-0.1725761522977256
1718,Everton,Huddersfield,36,4.0,14.0,-10.0,0.014049575377394263
1718,Everton,Southampton,37,7.0,7.0,0.0,-0.6363400404519756
1718,Everton,West Ham,38,7.0,2.0,5.0,0.6492172534832734
1718,Huddersfield,Newcastle,2,7.0,7.0,0.0,-0.6481172998522424
1718,Huddersfield,Southampton,3,6.0,7.0,-1.0,0.6530671156475442
1718,Huddersfield,West Ham,4,16.0,16.0,0.0,-0.5009703777352617
1718,Huddersfield,Leicester,5,4.0,7.0,-3.0,-0.18718104399068136
1718,Huddersfield,Burnley,6,7.0,7.0,0.0,-0.4439618327003598
1718,Huddersfield,Tottenham,7,6.0,7.0,-1.0,-0.4448784167554181
1718,Huddersfield,Swansea,8,14.0,14.0,0.0,-0.2977104236493212
1718,Huddersfield,Man United,9,7.0,7.0,0.0,0.4476532952405644
1718,Huddersfield,Liverpool,10,7.0,5.0,2.0,-0.4324487377379777
1718,Huddersfield,West Brom,11,7.0,7.0,0.0,-0.6638628125632682
1718,Huddersfield,Bournemouth,12,14.0,14.0,0.0,0.1830643910949037
1718,Huddersfield,Man City,13,8.0,8.0,0.0,0.09714089236392776
1718,Huddersfield,Arsenal,14,3.0,3.0,0.0,-0.21551805185336903
1718,Huddersfield,Everton,15,2.0,2.0,0.0,-0.5853367486902629
1718,Huddersfield,Brighton,16,7.0,7.0,0.0,1.7077483463607424
1718,Huddersfield,Chelsea,17,3.0,3.0,0.0,-0.14629657172957128
1718,Huddersfield,Watford,18,3.0,3.0,0.0,1.9576028955488276
1718,Huddersfield,Southampton,19,7.0,7.0,0.0,0.3892013823829389
1718,Huddersfield,Stoke,20,3.0,3.0,0.0,0.6925499568553597
1718,Huddersfield,Burnley,21,4.0,4.0,0.0,-0.8774478124508845
1718,Huddersfield,Leicester,22,2.0,2.0,0.0,-0.4980258925366776
1718,Huddersfield,West Ham,23,12.0,8.0,4.0,-0.3481837616405985
1718,Huddersfield,Stoke,24,7.0,4.0,3.0,-0.7274791820536586
1718,Huddersfield,Liverpool,25,10.0,8.0,2.0,-0.3095523011036038
1718,Huddersfield,Man United,26,3.0,2.0,1.0,-0.5388497832737074
1718,Huddersfield,Bournemouth,27,7.0,7.0,0.0,0.6052976850246703
1718,Huddersfield,West Brom,28,13.0,11.0,2.0,0.42633812829309015
1718,Huddersfield,Tottenham,29,7.0,6.0,1.0,-0.3856877505725173
1718,Huddersfield,Swansea,30,7.0,7.0,0.0,0.2991157308419101
1718,Huddersfield,Crystal Palace,31,7.0,6.0,1.0,-0.776358729546236
1718,Huddersfield,Newcastle,32,14.0,21.0,-7.0,-0.46633487830471326
1718,Huddersfield,Brighton,33,6.0,6.0,0.0,0.6947949725306805
1718,Huddersfield,Watford,34,7.0,7.0,0.0,-0.017426955009326117
1718,Huddersfield,Everton,35,14.0,4.0,10.0,-0.42517132327308127
1718,Huddersfield,Man City,36,7.0,7.0,0.0,0.18594375295693216
1718,Huddersfield,Chelsea,37,3.0,3.0,0.0,0.12231731379700517
1718,Huddersfield,Arsenal,38,3.0,3.0,0.0,0.4637078709365541
1718,Leicester,Brighton,2,7.0,6.0,1.0,0.4295171246265248
1718,Leicester,Man United,3,7.0,7.0,0.0,-0.3291603297144797
1718,Leicester,Chelsea,4,13.0,13.0,0.0,-0.3427252878929282
1718,Leicester,Huddersfield,5,7.0,4.0,3.0,-0.6528012067079069
1718,Leicester,Liverpool,6,7.0,7.0,0.0,1.2339075571357376
1718,Leicester,Bournemouth,7,6.0,7.0,-1.0,-0.8692827857028724
1718,Leicester,West Brom,8,16.0,16.0,0.0,-0.41626596580956576
1718,Leicester,Swansea,9,4.0,7.0,-3.0,0.4731557408372147
1718,Leicester,Everton,10,8.0,7.0,1.0,-0.11181845118339862
1718,Leicester,Stoke,11,5.0,6.0,-1.0,-0.04710449665046834
1718,Leicester,Man City,12,14.0,13.0,1.0,-0.5609752859814741
1718,Leicester,West Ham,13,6.0,5.0,1.0,-0.8012429200885922
1718,Leicester,Tottenham,14,3.0,3.0,0.0,-0.033615976764979405
1718,Leicester,Burnley,15,3.0,2.0,1.0,0.22876101799545423
1718,Leicester,Newcastle,16,7.0,7.0,0.0,-0.6719001468704215
1718,Leicester,Southampton,17,4.0,3.0,1.0,1.1933787478396478
1718,Leicester,Crystal Palace,18,2.0,3.0,-1.0,-0.730500523481937
1718,Leicester,Man United,19,7.0,6.0,1.0,0.3402074784508624
1718,Leicester,Watford,20,2.0,3.0,-1.0,0.3929139670421018
1718,Leicester,Liverpool,21,4.0,3.0,1.0,0.06089092276903374
1718,Leicester,Huddersfield,22,2.0,2.0,0.0,0.062485982592292766
1718,Leicester,Chelsea,23,12.0,9.0,3.0,0.6036045278698821
1718,Leicester,Watford,24,7.0,7.0,0.0,-0.6562035338639632
1718,Leicester,Everton,25,11.0,11.0,0.0,0.6810285007641965
1718,Leicester,Swansea,26,2.0,3.0,-1.0,-0.1503875111043138
1718,Leicester,Man City,27,7.0,7.0,0.0,-0.4275452431859786
1718,Leicester,Stoke,28,13.0,13.0,0.0,-0.6421466758460921
1718,Leicester,Bournemouth,29,7.0,7.0,0.0,1.184816800568037
1718,Leicester,West Brom,30,7.0,7.0,0.0,0.7380537158479814
1718,Leicester,Brighton,31,21.0,21.0,0.0,0.07863064449450508
1718,Leicester,Newcastle,32,6.0,6.0,0.0,-0.27460130540187744
1718,Leicester,Burnley,33,7.0,7.0,0.0,0.8681690999632017
1718,Leicester,Southampton,34,5.0,5.0,0.0,-0.7737128148504274
1718,Leicester,Crystal Palace,35,8.0,7.0,1.0,-0.27413328667840076
1718,Leicester,West Ham,36,7.0,6.0,1.0,-1.1454622899344864
1718,Leicester,Arsenal,37,4.0,3.0,1.0,0.17234566306938737
1718,Leicester,Tottenham,38,3.0,3.0,0.0,0.4912458402335915
1718,Liverpool,Crystal Palace,2,7.0,7.0,0.0,0.40174265157751465
1718,Liverpool,Arsenal,3,8.0,7.0,1.0,1.3806873122842034
1718,Liverpool,Man City,4,12.0,14.0,-2.0,-0.2182686282440205
1718,Liverpool,Burnley,5,7.0,6.0,1.0,-0.08841706996741738
1718,Liverpool,Leicester,6,7.0,7.0,0.0,0.14924500266436302
1718,Liverpool,Newcastle,7,7.0,7.0,0.0,-0.19036210593271963
1718,Liverpool,Man United,8,12.0,13.0,-1.0,-0.08641280648090466
1718,Liverpool,Tottenham,9,8.0,8.0,0.0,-0.6186898746513635
1718,Liverpool,Huddersfield,10,5.0,7.0,-2.0,-0.919699015213242
1718,Liverpool,West Ham,11,7.0,7.0,0.0,0.8134650469930351
1718,Liverpool,Southampton,12,13.0,14.0,-1.0,-0.056754555227610304
1718,Liverpool,Chelsea,13,7.0,7.0,0.0,-0.026545329756088032
1718,Liverpool,Stoke,14,4.0,4.0,0.0,0.21518508566150052
1718,Liverpool,Brighton,15,2.0,3.0,-1.0,-0.17651493170320198
1718,Liverpool,Everton,16,7.0,7.0,0.0,-0.537148345879674
1718,Liverpool,West Brom,17,3.0,4.0,-1.0,-0.13096921686670804
1718,Liverpool,Bournemouth,18,3.0,3.0,0.0,0.8429075099108658
1718,Liverpool,Arsenal,19,5.0,6.0,-1.0,0.36176825773192745
1718,Liverpool,Swansea,20,3.0,3.0,0.0,0.375601921915504
1718,Liverpool,Leicester,21,3.0,4.0,-1.0,0.3862565229899477
1718,Liverpool,Burnley,22,2.0,2.0,0.0,-0.23291390764144082
1718,Liverpool,Man City,23,13.0,11.0,2.0,-0.06607795738570155
1718,Liverpool,Swansea,24,8.0,9.0,-1.0,0.001546014325535694
1718,Liverpool,Huddersfield,25,8.0,10.0,-2.0,-0.573540671598282
1718,Liverpool,Tottenham,26,4.0,3.0,1.0,-0.28599756761905226
1718,Liverpool,Southampton,27,7.0,8.0,-1.0,0.6251997261264335
1718,Liverpool,West Ham,28,12.0,14.0,-2.0,1.3927786579068946
1718,Liverpool,Newcastle,29,7.0,7.0,0.0,-0.6782386594231475
1718,Liverpool,Man United,30,6.0,4.0,2.0,-0.8668394395586433
1718,Liverpool,Watford,31,7.0,6.0,1.0,-0.5136444191463307
1718,Liverpool,Crystal Palace,32,13.0,13.0,0.0,-0.2784045333341092
1718,Liverpool,Everton,33,6.0,6.0,0.0,-1.039043845534931
1718,Liverpool,Bournemouth,34,7.0,7.0,0.0,-0.30843473286667544
1718,Liverpool,West Brom,35,6.0,5.0,1.0,-0.214207864669419
1718,Liverpool,Stoke,36,7.0,5.0,2.0,-0.7890438101288284
1718,Liverpool,Chelsea,37,8.0,8.0,0.0,-0.8223970017555097
1718,Liverpool,Brighton,38,6.0,3.0,3.0,1.1188464051758156
1718,Man City,Everton,2,9.0,9.0,0.0,-1.6123458879628103
1718,Man City,Bournemouth,3,4.0,6.0,-2.0,-0.9595601497304225
1718,Man City,Liverpool,4,14.0,12.0,2.0,1.4840946852463597
1718,Man City,Watford,5,7.0,7.0,0.0,1.0823397349754966
1718,Man City,Crystal Palace,6,7.0,7.0,0.0,2.9537155120222147
1718,Man City,Chelsea,7,7.0,7.0,0.0,-0.1839133339874366
1718,Man City,Stoke,8,13.0,14.0,-1.0,1.164077409227846
1718,Man City,Burnley,9,7.0,7.0,0.0,0.38037377823729246
1718,Man City,West Brom,10,7.0,6.0,1.0,0.6722731112954499
1718,Man City,Arsenal,11,7.0,7.0,0.0,-0.9651047635132892
1718,Man City,Leicester,12,13.0,14.0,-1.0,0.38546486730741636
1718,Man City,Huddersfield,13,8.0,8.0,0.0,-0.2096885337907488
1718,Man City,Southampton,14,3.0,3.0,0.0,-0.7502460497846182
1718,Man City,West Ham,15,3.0,3.0,0.0,-0.4059042225170111
1718,Man City,Man United,16,7.0,7.0,0.0,0.16912292606723867
1718,Man City,Swansea,17,3.0,4.0,-1.0,1.0828282583910225
1718,Man City,Tottenham,18,2.0,2.0,0.0,1.5016457956780185
1718,Man City,Bournemouth,19,6.0,5.0,1.0,-1.7812603762739168
1718,Man City,Newcastle,20,4.0,4.0,0.0,-0.14587886047176601
1718,Man City,Crystal Palace,21,3.0,2.0,1.0,-1.167190576337482
1718,Man City,Watford,22,2.0,3.0,-1.0,0.14075053896029788
1718,Man City,Liverpool,23,11.0,13.0,-2.0,-0.6338643168027135
1718,Man City,Newcastle,24,6.0,7.0,-1.0,-0.7554326664487396
1718,Man City,West Brom,25,11.0,11.0,0.0,0.11927780751042105
1718,Man City,Burnley,26,2.0,2.0,0.0,0.14541599490172263
1718,Man City,Leicester,27,7.0,7.0,0.0,0.12318368528248147
1718,Man City,Arsenal,28,19.0,19.0,0.0,0.0038797690834675436
1718,Man City,Chelsea,29,2.0,7.0,-5.0,-0.779238248503625
1718,Man City,Stoke,30,8.0,9.0,-1.0,-1.0404393619493804
1718,Man City,Everton,31,18.0,14.0,4.0,-0.3358800915740734
1718,Man City,Man United,32,6.0,7.0,-1.0,1.1500230477633155
1718,Man City,Tottenham,33,7.0,7.0,0.0,1.402154507991067
1718,Man City,Swansea,34,7.0,8.0,-1.0,-0.5102145699192064
1718,Man City,West Ham,35,6.0,7.0,-1.0,-0.0459532220145884
1718,Man City,Huddersfield,36,7.0,7.0,0.0,-1.7982185015566663
1718,Man City,Brighton,37,3.0,5.0,-2.0,-1.0594444976685584
1718,Man City,Southampton,38,3.0,4.0,-1.0,-1.1937479637217587
1718,Man United,Swansea,2,5.0,6.0,-1.0,1.7566935046454273
1718,Man United,Leicester,3,7.0,7.0,0.0,0.3341562587195701
1718,Man United,Stoke,4,14.0,13.0,1.0,0.179373657578773
1718,Man United,Everton,5,7.0,8.0,-1.0,0.6935376860214835
1718,Man United,Southampton,6,5.0,7.0,-2.0,-0.231050512245762
1718,Man United,Crystal Palace,7,7.0,7.0,0.0,1.631119182109555
1718,Man United,Liverpool,8,13.0,12.0,1.0,-0.6723067743973588
1718,Man United,Huddersfield,9,7.0,7.0,0.0,-0.5968002996999536
1718,Man United,Tottenham,10,6.0,5.0,1.0,-0.24332292681972578
1718,Man United,Chelsea,11,8.0,7.0,1.0,-0.16751189894880103
1718,Man United,Newcastle,12,13.0,14.0,-1.0,0.8812652480494676
1718,Man United,Brighton,13,6.0,4.0,2.0,-0.2994905565559851
1718,Man United,Watford,14,3.0,3.0,0.0,0.20457531540723606
1718,Man United,Arsenal,15,3.0,2.0,1.0,0.7895323313406719
1718,Man United,Man City,16,7.0,7.0,0.0,0.622532746201367
1718,Man United,Bournemouth,17,3.0,4.0,-1.0,-0.9806010300946659
1718,Man United,West Brom,18,3.0,3.0,0.0,-0.4971531464796566
1718,Man United,Leicester,19,6.0,7.0,-1.0,0.8122114336166892
1718,Man United,Burnley,20,2.0,2.0,0.0,0.09349038791282793
1718,Man United,Southampton,21,4.0,4.0,0.0,0.27595831486786504
1718,Man United,Everton,22,2.0,2.0,0.0,-0.2337404020029401
1718,Man United,Stoke,23,14.0,14.0,0.0,-0.24013346217315967
1718,Man United,Burnley,24,4.0,7.0,-3.0,-0.5387334100523739
1718,Man United,Tottenham,25,11.0,10.0,1.0,-0.151017401734851
1718,Man United,Huddersfield,26,2.0,3.0,-1.0,-0.9755596171102915
1718,Man United,Newcastle,27,7.0,7.0,0.0,0.3376692835898021
1718,Man United,Chelsea,28,13.0,12.0,1.0,0.14773234404042124
1718,Man United,Crystal Palace,29,8.0,8.0,0.0,-0.2511678811493201
1718,Man United,Liverpool,30,4.0,6.0,-2.0,-0.2605049513979032
1718,Man United,Swansea,31,21.0,21.0,0.0,0.11850403875313908
1718,Man United,Man City,32,7.0,6.0,1.0,0.551376215189198
1718,Man United,West Brom,33,7.0,8.0,-1.0,-1.070197679766616
1718,Man United,Bournemouth,34,3.0,4.0,-1.0,-0.1974583218998891
1718,Man United,Arsenal,35,10.0,7.0,3.0,-0.01953741409225529
1718,Man United,Brighton,36,5.0,6.0,-1.0,-0.818013175029755
1718,Man United,West Ham,37,5.0,5.0,0.0,-0.9584890226404051
1718,Man United,Watford,38,2.0,8.0,-6.0,-1.2937797688065849
1718,Newcastle,Huddersfield,2,7.0,7.0,0.0,-0.11411603755140454
1718,Newcastle,West Ham,3,6.0,7.0,-1.0,1.286313663537655
1718,Newcastle,Swansea,4,15.0,15.0,0.0,-0.2489846994163749
1718,Newcastle,Stoke,5,5.0,6.0,-1.0,0.964562849446434
1718,Newcastle,Brighton,6,8.0,8.0,0.0,0.23104649857690718
1718,Newcastle,Liverpool,7,7.0,7.0,0.0,-0.5758870730882317
1718,Newcastle,Southampton,8,13.0,15.0,-2.0,-0.05866333694535475
1718,Newcastle,Crystal Palace,9,5.0,7.0,-2.0,-1.1579530558196764
1718,Newcastle,Burnley,10,9.0,9.0,0.0,-0.5676811791680109
1718,Newcastle,Bournemouth,11,4.0,6.0,-2.0,-1.0442401471854128
1718,Newcastle,Man United,12,14.0,13.0,1.0,0.12795770967577436
1718,Newcastle,Watford,13,6.0,5.0,1.0,-0.49688464248765385
1718,Newcastle,West Brom,14,3.0,3.0,0.0,0.05280213284406732
1718,Newcastle,Chelsea,15,3.0,2.0,1.0,-0.20939175146863964
1718,Newcastle,Leicester,16,7.0,7.0,0.0,-0.30711836700490525
1718,Newcastle,Everton,17,4.0,3.0,1.0,-0.848740454421273
1718,Newcastle,Arsenal,18,2.0,2.0,0.0,-0.7039484158276768
1718,Newcastle,West Ham,19,7.0,6.0,1.0,0.7021103445269965
1718,Newcastle,Man City,20,4.0,4.0,0.0,-0.4565859416916237
1718,Newcastle,Brighton,21,2.0,4.0,-2.0,-0.8905883379732352
1718,Newcastle,Stoke,22,2.0,2.0,0.0,0.6361520794550659
1718,Newcastle,Swansea,23,12.0,10.0,2.0,0.25867117966531206
1718,Newcastle,Man City,24,7.0,6.0,1.0,0.47658131428487627
1718,Newcastle,Burnley,25,11.0,11.0,0.0,0.43386880401000316
1718,Newcastle,Crystal Palace,26,3.0,4.0,-1.0,-0.022071252160243082
1718,Newcastle,Man United,27,7.0,7.0,0.0,-0.4980473741227577
1718,Newcastle,Bournemouth,28,13.0,13.0,0.0,2.8310533228437222
1718,Newcastle,Liverpool,29,7.0,7.0,0.0,-0.4438498286784504
1718,Newcastle,Southampton,30,6.0,7.0,-1.0,0.12186918643044886
1718,Newcastle,Huddersfield,31,21.0,14.0,7.0,1.2043094596415418
1718,Newcastle,Leicester,32,6.0,6.0,0.0,-0.7532636706897076
1718,Newcastle,Arsenal,33,7.0,6.0,1.0,-0.324676209784978
1718,Newcastle,Everton,34,8.0,9.0,-1.0,-0.677954029351425
1718,Newcastle,West Brom,35,4.0,7.0,-3.0,0.2595072738883972
1718,Newcastle,Watford,36,7.0,4.0,3.0,-0.4939850562788606
1718,Newcastle,Tottenham,37,4.0,4.0,0.0,0.07913512458010119
1718,Newcastle,Chelsea,38,3.0,3.0,0.0,1.3491858692127505
1718,Southampton,West Ham,2,7.0,5.0,2.0,-0.7112065991478491
1718,Southampton,Huddersfield,3,7.0,6.0,1.0,-0.18572451805572787
1718,Southampton,Watford,4,14.0,14.0,0.0,-0.8936253112751851
1718,Southampton,Crystal Palace,5,6.0,5.0,1.0,0.06158968660681663
1718,Southampton,Man United,6,7.0,5.0,2.0,-0.25834835479623375
1718,Southampton,Stoke,7,7.0,7.0,0.0,0.1783511054050093
1718,Southampton,Newcastle,8,15.0,13.0,2.0,-0.23045471762694725
1718,Southampton,West Brom,9,6.0,4.0,2.0,0.8272811618173634
1718,Southampton,Brighton,10,7.0,8.0,-1.0,-0.48450780075519695
1718,Southampton,Burnley,11,6.0,4.0,2.0,-0.4092722474803151
1718,Southampton,Liverpool,12,14.0,13.0,1.0,-0.06725975410674634
1718,Southampton,Everton,13,7.0,7.0,0.0,0.6890422257647835
1718,Southampton,Man City,14,3.0,3.0,0.0,1.2413128383092125
1718,Southampton,Bournemouth,15,3.0,3.0,0.0,-0.2653141931922163
1718,Southampton,Arsenal,16,6.0,7.0,-1.0,0.12432336225340812
1718,Southampton,Leicester,17,3.0,4.0,-1.0,-0.030547707096814536
1718,Southampton,Chelsea,18,2.0,3.0,-1.0,-0.0709373031035686
1718,Southampton,Huddersfield,19,7.0,7.0,0.0,0.5357731195106561
1718,Southampton,Tottenham,20,2.0,2.0,0.0,-0.08641960052457143
1718,Southampton,Man United,21,4.0,4.0,0.0,-0.015674279259186186
1718,Southampton,Crystal Palace,22,3.0,2.0,1.0,-0.8440016004340811
1718,Southampton,Watford,23,10.0,10.0,0.0,-0.14245704237030643
1718,Southampton,Tottenham,24,8.0,7.0,1.0,0.3222628617294464
1718,Southampton,Brighton,25,10.0,11.0,-1.0,0.014686311444139566
1718,Southampton,West Brom,26,2.0,2.0,0.0,0.02076697265229832
1718,Southampton,Liverpool,27,8.0,7.0,1.0,0.08133516315594291
1718,Southampton,Burnley,28,12.0,14.0,-2.0,-0.31959728208784666
1718,Southampton,Stoke,29,7.0,7.0,0.0,-0.5474036846570575
1718,Southampton,Newcastle,30,7.0,6.0,1.0,-0.4697715723935859
1718,Southampton,West Ham,31,21.0,21.0,0.0,-0.6403145456305912
1718,Southampton,Arsenal,32,7.0,6.0,1.0,1.272865050281324
1718,Southampton,Chelsea,33,5.0,5.0,0.0,0.4862794946711191
1718,Southampton,Leicester,34,5.0,5.0,0.0,-0.2861792956280793
1718,Southampton,Bournemouth,35,8.0,9.0,-1.0,0.1728888445508976
1718,Southampton,Everton,36,7.0,7.0,0.0,-0.411158529631401
1718,Southampton,Swansea,37,3.0,3.0,0.0,0.33250660658438136
1718,Southampton,Man City,38,4.0,3.0,1.0,-0.0632453527281105
1718,Stoke,Arsenal,2,7.0,7.0,0.0,-0.2606896341835354
1718,Stoke,West Brom,3,7.0,7.0,0.0,0.13109131140659236
1718,Stoke,Man United,4,13.0,14.0,-1.0,0.576142422531082
1718,Stoke,Newcastle,5,6.0,5.0,1.0,-0.1655964284078989
1718,Stoke,Chelsea,6,7.0,6.0,1.0,-0.10063307664922305
1718,Stoke,Southampton,7,7.0,7.0,0.0,0.9484104814579897
1718,Stoke,Man City,8,14.0,13.0,1.0,0.2761814271849705
1718,Stoke,Bournemouth,9,7.0,7.0,0.0,0.2492522626026541
1718,Stoke,Watford,10,7.0,6.0,1.0,-0.09174636281136817
1718,Stoke,Leicester,11,6.0,5.0,1.0,0.2304586505395143
1718,Stoke,Brighton,12,16.0,16.0,0.0,0.3100185081164364
1718,Stoke,Crystal Palace,13,4.0,7.0,-3.0,-0.2881249147683531
1718,Stoke,Liverpool,14,4.0,4.0,0.0,0.173807964436283
1718,Stoke,Swansea,15,2.0,2.0,0.0,0.014727139813640822
1718,Stoke,Tottenham,16,7.0,7.0,0.0,0.1594673394598609
1718,Stoke,Burnley,17,3.0,3.0,0.0,0.06444599894145642
1718,Stoke,West Ham,18,3.0,2.0,1.0,-0.17564041399095842
1718,Stoke,West Brom,19,6.0,6.0,0.0,0.7577744270389961
1718,Stoke,Huddersfield,20,3.0,3.0,0.0,0.3452796592821452
1718,Stoke,Chelsea,21,4.0,4.0,0.0,-0.2906561850766357
1718,Stoke,Newcastle,22,2.0,2.0,0.0,0.46979444855772967
1718,Stoke,Man United,23,14.0,14.0,0.0,0.7223062539968491
1718,Stoke,Huddersfield,24,4.0,7.0,-3.0,-0.05884012595901644
1718,Stoke,Watford,25,11.0,11.0,0.0,-0.3441479681858426
1718,Stoke,Bournemouth,26,2.0,2.0,0.0,-0.3825923459754679
1718,Stoke,Brighton,27,7.0,7.0,0.0,-0.461932437988793
1718,Stoke,Leicester,28,13.0,13.0,0.0,-0.649929951291794
1718,Stoke,Southampton,29,7.0,7.0,0.0,-0.4081359379022806
1718,Stoke,Man City,30,9.0,8.0,1.0,-0.3390753371878674
1718,Stoke,Everton,31,4.0,7.0,-3.0,-0.2211645670195963
1718,Stoke,Arsenal,32,14.0,21.0,-7.0,-0.4358622347131303
1718,Stoke,Tottenham,33,6.0,5.0,1.0,0.6787460639423922
1718,Stoke,West Ham,34,9.0,8.0,1.0,0.46460357316022916
1718,Stoke,Burnley,35,5.0,2.0,3.0,-0.6872833745278342
1718,Stoke,Liverpool,36,5.0,7.0,-2.0,0.22838464512234247
1718,Stoke,Crystal Palace,37,7.0,6.0,1.0,-0.3722241484106177
1718,Stoke,Swansea,38,8.0,4.0,4.0,-0.013281734376211718
1718,Swansea,Man United,2,6.0,5.0,1.0,-0.47117733425815844
1718,Swansea,Crystal Palace,3,7.0,7.0,0.0,0.1970863363874047
1718,Swansea,Newcastle,4,15.0,15.0,0.0,0.6202289263493898
1718,Swansea,Tottenham,5,6.0,7.0,-1.0,-0.3413218671044261
1718,Swansea,Watford,6,6.0,7.0,-1.0,0.6125100731221828
1718,Swansea,West Ham,7,7.0,7.0,0.0,-0.6161824088551364
1718,Swansea,Huddersfield,8,14.0,14.0,0.0,0.7753899716377541
1718,Swansea,Leicester,9,7.0,4.0,3.0,-0.27979391593717007
1718,Swansea,Arsenal,10,7.0,6.0,1.0,0.18174173710412234
1718,Swansea,Brighton,11,7.0,6.0,1.0,0.32484749175112704
1718,Swansea,Burnley,12,14.0,14.0,0.0,-0.2841053619726294
1718,Swansea,Bournemouth,13,7.0,7.0,0.0,-0.2558789001444226
1718,Swansea,Chelsea,14,4.0,4.0,0.0,-0.43998122225050174
1718,Swansea,Stoke,15,2.0,2.0,0.0,-0.5929671503432301
1718,Swansea,West Brom,16,7.0,7.0,0.0,0.1368227627279167
1718,Swansea,Man City,17,4.0,3.0,1.0,0.17282403683160014
1718,Swansea,Everton,18,5.0,5.0,0.0,0.0013061121503562534
1718,Swansea,Crystal Palace,19,4.0,7.0,-3.0,-0.39608771389029773
1718,Swansea,Liverpool,20,3.0,3.0,0.0,-0.18957549284779412
1718,Swansea,Watford,21,3.0,4.0,-1.0,0.5835502061901493
1718,Swansea,Tottenham,22,3.0,7.0,-4.0,-0.2089565656956071
1718,Swansea,Newcastle,23,10.0,12.0,-2.0,0.18910116535297583
1718,Swansea,Liverpool,24,9.0,8.0,1.0,-0.06645893839130113
1718,Swansea,Arsenal,25,7.0,10.0,-3.0,1.5784070604146714
1718,Swansea,Leicester,26,3.0,2.0,1.0,-0.1154203837055543
1718,Swansea,Burnley,27,7.0,7.0,0.0,-0.03299933000672117
1718,Swansea,Brighton,28,14.0,14.0,0.0,-0.30858288930072947
1718,Swansea,West Ham,29,7.0,7.0,0.0,0.5738242323186198
1718,Swansea,Huddersfield,30,7.0,7.0,0.0,-0.717743455523667
1718,Swansea,Man United,31,21.0,21.0,0.0,-0.49423800902775983
1718,Swansea,West Brom,32,6.0,6.0,0.0,-0.05802775226160417
1718,Swansea,Everton,33,7.0,7.0,0.0,0.26066218314853307
1718,Swansea,Man City,34,8.0,7.0,1.0,-0.0427114945400866
1718,Swansea,Chelsea,35,6.0,8.0,-2.0,-0.08630172819800142
1718,Swansea,Bournemouth,36,6.0,7.0,-1.0,0.08670862308036453
1718,Swansea,Southampton,37,3.0,3.0,0.0,-0.4265745995518795
1718,Swansea,Stoke,38,4.0,8.0,-4.0,0.5904499303190003
1718,Tottenham,Chelsea,2,7.0,8.0,-1.0,-0.6318245486368494
1718,Tottenham,Burnley,3,7.0,8.0,-1.0,0.33295806869973443
1718,Tottenham,Everton,4,12.0,13.0,-1.0,0.41500899014910364
1718,Tottenham,Swansea,5,7.0,6.0,1.0,-1.2037464804406384
1718,Tottenham,West Ham,6,6.0,6.0,0.0,-0.3757259739815424
1718,Tottenham,Huddersfield,7,7.0,6.0,1.0,-0.09088630093383121
1718,Tottenham,Bournemouth,8,14.0,14.0,0.0,-0.6562764448483349
1718,Tottenham,Liverpool,9,8.0,8.0,0.0,1.319706868196356
1718,Tottenham,Man United,10,5.0,6.0,-1.0,-0.36978964603722897
1718,Tottenham,Crystal Palace,11,7.0,7.0,0.0,-1.1776678724397387
1718,Tottenham,Arsenal,12,13.0,12.0,1.0,-0.9133322097027693
1718,Tottenham,West Brom,13,7.0,7.0,0.0,-0.09654763125360688
1718,Tottenham,Leicester,14,3.0,3.0,0.0,0.9282614600294807
1718,Tottenham,Watford,15,3.0,3.0,0.0,-0.8940190501505468
1718,Tottenham,Stoke,16,7.0,7.0,0.0,1.4442503650303515
1718,Tottenham,Brighton,17,4.0,4.0,0.0,-0.2454614085154474
1718,Tottenham,Man City,18,2.0,2.0,0.0,-0.6004723809247612
1718,Tottenham,Burnley,19,7.0,7.0,0.0,0.901669724858323
1718,Tottenham,Southampton,20,2.0,2.0,0.0,1.2057812141059585
1718,Tottenham,Swansea,21,7.0,3.0,4.0,-0.32698682997326456
1718,Tottenham,West Ham,22,2.0,2.0,0.0,-0.591017809807715
1718,Tottenham,Everton,23,8.0,12.0,-4.0,2.057648670955112
1718,Tottenham,Southampton,24,7.0,8.0,-1.0,-0.2271049832993295
1718,Tottenham,Man United,25,10.0,11.0,-1.0,0.22737102952175592
1718,Tottenham,Liverpool,26,3.0,4.0,-1.0,-0.04043495350675652
1718,Tottenham,Arsenal,27,5.0,6.0,-1.0,0.792945190988972
1718,Tottenham,Crystal Palace,28,14.0,14.0,0.0,-0.12059862813912003
1718,Tottenham,Huddersfield,29,6.0,7.0,-1.0,-0.38510462483825325
1718,Tottenham,Bournemouth,30,8.0,8.0,0.0,0.39768161864395735
1718,Tottenham,Chelsea,31,21.0,21.0,0.0,0.2822672046749788
1718,Tottenham,Stoke,32,5.0,6.0,-1.0,-0.30349675287004363
1718,Tottenham,Man City,33,7.0,7.0,0.0,-0.5138925128054554
1718,Tottenham,Brighton,34,3.0,3.0,0.0,-0.367561486791701
1718,Tottenham,Watford,35,13.0,9.0,4.0,-0.2935156468980664
1718,Tottenham,West Brom,36,4.0,7.0,-3.0,-0.673120515825792
1718,Tottenham,Newcastle,37,4.0,4.0,0.0,-1.1565997735376876
1718,Tottenham,Leicester,38,3.0,3.0,0.0,-0.09929757149296559
1718,Watford,Bournemouth,2,7.0,7.0,0.0,0.8601434463087161
1718,Watford,Brighton,3,7.0,7.0,0.0,-1.026519935122943
1718,Watford,Southampton,4,14.0,14.0,0.0,-0.3687591924501926
1718,Watford,Man City,5,7.0,7.0,0.0,0.21200856478973806
1718,Watford,Swansea,6,7.0,6.0,1.0,0.05728154742142344
1718,Watford,West Brom,7,7.0,4.0,3.0,0.6106567391956979
1718,Watford,Arsenal,8,14.0,13.0,1.0,-0.26446806550096036
1718,Watford,Chelsea,9,7.0,7.0,0.0,1.1134450739235713
1718,Watford,Stoke,10,6.0,7.0,-1.0,-0.4550443011090832
1718,Watford,Everton,11,8.0,7.0,1.0,0.20752719997883262
1718,Watford,West Ham,12,13.0,14.0,-1.0,-0.13732239235409271
1718,Watford,Newcastle,13,5.0,6.0,-1.0,1.054540156712925
1718,Watford,Man United,14,3.0,3.0,0.0,-0.5698503541013321
1718,Watford,Tottenham,15,3.0,3.0,0.0,-0.5092711064181104
1718,Watford,Burnley,16,7.0,7.0,0.0,-0.19721717798632865
1718,Watford,Crystal Palace,17,3.0,3.0,0.0,0.31097846832774634
1718,Watford,Huddersfield,18,3.0,3.0,0.0,-0.6597043977713065
1718,Watford,Brighton,19,7.0,7.0,0.0,0.23250082523786064
1718,Watford,Leicester,20,3.0,2.0,1.0,0.23762093999496803
1718,Watford,Swansea,21,4.0,3.0,1.0,-0.29287110659229576
1718,Watford,Man City,22,3.0,2.0,1.0,0.4819882955630551
1718,Watford,Southampton,23,10.0,10.0,0.0,0.5142020526657809
1718,Watford,Leicester,24,7.0,7.0,0.0,-0.23283262478392475
1718,Watford,Stoke,25,11.0,11.0,0.0,-0.5570424500869263
1718,Watford,Chelsea,26,5.0,5.0,0.0,0.5286787609810306
1718,Watford,West Ham,27,4.0,7.0,-3.0,-0.32909489685513105
1718,Watford,Everton,28,14.0,14.0,0.0,-0.723957557979545
1718,Watford,West Brom,29,6.0,7.0,-1.0,-0.0066109018853903745
1718,Watford,Arsenal,30,7.0,7.0,0.0,-0.14314237162869858
1718,Watford,Liverpool,31,6.0,7.0,-1.0,-0.3008123557452543
1718,Watford,Bournemouth,32,13.0,14.0,-1.0,-0.851723467777738
1718,Watford,Burnley,33,6.0,6.0,0.0,0.12193319871850328
1718,Watford,Huddersfield,34,7.0,7.0,0.0,-0.7133537737961606
1718,Watford,Crystal Palace,35,7.0,7.0,0.0,-0.7446511869450015
1718,Watford,Tottenham,36,9.0,13.0,-4.0,0.665520340695128
1718,Watford,Newcastle,37,4.0,7.0,-3.0,0.6704444612429092
1718,Watford,Man United,38,8.0,2.0,6.0,-0.24502463464107616
1718,West Brom,Burnley,2,7.0,7.0,0.0,-0.1976655097607234
1718,West Brom,Stoke,3,7.0,7.0,0.0,-0.455229016777418
1718,West Brom,Brighton,4,13.0,14.0,-1.0,-0.027138505905180965
1718,West Brom,West Ham,5,7.0,4.0,3.0,-0.375444620349238
1718,West Brom,Arsenal,6,9.0,8.0,1.0,-0.010653103350047544
1718,West Brom,Watford,7,4.0,7.0,-3.0,0.874110141524205
1718,West Brom,Leicester,8,16.0,16.0,0.0,-0.6596289407429329
1718,West Brom,Southampton,9,4.0,6.0,-2.0,-0.28821704270971027
1718,West Brom,Man City,10,6.0,7.0,-1.0,0.623105621665383
1718,West Brom,Huddersfield,11,7.0,7.0,0.0,-0.47137717891633807
1718,West Brom,Chelsea,12,14.0,12.0,2.0,-0.1099698085166293
1718,West Brom,Tottenham,13,7.0,7.0,0.0,0.12809452205701288
1718,West Brom,Newcastle,14,3.0,3.0,0.0,-0.1837478319945106
1718,West Brom,Crystal Palace,15,3.0,3.0,0.0,0.5309282763172856
1718,West Brom,Swansea,16,7.0,7.0,0.0,-0.7528101277155481
1718,West Brom,Liverpool,17,4.0,3.0,1.0,-0.028302851909396187
1718,West Brom,Man United,18,3.0,3.0,0.0,0.15413513012058355
1718,West Brom,Stoke,19,6.0,6.0,0.0,0.9681862940740291
1718,West Brom,Everton,20,3.0,3.0,0.0,0.06778725029264021
1718,West Brom,Arsenal,21,5.0,2.0,3.0,-0.31890029601643477
1718,West Brom,West Ham,22,2.0,7.0,-5.0,-0.30956185963508653
1718,West Brom,Brighton,23,10.0,12.0,-2.0,0.2900599099457193
1718,West Brom,Everton,24,7.0,6.0,1.0,0.44050839311651824
1718,West Brom,Man City,25,11.0,11.0,0.0,-0.2864531338113899
1718,West Brom,Southampton,26,2.0,2.0,0.0,-0.09383674947751008
1718,West Brom,Chelsea,27,9.0,7.0,2.0,0.05675957040302637
1718,West Brom,Huddersfield,28,11.0,13.0,-2.0,0.45642385024690224
1718,West Brom,Watford,29,7.0,6.0,1.0,0.22172095296467342
1718,West Brom,Leicester,30,7.0,7.0,0.0,-0.637118471268098
1718,West Brom,Bournemouth,31,7.0,5.0,2.0,0.6425874563320226
1718,West Brom,Burnley,32,14.0,21.0,-7.0,-0.6472168938415381
1718,West Brom,Swansea,33,6.0,6.0,0.0,-0.0018833623822933632
1718,West Brom,Man United,34,8.0,7.0,1.0,0.07182339480894329
1718,West Brom,Liverpool,35,5.0,6.0,-1.0,0.7246777306885134
1718,West Brom,Newcastle,36,7.0,4.0,3.0,-0.1371234388133673
1718,West Brom,Tottenham,37,7.0,4.0,3.0,0.49651202488531787
1718,West Brom,Crystal Palace,38,8.0,8.0,0.0,-0.699149472794979
1718,West Ham,Southampton,2,5.0,7.0,-2.0,0.755688055004662
1718,West Ham,Newcastle,3,7.0,6.0,1.0,-0.2654652935403671
1718,West Ham,Huddersfield,4,16.0,16.0,0.0,0.9247331977431705
1718,West Ham,West Brom,5,4.0,7.0,-3.0,-0.565864828402701
1718,West Ham,Tottenham,6,6.0,6.0,0.0,-0.03076851426431959
1718,West Ham,Swansea,7,7.0,7.0,0.0,-0.5149810139322291
1718,West Ham,Burnley,8,14.0,13.0,1.0,0.0009420380430642528
1718,West Ham,Brighton,9,6.0,5.0,1.0,-0.5044107529584266
1718,West Ham,Crystal Palace,10,7.0,7.0,0.0,-0.1545872927536156
1718,West Ham,Liverpool,11,7.0,7.0,0.0,0.4714506850928746
1718,West Ham,Watford,12,14.0,13.0,1.0,0.5810967178213026
1718,West Ham,Leicester,13,5.0,6.0,-1.0,-0.20342019587361926
1718,West Ham,Everton,14,5.0,3.0,2.0,-0.6164474514137139
1718,West Ham,Man City,15,3.0,3.0,0.0,0.07781959482527767
1718,West Ham,Chelsea,16,5.0,7.0,-2.0,-0.2689307962697661
1718,West Ham,Arsenal,17,4.0,3.0,1.0,-0.5284122402043931
1718,West Ham,Stoke,18,2.0,3.0,-1.0,1.2560899121701525
1718,West Ham,Newcastle,19,6.0,7.0,-1.0,0.5486623396940964
1718,West Ham,Bournemouth,20,3.0,3.0,0.0,0.7950124276458874
1718,West Ham,West Brom,21,7.0,2.0,5.0,0.04013631635760584
1718,West Ham,Tottenham,22,2.0,2.0,0.0,0.035323313153339475
1718,West Ham,Huddersfield,23,8.0,12.0,-4.0,0.14999585178750674
1718,West Ham,Bournemouth,24,7.0,6.0,1.0,-0.3436702189384465
1718,West Ham,Crystal Palace,25,10.0,10.0,0.0,-0.7439973694016881
1718,West Ham,Brighton,26,3.0,2.0,1.0,-0.4327584789816833
1718,West Ham,Watford,27,7.0,4.0,3.0,0.789360066618777
1718,West Ham,Liverpool,28,14.0,12.0,2.0,-0.20279002958647036
1718,West Ham,Swansea,29,7.0,7.0,0.0,-0.48841639972453016
1718,West Ham,Burnley,30,7.0,7.0,0.0,-0.29503360101203857
1718,West Ham,Southampton,31,21.0,21.0,0.0,0.49806200297824343
1718,West Ham,Chelsea,32,8.0,6.0,2.0,-0.25841522990067956
1718,West Ham,Stoke,33,8.0,9.0,-1.0,-0.49714369061829733
1718,West Ham,Arsenal,34,5.0,7.0,-2.0,-0.13909224145690846
1718,West Ham,Man City,35,7.0,6.0,1.0,-0.2569040940882765
1718,West Ham,Leicester,36,6.0,7.0,-1.0,0.6311665844785993
1718,West Ham,Man United,37,5.0,5.0,0.0,-0.12097072925810903
1718,West Ham,Everton,38,2.0,7.0,-5.0,0.09066684987471563
1819,Arsenal,Chelsea,2,6.0,7.0,-1.0,1.4077475028327187
1819,Arsenal,West Ham,3,6.0,7.0,-1.0,-0.3978211957934954
1819,Arsenal,Cardiff,4,7.0,7.0,0.0,-0.3527149677074053
1819,Arsenal,Newcastle,5,13.0,13.0,0.0,-0.6219720030760988
1819,Arsenal,Everton,6,8.0,7.0,1.0,-0.6715771682823444
1819,Arsenal,Watford,7,5.0,7.0,-2.0,-0.5287390812005375
1819,Arsenal,Fulham,8,7.0,7.0,0.0,-0.829819370972765
1819,Arsenal,Leicester,9,15.0,16.0,-1.0,1.4751642173169852
1819,Arsenal,Crystal Palace,10,5.0,6.0,-1.0,-0.5666992531704713
1819,Arsenal,Liverpool,11,6.0,7.0,-1.0,0.6214874412697589
1819,Arsenal,Wolves,12,7.0,7.0,0.0,-0.433360959410374
1819,Arsenal,Bournemouth,13,13.0,14.0,-1.0,0.021371546028940758
1819,Arsenal,Tottenham,14,7.0,7.0,0.0,0.3528982440507178
1819,Arsenal,Man United,15,3.0,4.0,-1.0,0.3568220917480751
1819,Arsenal,Huddersfield,16,2.0,3.0,-1.0,-0.13494132179073226
1819,Arsenal,Southampton,17,7.0,7.0,0.0,0.21550712918084813
1819,Arsenal,Burnley,18,5.0,6.0,-1.0,-0.7873842488773779
1819,Arsenal,Brighton,19,4.0,4.0,0.0,-0.7913873408721231
1819,Arsenal,Liverpool,20,3.0,3.0,0.0,0.2639731564244656
1819,Arsenal,Fulham,21,2.0,3.0,-1.0,2.02427686186857
1819,Arsenal,West Ham,22,10.0,9.0,1.0,-1.0964990368770784
1819,Arsenal,Chelsea,23,7.0,7.0,0.0,0.8078276570092788
1819,Arsenal,Cardiff,24,10.0,10.0,0.0,-0.22676011780258643
1819,Arsenal,Man City,25,4.0,4.0,0.0,0.0497864585797706
1819,Arsenal,Huddersfield,26,5.0,7.0,-2.0,-0.2932310793279991
1819,Arsenal,Southampton,27,14.0,14.0,0.0,0.33965859837527335
1819,Arsenal,Bournemouth,28,3.0,4.0,-1.0,1.118441097290126
1819,Arsenal,Tottenham,29,2.0,2.0,0.0,1.3894756060519473
1819,Arsenal,Man United,30,8.0,8.0,0.0,-0.9185348917483565
1819,Arsenal,Newcastle,31,22.0,16.0,6.0,-0.8251305134344893
1819,Arsenal,Everton,32,5.0,7.0,-2.0,-1.1062155453375897
1819,Arsenal,Watford,33,8.0,13.0,-5.0,0.5527226053940815
1819,Arsenal,Crystal Palace,34,5.0,7.0,-2.0,-0.18679694717496953
1819,Arsenal,Wolves,35,3.0,4.0,-1.0,-0.20266861982313977
1819,Arsenal,Leicester,36,3.0,7.0,-4.0,-0.5760192856305888
1819,Arsenal,Brighton,37,7.0,7.0,0.0,-0.3351686483946439
1819,Arsenal,Burnley,38,6.0,8.0,-2.0,1.0332425009876403
1819,Bournemouth,West Ham,2,7.0,6.0,1.0,0.17219053006865415
1819,Bournemouth,Everton,3,7.0,7.0,0.0,0.4625409660607118
1819,Bournemouth,Chelsea,4,6.0,5.0,1.0,0.056172843933571914
1819,Bournemouth,Leicester,5,14.0,14.0,0.0,0.23819904645789136
1819,Bournemouth,Burnley,6,7.0,6.0,1.0,-0.59083501070027
1819,Bournemouth,Crystal Palace,7,9.0,9.0,0.0,-0.2630387533005669
1819,Bournemouth,Watford,8,4.0,7.0,-3.0,1.0631655331494525
1819,Bournemouth,Southampton,9,14.0,13.0,1.0,-0.8731347850259759
1819,Bournemouth,Fulham,10,7.0,7.0,0.0,-0.3313688786730822
1819,Bournemouth,Man United,11,6.0,5.0,1.0,0.4927451426268281
1819,Bournemouth,Newcastle,12,7.0,7.0,0.0,0.6162394766282984
1819,Bournemouth,Arsenal,13,14.0,13.0,1.0,-0.9117448428006001
1819,Bournemouth,Man City,14,6.0,7.0,-1.0,0.1580167059200358
1819,Bournemouth,Huddersfield,15,3.0,3.0,0.0,-0.7633846265059363
1819,Bournemouth,Liverpool,16,3.0,2.0,1.0,-0.5743142396315678
1819,Bournemouth,Wolves,17,7.0,5.0,2.0,-0.44648109321227325
1819,Bournemouth,Brighton,18,7.0,6.0,1.0,-0.7567594163667596
1819,Bournemouth,Tottenham,19,4.0,2.0,2.0,0.10425013911235648
1819,Bournemouth,Man United,20,4.0,4.0,0.0,-0.46630847170491374
1819,Bournemouth,Watford,21,3.0,4.0,-1.0,1.0596584331796264
1819,Bournemouth,Everton,22,10.0,12.0,-2.0,0.41379319648930335
1819,Bournemouth,West Ham,23,6.0,7.0,-1.0,-0.6115592578683275
1819,Bournemouth,Chelsea,24,11.0,11.0,0.0,1.0550335371294053
1819,Bournemouth,Cardiff,25,2.0,3.0,-1.0,-1.149865726001438
1819,Bournemouth,Liverpool,26,6.0,4.0,2.0,-0.30583529884733196
1819,Bournemouth,Wolves,27,14.0,11.0,3.0,-0.5815378772896818
1819,Bournemouth,Arsenal,28,4.0,3.0,1.0,-0.38967583531062955
1819,Bournemouth,Man City,29,2.0,2.0,0.0,-0.6821869680402556
1819,Bournemouth,Huddersfield,30,7.0,7.0,0.0,0.6637586039047503
1819,Bournemouth,Newcastle,31,7.0,7.0,0.0,-0.7374801159700125
1819,Bournemouth,Leicester,32,14.0,14.0,0.0,-0.2122159068754763
1819,Bournemouth,Burnley,33,7.0,7.0,0.0,-0.7106369842569613
1819,Bournemouth,Brighton,34,7.0,9.0,-2.0,1.4222603656675474
1819,Bournemouth,Fulham,35,7.0,7.0,0.0,0.7849722542629136
1819,Bournemouth,Southampton,36,7.0,3.0,4.0,1.2230699699521694
1819,Bournemouth,Tottenham,37,6.0,6.0,0.0,0.8629174028806998
1819,Bournemouth,Crystal Palace,38,8.0,7.0,1.0,0.6951804326217945
1819,Brighton,Man United,2,8.0,8.0,0.0,-0.021053213409682137
1819,Brighton,Liverpool,3,6.0,4.0,2.0,0.1003068386285273
1819,Brighton,Fulham,4,6.0,5.0,1.0,-0.12232322649090488
1819,Brighton,Southampton,5,16.0,16.0,0.0,0.33577241050437767
1819,Brighton,Tottenham,6,4.0,7.0,-3.0,-0.03447971142619288
1819,Brighton,Man City,7,6.0,7.0,-1.0,-0.11772250554890579
1819,Brighton,West Ham,8,6.0,6.0,0.0,-0.13622337477426827
1819,Brighton,Newcastle,9,14.0,13.0,1.0,-0.1367045322802708
1819,Brighton,Wolves,10,7.0,7.0,0.0,0.268662701010023
1819,Brighton,Everton,11,7.0,6.0,1.0,-0.01987074450396864
1819,Brighton,Cardiff,12,6.0,6.0,0.0,-0.17116370662250524
1819,Brighton,Leicester,13,14.0,14.0,0.0,0.09525280117454538
1819,Brighton,Huddersfield,14,7.0,5.0,2.0,0.7428494804725914
1819,Brighton,Crystal Palace,15,3.0,3.0,0.0,-0.4294411955417051
1819,Brighton,Burnley,16,3.0,2.0,1.0,-0.027551198714339087
1819,Brighton,Chelsea,17,7.0,7.0,0.0,-0.423351625072712
1819,Brighton,Bournemouth,18,6.0,7.0,-1.0,-0.0735057383650829
1819,Brighton,Arsenal,19,4.0,4.0,0.0,0.40884739065794473
1819,Brighton,Everton,20,2.0,3.0,-1.0,0.7504027732501634
1819,Brighton,West Ham,21,4.0,3.0,1.0,-0.26184901202406696
1819,Brighton,Liverpool,22,9.0,8.0,1.0,-0.14895522332541672
1819,Brighton,Man United,23,7.0,5.0,2.0,-0.0969471411264412
1819,Brighton,Fulham,24,10.0,9.0,1.0,1.3218251751658279
1819,Brighton,Watford,25,3.0,2.0,1.0,0.7179299715189766
1819,Brighton,Burnley,26,7.0,7.0,0.0,0.11701974068093235
1819,Brighton,Leicester,27,17.0,3.0,14.0,0.5793687428492186
1819,Brighton,Huddersfield,28,3.0,3.0,0.0,0.2511914678870366
1819,Brighton,Crystal Palace,29,6.0,6.0,0.0,-0.6221505999169787
1819,Brighton,Southampton,30,21.0,21.0,0.0,-0.5099242682552072
1819,Brighton,Chelsea,31,4.0,3.0,1.0,-0.11807397904337635
1819,Brighton,Bournemouth,32,9.0,7.0,2.0,-0.8943165320951676
1819,Brighton,Cardiff,33,3.0,3.0,0.0,-0.5605488376154385
1819,Brighton,Wolves,34,3.0,7.0,-4.0,-0.4929879194096187
1819,Brighton,Tottenham,35,3.0,3.0,0.0,-0.5522205698825587
1819,Brighton,Newcastle,36,3.0,7.0,-4.0,0.20969197953633933
1819,Brighton,Arsenal,37,7.0,7.0,0.0,0.34765418952838856
1819,Brighton,Man City,38,6.0,5.0,1.0,0.169151512120707
1819,Burnley,Watford,2,7.0,7.0,0.0,-1.095016697715437
1819,Burnley,Fulham,3,7.0,8.0,-1.0,0.175033121111136
1819,Burnley,Man United,4,6.0,5.0,1.0,-0.09452132874262009
1819,Burnley,Wolves,5,13.0,14.0,-1.0,-0.6005592858569909
1819,Burnley,Bournemouth,6,6.0,7.0,-1.0,0.828216721289083
1819,Burnley,Cardiff,7,8.0,8.0,0.0,-1.1376185850393148
1819,Burnley,Huddersfield,8,5.0,7.0,-2.0,-1.1750304071583786
1819,Burnley,Man City,9,14.0,12.0,2.0,-0.09303384210615223
1819,Burnley,Chelsea,10,7.0,8.0,-1.0,-0.6416754793358999
1819,Burnley,West Ham,11,6.0,6.0,0.0,-0.3805413038849401
1819,Burnley,Leicester,12,7.0,7.0,0.0,-0.46546175657086714
1819,Burnley,Newcastle,13,16.0,16.0,0.0,0.16993974784289567
1819,Burnley,Crystal Palace,14,4.0,7.0,-3.0,-0.6980329962221329
1819,Burnley,Liverpool,15,4.0,3.0,1.0,0.34824079457838186
1819,Burnley,Brighton,16,2.0,3.0,-1.0,0.4407619810905914
1819,Burnley,Tottenham,17,7.0,6.0,1.0,-0.47461614315002326
1819,Burnley,Arsenal,18,6.0,5.0,1.0,-0.028803624225602675
1819,Burnley,Everton,19,4.0,2.0,2.0,0.7511511977943821
1819,Burnley,West Ham,20,3.0,2.0,1.0,1.3518888529510422
1819,Burnley,Huddersfield,21,3.0,4.0,-1.0,1.4153786000506217
1819,Burnley,Fulham,22,9.0,11.0,-2.0,-0.8972661445716283
1819,Burnley,Watford,23,7.0,7.0,0.0,0.7579158193453546
1819,Burnley,Man United,24,10.0,10.0,0.0,-0.040071572086110674
1819,Burnley,Southampton,25,3.0,2.0,1.0,-0.18462890782367647
1819,Burnley,Brighton,26,7.0,7.0,0.0,-0.050725382317580614
1819,Burnley,Tottenham,27,13.0,12.0,1.0,-0.04876613411196251
1819,Burnley,Newcastle,28,3.0,3.0,0.0,0.6602304069876292
1819,Burnley,Crystal Palace,29,3.0,2.0,1.0,0.6833262412871428
1819,Burnley,Liverpool,30,7.0,6.0,1.0,-0.10800696894662393
1819,Burnley,Leicester,31,6.0,7.0,-1.0,0.1488004343452558
1819,Burnley,Wolves,32,14.0,20.0,-6.0,-0.4188208744844705
1819,Burnley,Bournemouth,33,7.0,7.0,0.0,0.19226786871259027
1819,Burnley,Cardiff,34,7.0,9.0,-2.0,1.3136650472152083
1819,Burnley,Chelsea,35,9.0,8.0,1.0,0.044563267188609146
1819,Burnley,Man City,36,5.0,3.0,2.0,-0.4774177019733199
1819,Burnley,Everton,37,5.0,6.0,-1.0,-0.4536653941675887
1819,Burnley,Arsenal,38,8.0,6.0,2.0,0.4296973023289896
1819,Cardiff,Newcastle,2,6.0,7.0,-1.0,-0.031955677611753996
1819,Cardiff,Huddersfield,3,7.0,6.0,1.0,-0.05446594414741712
1819,Cardiff,Arsenal,4,7.0,7.0,0.0,-0.3902922921720544
1819,Cardiff,Chelsea,5,13.0,14.0,-1.0,0.16075881512629397
1819,Cardiff,Man City,6,7.0,7.0,0.0,-0.41032861183054264
1819,Cardiff,Burnley,7,8.0,8.0,0.0,0.13654610164848346
1819,Cardiff,Tottenham,8,5.0,7.0,-2.0,0.3088826344126664
1819,Cardiff,Fulham,9,14.0,13.0,1.0,0.22663154149835418
1819,Cardiff,Liverpool,10,7.0,6.0,1.0,0.12380281639437396
1819,Cardiff,Leicester,11,7.0,6.0,1.0,0.007173793947182094
1819,Cardiff,Brighton,12,6.0,6.0,0.0,0.7138546079030654
1819,Cardiff,Everton,13,14.0,13.0,1.0,0.048534465149725814
1819,Cardiff,Wolves,14,6.0,5.0,1.0,0.2042206940940824
1819,Cardiff,West Ham,15,3.0,3.0,0.0,0.04158559167251474
1819,Cardiff,Southampton,16,3.0,2.0,1.0,0.28130251470962886
1819,Cardiff,Watford,17,7.0,4.0,3.0,-0.6025790125588635
1819,Cardiff,Man United,18,7.0,6.0,1.0,-0.5590605730059134
1819,Cardiff,Crystal Palace,19,3.0,4.0,-1.0,0.16278176977725067
1819,Cardiff,Leicester,20,3.0,3.0,0.0,-0.25393959194422044
1819,Cardiff,Tottenham,21,3.0,3.0,0.0,0.0628959938573932
1819,Cardiff,Huddersfield,22,10.0,9.0,1.0,-1.244704425685151
1819,Cardiff,Newcastle,23,7.0,6.0,1.0,-0.7135705169630422
1819,Cardiff,Arsenal,24,10.0,10.0,0.0,-0.35294113079025113
1819,Cardiff,Bournemouth,25,3.0,2.0,1.0,0.4562446920567276
1819,Cardiff,Southampton,26,6.0,7.0,-1.0,-0.061986757566840134
1819,Cardiff,Watford,27,13.0,13.0,0.0,0.5674761751114803
1819,Cardiff,Everton,28,4.0,17.0,-13.0,-0.7979018265791228
1819,Cardiff,Wolves,29,3.0,3.0,0.0,-0.023115957468155535
1819,Cardiff,West Ham,30,7.0,6.0,1.0,2.106648879787301
1819,Cardiff,Chelsea,31,21.0,13.0,8.0,-0.37060449856814026
1819,Cardiff,Man City,32,3.0,4.0,-1.0,-0.2793116289243357
1819,Cardiff,Burnley,33,9.0,7.0,2.0,-0.2957707363521115
1819,Cardiff,Brighton,34,3.0,3.0,0.0,-0.18407663696643906
1819,Cardiff,Liverpool,35,4.0,6.0,-2.0,0.4826600185862495
1819,Cardiff,Fulham,36,5.0,7.0,-2.0,-0.13564267924560003
1819,Cardiff,Crystal Palace,37,7.0,7.0,0.0,0.4016211369352398
1819,Cardiff,Man United,38,7.0,7.0,0.0,0.07645585913564734
1819,Chelsea,Arsenal,2,7.0,6.0,1.0,-0.09122515036728562
1819,Chelsea,Newcastle,3,7.0,8.0,-1.0,-0.7703489132996589
1819,Chelsea,Bournemouth,4,5.0,6.0,-1.0,-0.8765753690168852
1819,Chelsea,Cardiff,5,14.0,13.0,1.0,-0.21941213131052195
1819,Chelsea,West Ham,6,7.0,6.0,1.0,0.1252253115315236
1819,Chelsea,Liverpool,7,6.0,7.0,-1.0,0.7882464671838786
1819,Chelsea,Southampton,8,7.0,7.0,0.0,1.9271436068854289
1819,Chelsea,Man United,9,12.0,13.0,-1.0,0.5498887333125713
1819,Chelsea,Burnley,10,8.0,7.0,1.0,1.2016467667628277
1819,Chelsea,Crystal Palace,11,7.0,7.0,0.0,0.18162142597663355
1819,Chelsea,Everton,12,6.0,7.0,-1.0,-0.41740734000463786
1819,Chelsea,Tottenham,13,13.0,14.0,-1.0,-0.32595707312331546
1819,Chelsea,Fulham,14,7.0,7.0,0.0,-0.20524383175544036
1819,Chelsea,Wolves,15,3.0,4.0,-1.0,-0.01990490496152053
1819,Chelsea,Man City,16,2.0,3.0,-1.0,-0.26350858916770936
1819,Chelsea,Brighton,17,7.0,7.0,0.0,0.05201552579085633
1819,Chelsea,Leicester,18,6.0,7.0,-1.0,0.9829251224630999
1819,Chelsea,Watford,19,4.0,4.0,0.0,-0.25639480642059165
1819,Chelsea,Crystal Palace,20,3.0,3.0,0.0,-0.6512719510858085
1819,Chelsea,Southampton,21,3.0,3.0,0.0,-1.1331468593828973
1819,Chelsea,Newcastle,22,9.0,9.0,0.0,-0.520796659543479
1819,Chelsea,Arsenal,23,7.0,7.0,0.0,-0.7218847243495929
1819,Chelsea,Bournemouth,24,11.0,11.0,0.0,-0.9472821285281053
1819,Chelsea,Huddersfield,25,2.0,3.0,-1.0,0.05394303820171231
1819,Chelsea,Man City,26,8.0,3.0,5.0,0.25698008284747176
1819,Chelsea,Tottenham,27,17.0,4.0,13.0,-0.9524567797028632
1819,Chelsea,Fulham,28,3.0,3.0,0.0,-0.4038773575658039
1819,Chelsea,Wolves,29,7.0,7.0,0.0,-0.3331228366455363
1819,Chelsea,Everton,30,7.0,8.0,-1.0,-0.04641530035538799
1819,Chelsea,Cardiff,31,13.0,21.0,-8.0,0.3394880994566618
1819,Chelsea,Brighton,32,3.0,4.0,-1.0,1.2146414632378402
1819,Chelsea,West Ham,33,5.0,9.0,-4.0,0.07946292374706188
1819,Chelsea,Liverpool,34,5.0,8.0,-3.0,0.06638532984878542
1819,Chelsea,Burnley,35,8.0,9.0,-1.0,-0.9404510344670867
1819,Chelsea,Man United,36,5.0,3.0,2.0,0.2730208123844451
1819,Chelsea,Watford,37,6.0,7.0,-1.0,0.8939099710266367
1819,Chelsea,Leicester,38,7.0,5.0,2.0,0.10659664538223534
1819,Crystal Palace,Liverpool,2,9.0,8.0,1.0,-0.32564507405819215
1819,Crystal Palace,Watford,3,5.0,7.0,-2.0,0.031092825623059595
1819,Crystal Palace,Southampton,4,5.0,6.0,-1.0,0.9580344262999287
1819,Crystal Palace,Huddersfield,5,14.0,14.0,0.0,-0.47366687219076575
1819,Crystal Palace,Newcastle,6,7.0,7.0,0.0,-0.36502714524679813
1819,Crystal Palace,Bournemouth,7,9.0,9.0,0.0,-0.7847834970169553
1819,Crystal Palace,Wolves,8,4.0,7.0,-3.0,0.06740876894299852
1819,Crystal Palace,Everton,9,15.0,15.0,0.0,-0.1660241682461976
1819,Crystal Palace,Arsenal,10,6.0,5.0,1.0,-0.4122880862958831
1819,Crystal Palace,Chelsea,11,7.0,7.0,0.0,-0.27332633506636855
1819,Crystal Palace,Tottenham,12,6.0,6.0,0.0,-0.4209770273755804
1819,Crystal Palace,Man United,13,13.0,12.0,1.0,0.09966005026853053
1819,Crystal Palace,Burnley,14,7.0,4.0,3.0,0.47639845140906734
1819,Crystal Palace,Brighton,15,3.0,3.0,0.0,-0.32366868967390994
1819,Crystal Palace,West Ham,16,3.0,3.0,0.0,-0.3006916544678412
1819,Crystal Palace,Leicester,17,7.0,6.0,1.0,-0.6018609827232135
1819,Crystal Palace,Man City,18,7.0,7.0,0.0,-0.06817231790831263
1819,Crystal Palace,Cardiff,19,4.0,3.0,1.0,0.9357188829373022
1819,Crystal Palace,Chelsea,20,3.0,3.0,0.0,-0.692474792127736
1819,Crystal Palace,Wolves,21,3.0,4.0,-1.0,0.3936534486994274
1819,Crystal Palace,Watford,22,9.0,9.0,0.0,-0.2932732762254848
1819,Crystal Palace,Liverpool,23,7.0,7.0,0.0,0.12836896675408638
1819,Crystal Palace,Southampton,24,11.0,11.0,0.0,0.3948515731080693
1819,Crystal Palace,Fulham,25,2.0,3.0,-1.0,-0.23491108944106798
1819,Crystal Palace,West Ham,26,7.0,4.0,3.0,1.171156991724612
1819,Crystal Palace,Leicester,27,14.0,13.0,1.0,0.0006899067787135005
1819,Crystal Palace,Man United,28,4.0,3.0,1.0,0.5258166396711448
1819,Crystal Palace,Burnley,29,2.0,3.0,-1.0,-0.5686105976538424
1819,Crystal Palace,Brighton,30,6.0,6.0,0.0,-0.6598632765722621
1819,Crystal Palace,Huddersfield,31,21.0,14.0,7.0,0.5912568354144578
1819,Crystal Palace,Tottenham,32,4.0,3.0,1.0,-0.3411540795943536
1819,Crystal Palace,Newcastle,33,2.0,4.0,-2.0,-0.911192761041814
1819,Crystal Palace,Man City,34,7.0,10.0,-3.0,-0.2367632597358244
1819,Crystal Palace,Arsenal,35,7.0,5.0,2.0,1.5243014730040905
1819,Crystal Palace,Everton,36,5.0,6.0,-1.0,-0.8490208773804353
1819,Crystal Palace,Cardiff,37,7.0,7.0,0.0,0.5882094532695545
1819,Crystal Palace,Bournemouth,38,7.0,8.0,-1.0,1.4252452519640464
1819,Everton,Southampton,2,6.0,6.0,0.0,0.37377544461725254
1819,Everton,Bournemouth,3,7.0,7.0,0.0,-0.8389045794313806
1819,Everton,Huddersfield,4,6.0,6.0,0.0,-1.1491689371214866
1819,Everton,West Ham,5,15.0,15.0,0.0,-0.5191495067350043
1819,Everton,Arsenal,6,7.0,8.0,-1.0,-0.16053593163266422
1819,Everton,Fulham,7,5.0,7.0,-2.0,-0.41752014100646484
1819,Everton,Leicester,8,7.0,7.0,0.0,0.18633100886736764
1819,Everton,Crystal Palace,9,15.0,15.0,0.0,0.5124827289416056
1819,Everton,Man United,10,7.0,8.0,-1.0,-0.21354252777169724
1819,Everton,Brighton,11,6.0,7.0,-1.0,1.0085383329381707
1819,Everton,Chelsea,12,7.0,6.0,1.0,-0.6616299893304136
1819,Everton,Cardiff,13,13.0,14.0,-1.0,0.7134490699436509
1819,Everton,Liverpool,14,8.0,8.0,0.0,0.5606671514093052
1819,Everton,Newcastle,15,3.0,4.0,-1.0,0.5789977240670054
1819,Everton,Watford,16,5.0,6.0,-1.0,-0.7527085594629468
1819,Everton,Man City,17,4.0,6.0,-2.0,1.088375137637383
1819,Everton,Tottenham,18,8.0,8.0,0.0,-0.3085695470350407
1819,Everton,Burnley,19,2.0,4.0,-2.0,-0.37934809507595024
1819,Everton,Brighton,20,3.0,2.0,1.0,-0.637871732594266
1819,Everton,Leicester,21,2.0,2.0,0.0,-0.30838014373824485
1819,Everton,Bournemouth,22,12.0,10.0,2.0,0.08807145753801171
1819,Everton,Southampton,23,6.0,7.0,-1.0,-0.032452756053146015
1819,Everton,Huddersfield,24,10.0,9.0,1.0,-0.3812864684278081
1819,Everton,Wolves,25,3.0,3.0,0.0,0.21721601592957707
1819,Everton,Man City,26,4.0,3.0,1.0,-0.543845412696783
1819,Everton,Watford,27,2.0,7.0,-5.0,-0.7619463901047261
1819,Everton,Cardiff,28,17.0,4.0,13.0,-0.3007731014073378
1819,Everton,Liverpool,29,4.0,3.0,1.0,-0.5780706790520993
1819,Everton,Newcastle,30,5.0,6.0,-1.0,-0.09842796925448938
1819,Everton,Chelsea,31,8.0,7.0,1.0,0.2881686561483445
1819,Everton,West Ham,32,13.0,14.0,-1.0,1.2008697262748438
1819,Everton,Arsenal,33,7.0,5.0,2.0,1.1926797250030938
1819,Everton,Fulham,34,6.0,10.0,-4.0,-0.31889884307725525
1819,Everton,Man United,35,7.0,7.0,0.0,0.141493027371699
1819,Everton,Crystal Palace,36,6.0,5.0,1.0,-0.0035231303508245215
1819,Everton,Burnley,37,6.0,5.0,1.0,-0.07954704296215165
1819,Everton,Tottenham,38,8.0,8.0,0.0,0.9991006608890043
1819,Fulham,Tottenham,2,7.0,7.0,0.0,0.5784235179958678
1819,Fulham,Burnley,3,8.0,7.0,1.0,0.4344701774240243
1819,Fulham,Brighton,4,5.0,6.0,-1.0,0.4701933173286754
1819,Fulham,Man City,5,14.0,13.0,1.0,-0.08969476611657923
1819,Fulham,Watford,6,6.0,6.0,0.0,0.3839442073108814
1819,Fulham,Everton,7,7.0,5.0,2.0,-0.3288584016927777
1819,Fulham,Arsenal,8,7.0,7.0,0.0,0.10281221623798831
1819,Fulham,Cardiff,9,13.0,14.0,-1.0,-0.21817765157308922
1819,Fulham,Bournemouth,10,7.0,7.0,0.0,-0.9844140464680918
1819,Fulham,Huddersfield,11,9.0,9.0,0.0,-0.8103850553559442
1819,Fulham,Liverpool,12,5.0,7.0,-2.0,0.030352079099518314
1819,Fulham,Southampton,13,13.0,14.0,-1.0,0.05728169969746788
1819,Fulham,Chelsea,14,7.0,7.0,0.0,-0.40936592783736997
1819,Fulham,Leicester,15,3.0,4.0,-1.0,0.5227190282601043
1819,Fulham,Man United,16,2.0,2.0,0.0,-0.4383672151785537
1819,Fulham,West Ham,17,7.0,7.0,0.0,-0.40960638222672463
1819,Fulham,Newcastle,18,6.0,7.0,-1.0,-0.7642706538587304
1819,Fulham,Wolves,19,3.0,4.0,-1.0,0.35146896035420616
1819,Fulham,Huddersfield,20,3.0,3.0,0.0,-0.46361318417011366
1819,Fulham,Arsenal,21,3.0,2.0,1.0,0.7226739208362161
1819,Fulham,Burnley,22,11.0,9.0,2.0,-0.31339864088521374
1819,Fulham,Tottenham,23,8.0,6.0,2.0,-0.12042894512740632
1819,Fulham,Brighton,24,9.0,10.0,-1.0,2.1808094040928134
1819,Fulham,Crystal Palace,25,3.0,2.0,1.0,-0.37298970043194957
1819,Fulham,Man United,26,6.0,5.0,1.0,1.0732225606801533
1819,Fulham,West Ham,27,13.0,13.0,0.0,0.05667771657628018
1819,Fulham,Southampton,28,5.0,3.0,2.0,-0.2873821807203104
1819,Fulham,Chelsea,29,3.0,3.0,0.0,0.04771750501141225
1819,Fulham,Leicester,30,6.0,6.0,0.0,-0.6272480832310862
1819,Fulham,Liverpool,31,7.0,7.0,0.0,0.2532274601884199
1819,Fulham,Man City,32,12.0,20.0,-8.0,0.13190968755681387
1819,Fulham,Watford,33,3.0,3.0,0.0,0.7754822237075716
1819,Fulham,Everton,34,10.0,6.0,4.0,0.6033898750343338
1819,Fulham,Bournemouth,35,7.0,7.0,0.0,0.7385730930901244
1819,Fulham,Cardiff,36,7.0,5.0,2.0,-0.9088736554958574
1819,Fulham,Wolves,37,6.0,6.0,0.0,-0.24311931293733535
1819,Fulham,Newcastle,38,8.0,7.0,1.0,-0.6667782475596303
1819,Huddersfield,Man City,2,7.0,6.0,1.0,0.3610105652339726
1819,Huddersfield,Cardiff,3,6.0,7.0,-1.0,-0.7962592142820959
1819,Huddersfield,Everton,4,6.0,6.0,0.0,0.054321180822238135
1819,Huddersfield,Crystal Palace,5,14.0,14.0,0.0,0.07671502789587192
1819,Huddersfield,Leicester,6,7.0,7.0,0.0,0.14329944750683565
1819,Huddersfield,Tottenham,7,7.0,6.0,1.0,-0.4016980243542291
1819,Huddersfield,Burnley,8,7.0,5.0,2.0,0.17370442912589934
1819,Huddersfield,Liverpool,9,14.0,13.0,1.0,0.1744950066872884
1819,Huddersfield,Watford,10,6.0,7.0,-1.0,-0.31404573558456733
1819,Huddersfield,Fulham,11,9.0,9.0,0.0,-0.6011410736839078
1819,Huddersfield,West Ham,12,4.0,7.0,-3.0,0.16439560385395913
1819,Huddersfield,Wolves,13,15.0,13.0,2.0,0.09828407339941181
1819,Huddersfield,Brighton,14,5.0,7.0,-2.0,-0.3382761387382872
1819,Huddersfield,Bournemouth,15,3.0,3.0,0.0,0.7809796134945023
1819,Huddersfield,Arsenal,16,3.0,2.0,1.0,-0.38505547500164206
1819,Huddersfield,Newcastle,17,7.0,5.0,2.0,-0.1943843968460045
1819,Huddersfield,Southampton,18,7.0,6.0,1.0,0.07250721770414859
1819,Huddersfield,Man United,19,4.0,3.0,1.0,0.7690457250005682
1819,Huddersfield,Fulham,20,3.0,3.0,0.0,-0.6339692774879999
1819,Huddersfield,Burnley,21,4.0,3.0,1.0,-0.42142267350852625
1819,Huddersfield,Cardiff,22,9.0,10.0,-1.0,-0.42156543672005015
1819,Huddersfield,Man City,23,7.0,5.0,2.0,0.3935013561505388
1819,Huddersfield,Everton,24,9.0,10.0,-1.0,-0.011079587999324958
1819,Huddersfield,Chelsea,25,3.0,2.0,1.0,-0.22591744100720051
1819,Huddersfield,Arsenal,26,7.0,5.0,2.0,1.1188849064335882
1819,Huddersfield,Newcastle,27,14.0,11.0,3.0,-0.5729473010338022
1819,Huddersfield,Wolves,28,3.0,3.0,0.0,0.8143408938618095
1819,Huddersfield,Brighton,29,3.0,3.0,0.0,-0.5304596754195369
1819,Huddersfield,Bournemouth,30,7.0,7.0,0.0,-0.618829906182654
1819,Huddersfield,West Ham,31,7.0,7.0,0.0,0.8437553548884049
1819,Huddersfield,Crystal Palace,32,14.0,21.0,-7.0,0.273214747984181
1819,Huddersfield,Leicester,33,7.0,7.0,0.0,0.19449701825543564
1819,Huddersfield,Tottenham,34,6.0,9.0,-3.0,0.3785615370812544
1819,Huddersfield,Watford,35,7.0,4.0,3.0,0.11861983973813561
1819,Huddersfield,Liverpool,36,6.0,5.0,1.0,-0.216321165925001
1819,Huddersfield,Man United,37,8.0,6.0,2.0,-0.043418447782804015
1819,Huddersfield,Southampton,38,7.0,8.0,-1.0,0.09676968903144845
1819,Leicester,Wolves,2,7.0,6.0,1.0,-0.8505074049276041
1819,Leicester,Southampton,3,7.0,7.0,0.0,-0.7417621560010206
1819,Leicester,Liverpool,4,6.0,6.0,0.0,0.21278055668739704
1819,Leicester,Bournemouth,5,14.0,14.0,0.0,-0.231849819020425
1819,Leicester,Huddersfield,6,7.0,7.0,0.0,0.14975539666997206
1819,Leicester,Newcastle,7,7.0,7.0,0.0,-0.5888180183203975
1819,Leicester,Everton,8,7.0,7.0,0.0,-0.12429124825547033
1819,Leicester,Arsenal,9,16.0,15.0,1.0,-0.21626634072665474
1819,Leicester,West Ham,10,4.0,7.0,-3.0,0.2788116023946259
1819,Leicester,Cardiff,11,6.0,7.0,-1.0,0.8306364767053289
1819,Leicester,Burnley,12,7.0,7.0,0.0,-0.21919810805216433
1819,Leicester,Brighton,13,14.0,14.0,0.0,-0.8484037641917204
1819,Leicester,Watford,14,7.0,7.0,0.0,-0.9540322598550596
1819,Leicester,Fulham,15,4.0,3.0,1.0,-0.29307275245062114
1819,Leicester,Tottenham,16,3.0,2.0,1.0,-0.8697508112792727
1819,Leicester,Crystal Palace,17,6.0,7.0,-1.0,-0.18778185439605832
1819,Leicester,Chelsea,18,7.0,6.0,1.0,-0.3491571468032021
1819,Leicester,Man City,19,4.0,4.0,0.0,0.9429112873229867
1819,Leicester,Cardiff,20,3.0,3.0,0.0,-0.9008771250382557
1819,Leicester,Everton,21,2.0,2.0,0.0,-0.359319605560257
1819,Leicester,Southampton,22,11.0,9.0,2.0,0.21699180881687852
1819,Leicester,Wolves,23,6.0,4.0,2.0,0.46194042332845353
1819,Leicester,Liverpool,24,11.0,11.0,0.0,0.4997866991494946
1819,Leicester,Man United,25,3.0,4.0,-1.0,0.1083926849696546
1819,Leicester,Tottenham,26,6.0,8.0,-2.0,1.2582461684817743
1819,Leicester,Crystal Palace,27,13.0,14.0,-1.0,-0.3798343455461016
1819,Leicester,Brighton,28,3.0,17.0,-14.0,0.4367450796747496
1819,Leicester,Watford,29,4.0,3.0,1.0,-0.520211553580888
1819,Leicester,Fulham,30,6.0,6.0,0.0,0.28698046852276216
1819,Leicester,Burnley,31,7.0,6.0,1.0,-0.8021675446162426
1819,Leicester,Bournemouth,32,14.0,14.0,0.0,0.3065546108226169
1819,Leicester,Huddersfield,33,7.0,7.0,0.0,1.5068990319257125
1819,Leicester,Newcastle,34,6.0,6.0,0.0,-0.556906060160863
1819,Leicester,West Ham,35,7.0,6.0,1.0,-0.5608012775269406
1819,Leicester,Arsenal,36,7.0,3.0,4.0,2.2727374699729745
1819,Leicester,Man City,37,8.0,8.0,0.0,0.035801289994170094
1819,Leicester,Chelsea,38,5.0,7.0,-2.0,-0.6414282054879341
1819,Liverpool,Crystal Palace,2,8.0,9.0,-1.0,0.34457887790158215
1819,Liverpool,Brighton,3,4.0,6.0,-2.0,-0.5387109446332592
1819,Liverpool,Leicester,4,6.0,6.0,0.0,-0.20301299290008745
1819,Liverpool,Tottenham,5,14.0,12.0,2.0,1.4221911115647716
1819,Liverpool,Southampton,6,7.0,4.0,3.0,-0.6655974020227826
1819,Liverpool,Chelsea,7,7.0,6.0,1.0,0.4642109950936919
1819,Liverpool,Man City,8,7.0,8.0,-1.0,-0.5392116983219458
1819,Liverpool,Huddersfield,9,13.0,14.0,-1.0,-1.4762635452669777
1819,Liverpool,Cardiff,10,6.0,7.0,-1.0,-0.3223598776660399
1819,Liverpool,Arsenal,11,7.0,6.0,1.0,-0.624551763479158
1819,Liverpool,Fulham,12,7.0,5.0,2.0,-0.703802446067817
1819,Liverpool,Watford,13,13.0,14.0,-1.0,-0.6302254399844227
1819,Liverpool,Everton,14,8.0,8.0,0.0,1.1284511067617258
1819,Liverpool,Burnley,15,3.0,4.0,-1.0,0.5031391117628736
1819,Liverpool,Bournemouth,16,2.0,3.0,-1.0,-0.24677846796130876
1819,Liverpool,Man United,17,8.0,8.0,0.0,0.5568201127720784
1819,Liverpool,Wolves,18,5.0,6.0,-1.0,0.775009044549593
1819,Liverpool,Newcastle,19,4.0,4.0,0.0,0.21618118728527014
1819,Liverpool,Arsenal,20,3.0,3.0,0.0,-0.04628119841297318
1819,Liverpool,Man City,21,5.0,4.0,1.0,0.5854966142489447
1819,Liverpool,Brighton,22,8.0,9.0,-1.0,-0.4157103699126006
1819,Liverpool,Crystal Palace,23,7.0,7.0,0.0,0.7280968152195468
1819,Liverpool,Leicester,24,11.0,11.0,0.0,-1.1753692199605072
1819,Liverpool,West Ham,25,5.0,6.0,-1.0,-1.0416505070889837
1819,Liverpool,Bournemouth,26,4.0,6.0,-2.0,0.015617593354189552
1819,Liverpool,Man United,27,14.0,15.0,-1.0,-1.291249037962684
1819,Liverpool,Watford,28,3.0,5.0,-2.0,0.19101832034188515
1819,Liverpool,Everton,29,3.0,4.0,-1.0,-0.7786512302796167
1819,Liverpool,Burnley,30,6.0,7.0,-1.0,1.3850333457652377
1819,Liverpool,Fulham,31,7.0,7.0,0.0,-0.4174221377309002
1819,Liverpool,Tottenham,32,14.0,22.0,-8.0,-0.8517830279843726
1819,Liverpool,Southampton,33,5.0,6.0,-1.0,0.010631269134801391
1819,Liverpool,Chelsea,34,8.0,5.0,3.0,-0.2550265770674387
1819,Liverpool,Cardiff,35,6.0,4.0,2.0,-0.47967246867376834
1819,Liverpool,Huddersfield,36,5.0,6.0,-1.0,0.9681129605874261
1819,Liverpool,Newcastle,37,7.0,7.0,0.0,-0.3746652524708176
1819,Liverpool,Wolves,38,7.0,8.0,-1.0,0.001315652828507874
1819,Man City,Huddersfield,2,6.0,7.0,-1.0,1.3973919260691057
1819,Man City,Wolves,3,5.0,6.0,-1.0,0.14443860859575097
1819,Man City,Newcastle,4,7.0,5.0,2.0,-0.3107432049037433
1819,Man City,Fulham,5,13.0,14.0,-1.0,1.3346806550420527
1819,Man City,Cardiff,6,7.0,7.0,0.0,0.46336757608097034
1819,Man City,Brighton,7,7.0,6.0,1.0,0.028960309968249387
1819,Man City,Liverpool,8,8.0,7.0,1.0,-0.9023483710533309
1819,Man City,Burnley,9,12.0,14.0,-2.0,1.1361563935397148
1819,Man City,Tottenham,10,9.0,9.0,0.0,-0.006529453051883349
1819,Man City,Southampton,11,5.0,8.0,-3.0,-0.22745384424375992
1819,Man City,Man United,12,7.0,8.0,-1.0,-0.47692194887818484
1819,Man City,West Ham,13,12.0,14.0,-2.0,0.30855415093911764
1819,Man City,Bournemouth,14,7.0,6.0,1.0,-0.2400879802594651
1819,Man City,Watford,15,3.0,3.0,0.0,-0.02906640639248348
1819,Man City,Chelsea,16,3.0,2.0,1.0,-0.821380165426004
1819,Man City,Everton,17,6.0,4.0,2.0,-0.5834660198847876
1819,Man City,Crystal Palace,18,7.0,7.0,0.0,-1.2997696664583394
1819,Man City,Leicester,19,4.0,4.0,0.0,-0.401667335785028
1819,Man City,Southampton,20,3.0,2.0,1.0,0.5266016393007433
1819,Man City,Liverpool,21,4.0,5.0,-1.0,-0.48573624539117577
1819,Man City,Wolves,22,11.0,12.0,-1.0,0.27804017439782847
1819,Man City,Huddersfield,23,5.0,7.0,-2.0,-0.6040134175058718
1819,Man City,Newcastle,24,9.0,10.0,-1.0,-0.9306785256261965
1819,Man City,Arsenal,25,4.0,4.0,0.0,0.3041866994244793
1819,Man City,Everton,26,3.0,4.0,-1.0,0.6644077415635736
1819,Man City,Chelsea,27,3.0,8.0,-5.0,1.3686209825826392
1819,Man City,West Ham,28,17.0,5.0,12.0,-0.3293563703539739
1819,Man City,Bournemouth,29,2.0,2.0,0.0,-0.9160644829611846
1819,Man City,Watford,30,7.0,6.0,1.0,0.6359427476875874
1819,Man City,Fulham,31,20.0,12.0,8.0,-0.6091185412666538
1819,Man City,Cardiff,32,4.0,3.0,1.0,0.3292765878990389
1819,Man City,Crystal Palace,33,10.0,7.0,3.0,0.7632299670729457
1819,Man City,Tottenham,34,5.0,7.0,-2.0,-0.3171531380217991
1819,Man City,Man United,35,4.0,3.0,1.0,-1.5144447621830244
1819,Man City,Burnley,36,3.0,5.0,-2.0,-0.38611388444852457
1819,Man City,Leicester,37,8.0,8.0,0.0,-1.0565358363988655
1819,Man City,Brighton,38,5.0,6.0,-1.0,-0.12749852629174985
1819,Man United,Brighton,2,8.0,8.0,0.0,-0.7340848466664155
1819,Man United,Tottenham,3,8.0,9.0,-1.0,-0.15459525119523798
1819,Man United,Burnley,4,5.0,6.0,-1.0,0.35157240229640463
1819,Man United,Watford,5,13.0,13.0,0.0,-0.01970638398718605
1819,Man United,Wolves,6,6.0,6.0,0.0,-0.7393538611226995
1819,Man United,West Ham,7,6.0,5.0,1.0,-0.8694965064935871
1819,Man United,Newcastle,8,7.0,7.0,0.0,0.5860682337851879
1819,Man United,Chelsea,9,13.0,12.0,1.0,0.09209452416621078
1819,Man United,Everton,10,8.0,7.0,1.0,0.08539770770652177
1819,Man United,Bournemouth,11,5.0,6.0,-1.0,1.648110870812562
1819,Man United,Man City,12,8.0,7.0,1.0,-0.426737496027585
1819,Man United,Crystal Palace,13,12.0,13.0,-1.0,-0.341044580968791
1819,Man United,Southampton,14,7.0,7.0,0.0,-0.6938726309301357
1819,Man United,Arsenal,15,4.0,3.0,1.0,-0.44877941219623807
1819,Man United,Fulham,16,2.0,2.0,0.0,0.8092034041690748
1819,Man United,Liverpool,17,8.0,8.0,0.0,-0.13819821689085732
1819,Man United,Cardiff,18,6.0,7.0,-1.0,0.2479342173261312
1819,Man United,Huddersfield,19,3.0,4.0,-1.0,-0.30096467157668094
1819,Man United,Bournemouth,20,4.0,4.0,0.0,1.4047552027740489
1819,Man United,Newcastle,21,3.0,4.0,-1.0,1.189208259843031
1819,Man United,Tottenham,22,10.0,11.0,-1.0,-0.3141404672680771
1819,Man United,Brighton,23,5.0,7.0,-2.0,-0.005681872352250039
1819,Man United,Burnley,24,10.0,10.0,0.0,0.27962514385845383
1819,Man United,Leicester,25,4.0,3.0,1.0,0.35158724015582266
1819,Man United,Fulham,26,5.0,6.0,-1.0,-0.5439097329030622
1819,Man United,Liverpool,27,15.0,14.0,1.0,-0.5003500119586882
1819,Man United,Crystal Palace,28,3.0,4.0,-1.0,0.166349657462026
1819,Man United,Southampton,29,2.0,2.0,0.0,-0.17700856337790105
1819,Man United,Arsenal,30,8.0,8.0,0.0,0.9124175576026132
1819,Man United,Watford,31,19.0,20.0,-1.0,-0.0632845633312955
1819,Man United,Wolves,32,3.0,3.0,0.0,0.9262735651354399
1819,Man United,West Ham,33,10.0,4.0,6.0,-0.996342883512555
1819,Man United,Everton,34,7.0,7.0,0.0,-0.967508858570433
1819,Man United,Man City,35,3.0,4.0,-1.0,-0.26500571915011095
1819,Man United,Chelsea,36,3.0,5.0,-2.0,-0.12742965701671505
1819,Man United,Huddersfield,37,6.0,8.0,-2.0,0.16633455772475547
1819,Man United,Cardiff,38,7.0,7.0,0.0,-0.2063078836746417
1819,Newcastle,Cardiff,2,7.0,6.0,1.0,-0.2946479192825511
1819,Newcastle,Chelsea,3,8.0,7.0,1.0,-0.584233816863415
1819,Newcastle,Man City,4,5.0,7.0,-2.0,0.15143220054302314
1819,Newcastle,Arsenal,5,13.0,13.0,0.0,-0.7194141165896282
1819,Newcastle,Crystal Palace,6,7.0,7.0,0.0,-0.6417524418723691
1819,Newcastle,Leicester,7,7.0,7.0,0.0,-0.49184279103964523
1819,Newcastle,Man United,8,7.0,7.0,0.0,0.7110513286989221
1819,Newcastle,Brighton,9,13.0,14.0,-1.0,0.5174222647963735
1819,Newcastle,Southampton,10,7.0,7.0,0.0,-0.715452457039832
1819,Newcastle,Watford,11,7.0,7.0,0.0,-0.6036065925268146
1819,Newcastle,Bournemouth,12,7.0,7.0,0.0,1.2991655235898778
1819,Newcastle,Burnley,13,16.0,16.0,0.0,0.5421300387839714
1819,Newcastle,West Ham,14,4.0,7.0,-3.0,-0.22097263240009735
1819,Newcastle,Everton,15,4.0,3.0,1.0,0.7151147355181778
1819,Newcastle,Wolves,16,3.0,3.0,0.0,-0.4031310027175718
1819,Newcastle,Huddersfield,17,5.0,7.0,-2.0,-0.15523829274501666
1819,Newcastle,Fulham,18,7.0,6.0,1.0,-1.1966944107087243
1819,Newcastle,Liverpool,19,4.0,4.0,0.0,-0.04828168196657906
1819,Newcastle,Watford,20,3.0,2.0,1.0,-0.39577739525639544
1819,Newcastle,Man United,21,4.0,3.0,1.0,-0.34742271421369386
1819,Newcastle,Chelsea,22,9.0,9.0,0.0,-0.2527870244251245
1819,Newcastle,Cardiff,23,6.0,7.0,-1.0,1.186029375271785
1819,Newcastle,Man City,24,10.0,9.0,1.0,-0.2628301127899413
1819,Newcastle,Tottenham,25,3.0,2.0,1.0,-0.40587618898389305
1819,Newcastle,Wolves,26,9.0,9.0,0.0,-0.2695482014010732
1819,Newcastle,Huddersfield,27,11.0,14.0,-3.0,1.7026886545112083
1819,Newcastle,Burnley,28,3.0,3.0,0.0,0.31315405601791335
1819,Newcastle,West Ham,29,3.0,2.0,1.0,0.08585203704026423
1819,Newcastle,Everton,30,6.0,5.0,1.0,0.6293703680585544
1819,Newcastle,Bournemouth,31,7.0,7.0,0.0,-0.01359127017713857
1819,Newcastle,Arsenal,32,16.0,22.0,-6.0,-0.879731753795727
1819,Newcastle,Crystal Palace,33,4.0,2.0,2.0,-0.12367416528194408
1819,Newcastle,Leicester,34,6.0,6.0,0.0,0.21983551461418127
1819,Newcastle,Southampton,35,7.0,7.0,0.0,-0.010481716930223373
1819,Newcastle,Brighton,36,7.0,3.0,4.0,-0.5371262078441492
1819,Newcastle,Liverpool,37,7.0,7.0,0.0,0.6790629088952045
1819,Newcastle,Fulham,38,7.0,8.0,-1.0,0.7457548491549357
1819,Southampton,Everton,2,6.0,6.0,0.0,0.7909892162251887
1819,Southampton,Leicester,3,7.0,7.0,0.0,-0.5413248908145738
1819,Southampton,Crystal Palace,4,6.0,5.0,1.0,1.313172529049455
1819,Southampton,Brighton,5,16.0,16.0,0.0,-0.021708715953541624
1819,Southampton,Liverpool,6,4.0,7.0,-3.0,-0.3046021471454054
1819,Southampton,Wolves,7,7.0,7.0,0.0,-0.17950028878532787
1819,Southampton,Chelsea,8,7.0,7.0,0.0,0.5196794707636078
1819,Southampton,Bournemouth,9,13.0,14.0,-1.0,-0.6805841475365503
1819,Southampton,Newcastle,10,7.0,7.0,0.0,-0.21390400499061624
1819,Southampton,Man City,11,8.0,5.0,3.0,0.5618512525847073
1819,Southampton,Watford,12,6.0,7.0,-1.0,-0.3766473294242072
1819,Southampton,Fulham,13,14.0,13.0,1.0,0.19249284704934944
1819,Southampton,Man United,14,7.0,7.0,0.0,-0.6428981769519456
1819,Southampton,Tottenham,15,4.0,3.0,1.0,0.8418345981140511
1819,Southampton,Cardiff,16,2.0,3.0,-1.0,-0.8245105694697394
1819,Southampton,Arsenal,17,7.0,7.0,0.0,-0.1676509974480589
1819,Southampton,Huddersfield,18,6.0,7.0,-1.0,0.5164334397289865
1819,Southampton,West Ham,19,5.0,5.0,0.0,-0.35503062568064125
1819,Southampton,Man City,20,2.0,3.0,-1.0,-0.3807629614785724
1819,Southampton,Chelsea,21,3.0,3.0,0.0,-0.6316302604942249
1819,Southampton,Leicester,22,9.0,11.0,-2.0,-0.22949189030094286
1819,Southampton,Everton,23,7.0,6.0,1.0,-0.14474084957218292
1819,Southampton,Crystal Palace,24,11.0,11.0,0.0,0.03213772950037419
1819,Southampton,Burnley,25,2.0,3.0,-1.0,-0.5956111847708132
1819,Southampton,Cardiff,26,7.0,6.0,1.0,0.08305880114040964
1819,Southampton,Arsenal,27,14.0,14.0,0.0,-0.5129889117091804
1819,Southampton,Fulham,28,3.0,5.0,-2.0,-0.6533715255719801
1819,Southampton,Man United,29,2.0,2.0,0.0,-0.4558749824660123
1819,Southampton,Tottenham,30,7.0,7.0,0.0,0.874377712647773
1819,Southampton,Brighton,31,21.0,21.0,0.0,-0.3311543057225771
1819,Southampton,Liverpool,32,6.0,5.0,1.0,-0.034923704905252206
1819,Southampton,Wolves,33,7.0,10.0,-3.0,2.756187417024683
1819,Southampton,Newcastle,34,7.0,7.0,0.0,0.12299628736177914
1819,Southampton,Watford,35,3.0,3.0,0.0,0.8309655713485626
1819,Southampton,Bournemouth,36,3.0,7.0,-4.0,1.1796472479249074
1819,Southampton,West Ham,37,6.0,7.0,-1.0,-0.8967140672591751
1819,Southampton,Huddersfield,38,8.0,7.0,1.0,-0.6807190889757663
1819,Tottenham,Fulham,2,7.0,7.0,0.0,0.948508915337702
1819,Tottenham,Man United,3,9.0,8.0,1.0,0.4842598979642314
1819,Tottenham,Watford,4,5.0,6.0,-1.0,-1.0672674202058996
1819,Tottenham,Liverpool,5,12.0,14.0,-2.0,-0.17598349213967068
1819,Tottenham,Brighton,6,7.0,4.0,3.0,-0.16582543116812132
1819,Tottenham,Huddersfield,7,6.0,7.0,-1.0,-0.11854191532630298
1819,Tottenham,Cardiff,8,7.0,5.0,2.0,0.5736955825714749
1819,Tottenham,West Ham,9,14.0,14.0,0.0,-0.5977727470997678
1819,Tottenham,Man City,10,9.0,9.0,0.0,-0.32823219903758544
1819,Tottenham,Wolves,11,5.0,7.0,-2.0,0.5316556079120485
1819,Tottenham,Crystal Palace,12,6.0,6.0,0.0,0.1948689764832212
1819,Tottenham,Chelsea,13,14.0,13.0,1.0,2.1084419286913536
1819,Tottenham,Arsenal,14,7.0,7.0,0.0,-1.1099042944591564
1819,Tottenham,Southampton,15,3.0,4.0,-1.0,-0.19936760755643124
1819,Tottenham,Leicester,16,2.0,3.0,-1.0,-0.21461382390729933
1819,Tottenham,Burnley,17,6.0,7.0,-1.0,-0.422232786367265
1819,Tottenham,Everton,18,8.0,8.0,0.0,1.2961016748028222
1819,Tottenham,Bournemouth,19,2.0,4.0,-2.0,0.24344141905487238
1819,Tottenham,Wolves,20,3.0,3.0,0.0,-1.0690207727587002
1819,Tottenham,Cardiff,21,3.0,3.0,0.0,-0.3138298948181517
1819,Tottenham,Man United,22,11.0,10.0,1.0,0.18217926084548441
1819,Tottenham,Fulham,23,6.0,8.0,-2.0,0.04005131051823341
1819,Tottenham,Watford,24,10.0,11.0,-1.0,-0.6581299298864074
1819,Tottenham,Newcastle,25,2.0,3.0,-1.0,1.3045057082354907
1819,Tottenham,Leicester,26,8.0,6.0,2.0,-0.17571125634736484
1819,Tottenham,Burnley,27,12.0,13.0,-1.0,-0.9253127104153275
1819,Tottenham,Chelsea,28,4.0,17.0,-13.0,-0.2886129945348268
1819,Tottenham,Arsenal,29,2.0,2.0,0.0,-0.7582954257322916
1819,Tottenham,Southampton,30,7.0,7.0,0.0,-0.3117726558521956
1819,Tottenham,Liverpool,31,22.0,14.0,8.0,0.26100919620785534
1819,Tottenham,Crystal Palace,32,3.0,4.0,-1.0,0.9093709834342854
1819,Tottenham,Huddersfield,33,9.0,6.0,3.0,0.7103414077210743
1819,Tottenham,Man City,34,7.0,5.0,2.0,0.5697045143243356
1819,Tottenham,Brighton,35,3.0,3.0,0.0,-0.8599744448957938
1819,Tottenham,West Ham,36,3.0,6.0,-3.0,-0.7473637997011595
1819,Tottenham,Bournemouth,37,6.0,6.0,0.0,-0.9123554763903816
1819,Tottenham,Everton,38,8.0,8.0,0.0,-0.6594232755519683
1819,Watford,Burnley,2,7.0,7.0,0.0,0.37971167359819713
1819,Watford,Crystal Palace,3,7.0,5.0,2.0,-0.29926901874003375
1819,Watford,Tottenham,4,6.0,5.0,1.0,-0.8830195426777996
1819,Watford,Man United,5,13.0,13.0,0.0,-0.2326799466529752
1819,Watford,Fulham,6,6.0,6.0,0.0,0.1174981875831218
1819,Watford,Arsenal,7,7.0,5.0,2.0,1.3698621569105316
1819,Watford,Bournemouth,8,7.0,4.0,3.0,-0.6628148419710511
1819,Watford,Wolves,9,14.0,14.0,0.0,0.11361310589518936
1819,Watford,Huddersfield,10,7.0,6.0,1.0,0.4939104488426105
1819,Watford,Newcastle,11,7.0,7.0,0.0,1.2693494837182266
1819,Watford,Southampton,12,7.0,6.0,1.0,-0.2966845236292839
1819,Watford,Liverpool,13,14.0,13.0,1.0,-0.1638139325812693
1819,Watford,Leicester,14,7.0,7.0,0.0,0.21578195887690654
1819,Watford,Man City,15,3.0,3.0,0.0,1.0028102649178572
1819,Watford,Everton,16,6.0,5.0,1.0,0.537176736988594
1819,Watford,Cardiff,17,4.0,7.0,-3.0,-0.1544012205240588
1819,Watford,West Ham,18,7.0,6.0,1.0,0.07901296657181023
1819,Watford,Chelsea,19,4.0,4.0,0.0,0.16911307934515496
1819,Watford,Newcastle,20,2.0,3.0,-1.0,-0.5069623282182496
1819,Watford,Bournemouth,21,4.0,3.0,1.0,-0.4346035901902806
1819,Watford,Crystal Palace,22,9.0,9.0,0.0,0.3826188209516115
1819,Watford,Burnley,23,7.0,7.0,0.0,-0.8131357646643145
1819,Watford,Tottenham,24,11.0,10.0,1.0,-0.612064554316704
1819,Watford,Brighton,25,2.0,3.0,-1.0,-1.0416370003254332
1819,Watford,Everton,26,7.0,2.0,5.0,0.19412715100784395
1819,Watford,Cardiff,27,13.0,13.0,0.0,1.2847380846616303
1819,Watford,Liverpool,28,5.0,3.0,2.0,-0.053131076710740355
1819,Watford,Leicester,29,3.0,4.0,-1.0,0.1606531972083709
1819,Watford,Man City,30,6.0,7.0,-1.0,-0.1392123080098875
1819,Watford,Man United,31,20.0,19.0,1.0,0.20254911215992966
1819,Watford,Fulham,32,3.0,3.0,0.0,-0.4199344605404456
1819,Watford,Arsenal,33,13.0,8.0,5.0,-0.4069071642895159
1819,Watford,Huddersfield,34,4.0,7.0,-3.0,-0.38693043788838066
1819,Watford,Southampton,35,3.0,3.0,0.0,-0.4083609435911548
1819,Watford,Wolves,36,3.0,2.0,1.0,-0.2733005146622043
1819,Watford,Chelsea,37,7.0,6.0,1.0,0.39346158108325546
1819,Watford,West Ham,38,7.0,8.0,-1.0,0.2453862972477574
1819,West Ham,Bournemouth,2,6.0,7.0,-1.0,-1.1560400185101052
1819,West Ham,Arsenal,3,7.0,6.0,1.0,0.09508628340334258
1819,West Ham,Wolves,4,6.0,6.0,0.0,-0.12410050350243429
1819,West Ham,Everton,5,15.0,15.0,0.0,0.5773390136739666
1819,West Ham,Chelsea,6,6.0,7.0,-1.0,0.08645758852944341
1819,West Ham,Man United,7,5.0,6.0,-1.0,0.0832975615272511
1819,West Ham,Brighton,8,6.0,6.0,0.0,0.29226050265904724
1819,West Ham,Tottenham,9,14.0,14.0,0.0,-0.6141932748609742
1819,West Ham,Leicester,10,7.0,4.0,3.0,0.7081778220113836
1819,West Ham,Burnley,11,6.0,6.0,0.0,0.9262876332926171
1819,West Ham,Huddersfield,12,7.0,4.0,3.0,0.1663989657808962
1819,West Ham,Man City,13,14.0,12.0,2.0,0.24981817943502926
1819,West Ham,Newcastle,14,7.0,4.0,3.0,1.52176408503142
1819,West Ham,Cardiff,15,3.0,3.0,0.0,0.011834194608021598
1819,West Ham,Crystal Palace,16,3.0,3.0,0.0,0.2844199034784405
1819,West Ham,Fulham,17,7.0,7.0,0.0,-0.6707198296249455
1819,West Ham,Watford,18,6.0,7.0,-1.0,0.5451955239145987
1819,West Ham,Southampton,19,5.0,5.0,0.0,0.08087548299568681
1819,West Ham,Burnley,20,2.0,3.0,-1.0,-0.6757191260554852
1819,West Ham,Brighton,21,3.0,4.0,-1.0,-0.7620977102917719
1819,West Ham,Arsenal,22,9.0,10.0,-1.0,-0.6584440054365148
1819,West Ham,Bournemouth,23,7.0,6.0,1.0,-0.25102890587473636
1819,West Ham,Wolves,24,10.0,10.0,0.0,-0.6969054502805889
1819,West Ham,Liverpool,25,6.0,5.0,1.0,0.06609775748877478
1819,West Ham,Crystal Palace,26,4.0,7.0,-3.0,-0.03623639614620444
1819,West Ham,Fulham,27,13.0,13.0,0.0,0.9846757090818197
1819,West Ham,Man City,28,5.0,17.0,-12.0,-0.07317711535652854
1819,West Ham,Newcastle,29,2.0,3.0,-1.0,-0.22584208814388163
1819,West Ham,Cardiff,30,6.0,7.0,-1.0,-0.980327277097409
1819,West Ham,Huddersfield,31,7.0,7.0,0.0,-0.4412012211450913
1819,West Ham,Everton,32,14.0,13.0,1.0,-1.0707304182312314
1819,West Ham,Chelsea,33,9.0,5.0,4.0,-0.2891461841765575
1819,West Ham,Man United,34,4.0,10.0,-6.0,0.43238850329106693
1819,West Ham,Leicester,35,6.0,7.0,-1.0,0.3221842620058393
1819,West Ham,Tottenham,36,6.0,3.0,3.0,0.045697065509768486
1819,West Ham,Southampton,37,7.0,6.0,1.0,0.5425876862245043
1819,West Ham,Watford,38,8.0,7.0,1.0,1.198822267473928
1819,Wolves,Leicester,2,6.0,7.0,-1.0,0.12853232036348816
1819,Wolves,Man City,3,6.0,5.0,1.0,0.6071520786867352
1819,Wolves,West Ham,4,6.0,6.0,0.0,-0.23862933908772876
1819,Wolves,Burnley,5,14.0,13.0,1.0,1.5440565610228774
1819,Wolves,Man United,6,6.0,6.0,0.0,-0.009417909047738426
1819,Wolves,Southampton,7,7.0,7.0,0.0,-0.22421756459511988
1819,Wolves,Crystal Palace,8,7.0,4.0,3.0,-0.4021613111195854
1819,Wolves,Watford,9,14.0,14.0,0.0,-1.2476460308632251
1819,Wolves,Brighton,10,7.0,7.0,0.0,0.08417162509107645
1819,Wolves,Tottenham,11,7.0,5.0,2.0,-0.4280926742206549
1819,Wolves,Arsenal,12,7.0,7.0,0.0,0.637473214036893
1819,Wolves,Huddersfield,13,13.0,15.0,-2.0,-1.0673873124156241
1819,Wolves,Cardiff,14,5.0,6.0,-1.0,-0.45791966287895025
1819,Wolves,Chelsea,15,4.0,3.0,1.0,-0.3719217329850071
1819,Wolves,Newcastle,16,3.0,3.0,0.0,0.3261274691149445
1819,Wolves,Bournemouth,17,5.0,7.0,-2.0,0.32579202548063146
1819,Wolves,Liverpool,18,6.0,5.0,1.0,-0.05763433950342345
1819,Wolves,Fulham,19,4.0,3.0,1.0,-0.25396520305496506
1819,Wolves,Tottenham,20,3.0,3.0,0.0,0.1372969216629123
1819,Wolves,Crystal Palace,21,4.0,3.0,1.0,-0.7618014525545509
1819,Wolves,Man City,22,12.0,11.0,1.0,-0.43756290356897865
1819,Wolves,Leicester,23,4.0,6.0,-2.0,1.0353396211797021
1819,Wolves,West Ham,24,10.0,10.0,0.0,0.2461292567087634
1819,Wolves,Everton,25,3.0,3.0,0.0,0.023421608404454952
1819,Wolves,Newcastle,26,9.0,9.0,0.0,0.7767374158125204
1819,Wolves,Bournemouth,27,11.0,14.0,-3.0,-0.9434163697866131
1819,Wolves,Huddersfield,28,3.0,3.0,0.0,-0.8707169878508371
1819,Wolves,Cardiff,29,3.0,3.0,0.0,1.4370439688423133
1819,Wolves,Chelsea,30,7.0,7.0,0.0,-0.252156563679068
1819,Wolves,Burnley,31,20.0,14.0,6.0,-1.1105550210763113
1819,Wolves,Man United,32,3.0,3.0,0.0,0.2690009626026246
1819,Wolves,Southampton,33,10.0,7.0,3.0,-0.703785983848616
1819,Wolves,Brighton,34,7.0,3.0,4.0,1.0170487195646836
1819,Wolves,Arsenal,35,4.0,3.0,1.0,-0.5220190518993976
1819,Wolves,Watford,36,2.0,3.0,-1.0,1.0379532293185618
1819,Wolves,Fulham,37,6.0,6.0,0.0,0.11850900055246716
1819,Wolves,Liverpool,38,8.0,7.0,1.0,0.21315880914951735
1920,Arsenal,Burnley,2,5.0,6.0,-1.0,-0.232335612598372
1920,Arsenal,Liverpool,3,7.0,7.0,0.0,0.10064251560564652
1920,Arsenal,Tottenham,4,7.0,7.0,0.0,0.5624037746838946
1920,Arsenal,Watford,5,13.0,15.0,-2.0,-0.19135192840684523
1920,Arsenal,Aston Villa,6,7.0,5.0,2.0,-0.09678159031561306
1920,Arsenal,Man United,7,8.0,8.0,0.0,0.8883122739314085
1920,Arsenal,Bournemouth,8,5.0,8.0,-3.0,-0.3988407177904658
1920,Arsenal,Sheffield United,9,15.0,16.0,-1.0,-0.18475879392765604
1920,Arsenal,Crystal Palace,10,5.0,7.0,-2.0,-0.04125345488371046
1920,Arsenal,Wolves,11,5.0,6.0,-1.0,0.049250529158198164
1920,Arsenal,Leicester,12,7.0,6.0,1.0,0.042907723426503175
1920,Arsenal,Southampton,13,13.0,14.0,-1.0,0.11293200884126375
1920,Arsenal,Norwich,14,7.0,7.0,0.0,-0.30722995614279935
1920,Arsenal,Brighton,15,4.0,5.0,-1.0,-0.679193985528754
1920,Arsenal,West Ham,16,3.0,5.0,-2.0,0.3381784786916644
1920,Arsenal,Man City,17,5.0,7.0,-2.0,-0.6877640523064501
1920,Arsenal,Everton,18,5.0,5.0,0.0,-0.17078088756816934
1920,Arsenal,Bournemouth,19,5.0,5.0,0.0,0.08566869824916856
1920,Arsenal,Chelsea,20,2.0,2.0,0.0,-0.3196453287708846
1920,Arsenal,Man United,21,3.0,4.0,-1.0,0.9084531001991979
1920,Arsenal,Crystal Palace,22,9.0,9.0,0.0,0.1480632265575308
1920,Arsenal,Sheffield United,23,7.0,7.0,0.0,-0.16067297820785398
1920,Arsenal,Chelsea,24,3.0,3.0,0.0,-0.3340189956705445
1920,Arsenal,Burnley,25,11.0,10.0,1.0,0.33984273698930667
1920,Arsenal,Newcastle,26,14.0,15.0,-1.0,1.19332036844361
1920,Arsenal,Everton,27,7.0,15.0,-8.0,0.046479375094179654
1920,Arsenal,West Ham,28,12.0,7.0,5.0,-0.22062301526769845
1920,Arsenal,Man City,29,102.0,101.0,1.0,-0.2947159218485504
1920,Arsenal,Brighton,30,2.0,104.0,-102.0,-0.6464899894475771
1920,Arsenal,Southampton,31,5.0,6.0,-1.0,0.9650684859170175
1920,Arsenal,Norwich,32,6.0,7.0,-1.0,-0.08158762214499093
1920,Arsenal,Wolves,33,2.0,7.0,-5.0,0.48562510401154424
1920,Arsenal,Leicester,34,3.0,3.0,0.0,0.16536372343160943
1920,Arsenal,Tottenham,35,4.0,2.0,2.0,-0.4226966053862169
1920,Arsenal,Liverpool,36,3.0,4.0,-1.0,0.23136242740251545
1920,Arsenal,Aston Villa,37,6.0,5.0,1.0,-0.7878129215121968
1920,Arsenal,Watford,38,4.0,4.0,0.0,-0.2749856440164036
1920,Aston Villa,Bournemouth,2,6.0,7.0,-1.0,0.20963357786757397
1920,Aston Villa,Everton,3,6.0,6.0,0.0,-0.2769245583921984
1920,Aston Villa,Crystal Palace,4,7.0,7.0,0.0,-0.8310558468199336
1920,Aston Villa,West Ham,5,16.0,16.0,0.0,-0.15943850367099133
1920,Aston Villa,Arsenal,6,5.0,7.0,-2.0,0.6935296419181178
1920,Aston Villa,Burnley,7,5.0,7.0,-2.0,-0.3130875721483599
1920,Aston Villa,Norwich,8,7.0,7.0,0.0,1.43928508521594
1920,Aston Villa,Brighton,9,14.0,14.0,0.0,1.521786035107912
1920,Aston Villa,Man City,10,6.0,6.0,0.0,0.28465219246034457
1920,Aston Villa,Liverpool,11,7.0,5.0,2.0,-0.2107505087011382
1920,Aston Villa,Wolves,12,7.0,7.0,0.0,-0.22721503506746288
1920,Aston Villa,Newcastle,13,15.0,16.0,-1.0,1.0910833569424494
1920,Aston Villa,Man United,14,5.0,7.0,-2.0,0.5802494607954999
1920,Aston Villa,Chelsea,15,3.0,4.0,-1.0,0.06816112934741614
1920,Aston Villa,Leicester,16,3.0,3.0,0.0,0.25295618649189555
1920,Aston Villa,Sheffield United,17,6.0,6.0,0.0,-0.7855028024388889
1920,Aston Villa,Southampton,18,7.0,6.0,1.0,-0.39290929722042134
1920,Aston Villa,Norwich,19,5.0,5.0,0.0,-0.9684229074085199
1920,Aston Villa,Watford,20,2.0,2.0,0.0,-0.4412927316881414
1920,Aston Villa,Burnley,21,3.0,3.0,0.0,0.7461298545042079
1920,Aston Villa,Man City,22,11.0,10.0,1.0,-0.48733712156483383
1920,Aston Villa,Brighton,23,5.0,7.0,-2.0,-0.1594735694438243
1920,Aston Villa,Watford,24,3.0,3.0,0.0,-0.221421980327269
1920,Aston Villa,Bournemouth,25,10.0,10.0,0.0,0.2329556643327133
1920,Aston Villa,Tottenham,26,14.0,13.0,1.0,0.5156966480661225
1920,Aston Villa,Southampton,27,6.0,7.0,-1.0,-0.6004752891698291
1920,Aston Villa,Leicester,28,16.0,10.0,6.0,-0.1346051730613178
1920,Aston Villa,Sheffield United,29,99.0,102.0,-3.0,-0.21221925157774746
1920,Aston Villa,Chelsea,30,3.0,105.0,-102.0,0.6013568929803438
1920,Aston Villa,Newcastle,31,3.0,3.0,0.0,-0.08257419674324162
1920,Aston Villa,Wolves,32,2.0,2.0,0.0,-0.45445933312533654
1920,Aston Villa,Liverpool,33,8.0,2.0,6.0,-0.08781277922415076
1920,Aston Villa,Man United,34,4.0,5.0,-1.0,-0.27899318279609253
1920,Aston Villa,Crystal Palace,35,2.0,4.0,-2.0,0.308082030559947
1920,Aston Villa,Everton,36,4.0,4.0,0.0,0.5952597137444517
1920,Aston Villa,Arsenal,37,5.0,6.0,-1.0,-0.6775487566953061
1920,Aston Villa,West Ham,38,4.0,3.0,1.0,-0.29375571756480856
1920,Bournemouth,Aston Villa,2,7.0,6.0,1.0,-0.4411790376761223
1920,Bournemouth,Man City,3,7.0,7.0,0.0,1.0621230860731061
1920,Bournemouth,Leicester,4,6.0,7.0,-1.0,-0.23291282424037762
1920,Bournemouth,Everton,5,14.0,13.0,1.0,0.30982112295513686
1920,Bournemouth,Southampton,6,5.0,6.0,-1.0,0.2507124333980202
1920,Bournemouth,West Ham,7,7.0,6.0,1.0,0.7927458729970835
1920,Bournemouth,Arsenal,8,8.0,5.0,3.0,-0.3133799562630747
1920,Bournemouth,Norwich,9,13.0,14.0,-1.0,-0.908029480994136
1920,Bournemouth,Watford,10,7.0,7.0,0.0,-0.12745000937887419
1920,Bournemouth,Man United,11,6.0,5.0,1.0,1.0118716330552004
1920,Bournemouth,Newcastle,12,7.0,7.0,0.0,0.640447280833589
1920,Bournemouth,Wolves,13,14.0,13.0,1.0,0.012548633987619295
1920,Bournemouth,Tottenham,14,7.0,7.0,0.0,0.07532807100089545
1920,Bournemouth,Crystal Palace,15,3.0,3.0,0.0,-0.7645031810786818
1920,Bournemouth,Liverpool,16,3.0,2.0,1.0,-0.7748475483563677
1920,Bournemouth,Chelsea,17,7.0,7.0,0.0,0.43414017324502985
1920,Bournemouth,Burnley,18,7.0,7.0,0.0,-1.0592965406241919
1920,Bournemouth,Arsenal,19,5.0,5.0,0.0,0.3331102349893793
1920,Bournemouth,Brighton,20,1.0,2.0,-1.0,-0.6508135068766228
1920,Bournemouth,West Ham,21,4.0,4.0,0.0,-0.5259129863434997
1920,Bournemouth,Watford,22,10.0,10.0,0.0,-0.9373615146500713
1920,Bournemouth,Norwich,23,6.0,7.0,-1.0,-0.734666886854904
1920,Bournemouth,Brighton,24,3.0,3.0,0.0,0.5127799587549495
1920,Bournemouth,Aston Villa,25,10.0,10.0,0.0,1.1206264805311723
1920,Bournemouth,Sheffield United,26,7.0,7.0,0.0,0.09889780490867028
1920,Bournemouth,Burnley,27,13.0,7.0,6.0,0.7791764642928298
1920,Bournemouth,Chelsea,28,7.0,7.0,0.0,0.6374320693054081
1920,Bournemouth,Liverpool,29,6.0,6.0,0.0,0.5365577545481709
1920,Bournemouth,Crystal Palace,30,105.0,105.0,0.0,-0.99255253016607
1920,Bournemouth,Wolves,31,3.0,4.0,-1.0,-0.6216894557367083
1920,Bournemouth,Newcastle,32,7.0,7.0,0.0,-0.29371887189876844
1920,Bournemouth,Man United,33,2.0,3.0,-1.0,0.06092474370037604
1920,Bournemouth,Tottenham,34,5.0,2.0,3.0,-0.2082790766927315
1920,Bournemouth,Leicester,35,3.0,4.0,-1.0,0.8172742816278611
1920,Bournemouth,Man City,36,2.0,3.0,-1.0,0.9875878620354506
1920,Bournemouth,Southampton,37,3.0,2.0,1.0,-0.6992377952757648
1920,Bournemouth,Everton,38,7.0,5.0,2.0,-0.1991838223471073
1920,Brighton,West Ham,2,7.0,7.0,0.0,0.7209724606278101
1920,Brighton,Southampton,3,7.0,7.0,0.0,-0.41634883435582193
1920,Brighton,Man City,4,7.0,6.0,1.0,0.11256017859088185
1920,Brighton,Burnley,5,13.0,13.0,0.0,0.36459774134136835
1920,Brighton,Newcastle,6,7.0,7.0,0.0,-0.19648348659449488
1920,Brighton,Chelsea,7,6.0,5.0,1.0,-0.2368229546079098
1920,Brighton,Tottenham,8,6.0,6.0,0.0,1.3115172569061342
1920,Brighton,Aston Villa,9,14.0,14.0,0.0,-0.1202608027593528
1920,Brighton,Everton,10,7.0,7.0,0.0,-0.827527090675056
1920,Brighton,Norwich,11,7.0,5.0,2.0,0.9087336022255557
1920,Brighton,Man United,12,7.0,8.0,-1.0,0.3628372903380419
1920,Brighton,Leicester,13,13.0,13.0,0.0,-0.2790473321930961
1920,Brighton,Liverpool,14,7.0,7.0,0.0,0.030777286116338565
1920,Brighton,Arsenal,15,5.0,4.0,1.0,0.43467991030542685
1920,Brighton,Wolves,16,2.0,3.0,-1.0,0.028391346521080663
1920,Brighton,Crystal Palace,17,8.0,9.0,-1.0,1.2625216664012282
1920,Brighton,Sheffield United,18,4.0,7.0,-3.0,-0.8856321098955686
1920,Brighton,Tottenham,19,4.0,3.0,1.0,0.03791028239317584
1920,Brighton,Bournemouth,20,2.0,1.0,1.0,-0.4920747987258389
1920,Brighton,Chelsea,21,4.0,2.0,2.0,0.5249466566357417
1920,Brighton,Everton,22,10.0,9.0,1.0,0.5378278364055395
1920,Brighton,Aston Villa,23,7.0,5.0,2.0,-0.4659605471296979
1920,Brighton,Bournemouth,24,3.0,3.0,0.0,0.7060437706089222
1920,Brighton,West Ham,25,10.0,2.0,8.0,0.6571329347264745
1920,Brighton,Watford,26,7.0,7.0,0.0,-0.6249825128598586
1920,Brighton,Sheffield United,27,13.0,13.0,0.0,-0.012507795439081981
1920,Brighton,Crystal Palace,28,6.0,6.0,0.0,0.2916421888304843
1920,Brighton,Wolves,29,7.0,6.0,1.0,-0.444924924261375
1920,Brighton,Arsenal,30,104.0,2.0,102.0,-0.676003704837628
1920,Brighton,Leicester,31,3.0,3.0,0.0,-0.5274277548085137
1920,Brighton,Man United,32,7.0,6.0,1.0,-0.6346112356625203
1920,Brighton,Norwich,33,3.0,2.0,1.0,-0.5227136419255916
1920,Brighton,Liverpool,34,4.0,3.0,1.0,1.3396841470770422
1920,Brighton,Man City,35,2.0,3.0,-1.0,-0.767120856654764
1920,Brighton,Southampton,36,5.0,3.0,2.0,-0.48191215066158544
1920,Brighton,Newcastle,37,3.0,5.0,-2.0,-0.8739721910149671
1920,Brighton,Burnley,38,5.0,7.0,-2.0,0.29115000878357455
1920,Burnley,Arsenal,2,6.0,5.0,1.0,0.2641073510407117
1920,Burnley,Wolves,3,8.0,5.0,3.0,0.45474439538245515
1920,Burnley,Liverpool,4,6.0,7.0,-1.0,-0.433463794048757
1920,Burnley,Brighton,5,13.0,13.0,0.0,-0.9602906297762727
1920,Burnley,Norwich,6,7.0,6.0,1.0,0.6027011767024091
1920,Burnley,Aston Villa,7,7.0,5.0,2.0,0.19059339554847465
1920,Burnley,Everton,8,7.0,6.0,1.0,-0.6910915926335429
1920,Burnley,Leicester,9,14.0,14.0,0.0,0.9051759261889603
1920,Burnley,Chelsea,10,7.0,7.0,0.0,1.1636646558908361
1920,Burnley,Sheffield United,11,6.0,7.0,-1.0,-0.3833960218105853
1920,Burnley,West Ham,12,7.0,7.0,0.0,0.6895539955046697
1920,Burnley,Watford,13,14.0,14.0,0.0,0.7405283817399526
1920,Burnley,Crystal Palace,14,7.0,7.0,0.0,0.3175755545819945
1920,Burnley,Man City,15,3.0,3.0,0.0,-0.45336036155616566
1920,Burnley,Tottenham,16,3.0,2.0,1.0,0.007662870267202138
1920,Burnley,Newcastle,17,7.0,6.0,1.0,-0.33762663308509056
1920,Burnley,Bournemouth,18,7.0,7.0,0.0,-1.1539531053642837
1920,Burnley,Everton,19,5.0,5.0,0.0,-0.45535144346547096
1920,Burnley,Man United,20,2.0,2.0,0.0,-0.5819881668004714
1920,Burnley,Aston Villa,21,3.0,3.0,0.0,0.5332405215436018
1920,Burnley,Chelsea,22,10.0,10.0,0.0,-0.15726833016763164
1920,Burnley,Leicester,23,7.0,7.0,0.0,0.41818585160125266
1920,Burnley,Man United,24,3.0,3.0,0.0,-0.07359988351519642
1920,Burnley,Arsenal,25,10.0,11.0,-1.0,0.8645548357359103
1920,Burnley,Southampton,26,12.0,13.0,-1.0,-0.2910718476161892
1920,Burnley,Bournemouth,27,7.0,13.0,-6.0,0.7480976263727945
1920,Burnley,Newcastle,28,7.0,7.0,0.0,-0.8305357268427869
1920,Burnley,Tottenham,29,7.0,6.0,1.0,2.0117548244936163
1920,Burnley,Man City,30,107.0,4.0,103.0,-0.7370759626392069
1920,Burnley,Watford,31,2.0,5.0,-3.0,-0.4573196677867575
1920,Burnley,Crystal Palace,32,4.0,4.0,0.0,-0.8920233689759645
1920,Burnley,Sheffield United,33,5.0,2.0,3.0,-0.027597093826433383
1920,Burnley,West Ham,34,3.0,3.0,0.0,-0.35653604226665325
1920,Burnley,Liverpool,35,2.0,2.0,0.0,-0.4056705346398583
1920,Burnley,Wolves,36,4.0,3.0,1.0,-0.17341518270269407
1920,Burnley,Norwich,37,2.0,3.0,-1.0,0.36145810844743664
1920,Burnley,Brighton,38,7.0,5.0,2.0,-0.15214159292928953
1920,Chelsea,Leicester,2,7.0,7.0,0.0,-0.4167784570582478
1920,Chelsea,Norwich,3,5.0,6.0,-1.0,-0.307941721989738
1920,Chelsea,Sheffield United,4,7.0,7.0,0.0,0.2761868984099567
1920,Chelsea,Wolves,5,13.0,13.0,0.0,1.9036756820698728
1920,Chelsea,Liverpool,6,8.0,8.0,0.0,-0.34987026693069434
1920,Chelsea,Brighton,7,5.0,6.0,-1.0,1.1010698303747972
1920,Chelsea,Southampton,8,8.0,8.0,0.0,0.36869410958597904
1920,Chelsea,Newcastle,9,13.0,12.0,1.0,-0.37126637469691337
1920,Chelsea,Burnley,10,7.0,7.0,0.0,-0.6774478483374824
1920,Chelsea,Watford,11,7.0,7.0,0.0,0.4339495707326324
1920,Chelsea,Crystal Palace,12,6.0,5.0,1.0,0.979121917552642
1920,Chelsea,Man City,13,14.0,13.0,1.0,-0.33561673338854725
1920,Chelsea,West Ham,14,6.0,7.0,-1.0,0.13131127514507757
1920,Chelsea,Aston Villa,15,4.0,3.0,1.0,-0.7507269470461388
1920,Chelsea,Everton,16,2.0,2.0,0.0,-0.2801690054028385
1920,Chelsea,Bournemouth,17,7.0,7.0,0.0,-0.37422222836062335
1920,Chelsea,Tottenham,18,8.0,7.0,1.0,-0.8925860138066048
1920,Chelsea,Southampton,19,3.0,5.0,-2.0,-1.3241772535489225
1920,Chelsea,Arsenal,20,2.0,2.0,0.0,-0.20205521939432924
1920,Chelsea,Brighton,21,2.0,4.0,-2.0,-0.38637121007853215
1920,Chelsea,Burnley,22,10.0,10.0,0.0,0.07497773503653882
1920,Chelsea,Newcastle,23,7.0,7.0,0.0,-0.1272318664885077
1920,Chelsea,Arsenal,24,3.0,3.0,0.0,0.5444160367849058
1920,Chelsea,Leicester,25,10.0,9.0,1.0,-0.5345382043887658
1920,Chelsea,Man United,26,16.0,16.0,0.0,-0.5190389254243182
1920,Chelsea,Tottenham,27,4.0,5.0,-1.0,-0.20851704274991523
1920,Chelsea,Bournemouth,28,7.0,7.0,0.0,0.02690284617138805
1920,Chelsea,Everton,29,7.0,7.0,0.0,0.14573643142044745
1920,Chelsea,Aston Villa,30,105.0,3.0,102.0,-1.0873522031286442
1920,Chelsea,Man City,31,4.0,3.0,1.0,2.028885757014578
1920,Chelsea,West Ham,32,6.0,8.0,-2.0,-1.308371919402597
1920,Chelsea,Watford,33,2.0,6.0,-4.0,-0.11474219446121747
1920,Chelsea,Crystal Palace,34,2.0,3.0,-1.0,0.771535306122642
1920,Chelsea,Sheffield United,35,3.0,2.0,1.0,-0.48204116870878133
1920,Chelsea,Norwich,36,3.0,3.0,0.0,0.3539768151064768
1920,Chelsea,Liverpool,37,8.0,7.0,1.0,1.0894959775689868
1920,Chelsea,Wolves,38,3.0,5.0,-2.0,-0.26663623547880055
1920,Crystal Palace,Sheffield United,2,7.0,7.0,0.0,-0.5098652443576853
1920,Crystal Palace,Man United,3,6.0,4.0,2.0,0.13648060894950187
1920,Crystal Palace,Aston Villa,4,7.0,7.0,0.0,0.17629279546014165
1920,Crystal Palace,Tottenham,5,13.0,12.0,1.0,-0.15995060372387004
1920,Crystal Palace,Wolves,6,7.0,7.0,0.0,0.33784779115957964
1920,Crystal Palace,Norwich,7,6.0,7.0,-1.0,-0.17982280902871062
1920,Crystal Palace,West Ham,8,7.0,7.0,0.0,0.3437747532548281
1920,Crystal Palace,Man City,9,14.0,13.0,1.0,-0.025495929772570092
1920,Crystal Palace,Arsenal,10,7.0,5.0,2.0,0.2471076569561491
1920,Crystal Palace,Leicester,11,6.0,8.0,-2.0,-0.3024875281273327
1920,Crystal Palace,Chelsea,12,5.0,6.0,-1.0,-0.11828983307517138
1920,Crystal Palace,Liverpool,13,14.0,12.0,2.0,0.30487682709068953
1920,Crystal Palace,Burnley,14,7.0,7.0,0.0,0.1810361696477195
1920,Crystal Palace,Bournemouth,15,3.0,3.0,0.0,-0.7029442191640862
1920,Crystal Palace,Watford,16,3.0,2.0,1.0,-0.5827904851194272
1920,Crystal Palace,Brighton,17,9.0,8.0,1.0,-0.6049231127527899
1920,Crystal Palace,Newcastle,18,4.0,7.0,-3.0,-0.004337071433660689
1920,Crystal Palace,West Ham,19,5.0,11.0,-6.0,0.9621847084327559
1920,Crystal Palace,Southampton,20,2.0,2.0,0.0,-0.6711854426587486
1920,Crystal Palace,Norwich,21,4.0,4.0,0.0,0.2998959494987399
1920,Crystal Palace,Arsenal,22,9.0,9.0,0.0,-0.6259969528655996
1920,Crystal Palace,Man City,23,7.0,5.0,2.0,0.06224170237906468
1920,Crystal Palace,Southampton,24,3.0,3.0,0.0,-0.3162767141218178
1920,Crystal Palace,Sheffield United,25,10.0,10.0,0.0,0.04930943766005058
1920,Crystal Palace,Everton,26,6.0,6.0,0.0,0.16781377135064168
1920,Crystal Palace,Newcastle,27,14.0,5.0,9.0,0.5433597796317371
1920,Crystal Palace,Brighton,28,6.0,6.0,0.0,1.2818042558172298
1920,Crystal Palace,Watford,29,7.0,6.0,1.0,-0.1157919913623946
1920,Crystal Palace,Bournemouth,30,105.0,105.0,0.0,-0.09882215381053872
1920,Crystal Palace,Liverpool,31,4.0,3.0,1.0,-0.5218539901222377
1920,Crystal Palace,Burnley,32,4.0,4.0,0.0,0.13977707449637633
1920,Crystal Palace,Leicester,33,4.0,2.0,2.0,-0.10106547797738352
1920,Crystal Palace,Chelsea,34,3.0,2.0,1.0,0.5560601628038317
1920,Crystal Palace,Aston Villa,35,4.0,2.0,2.0,-0.03633369467184466
1920,Crystal Palace,Man United,36,4.0,3.0,1.0,-0.08986189152652402
1920,Crystal Palace,Wolves,37,4.0,5.0,-1.0,-0.08808602445906993
1920,Crystal Palace,Tottenham,38,5.0,7.0,-2.0,0.0855440489966689
1920,Everton,Watford,2,7.0,7.0,0.0,-0.7670230650589058
1920,Everton,Aston Villa,3,6.0,6.0,0.0,-0.40682507475177276
1920,Everton,Wolves,4,8.0,6.0,2.0,0.42344783523532525
1920,Everton,Bournemouth,5,13.0,14.0,-1.0,0.04578134328926886
1920,Everton,Sheffield United,6,6.0,7.0,-1.0,-0.25533067316821856
1920,Everton,Man City,7,7.0,7.0,0.0,1.3010897633749199
1920,Everton,Burnley,8,6.0,7.0,-1.0,0.06320667664990598
1920,Everton,West Ham,9,13.0,13.0,0.0,0.29111529871059005
1920,Everton,Brighton,10,7.0,7.0,0.0,-0.41753158010793756
1920,Everton,Tottenham,11,8.0,7.0,1.0,-0.3311782902912648
1920,Everton,Southampton,12,5.0,7.0,-2.0,0.757020629936417
1920,Everton,Norwich,13,14.0,14.0,0.0,-1.201629763571776
1920,Everton,Leicester,14,8.0,8.0,0.0,0.24798113969242808
1920,Everton,Liverpool,15,3.0,4.0,-1.0,0.7992295910032834
1920,Everton,Chelsea,16,2.0,2.0,0.0,0.8336744543137291
1920,Everton,Man United,17,8.0,7.0,1.0,-0.613030243263511
1920,Everton,Arsenal,18,5.0,5.0,0.0,-1.0672536706615776
1920,Everton,Burnley,19,5.0,5.0,0.0,-0.04843136478650534
1920,Everton,Newcastle,20,2.0,1.0,1.0,1.1965116402103313
1920,Everton,Man City,21,4.0,2.0,2.0,-0.014445400766717964
1920,Everton,Brighton,22,9.0,10.0,-1.0,0.2313352322874096
1920,Everton,West Ham,23,7.0,7.0,0.0,0.3690232312704047
1920,Everton,Newcastle,24,3.0,3.0,0.0,0.05708690206197242
1920,Everton,Watford,25,10.0,10.0,0.0,1.3954635486340683
1920,Everton,Crystal Palace,26,6.0,6.0,0.0,1.0659529989338703
1920,Everton,Arsenal,27,15.0,7.0,8.0,1.388281789810192
1920,Everton,Man United,28,6.0,7.0,-1.0,1.3228036016811318
1920,Everton,Chelsea,29,7.0,7.0,0.0,-0.5381373750272878
1920,Everton,Liverpool,30,105.0,106.0,-1.0,-0.5608141431609923
1920,Everton,Norwich,31,2.0,5.0,-3.0,-0.989743072087408
1920,Everton,Leicester,32,7.0,8.0,-1.0,-0.8123173011893512
1920,Everton,Tottenham,33,5.0,4.0,1.0,-0.8099347307273714
1920,Everton,Southampton,34,2.0,3.0,-1.0,-0.959717004940999
1920,Everton,Wolves,35,2.0,3.0,-1.0,-0.5829679077239869
1920,Everton,Aston Villa,36,4.0,4.0,0.0,-1.092975664955923
1920,Everton,Sheffield United,37,4.0,4.0,0.0,-0.6127585634331614
1920,Everton,Bournemouth,38,5.0,7.0,-2.0,-0.04194289071456092
1920,Leicester,Chelsea,2,7.0,7.0,0.0,-0.08676186915826334
1920,Leicester,Sheffield United,3,5.0,6.0,-1.0,-0.5963838248578299
1920,Leicester,Bournemouth,4,7.0,6.0,1.0,0.35666171704312677
1920,Leicester,Man United,5,13.0,14.0,-1.0,-0.4764402325098622
1920,Leicester,Tottenham,6,6.0,6.0,0.0,-0.2754792305297369
1920,Leicester,Newcastle,7,8.0,7.0,1.0,-0.2737668172588352
1920,Leicester,Liverpool,8,5.0,7.0,-2.0,-0.9167677943219011
1920,Leicester,Burnley,9,14.0,14.0,0.0,-0.7729538310191828
1920,Leicester,Southampton,10,6.0,6.0,0.0,2.2189505786671293
1920,Leicester,Crystal Palace,11,8.0,6.0,2.0,-0.49981098735750995
1920,Leicester,Arsenal,12,6.0,7.0,-1.0,-0.26319001606369263
1920,Leicester,Brighton,13,13.0,13.0,0.0,1.2078561346682484
1920,Leicester,Everton,14,8.0,8.0,0.0,0.7647801222885902
1920,Leicester,Watford,15,3.0,4.0,-1.0,-0.1560849510824247
1920,Leicester,Aston Villa,16,3.0,3.0,0.0,2.283744532595138
1920,Leicester,Norwich,17,6.0,6.0,0.0,-1.0537775887272796
1920,Leicester,Man City,18,7.0,6.0,1.0,0.10605935071890749
1920,Leicester,Liverpool,19,5.0,12.0,-7.0,-1.1221203285585866
1920,Leicester,West Ham,20,1.0,2.0,-1.0,0.1950066397642991
1920,Leicester,Newcastle,21,3.0,4.0,-1.0,0.7233242303478711
1920,Leicester,Southampton,22,10.0,10.0,0.0,-0.9349907439784699
1920,Leicester,Burnley,23,7.0,7.0,0.0,0.24987443421851818
1920,Leicester,West Ham,24,3.0,4.0,-1.0,0.10977606454101041
1920,Leicester,Chelsea,25,9.0,10.0,-1.0,0.392287866011926
1920,Leicester,Wolves,26,13.0,13.0,0.0,-0.38691222189399044
1920,Leicester,Man City,27,7.0,2.0,5.0,-0.3886017077992264
1920,Leicester,Norwich,28,6.0,5.0,1.0,-0.3034853708381091
1920,Leicester,Aston Villa,29,10.0,16.0,-6.0,-0.49104263117732305
1920,Leicester,Watford,30,102.0,104.0,-2.0,-0.32109453863059767
1920,Leicester,Brighton,31,3.0,3.0,0.0,-1.3808346636852131
1920,Leicester,Everton,32,8.0,7.0,1.0,0.5965105203585204
1920,Leicester,Crystal Palace,33,2.0,4.0,-2.0,0.3929738772710629
1920,Leicester,Arsenal,34,3.0,3.0,0.0,-0.33153671507840365
1920,Leicester,Bournemouth,35,4.0,3.0,1.0,0.12504175425749575
1920,Leicester,Sheffield United,36,3.0,5.0,-2.0,1.4637734606882393
1920,Leicester,Tottenham,37,2.0,3.0,-1.0,-0.07530824963487781
1920,Leicester,Man United,38,7.0,3.0,4.0,-0.3912030131986849
1920,Liverpool,Southampton,2,7.0,7.0,0.0,-0.275368417830808
1920,Liverpool,Arsenal,3,7.0,7.0,0.0,-0.06781190331890041
1920,Liverpool,Burnley,4,7.0,6.0,1.0,-0.47666243365690963
1920,Liverpool,Newcastle,5,13.0,13.0,0.0,0.2424756687352576
1920,Liverpool,Chelsea,6,8.0,8.0,0.0,-0.2967106401957236
1920,Liverpool,Sheffield United,7,5.0,6.0,-1.0,0.30225468925978705
1920,Liverpool,Leicester,8,7.0,5.0,2.0,1.3331241785004337
1920,Liverpool,Man United,9,15.0,14.0,1.0,-0.16752260308374511
1920,Liverpool,Tottenham,10,7.0,8.0,-1.0,-0.5768050174245762
1920,Liverpool,Aston Villa,11,5.0,7.0,-2.0,0.1454487174274406
1920,Liverpool,Man City,12,8.0,8.0,0.0,-0.09378857074927449
1920,Liverpool,Crystal Palace,13,12.0,14.0,-2.0,-0.25606384227890744
1920,Liverpool,Brighton,14,7.0,7.0,0.0,-1.050401702190764
1920,Liverpool,Everton,15,4.0,3.0,1.0,0.51791724815236
1920,Liverpool,Bournemouth,16,2.0,3.0,-1.0,1.0751932583068187
1920,Liverpool,Watford,17,6.0,6.0,0.0,-0.5903454900595986
1920,Liverpool,Leicester,18,12.0,5.0,7.0,1.6577945540774202
1920,Liverpool,Wolves,19,2.0,1.0,1.0,0.05541012273133461
1920,Liverpool,Sheffield United,20,4.0,4.0,0.0,1.0029294572833725
1920,Liverpool,Tottenham,21,8.0,10.0,-2.0,0.10929485824060436
1920,Liverpool,Man United,22,7.0,8.0,-1.0,0.5372647714109491
1920,Liverpool,Wolves,23,4.0,5.0,-1.0,0.4179130358161365
1920,Liverpool,West Ham,24,5.0,7.0,-2.0,-0.2998110930602198
1920,Liverpool,Southampton,25,2.0,10.0,-8.0,1.520318733710627
1920,Liverpool,Norwich,26,14.0,14.0,0.0,-0.14406710001683987
1920,Liverpool,West Ham,27,9.0,5.0,4.0,-0.13634526408880365
1920,Liverpool,Watford,28,4.0,6.0,-2.0,-1.5551870412745743
1920,Liverpool,Bournemouth,29,6.0,6.0,0.0,-0.5173671160942472
1920,Liverpool,Everton,30,106.0,105.0,1.0,-0.8889669246464741
1920,Liverpool,Crystal Palace,31,3.0,4.0,-1.0,0.24148545724267878
1920,Liverpool,Man City,32,8.0,7.0,1.0,-0.34444078609803686
1920,Liverpool,Aston Villa,33,2.0,8.0,-6.0,-1.6632015303569656
1920,Liverpool,Brighton,34,3.0,4.0,-1.0,0.6414011174654817
1920,Liverpool,Burnley,35,2.0,2.0,0.0,0.12226748960576783
1920,Liverpool,Arsenal,36,4.0,3.0,1.0,0.5128944630262708
1920,Liverpool,Chelsea,37,7.0,8.0,-1.0,-0.17316098106504585
1920,Liverpool,Newcastle,38,3.0,5.0,-2.0,-1.6284252727715103
1920,Man City,Tottenham,2,7.0,7.0,0.0,0.5748983925013316
1920,Man City,Bournemouth,3,7.0,7.0,0.0,0.5483964454778141
1920,Man City,Brighton,4,6.0,7.0,-1.0,-0.8608663523284315
1920,Man City,Norwich,5,14.0,14.0,0.0,-0.5608815596967056
1920,Man City,Watford,6,6.0,5.0,1.0,3.043073434410283
1920,Man City,Everton,7,7.0,7.0,0.0,1.0798687850720023
1920,Man City,Wolves,8,7.0,8.0,-1.0,-0.26240637530687283
1920,Man City,Crystal Palace,9,13.0,14.0,-1.0,1.532975282761007
1920,Man City,Aston Villa,10,6.0,6.0,0.0,-0.40899260763671164
1920,Man City,Southampton,11,7.0,7.0,0.0,0.47991890134078163
1920,Man City,Liverpool,12,8.0,8.0,0.0,-0.22413874136981482
1920,Man City,Chelsea,13,13.0,14.0,-1.0,-0.8930757524772184
1920,Man City,Newcastle,14,6.0,4.0,2.0,-0.43413599235657374
1920,Man City,Burnley,15,3.0,3.0,0.0,0.36303428471986354
1920,Man City,Man United,16,3.0,2.0,1.0,0.1459999091516886
1920,Man City,Arsenal,17,7.0,5.0,2.0,-0.5454696251488749
1920,Man City,Leicester,18,6.0,7.0,-1.0,0.662671369296898
1920,Man City,Wolves,19,6.0,6.0,0.0,-0.9214378082856836
1920,Man City,Sheffield United,20,1.0,3.0,-2.0,-1.5912375367451963
1920,Man City,Everton,21,2.0,4.0,-2.0,-0.6866674596559301
1920,Man City,Aston Villa,22,10.0,11.0,-1.0,0.8127703876779497
1920,Man City,Crystal Palace,23,5.0,7.0,-2.0,-0.5741648618111213
1920,Man City,Sheffield United,24,3.0,3.0,0.0,-0.07431061115139537
1920,Man City,Tottenham,25,11.0,10.0,1.0,0.34625544304165157
1920,Man City,West Ham,26,17.0,18.0,-1.0,-1.292944130920012
1920,Man City,Leicester,27,2.0,7.0,-5.0,-0.10347364983372831
1920,Man City,Man United,28,14.0,7.0,7.0,-0.9863211782403931
1920,Man City,Arsenal,29,101.0,102.0,-1.0,-0.7686271636509603
1920,Man City,Burnley,30,4.0,107.0,-103.0,-0.7416839085275548
1920,Man City,Chelsea,31,3.0,4.0,-1.0,-1.0477219800856408
1920,Man City,Liverpool,32,7.0,8.0,-1.0,-0.1952902854087455
1920,Man City,Southampton,33,2.0,7.0,-5.0,1.0431424550079917
1920,Man City,Newcastle,34,2.0,3.0,-1.0,-0.23829739389290694
1920,Man City,Brighton,35,3.0,2.0,1.0,2.9302057408982405
1920,Man City,Bournemouth,36,3.0,2.0,1.0,-2.3325546747242134
1920,Man City,Watford,37,6.0,3.0,3.0,0.5146850506782714
1920,Man City,Norwich,38,4.0,7.0,-3.0,0.00923981934398821
1920,Man United,Wolves,2,8.0,8.0,0.0,-0.5297728300650337
1920,Man United,Crystal Palace,3,4.0,6.0,-2.0,-0.33473924264995447
1920,Man United,Southampton,4,6.0,6.0,0.0,0.5068212654411128
1920,Man United,Leicester,5,14.0,13.0,1.0,-0.947876348419813
1920,Man United,West Ham,6,7.0,5.0,2.0,-0.3847543287181534
1920,Man United,Arsenal,7,8.0,8.0,0.0,-0.4960275506759364
1920,Man United,Newcastle,8,5.0,7.0,-2.0,-0.7394746919257977
1920,Man United,Liverpool,9,14.0,15.0,-1.0,-0.44804705964762903
1920,Man United,Norwich,10,7.0,8.0,-1.0,1.2651434762386822
1920,Man United,Bournemouth,11,5.0,6.0,-1.0,-0.8907093152216407
1920,Man United,Brighton,12,8.0,7.0,1.0,1.7715330603026027
1920,Man United,Sheffield United,13,14.0,15.0,-1.0,0.03274237520839285
1920,Man United,Aston Villa,14,7.0,5.0,2.0,-0.2886989817003023
1920,Man United,Tottenham,15,3.0,4.0,-1.0,-0.8432701644880422
1920,Man United,Man City,16,2.0,3.0,-1.0,-0.032796907776455164
1920,Man United,Everton,17,7.0,8.0,-1.0,0.008382829324282914
1920,Man United,Watford,18,7.0,8.0,-1.0,0.16089703393947596
1920,Man United,Newcastle,19,4.0,5.0,-1.0,-0.09635691681003
1920,Man United,Burnley,20,2.0,2.0,0.0,0.8007471230290293
1920,Man United,Arsenal,21,4.0,3.0,1.0,-0.6149143196194151
1920,Man United,Norwich,22,9.0,9.0,0.0,0.2608634695325942
1920,Man United,Liverpool,23,8.0,7.0,1.0,0.4061385449466537
1920,Man United,Burnley,24,3.0,3.0,0.0,-0.1819230658753197
1920,Man United,Wolves,25,9.0,8.0,1.0,0.06918751734474227
1920,Man United,Chelsea,26,16.0,16.0,0.0,-0.35022097219786275
1920,Man United,Watford,27,5.0,14.0,-9.0,0.06509265767689221
1920,Man United,Everton,28,7.0,6.0,1.0,-0.07860647904493367
1920,Man United,Man City,29,7.0,14.0,-7.0,0.6298961601394979
1920,Man United,Tottenham,30,103.0,104.0,-1.0,-0.2609577796684024
1920,Man United,Sheffield United,31,4.0,3.0,1.0,1.2519628061579569
1920,Man United,Brighton,32,6.0,7.0,-1.0,-0.32714272998519456
1920,Man United,Bournemouth,33,3.0,2.0,1.0,-0.004728282293685826
1920,Man United,Aston Villa,34,5.0,4.0,1.0,0.3595444841744504
1920,Man United,Southampton,35,3.0,4.0,-1.0,-0.20738248627568479
1920,Man United,Crystal Palace,36,3.0,4.0,-1.0,0.42732059359810814
1920,Man United,West Ham,37,5.0,4.0,1.0,-1.0526476143627446
1920,Man United,Leicester,38,3.0,7.0,-4.0,-0.4016692063253089
1920,Newcastle,Norwich,2,6.0,7.0,-1.0,-0.18940281705173978
1920,Newcastle,Tottenham,3,8.0,7.0,1.0,-0.30473626114422503
1920,Newcastle,Watford,4,5.0,7.0,-2.0,-0.03834492606133866
1920,Newcastle,Liverpool,5,13.0,13.0,0.0,-0.36032261790174336
1920,Newcastle,Brighton,6,7.0,7.0,0.0,-0.1125379302724221
1920,Newcastle,Leicester,7,7.0,8.0,-1.0,-0.6219451699560599
1920,Newcastle,Man United,8,7.0,5.0,2.0,-0.08510416941632648
1920,Newcastle,Chelsea,9,12.0,13.0,-1.0,-0.46697238003920294
1920,Newcastle,Wolves,10,7.0,7.0,0.0,-0.1155512443669402
1920,Newcastle,West Ham,11,6.0,7.0,-1.0,0.8618671638045219
1920,Newcastle,Bournemouth,12,7.0,7.0,0.0,1.12340788149368
1920,Newcastle,Aston Villa,13,16.0,15.0,1.0,-0.4247120117378329
1920,Newcastle,Man City,14,4.0,6.0,-2.0,-0.505327362307182
1920,Newcastle,Sheffield United,15,5.0,4.0,1.0,-0.3013529427029963
1920,Newcastle,Southampton,16,2.0,3.0,-1.0,0.0037654814805541115
1920,Newcastle,Burnley,17,6.0,7.0,-1.0,0.24777901165145855
1920,Newcastle,Crystal Palace,18,7.0,4.0,3.0,-0.4497334429958463
1920,Newcastle,Man United,19,5.0,4.0,1.0,0.44974016954310536
1920,Newcastle,Everton,20,1.0,2.0,-1.0,0.6831060300424152
1920,Newcastle,Leicester,21,4.0,3.0,1.0,-0.04792289753041279
1920,Newcastle,Wolves,22,10.0,10.0,0.0,-0.4022729272186252
1920,Newcastle,Chelsea,23,7.0,7.0,0.0,0.07967469396751203
1920,Newcastle,Everton,24,3.0,3.0,0.0,-0.2039121486989015
1920,Newcastle,Norwich,25,10.0,9.0,1.0,-0.4219947502187483
1920,Newcastle,Arsenal,26,15.0,14.0,1.0,0.31053535612932315
1920,Newcastle,Crystal Palace,27,5.0,14.0,-9.0,-0.7859710212708599
1920,Newcastle,Burnley,28,7.0,7.0,0.0,0.08895959933964215
1920,Newcastle,Southampton,29,7.0,7.0,0.0,1.4039499958910509
1920,Newcastle,Sheffield United,30,105.0,3.0,102.0,1.1286410752725011
1920,Newcastle,Aston Villa,31,3.0,3.0,0.0,-0.7130590520116418
1920,Newcastle,Bournemouth,32,7.0,7.0,0.0,1.2489212864021626
1920,Newcastle,West Ham,33,3.0,3.0,0.0,0.18064231759994298
1920,Newcastle,Man City,34,3.0,2.0,1.0,-0.36619356896290245
1920,Newcastle,Watford,35,2.0,3.0,-1.0,0.6098229053401778
1920,Newcastle,Tottenham,36,4.0,3.0,1.0,0.054374165495523874
1920,Newcastle,Brighton,37,5.0,3.0,2.0,-0.059346656982687374
1920,Newcastle,Liverpool,38,5.0,3.0,2.0,-0.45851524492880513
1920,Norwich,Newcastle,2,7.0,6.0,1.0,0.7498716952319668
1920,Norwich,Chelsea,3,6.0,5.0,1.0,0.2661531042031301
1920,Norwich,West Ham,4,7.0,7.0,0.0,0.09790817944095798
1920,Norwich,Man City,5,14.0,14.0,0.0,1.0280947586395146
1920,Norwich,Burnley,6,6.0,7.0,-1.0,-0.03761285871659803
1920,Norwich,Crystal Palace,7,7.0,6.0,1.0,-0.23783870354130732
1920,Norwich,Aston Villa,8,7.0,7.0,0.0,0.4742337739962983
1920,Norwich,Bournemouth,9,14.0,13.0,1.0,-0.5822589500122866
1920,Norwich,Man United,10,8.0,7.0,1.0,0.1573853919131003
1920,Norwich,Brighton,11,5.0,7.0,-2.0,-0.532837431188173
1920,Norwich,Watford,12,6.0,6.0,0.0,-0.4580488761664294
1920,Norwich,Everton,13,14.0,14.0,0.0,1.0340530921029556
1920,Norwich,Arsenal,14,7.0,7.0,0.0,-0.23736032648988836
1920,Norwich,Southampton,15,3.0,4.0,-1.0,-0.0016018161843641687
1920,Norwich,Sheffield United,16,3.0,2.0,1.0,-0.4364976627683529
1920,Norwich,Leicester,17,6.0,6.0,0.0,0.4883552900976724
1920,Norwich,Wolves,18,7.0,6.0,1.0,0.5470815378027425
1920,Norwich,Aston Villa,19,5.0,5.0,0.0,0.32808652857531384
1920,Norwich,Tottenham,20,2.0,2.0,0.0,-0.7345279183635889
1920,Norwich,Crystal Palace,21,4.0,4.0,0.0,0.501048881176781
1920,Norwich,Man United,22,9.0,9.0,0.0,-0.3241380271852886
1920,Norwich,Bournemouth,23,7.0,6.0,1.0,-0.20726720241866914
1920,Norwich,Tottenham,24,4.0,4.0,0.0,-0.15503986091887612
1920,Norwich,Newcastle,25,9.0,10.0,-1.0,1.3009912268547725
1920,Norwich,Liverpool,26,14.0,14.0,0.0,-0.4138959632831158
1920,Norwich,Wolves,27,7.0,8.0,-1.0,-0.2258142919589501
1920,Norwich,Leicester,28,5.0,6.0,-1.0,-0.23589076579839952
1920,Norwich,Sheffield United,29,7.0,14.0,-7.0,1.7197999046802666
1920,Norwich,Southampton,30,104.0,104.0,0.0,-0.44521542209447496
1920,Norwich,Everton,31,5.0,2.0,3.0,-0.5656934187636837
1920,Norwich,Arsenal,32,7.0,6.0,1.0,-0.7017648091448776
1920,Norwich,Brighton,33,2.0,3.0,-1.0,-0.6649042233163698
1920,Norwich,Watford,34,3.0,2.0,1.0,0.2527250739893898
1920,Norwich,West Ham,35,3.0,2.0,1.0,-0.6966295677664949
1920,Norwich,Chelsea,36,3.0,3.0,0.0,-0.6005953244359987
1920,Norwich,Burnley,37,3.0,2.0,1.0,-0.4510293434734788
1920,Norwich,Man City,38,7.0,4.0,3.0,0.20424489346034258
1920,Sheffield United,Crystal Palace,2,7.0,7.0,0.0,0.3800368484089922
1920,Sheffield United,Leicester,3,6.0,5.0,1.0,-0.38970729856830655
1920,Sheffield United,Chelsea,4,7.0,7.0,0.0,0.2092251083096025
1920,Sheffield United,Southampton,5,13.0,14.0,-1.0,0.49250487311665414
1920,Sheffield United,Everton,6,7.0,6.0,1.0,-0.4689405637170151
1920,Sheffield United,Liverpool,7,6.0,5.0,1.0,0.164311913066699
1920,Sheffield United,Watford,8,7.0,7.0,0.0,-0.7577261115707088
1920,Sheffield United,Arsenal,9,16.0,15.0,1.0,-0.4262740999166922
1920,Sheffield United,West Ham,10,4.0,7.0,-3.0,-0.18745310912265722
1920,Sheffield United,Burnley,11,7.0,6.0,1.0,1.2875638505272022
1920,Sheffield United,Tottenham,12,7.0,5.0,2.0,-0.10920369549971354
1920,Sheffield United,Man United,13,15.0,14.0,1.0,0.6330296371750295
1920,Sheffield United,Wolves,14,6.0,7.0,-1.0,0.7331407927219785
1920,Sheffield United,Newcastle,15,4.0,5.0,-1.0,-0.6060366014152061
1920,Sheffield United,Norwich,16,2.0,3.0,-1.0,-0.6864189535138743
1920,Sheffield United,Aston Villa,17,6.0,6.0,0.0,0.1545155927090407
1920,Sheffield United,Brighton,18,7.0,4.0,3.0,0.4130703973339307
1920,Sheffield United,Watford,19,5.0,4.0,1.0,-0.07762978739058268
1920,Sheffield United,Man City,20,3.0,1.0,2.0,0.4988661564427914
1920,Sheffield United,Liverpool,21,4.0,4.0,0.0,-0.18669724535096832
1920,Sheffield United,West Ham,22,8.0,9.0,-1.0,0.37526667115057766
1920,Sheffield United,Arsenal,23,7.0,7.0,0.0,0.10505608480636819
1920,Sheffield United,Man City,24,3.0,3.0,0.0,-0.12476486347249816
1920,Sheffield United,Crystal Palace,25,10.0,10.0,0.0,-0.33762852742703
1920,Sheffield United,Bournemouth,26,7.0,7.0,0.0,0.5225964940756422
1920,Sheffield United,Brighton,27,13.0,13.0,0.0,0.13331970933880877
1920,Sheffield United,Norwich,28,14.0,7.0,7.0,-0.5412114340340572
1920,Sheffield United,Aston Villa,29,102.0,99.0,3.0,-1.1794470563353687
1920,Sheffield United,Newcastle,30,3.0,105.0,-102.0,-0.8151394972249291
1920,Sheffield United,Man United,31,3.0,4.0,-1.0,-0.6489752602569289
1920,Sheffield United,Tottenham,32,8.0,8.0,0.0,0.3351862040370641
1920,Sheffield United,Burnley,33,2.0,5.0,-3.0,0.5749806020089876
1920,Sheffield United,Wolves,34,3.0,4.0,-1.0,-0.4356247276564311
1920,Sheffield United,Chelsea,35,2.0,3.0,-1.0,0.9808638061180333
1920,Sheffield United,Leicester,36,5.0,3.0,2.0,-0.1922122018631316
1920,Sheffield United,Everton,37,4.0,4.0,0.0,-0.7280791178038861
1920,Sheffield United,Southampton,38,5.0,7.0,-2.0,0.2773698091983814
1920,Southampton,Liverpool,2,7.0,7.0,0.0,0.9674325269534607
1920,Southampton,Brighton,3,7.0,7.0,0.0,0.624627142711623
1920,Southampton,Man United,4,6.0,6.0,0.0,-0.31165995900083343
1920,Southampton,Sheffield United,5,14.0,13.0,1.0,0.34868197836971815
1920,Southampton,Bournemouth,6,6.0,5.0,1.0,-0.3559226256846906
1920,Southampton,Tottenham,7,7.0,7.0,0.0,-0.041658641816290976
1920,Southampton,Chelsea,8,8.0,8.0,0.0,0.07460654561503133
1920,Southampton,Wolves,9,13.0,13.0,0.0,0.5142114807556981
1920,Southampton,Leicester,10,6.0,6.0,0.0,-0.7601537744177341
1920,Southampton,Man City,11,7.0,7.0,0.0,0.03724402700951013
1920,Southampton,Everton,12,7.0,5.0,2.0,-0.6530615908589474
1920,Southampton,Arsenal,13,14.0,13.0,1.0,0.42791885363171
1920,Southampton,Watford,14,7.0,7.0,0.0,0.37965827219417747
1920,Southampton,Norwich,15,4.0,3.0,1.0,0.0037276324698320984
1920,Southampton,Newcastle,16,3.0,2.0,1.0,0.27602488517043255
1920,Southampton,West Ham,17,6.0,4.0,2.0,-1.121074119614435
1920,Southampton,Aston Villa,18,6.0,7.0,-1.0,0.9839256902419515
1920,Southampton,Chelsea,19,5.0,3.0,2.0,0.004946413119666371
1920,Southampton,Crystal Palace,20,2.0,2.0,0.0,-0.23223540410074506
1920,Southampton,Tottenham,21,4.0,3.0,1.0,0.037030180428686776
1920,Southampton,Leicester,22,10.0,10.0,0.0,1.4119550850617433
1920,Southampton,Wolves,23,7.0,7.0,0.0,-0.26968150656669476
1920,Southampton,Crystal Palace,24,3.0,3.0,0.0,-0.2668922788813539
1920,Southampton,Liverpool,25,10.0,2.0,8.0,-0.2414641147336265
1920,Southampton,Burnley,26,13.0,12.0,1.0,-0.8177178336638321
1920,Southampton,Aston Villa,27,7.0,6.0,1.0,1.0077610229975442
1920,Southampton,West Ham,28,7.0,4.0,3.0,-0.7047505519338197
1920,Southampton,Newcastle,29,7.0,7.0,0.0,-1.6309990602636883
1920,Southampton,Norwich,30,104.0,104.0,0.0,0.2391784880925405
1920,Southampton,Arsenal,31,6.0,5.0,1.0,-0.8033378047133131
1920,Southampton,Watford,32,2.0,2.0,0.0,0.04028493021366053
1920,Southampton,Man City,33,7.0,2.0,5.0,-0.42042731921619936
1920,Southampton,Everton,34,3.0,2.0,1.0,0.39641011194763265
1920,Southampton,Man United,35,4.0,3.0,1.0,0.9222593637041623
1920,Southampton,Brighton,36,3.0,5.0,-2.0,0.5574650268958228
1920,Southampton,Bournemouth,37,2.0,3.0,-1.0,0.03488779098240813
1920,Southampton,Sheffield United,38,7.0,5.0,2.0,-0.6220168407019903
1920,Tottenham,Man City,2,7.0,7.0,0.0,-0.6728062380448057
1920,Tottenham,Newcastle,3,7.0,8.0,-1.0,-0.4679944418029609
1920,Tottenham,Arsenal,4,7.0,7.0,0.0,0.09584526853260034
1920,Tottenham,Crystal Palace,5,12.0,13.0,-1.0,-0.4437868598007173
1920,Tottenham,Leicester,6,6.0,6.0,0.0,0.4701235379039772
1920,Tottenham,Southampton,7,7.0,7.0,0.0,-0.221851431048242
1920,Tottenham,Brighton,8,6.0,6.0,0.0,-0.789393800080558
1920,Tottenham,Watford,9,14.0,14.0,0.0,-0.4932878505274475
1920,Tottenham,Liverpool,10,8.0,7.0,1.0,0.5158658497622451
1920,Tottenham,Everton,11,7.0,8.0,-1.0,-0.7505208970501985
1920,Tottenham,Sheffield United,12,5.0,7.0,-2.0,0.1983746908292121
1920,Tottenham,West Ham,13,13.0,13.0,0.0,0.8342220300882344
1920,Tottenham,Bournemouth,14,7.0,7.0,0.0,1.3833894744321438
1920,Tottenham,Man United,15,4.0,3.0,1.0,-0.22788667608848423
1920,Tottenham,Burnley,16,2.0,3.0,-1.0,1.0779758512132782
1920,Tottenham,Wolves,17,7.0,6.0,1.0,0.236540672793621
1920,Tottenham,Chelsea,18,7.0,8.0,-1.0,-0.7665936894426515
1920,Tottenham,Brighton,19,3.0,4.0,-1.0,-0.5264320869067376
1920,Tottenham,Norwich,20,2.0,2.0,0.0,-0.36285362839493285
1920,Tottenham,Southampton,21,3.0,4.0,-1.0,-0.0748143510603676
1920,Tottenham,Liverpool,22,10.0,8.0,2.0,0.08246682174918307
1920,Tottenham,Watford,23,6.0,5.0,1.0,0.636222322433351
1920,Tottenham,Norwich,24,4.0,4.0,0.0,0.47922197335279315
1920,Tottenham,Man City,25,10.0,11.0,-1.0,-0.49503605212656254
1920,Tottenham,Aston Villa,26,13.0,14.0,-1.0,1.5151198070294862
1920,Tottenham,Chelsea,27,5.0,4.0,1.0,-0.5859229134921641
1920,Tottenham,Wolves,28,8.0,7.0,1.0,0.7089499659702574
1920,Tottenham,Burnley,29,6.0,7.0,-1.0,-0.70130973845682
1920,Tottenham,Man United,30,104.0,103.0,1.0,-0.4084672375815783
1920,Tottenham,West Ham,31,4.0,3.0,1.0,0.5601466247561606
1920,Tottenham,Sheffield United,32,8.0,8.0,0.0,-0.05600295989613202
1920,Tottenham,Everton,33,4.0,5.0,-1.0,-0.7054870600615097
1920,Tottenham,Bournemouth,34,2.0,5.0,-3.0,-0.7850463410903836
1920,Tottenham,Arsenal,35,2.0,4.0,-2.0,0.47351072681989836
1920,Tottenham,Newcastle,36,3.0,4.0,-1.0,0.3395224236247676
1920,Tottenham,Leicester,37,3.0,2.0,1.0,-0.29523020043354753
1920,Tottenham,Crystal Palace,38,7.0,5.0,2.0,-0.9088884759065161
1920,Watford,Everton,2,7.0,7.0,0.0,0.25172635898489015
1920,Watford,West Ham,3,7.0,7.0,0.0,0.7355953579597472
1920,Watford,Newcastle,4,7.0,5.0,2.0,-0.20010938439764203
1920,Watford,Arsenal,5,15.0,13.0,2.0,0.8245505929392551
1920,Watford,Man City,6,5.0,6.0,-1.0,-0.3478523436512166
1920,Watford,Wolves,7,7.0,6.0,1.0,0.3686532170931782
1920,Watford,Sheffield United,8,7.0,7.0,0.0,0.22732135071924953
1920,Watford,Tottenham,9,14.0,14.0,0.0,-0.1267216524868885
1920,Watford,Bournemouth,10,7.0,7.0,0.0,-0.7600980966003288
1920,Watford,Chelsea,11,7.0,7.0,0.0,-0.2535654938809402
1920,Watford,Norwich,12,6.0,6.0,0.0,0.04090204745426429
1920,Watford,Burnley,13,14.0,14.0,0.0,-0.3198122269478555
1920,Watford,Southampton,14,7.0,7.0,0.0,-0.564312272505654
1920,Watford,Leicester,15,4.0,3.0,1.0,-0.6039289320179124
1920,Watford,Crystal Palace,16,2.0,3.0,-1.0,0.18754121148373049
1920,Watford,Liverpool,17,6.0,6.0,0.0,0.23733964810254293
1920,Watford,Man United,18,8.0,7.0,1.0,-0.04243738516901274
1920,Watford,Sheffield United,19,4.0,5.0,-1.0,-0.39611376618153304
1920,Watford,Aston Villa,20,2.0,2.0,0.0,0.8576520674429893
1920,Watford,Wolves,21,4.0,2.0,2.0,0.21625747126601014
1920,Watford,Bournemouth,22,10.0,10.0,0.0,1.126619718994462
1920,Watford,Tottenham,23,5.0,6.0,-1.0,0.4381682683674428
1920,Watford,Aston Villa,24,3.0,3.0,0.0,0.47662142742727265
1920,Watford,Everton,25,10.0,10.0,0.0,-0.2088423152782387
1920,Watford,Brighton,26,7.0,7.0,0.0,-0.8949175253268538
1920,Watford,Man United,27,14.0,5.0,9.0,-0.4187927082124684
1920,Watford,Liverpool,28,6.0,4.0,2.0,1.7651463354266532
1920,Watford,Crystal Palace,29,6.0,7.0,-1.0,-0.6806672699961935
1920,Watford,Leicester,30,104.0,102.0,2.0,0.023349673837920193
1920,Watford,Burnley,31,5.0,2.0,3.0,-0.5023572741816662
1920,Watford,Southampton,32,2.0,2.0,0.0,-0.9430950175677316
1920,Watford,Chelsea,33,6.0,2.0,4.0,-0.18039694645211124
1920,Watford,Norwich,34,2.0,3.0,-1.0,-0.8905996639051156
1920,Watford,Newcastle,35,3.0,2.0,1.0,0.005547728867055346
1920,Watford,West Ham,36,6.0,6.0,0.0,-0.2379622883376158
1920,Watford,Man City,37,3.0,6.0,-3.0,-0.7163707780075691
1920,Watford,Arsenal,38,4.0,4.0,0.0,2.1408937978541926
1920,West Ham,Brighton,2,7.0,7.0,0.0,-0.2646435817253381
1920,West Ham,Watford,3,7.0,7.0,0.0,1.5610304739577643
1920,West Ham,Norwich,4,7.0,7.0,0.0,0.4556755253227771
1920,West Ham,Aston Villa,5,16.0,16.0,0.0,-0.9106768798887667
1920,West Ham,Man United,6,5.0,7.0,-2.0,-0.4335067528273734
1920,West Ham,Bournemouth,7,6.0,7.0,-1.0,0.025848847884900827
1920,West Ham,Crystal Palace,8,7.0,7.0,0.0,-0.2637055776892725
1920,West Ham,Everton,9,13.0,13.0,0.0,-0.5389611361553737
1920,West Ham,Sheffield United,10,7.0,4.0,3.0,1.0213942484588232
1920,West Ham,Newcastle,11,7.0,6.0,1.0,-0.1985225385552516
1920,West Ham,Burnley,12,7.0,7.0,0.0,-0.60705194356511
1920,West Ham,Tottenham,13,13.0,13.0,0.0,-0.6306486172026327
1920,West Ham,Chelsea,14,7.0,6.0,1.0,0.26497354450980737
1920,West Ham,Wolves,15,4.0,3.0,1.0,-0.2538370073870043
1920,West Ham,Arsenal,16,5.0,3.0,2.0,-0.8287304927151034
1920,West Ham,Southampton,17,4.0,6.0,-2.0,-0.25439854211370516
1920,West Ham,Crystal Palace,18,11.0,5.0,6.0,-0.4279544316383932
1920,West Ham,Leicester,19,2.0,1.0,1.0,-0.2844929968900637
1920,West Ham,Bournemouth,20,4.0,4.0,0.0,0.012099452410678113
1920,West Ham,Sheffield United,21,9.0,8.0,1.0,-0.17095579852346898
1920,West Ham,Everton,22,7.0,7.0,0.0,0.4619508322736783
1920,West Ham,Leicester,23,4.0,3.0,1.0,-0.4694845513208517
1920,West Ham,Liverpool,24,7.0,5.0,2.0,-0.14931469583589174
1920,West Ham,Brighton,25,2.0,10.0,-8.0,-0.251640444481531
1920,West Ham,Man City,26,18.0,17.0,1.0,-0.660886471946359
1920,West Ham,Liverpool,27,5.0,9.0,-4.0,-0.20082474194339983
1920,West Ham,Southampton,28,4.0,7.0,-3.0,1.3689800486671833
1920,West Ham,Arsenal,29,7.0,12.0,-5.0,0.5134299375496705
1920,West Ham,Wolves,30,105.0,105.0,0.0,-0.4836276650877565
1920,West Ham,Tottenham,31,3.0,4.0,-1.0,-0.2239323898250738
1920,West Ham,Chelsea,32,8.0,6.0,2.0,1.057343569551714
1920,West Ham,Newcastle,33,3.0,3.0,0.0,0.6144708242385228
1920,West Ham,Burnley,34,3.0,3.0,0.0,0.6738267902983162
1920,West Ham,Norwich,35,2.0,3.0,-1.0,2.38130896473969
1920,West Ham,Watford,36,6.0,6.0,0.0,-0.5567052724733081
1920,West Ham,Man United,37,4.0,5.0,-1.0,-0.24450274494743263
1920,West Ham,Aston Villa,38,3.0,4.0,-1.0,-0.9894971265957483
1920,Wolves,Man United,2,8.0,8.0,0.0,-0.746007488897644
1920,Wolves,Burnley,3,5.0,8.0,-3.0,-0.9059581274386564
1920,Wolves,Everton,4,6.0,8.0,-2.0,0.8918596594595469
1920,Wolves,Chelsea,5,13.0,13.0,0.0,0.32862624660677286
1920,Wolves,Crystal Palace,6,7.0,7.0,0.0,0.39430311993705636
1920,Wolves,Watford,7,6.0,7.0,-1.0,-0.38283290144878435
1920,Wolves,Man City,8,8.0,7.0,1.0,0.35371878714502625
1920,Wolves,Southampton,9,13.0,13.0,0.0,-1.4503163062739668
1920,Wolves,Newcastle,10,7.0,7.0,0.0,0.3577544811751656
1920,Wolves,Arsenal,11,6.0,5.0,1.0,0.28407196149542635
1920,Wolves,Aston Villa,12,7.0,7.0,0.0,0.1295947687744774
1920,Wolves,Bournemouth,13,13.0,14.0,-1.0,-0.13531143404811852
1920,Wolves,Sheffield United,14,7.0,6.0,1.0,-0.1908614932316406
1920,Wolves,West Ham,15,3.0,4.0,-1.0,-0.05484488759664585
1920,Wolves,Brighton,16,3.0,2.0,1.0,0.4562737733799205
1920,Wolves,Tottenham,17,6.0,7.0,-1.0,-0.718147451111032
1920,Wolves,Norwich,18,6.0,7.0,-1.0,0.06255269298307198
1920,Wolves,Man City,19,6.0,6.0,0.0,1.371941931569955
1920,Wolves,Liverpool,20,1.0,2.0,-1.0,-0.5692740781258275
1920,Wolves,Watford,21,2.0,4.0,-2.0,-0.030136660918047342
1920,Wolves,Newcastle,22,10.0,10.0,0.0,0.11928906077547419
1920,Wolves,Southampton,23,7.0,7.0,0.0,0.128742446313455
1920,Wolves,Liverpool,24,5.0,4.0,1.0,0.7116637637864593
1920,Wolves,Man United,25,8.0,9.0,-1.0,0.6820593486856646
1920,Wolves,Leicester,26,13.0,13.0,0.0,-0.04114908054772881
1920,Wolves,Norwich,27,8.0,7.0,1.0,1.303330058291171
1920,Wolves,Tottenham,28,7.0,8.0,-1.0,1.44937751760268
1920,Wolves,Brighton,29,6.0,7.0,-1.0,-0.835814761959404
1920,Wolves,West Ham,30,105.0,105.0,0.0,-0.4683791775547048
1920,Wolves,Bournemouth,31,4.0,3.0,1.0,-1.0141410633321861
1920,Wolves,Aston Villa,32,2.0,2.0,0.0,-0.9043583037088443
1920,Wolves,Arsenal,33,7.0,2.0,5.0,-0.5166802492288827
1920,Wolves,Sheffield United,34,4.0,3.0,1.0,-0.8693013355234965
1920,Wolves,Everton,35,3.0,2.0,1.0,0.7467473150927646
1920,Wolves,Burnley,36,3.0,4.0,-1.0,0.08325450226249242
1920,Wolves,Crystal Palace,37,5.0,4.0,1.0,-0.1804613692364474
1920,Wolves,Chelsea,38,5.0,3.0,2.0,-0.78660908081604
2021,Arsenal,West Ham,2,7.0,7.0,0.0,-0.026216098943923072
2021,Arsenal,Liverpool,3,9.0,8.0,1.0,0.18795368928183742
2021,Arsenal,Sheffield United,4,5.0,7.0,-2.0,-1.1885449571999795
2021,Arsenal,Man City,5,13.0,14.0,-1.0,0.2901431004405607
2021,Arsenal,Leicester,6,8.0,7.0,1.0,-0.555888679382721
2021,Arsenal,Man United,7,6.0,8.0,-2.0,-0.6970486925942616
2021,Arsenal,Aston Villa,8,7.0,7.0,0.0,-0.04223648920054379
2021,Arsenal,Leeds,9,13.0,15.0,-2.0,-0.6349071091888477
2021,Arsenal,Wolves,10,7.0,5.0,2.0,-0.23816518633998585
2021,Arsenal,Tottenham,11,6.0,7.0,-1.0,-0.48448374608928857
2021,Arsenal,Burnley,12,7.0,8.0,-1.0,0.18302995785409792
2021,Arsenal,Southampton,13,2.0,3.0,-1.0,-0.8601114956423781
2021,Arsenal,Everton,14,2.0,2.0,0.0,-0.641174631300037
2021,Arsenal,Chelsea,15,7.0,4.0,3.0,0.36388701372492926
2021,Arsenal,Brighton,16,3.0,2.0,1.0,0.4831744877731847
2021,Arsenal,West Brom,17,4.0,4.0,0.0,2.4566304653050817
2021,Arsenal,Crystal Palace,18,12.0,12.0,0.0,-1.363419974465689
2021,Arsenal,Newcastle,19,4.0,6.0,-2.0,0.6531923605419458
2021,Arsenal,Southampton,20,8.0,10.0,-2.0,1.191832040386098
2021,Arsenal,Man United,21,3.0,2.0,1.0,-0.3967092030121895
2021,Arsenal,Wolves,22,3.0,3.0,0.0,-0.3914255450256857
2021,Arsenal,Aston Villa,23,3.0,2.0,1.0,-0.4900461309784734
2021,Arsenal,Leeds,24,8.0,5.0,3.0,0.09681641810741604
2021,Arsenal,Man City,25,7.0,3.0,4.0,-0.3402045944914606
2021,Arsenal,Leicester,26,6.0,6.0,0.0,0.2877195112074651
2021,Arsenal,Burnley,27,6.0,2.0,4.0,1.1729159605867443
2021,Arsenal,Tottenham,28,8.0,6.0,2.0,-0.5182669198483352
2021,Arsenal,West Ham,29,6.0,6.0,0.0,0.24564627683469142
2021,Arsenal,Liverpool,30,13.0,18.0,-5.0,-1.0516253704625176
2021,Arsenal,Sheffield United,31,7.0,8.0,-1.0,0.4232569371260435
2021,Arsenal,Fulham,32,6.0,8.0,-2.0,1.3165417926213463
2021,Arsenal,Everton,33,5.0,7.0,-2.0,-0.6507557138836898
2021,Arsenal,Newcastle,34,8.0,8.0,0.0,0.4368492122029872
2021,Arsenal,West Brom,35,7.0,6.0,1.0,-0.8618486974531372
2021,Arsenal,Chelsea,36,3.0,4.0,-1.0,0.02269808799184303
2021,Arsenal,Crystal Palace,37,6.0,3.0,3.0,0.38037718247424657
2021,Arsenal,Brighton,38,3.0,4.0,-1.0,-0.2445919545437767
2021,Aston Villa,Fulham,2,7.0,9.0,-2.0,0.6577364734914266
2021,Aston Villa,Liverpool,3,6.0,5.0,1.0,1.7498238441242073
2021,Aston Villa,Leicester,4,14.0,14.0,0.0,-0.28294279675963463
2021,Aston Villa,Leeds,5,5.0,4.0,1.0,-0.3013514759918372
2021,Aston Villa,Southampton,6,8.0,6.0,2.0,0.02357802880052251
2021,Aston Villa,Arsenal,7,7.0,7.0,0.0,0.9095207795853826
2021,Aston Villa,Brighton,8,12.0,14.0,-2.0,0.6522948564241309
2021,Aston Villa,West Ham,9,9.0,8.0,1.0,0.4191243268299465
2021,Aston Villa,Wolves,10,11.0,5.0,6.0,-0.7039398374977255
2021,Aston Villa,Burnley,11,5.0,3.0,2.0,-0.015720449066313202
2021,Aston Villa,West Brom,12,3.0,4.0,-1.0,0.13296854364421562
2021,Aston Villa,Crystal Palace,13,5.0,7.0,-2.0,2.68786335184551
2021,Aston Villa,Chelsea,14,2.0,2.0,0.0,-0.0012099889518840667
2021,Aston Villa,Man United,15,4.0,3.0,1.0,0.5428680218593045
2021,Aston Villa,Man City,16,19.0,3.0,16.0,0.002219448026627102
2021,Aston Villa,Newcastle,17,3.0,5.0,-2.0,0.7933333944456116
2021,Aston Villa,Burnley,18,3.0,5.0,-2.0,1.2153556204529439
2021,Aston Villa,Southampton,19,3.0,3.0,0.0,-0.5629537124765681
2021,Aston Villa,West Ham,20,4.0,3.0,1.0,-0.7410807984515385
2021,Aston Villa,Arsenal,21,2.0,3.0,-1.0,-0.11994287792452862
2021,Aston Villa,Brighton,22,7.0,7.0,0.0,-0.7645802570016926
2021,Aston Villa,Leicester,23,7.0,8.0,-1.0,0.29168652438530573
2021,Aston Villa,Leeds,24,6.0,3.0,3.0,-0.595533788796351
2021,Aston Villa,Sheffield United,25,4.0,2.0,2.0,-0.21534471369400987
2021,Aston Villa,Wolves,26,2.0,3.0,-1.0,-0.5274058051262603
2021,Aston Villa,Newcastle,27,6.0,5.0,1.0,-0.7285657365017583
2021,Aston Villa,Tottenham,28,8.0,7.0,1.0,-1.0066219594655583
2021,Aston Villa,Fulham,29,13.0,15.0,-2.0,-0.1611349944498306
2021,Aston Villa,Liverpool,30,5.0,6.0,-1.0,-0.3223881338951955
2021,Aston Villa,Man City,31,11.0,11.0,0.0,0.06742444095748934
2021,Aston Villa,West Brom,32,3.0,2.0,1.0,-0.2205709193833596
2021,Aston Villa,Everton,33,6.0,8.0,-2.0,0.3499556143133249
2021,Aston Villa,Man United,34,7.0,14.0,-7.0,-0.6855953470930332
2021,Aston Villa,Everton,35,4.0,4.0,0.0,-0.9574772711040994
2021,Aston Villa,Crystal Palace,36,2.0,4.0,-2.0,-0.3163397707782267
2021,Aston Villa,Tottenham,37,3.0,3.0,0.0,0.455811969389738
2021,Aston Villa,Chelsea,38,3.0,4.0,-1.0,-0.677371499491424
2021,Brighton,Newcastle,2,5.0,7.0,-2.0,-0.2150395241750369
2021,Brighton,Man United,3,5.0,6.0,-1.0,1.0886593798341708
2021,Brighton,Everton,4,7.0,7.0,0.0,0.05050971528707082
2021,Brighton,Crystal Palace,5,14.0,15.0,-1.0,-0.2995142585333139
2021,Brighton,West Brom,6,8.0,7.0,1.0,-1.3566187940759054
2021,Brighton,Tottenham,7,6.0,5.0,1.0,-0.7391261079147313
2021,Brighton,Burnley,8,4.0,6.0,-2.0,-0.055433206377620836
2021,Brighton,Aston Villa,9,14.0,12.0,2.0,0.3481448649776271
2021,Brighton,Liverpool,10,6.0,5.0,1.0,-0.4098021531684731
2021,Brighton,Southampton,11,9.0,8.0,1.0,-0.22594890546892077
2021,Brighton,Leicester,12,5.0,7.0,-2.0,-0.25015057614462155
2021,Brighton,Fulham,13,3.0,3.0,0.0,-0.775502047323575
2021,Brighton,Sheffield United,14,3.0,2.0,1.0,1.072993649176462
2021,Brighton,West Ham,15,7.0,5.0,2.0,0.4155033155229122
2021,Brighton,Arsenal,16,2.0,3.0,-1.0,-0.38759344663142337
2021,Brighton,Wolves,17,3.0,3.0,0.0,0.3252157047169537
2021,Brighton,Man City,18,11.0,10.0,1.0,-0.3629122534014436
2021,Brighton,Leeds,19,2.0,14.0,-12.0,-0.18135811733741836
2021,Brighton,Fulham,20,11.0,6.0,5.0,0.775077198062273
2021,Brighton,Tottenham,21,3.0,2.0,1.0,0.47121624108469673
2021,Brighton,Liverpool,22,3.0,3.0,0.0,0.21433461152637212
2021,Brighton,Burnley,23,2.0,2.0,0.0,-0.7309616015679363
2021,Brighton,Aston Villa,24,7.0,7.0,0.0,0.9210979748753223
2021,Brighton,Crystal Palace,25,9.0,9.0,0.0,0.885919136989896
2021,Brighton,West Brom,26,4.0,7.0,-3.0,0.044700130825902296
2021,Brighton,Leicester,27,7.0,3.0,4.0,-0.5212833560964525
2021,Brighton,Southampton,28,7.0,3.0,4.0,-0.3275606571216456
2021,Brighton,Newcastle,29,6.0,8.0,-2.0,-0.6776337461302311
2021,Brighton,Man United,30,14.0,20.0,-6.0,0.490699369776621
2021,Brighton,Everton,31,8.0,7.0,1.0,-0.20117614061745837
2021,Brighton,Chelsea,32,7.0,10.0,-3.0,-0.1997856252639586
2021,Brighton,Sheffield United,33,4.0,6.0,-2.0,0.5678731230450562
2021,Brighton,Leeds,34,6.0,6.0,0.0,0.14072834566336323
2021,Brighton,Wolves,35,7.0,5.0,2.0,-0.8154460892307128
2021,Brighton,West Ham,36,6.0,6.0,0.0,-0.4124195398216861
2021,Brighton,Man City,37,2.0,3.0,-1.0,0.5668692579334277
2021,Brighton,Arsenal,38,4.0,3.0,1.0,-0.7751627663688709
2021,Burnley,Southampton,2,6.0,6.0,0.0,-0.7964834302642111
2021,Burnley,Newcastle,3,7.0,6.0,1.0,-0.5765301151172861
2021,Burnley,West Brom,4,15.0,15.0,0.0,-0.10070876219400904
2021,Burnley,Tottenham,5,7.0,8.0,-1.0,-0.043670811926324715
2021,Burnley,Chelsea,6,4.0,6.0,-2.0,-0.2089504363872376
2021,Burnley,Brighton,7,6.0,4.0,2.0,-0.29760719417464326
2021,Burnley,Crystal Palace,8,17.0,16.0,1.0,0.4513930877805292
2021,Burnley,Man City,9,4.0,6.0,-2.0,0.007775448678231267
2021,Burnley,Everton,10,6.0,6.0,0.0,-0.3119048455731348
2021,Burnley,Arsenal,11,8.0,7.0,1.0,0.0757767347554461
2021,Burnley,Aston Villa,12,3.0,5.0,-2.0,-0.5625985206432589
2021,Burnley,Wolves,13,3.0,5.0,-2.0,0.18475698995479495
2021,Burnley,Leeds,14,5.0,6.0,-1.0,0.5342714244674207
2021,Burnley,Sheffield United,15,2.0,2.0,0.0,-0.42120069736598
2021,Burnley,Man United,16,14.0,11.0,3.0,-0.21134300998975986
2021,Burnley,West Ham,17,3.0,14.0,-11.0,-0.4361774855837053
2021,Burnley,Liverpool,18,5.0,4.0,1.0,-0.4249906774228833
2021,Burnley,Aston Villa,19,5.0,3.0,2.0,-0.3593020015486792
2021,Burnley,Chelsea,20,3.0,3.0,0.0,-0.11247588350259363
2021,Burnley,Man City,21,3.0,4.0,-1.0,-0.45581375893032716
2021,Burnley,Brighton,22,2.0,2.0,0.0,1.1244224490543018
2021,Burnley,Crystal Palace,23,7.0,4.0,3.0,0.8919323705231483
2021,Burnley,Fulham,24,4.0,2.0,2.0,0.04931262401983827
2021,Burnley,West Brom,25,2.0,6.0,-4.0,-0.9174584165118262
2021,Burnley,Tottenham,26,7.0,7.0,0.0,-0.20846816624264441
2021,Burnley,Leicester,27,3.0,3.0,0.0,0.294147611304982
2021,Burnley,Arsenal,28,2.0,6.0,-4.0,0.19790287532591877
2021,Burnley,Everton,29,7.0,4.0,3.0,-0.10252924603335778
2021,Burnley,Southampton,30,21.0,20.0,1.0,-0.19206585915660612
2021,Burnley,Newcastle,31,7.0,6.0,1.0,0.5990150034579556
2021,Burnley,Man United,32,7.0,6.0,1.0,0.25769207689057394
2021,Burnley,Wolves,33,6.0,7.0,-1.0,1.4077673389190908
2021,Burnley,West Ham,34,8.0,9.0,-1.0,-0.09686967257368762
2021,Burnley,Fulham,35,6.0,9.0,-3.0,0.7135544974205279
2021,Burnley,Leeds,36,4.0,7.0,-3.0,0.17435630087489917
2021,Burnley,Liverpool,37,4.0,3.0,1.0,-0.0746819937870159
2021,Burnley,Sheffield United,38,3.0,3.0,0.0,-0.5805080496063473
2021,Chelsea,Liverpool,2,5.0,7.0,-2.0,-1.4096860333191321
2021,Chelsea,West Brom,3,6.0,7.0,-1.0,0.3406219875124119
2021,Chelsea,Crystal Palace,4,6.0,6.0,0.0,-1.2254069271413703
2021,Chelsea,Southampton,5,14.0,13.0,1.0,0.03946618935853663
2021,Chelsea,Man United,6,7.0,6.0,1.0,-0.9758089746467968
2021,Chelsea,Burnley,7,6.0,4.0,2.0,-0.515530229806094
2021,Chelsea,Sheffield United,8,7.0,7.0,0.0,0.5004445207001442
2021,Chelsea,Newcastle,9,13.0,14.0,-1.0,0.09001280124843936
2021,Chelsea,Tottenham,10,8.0,7.0,1.0,-0.7182587522291848
2021,Chelsea,Leeds,11,6.0,7.0,-1.0,2.7846302233943248
2021,Chelsea,Everton,12,7.0,7.0,0.0,-0.4430891322837489
2021,Chelsea,Wolves,13,2.0,3.0,-1.0,0.14957152137490493
2021,Chelsea,West Ham,14,6.0,5.0,1.0,0.6764951449098844
2021,Chelsea,Arsenal,15,4.0,7.0,-3.0,0.23348480392924698
2021,Chelsea,Aston Villa,16,2.0,2.0,0.0,-0.29712022910751523
2021,Chelsea,Man City,17,5.0,7.0,-2.0,-0.1685541333604652
2021,Chelsea,Fulham,18,13.0,2.0,11.0,-0.22955333885022888
2021,Chelsea,Leicester,19,3.0,3.0,0.0,-0.738305236164205
2021,Chelsea,Wolves,20,7.0,11.0,-4.0,-1.0735804799123643
2021,Chelsea,Burnley,21,3.0,3.0,0.0,-0.6983146150696877
2021,Chelsea,Tottenham,22,4.0,4.0,0.0,0.24951744062637093
2021,Chelsea,Sheffield United,23,2.0,5.0,-3.0,-1.0595061329413176
2021,Chelsea,Newcastle,24,8.0,9.0,-1.0,0.42490815403123783
2021,Chelsea,Southampton,25,4.0,6.0,-2.0,-0.9028695189735778
2021,Chelsea,Man United,26,8.0,6.0,2.0,-0.2915347905211123
2021,Chelsea,Liverpool,27,4.0,4.0,0.0,-0.04139915689305007
2021,Chelsea,Everton,28,3.0,4.0,-1.0,0.035939674925593135
2021,Chelsea,Leeds,29,4.0,4.0,0.0,-0.7517929619738034
2021,Chelsea,West Brom,30,20.0,20.0,0.0,0.08533475251712286
2021,Chelsea,Crystal Palace,31,7.0,4.0,3.0,2.044253953080121
2021,Chelsea,Brighton,32,10.0,7.0,3.0,-0.49532660205682766
2021,Chelsea,West Ham,33,3.0,7.0,-4.0,1.1039353741964817
2021,Chelsea,Fulham,34,7.0,13.0,-6.0,-0.12728413508540748
2021,Chelsea,Man City,35,7.0,7.0,0.0,-0.08209572385308272
2021,Chelsea,Arsenal,36,4.0,3.0,1.0,0.025195676957321167
2021,Chelsea,Leicester,37,6.0,7.0,-1.0,0.4419431146547681
2021,Chelsea,Aston Villa,38,4.0,3.0,1.0,1.9366086019922313
2021,Crystal Palace,Everton,3,6.0,7.0,-1.0,-0.4944652280924146
2021,Crystal Palace,Chelsea,4,6.0,6.0,0.0,-0.34936857992790377
2021,Crystal Palace,Brighton,5,15.0,14.0,1.0,-0.6880407220103352
2021,Crystal Palace,Fulham,6,6.0,6.0,0.0,1.9606856553168923
2021,Crystal Palace,Wolves,7,6.0,5.0,1.0,0.05373581323206822
2021,Crystal Palace,Leeds,8,7.0,4.0,3.0,0.18719241855482038
2021,Crystal Palace,Burnley,9,16.0,17.0,-1.0,0.36095711995959834
2021,Crystal Palace,Newcastle,10,4.0,6.0,-2.0,-0.5837254428093891
2021,Crystal Palace,West Brom,11,8.0,7.0,1.0,0.6197311831476584
2021,Crystal Palace,Tottenham,12,7.0,6.0,1.0,0.9502217283272715
2021,Crystal Palace,West Ham,13,3.0,5.0,-2.0,0.3428378295929553
2021,Crystal Palace,Liverpool,14,2.0,2.0,0.0,-0.3307800124304004
2021,Crystal Palace,Aston Villa,15,7.0,5.0,2.0,0.05812670541365805
2021,Crystal Palace,Leicester,16,2.0,2.0,0.0,-0.5545659295082441
2021,Crystal Palace,Sheffield United,17,5.0,3.0,2.0,-0.6559382425098038
2021,Crystal Palace,Arsenal,18,12.0,12.0,0.0,0.04436788891742216
2021,Crystal Palace,Man City,19,2.0,4.0,-2.0,-0.31910033653989744
2021,Crystal Palace,West Ham,20,8.0,7.0,1.0,-0.2873909128891091
2021,Crystal Palace,Wolves,21,3.0,2.0,1.0,0.451379724228157
2021,Crystal Palace,Newcastle,22,3.0,3.0,0.0,-0.10401804271607851
2021,Crystal Palace,Leeds,23,5.0,5.0,0.0,-0.539687440147621
2021,Crystal Palace,Burnley,24,4.0,7.0,-3.0,-0.48405333543900353
2021,Crystal Palace,Brighton,25,9.0,9.0,0.0,-0.38188576951049147
2021,Crystal Palace,Fulham,26,5.0,7.0,-2.0,-0.9527993288281051
2021,Crystal Palace,Man United,27,3.0,3.0,0.0,-0.03110260661329034
2021,Crystal Palace,Tottenham,28,3.0,3.0,0.0,-0.17072053460003678
2021,Crystal Palace,West Brom,29,5.0,6.0,-1.0,-0.7608510030305686
2021,Crystal Palace,Everton,30,23.0,22.0,1.0,-0.1617668872785647
2021,Crystal Palace,Chelsea,31,4.0,7.0,-3.0,0.047814959918802025
2021,Crystal Palace,Leicester,32,16.0,4.0,12.0,0.007945437356716711
2021,Crystal Palace,Man City,33,4.0,9.0,-5.0,-0.09213624286240346
2021,Crystal Palace,Sheffield United,34,7.0,5.0,2.0,1.2292789573953375
2021,Crystal Palace,Southampton,35,3.0,3.0,0.0,-0.2752085095737644
2021,Crystal Palace,Aston Villa,36,4.0,2.0,2.0,0.9841074720474476
2021,Crystal Palace,Arsenal,37,3.0,6.0,-3.0,0.18357960319041122
2021,Crystal Palace,Liverpool,38,3.0,3.0,0.0,0.10272304011205213
2021,Everton,West Brom,2,5.0,5.0,0.0,2.3219679411667125
2021,Everton,Crystal Palace,3,7.0,6.0,1.0,0.16370498644253395
2021,Everton,Brighton,4,7.0,7.0,0.0,1.3711297517681542
2021,Everton,Liverpool,5,13.0,12.0,1.0,0.20474692617886636
2021,Everton,Southampton,6,8.0,8.0,0.0,-0.8960710926181628
2021,Everton,Newcastle,7,7.0,6.0,1.0,-0.06851460163001177
2021,Everton,Man United,8,5.0,5.0,0.0,-0.7131281153365118
2021,Everton,Fulham,9,14.0,14.0,0.0,1.0537210284933634
2021,Everton,Leeds,10,6.0,6.0,0.0,-0.2776497477669182
2021,Everton,Burnley,11,6.0,6.0,0.0,0.9821153564740503
2021,Everton,Chelsea,12,7.0,7.0,0.0,-0.32046135899764544
2021,Everton,Leicester,13,3.0,2.0,1.0,0.5074388699230503
2021,Everton,Arsenal,14,2.0,2.0,0.0,-0.4860223486444345
2021,Everton,Sheffield United,15,7.0,6.0,1.0,-0.8744192490047078
2021,Everton,West Ham,16,5.0,2.0,3.0,-0.9198777894268599
2021,Everton,Wolves,17,11.0,10.0,1.0,-0.7316796157924881
2021,Everton,Leicester,18,15.0,8.0,7.0,-0.7588773021190197
2021,Everton,Newcastle,19,2.0,3.0,-1.0,-0.6097326092205612
2021,Everton,Leeds,20,4.0,3.0,1.0,0.6335649540187414
2021,Everton,Man United,21,3.0,3.0,0.0,0.6674693849852142
2021,Everton,Fulham,22,7.0,8.0,-1.0,-1.1520703717699385
2021,Everton,Man City,23,3.0,4.0,-1.0,0.40710862863463637
2021,Everton,Liverpool,24,2.0,7.0,-5.0,0.3102948284122722
2021,Everton,Southampton,25,9.0,6.0,3.0,-0.028515091648464663
2021,Everton,West Brom,26,2.0,5.0,-3.0,-0.09490102577130988
2021,Everton,Chelsea,27,4.0,3.0,1.0,-0.3668238625313186
2021,Everton,Burnley,28,4.0,7.0,-3.0,0.10717852381052229
2021,Everton,Crystal Palace,29,22.0,23.0,-1.0,0.8840775922894395
2021,Everton,Brighton,30,7.0,8.0,-1.0,-0.48505417903086545
2021,Everton,Tottenham,31,3.0,5.0,-2.0,0.2394213279838746
2021,Everton,Arsenal,32,7.0,5.0,2.0,-0.4074527367681332
2021,Everton,Aston Villa,33,8.0,6.0,2.0,-0.14162153467645378
2021,Everton,West Ham,34,7.0,5.0,2.0,0.5082068340367603
2021,Everton,Aston Villa,35,4.0,4.0,0.0,-0.13877874756259345
2021,Everton,Sheffield United,36,2.0,8.0,-6.0,-0.5215240598731778
2021,Everton,Wolves,37,2.0,3.0,-1.0,-0.621287058868471
2021,Everton,Man City,38,3.0,4.0,-1.0,-0.22436083509822674
2021,Fulham,Leeds,2,7.0,6.0,1.0,-0.23594920373426842
2021,Fulham,Aston Villa,3,9.0,7.0,2.0,-0.5616544481354753
2021,Fulham,Wolves,4,5.0,6.0,-1.0,0.12171167711936859
2021,Fulham,Sheffield United,5,13.0,13.0,0.0,-0.5645318304483155
2021,Fulham,Crystal Palace,6,6.0,6.0,0.0,-0.27284612777818307
2021,Fulham,West Brom,7,9.0,7.0,2.0,0.14376451409199498
2021,Fulham,West Ham,8,5.0,7.0,-2.0,0.24127160980947082
2021,Fulham,Everton,9,14.0,14.0,0.0,0.048047040144443054
2021,Fulham,Leicester,10,8.0,7.0,1.0,0.46666339561434267
2021,Fulham,Man City,11,4.0,7.0,-3.0,-0.1320603614306728
2021,Fulham,Liverpool,12,8.0,6.0,2.0,0.7969820916117174
2021,Fulham,Brighton,13,3.0,3.0,0.0,0.22582180828151888
2021,Fulham,Newcastle,14,3.0,3.0,0.0,0.07283106328133537
2021,Fulham,Southampton,15,6.0,7.0,-1.0,-0.3823079042015096
2021,Fulham,Tottenham,16,18.0,11.0,7.0,0.22702917003360668
2021,Fulham,Chelsea,17,2.0,13.0,-11.0,-0.1661022233344972
2021,Fulham,Man United,18,4.0,3.0,1.0,-0.12170332276117224
2021,Fulham,Brighton,19,6.0,11.0,-5.0,-0.12253315816064159
2021,Fulham,West Brom,20,2.0,3.0,-1.0,0.3131059413758752
2021,Fulham,Leicester,21,4.0,3.0,1.0,-0.25998698508972484
2021,Fulham,West Ham,22,2.0,2.0,0.0,0.5717197191351564
2021,Fulham,Everton,23,8.0,7.0,1.0,1.6845128814956363
2021,Fulham,Burnley,24,2.0,4.0,-2.0,-0.4493591145899387
2021,Fulham,Sheffield United,25,3.0,5.0,-2.0,-0.21003143013907732
2021,Fulham,Crystal Palace,26,7.0,5.0,2.0,-0.2690504657418462
2021,Fulham,Tottenham,27,4.0,4.0,0.0,0.1595212412341256
2021,Fulham,Liverpool,28,2.0,2.0,0.0,0.6126880761793125
2021,Fulham,Man City,29,6.0,3.0,3.0,-0.0642969922349822
2021,Fulham,Leeds,30,6.0,6.0,0.0,0.21369902682282116
2021,Fulham,Aston Villa,31,15.0,13.0,2.0,0.6265884847518732
2021,Fulham,Wolves,32,5.0,3.0,2.0,-0.30505991725981574
2021,Fulham,Arsenal,33,8.0,6.0,2.0,-0.6749253815607495
2021,Fulham,Chelsea,34,13.0,7.0,6.0,-0.22218696414750672
2021,Fulham,Burnley,35,9.0,6.0,3.0,-0.5003769024446082
2021,Fulham,Southampton,36,4.0,3.0,1.0,-0.0745592031411435
2021,Fulham,Man United,37,3.0,4.0,-1.0,0.1579186486546067
2021,Fulham,Newcastle,38,4.0,3.0,1.0,-0.27692456699587353
2021,Leeds,Fulham,2,6.0,7.0,-1.0,-1.123296649576942
2021,Leeds,Sheffield United,3,7.0,5.0,2.0,-0.3198824421949691
2021,Leeds,Man City,4,6.0,6.0,0.0,1.775064814369816
2021,Leeds,Wolves,5,16.0,15.0,1.0,-0.516154543243587
2021,Leeds,Aston Villa,6,4.0,5.0,-1.0,0.9979085060531017
2021,Leeds,Leicester,7,10.0,8.0,2.0,0.22105967432272355
2021,Leeds,Crystal Palace,8,4.0,7.0,-3.0,-0.8193026626605652
2021,Leeds,Arsenal,9,15.0,13.0,2.0,0.5410966553639365
2021,Leeds,Everton,10,6.0,6.0,0.0,1.778559214202017
2021,Leeds,Chelsea,11,7.0,6.0,1.0,0.23855898113525487
2021,Leeds,West Ham,12,6.0,6.0,0.0,-0.7925136847146826
2021,Leeds,Newcastle,13,4.0,4.0,0.0,1.0010531390859663
2021,Leeds,Man United,14,3.0,2.0,1.0,0.5335641619753329
2021,Leeds,Burnley,15,6.0,5.0,1.0,-0.59804414759452
2021,Leeds,West Brom,16,2.0,2.0,0.0,-0.3177713885179365
2021,Leeds,Tottenham,17,3.0,5.0,-2.0,-0.11667917143651096
2021,Leeds,Brighton,18,14.0,2.0,12.0,-0.9544094468916069
2021,Leeds,Newcastle,19,10.0,2.0,8.0,-0.8064815065632962
2021,Leeds,Leicester,20,4.0,3.0,1.0,0.5672035140256491
2021,Leeds,Everton,21,3.0,4.0,-1.0,-0.49164582629499765
2021,Leeds,Crystal Palace,22,5.0,5.0,0.0,0.6057357215152179
2021,Leeds,Arsenal,23,5.0,8.0,-3.0,-0.38915479860573754
2021,Leeds,Wolves,24,5.0,5.0,0.0,1.1733603721541963
2021,Leeds,Southampton,25,4.0,3.0,1.0,0.05401818273078973
2021,Leeds,Aston Villa,26,3.0,6.0,-3.0,-0.6879474522687723
2021,Leeds,West Ham,27,9.0,9.0,0.0,0.045146026133501715
2021,Leeds,Chelsea,28,4.0,4.0,0.0,-0.5835585599769431
2021,Leeds,Fulham,29,6.0,6.0,0.0,-0.07457813368834532
2021,Leeds,Sheffield United,30,14.0,20.0,-6.0,0.31817415771270197
2021,Leeds,Man City,31,6.0,6.0,0.0,-0.4710393010131957
2021,Leeds,Liverpool,32,9.0,9.0,0.0,1.167345005465397
2021,Leeds,Man United,33,5.0,6.0,-1.0,-1.1317664404679122
2021,Leeds,Brighton,34,6.0,6.0,0.0,-0.46857789542035644
2021,Leeds,Tottenham,35,6.0,5.0,1.0,0.9931033970781653
2021,Leeds,Burnley,36,7.0,4.0,3.0,0.24841313134444665
2021,Leeds,Southampton,37,3.0,3.0,0.0,0.11695273946717522
2021,Leeds,West Brom,38,4.0,3.0,1.0,-0.5491767798109453
2021,Leicester,Man City,3,6.0,5.0,1.0,0.01269525518430692
2021,Leicester,West Ham,4,6.0,6.0,0.0,-0.9556552178002757
2021,Leicester,Aston Villa,5,14.0,14.0,0.0,-0.8206748299235064
2021,Leicester,Arsenal,6,7.0,8.0,-1.0,-0.28861685544260385
2021,Leicester,Leeds,7,8.0,10.0,-2.0,0.9136715392134949
2021,Leicester,Wolves,8,5.0,8.0,-3.0,-0.8809998219784257
2021,Leicester,Liverpool,9,14.0,14.0,0.0,0.9525144420906695
2021,Leicester,Fulham,10,7.0,8.0,-1.0,-0.32515032554289935
2021,Leicester,Sheffield United,11,5.0,7.0,-2.0,-0.1878229470493471
2021,Leicester,Brighton,12,7.0,5.0,2.0,0.5836386909692708
2021,Leicester,Everton,13,2.0,3.0,-1.0,-0.6054368171822397
2021,Leicester,Tottenham,14,3.0,3.0,0.0,-0.1381116835710946
2021,Leicester,Man United,15,5.0,5.0,0.0,-0.1519138368563997
2021,Leicester,Crystal Palace,16,2.0,2.0,0.0,-0.5128643742157263
2021,Leicester,Newcastle,17,5.0,3.0,2.0,-0.7048303600169168
2021,Leicester,Southampton,18,13.0,12.0,1.0,0.53558859938035
2021,Leicester,Chelsea,19,3.0,3.0,0.0,0.29096533655737766
2021,Leicester,Everton,20,8.0,15.0,-7.0,-0.3871705603277865
2021,Leicester,Leeds,21,3.0,4.0,-1.0,0.017526251068173293
2021,Leicester,Fulham,22,3.0,4.0,-1.0,0.40393486066515516
2021,Leicester,Wolves,23,3.0,4.0,-1.0,-0.5215902070708244
2021,Leicester,Liverpool,24,5.0,5.0,0.0,0.8105350725886378
2021,Leicester,Aston Villa,25,8.0,7.0,1.0,0.020110920238212593
2021,Leicester,Arsenal,26,6.0,6.0,0.0,-0.7215547560240007
2021,Leicester,Burnley,27,3.0,3.0,0.0,-0.17972031410521527
2021,Leicester,Brighton,28,3.0,7.0,-4.0,0.17264584104742875
2021,Leicester,Sheffield United,29,7.0,7.0,0.0,2.612751252487088
2021,Leicester,Man City,30,20.0,20.0,0.0,-0.41457288422872235
2021,Leicester,West Ham,31,7.0,5.0,2.0,0.019273209076081432
2021,Leicester,West Brom,32,11.0,10.0,1.0,0.6584586769280882
2021,Leicester,Crystal Palace,33,4.0,16.0,-12.0,-0.5699149847192555
2021,Leicester,Southampton,34,4.0,9.0,-5.0,1.2213840017138224
2021,Leicester,Newcastle,35,7.0,5.0,2.0,0.5918583960812511
2021,Leicester,Man United,36,3.0,2.0,1.0,0.018674296202316643
2021,Leicester,Chelsea,37,7.0,6.0,1.0,0.13537507748416366
2021,Leicester,Tottenham,38,4.0,3.0,1.0,-1.07425581202626
2021,Liverpool,Chelsea,2,7.0,5.0,2.0,1.302561213532166
2021,Liverpool,Arsenal,3,8.0,9.0,-1.0,1.0289722828182364
2021,Liverpool,Aston Villa,4,5.0,6.0,-1.0,-0.0023076379413911052
2021,Liverpool,Everton,5,12.0,13.0,-1.0,0.8889402192257014
2021,Liverpool,Sheffield United,6,7.0,6.0,1.0,-0.22964653232022192
2021,Liverpool,West Ham,7,6.0,7.0,-1.0,-1.120722516400551
2021,Liverpool,Man City,8,7.0,8.0,-1.0,-0.3509367677903839
2021,Liverpool,Leicester,9,14.0,14.0,0.0,1.934865589453445
2021,Liverpool,Brighton,10,5.0,6.0,-1.0,-0.8974539312709497
2021,Liverpool,Wolves,11,8.0,7.0,1.0,-0.33005785414278765
2021,Liverpool,Fulham,12,6.0,8.0,-2.0,-0.7195289760841195
2021,Liverpool,Tottenham,13,3.0,3.0,0.0,-0.6581342065860294
2021,Liverpool,Crystal Palace,14,2.0,2.0,0.0,0.8629113686973837
2021,Liverpool,West Brom,15,8.0,6.0,2.0,-1.286312835303736
2021,Liverpool,Newcastle,16,3.0,4.0,-1.0,-0.5956098699949075
2021,Liverpool,Southampton,17,5.0,6.0,-1.0,-0.3899874728368844
2021,Liverpool,Man United,18,12.0,4.0,8.0,-0.42067886729231674
2021,Liverpool,Burnley,19,4.0,5.0,-1.0,-0.7208692028628101
2021,Liverpool,Tottenham,20,7.0,11.0,-4.0,1.0562919789872718
2021,Liverpool,West Ham,21,2.0,4.0,-2.0,0.48834884012892266
2021,Liverpool,Brighton,22,3.0,3.0,0.0,-0.3482642266458873
2021,Liverpool,Man City,23,3.0,3.0,0.0,-0.5363446780748515
2021,Liverpool,Leicester,24,5.0,5.0,0.0,0.18289833052116156
2021,Liverpool,Everton,25,7.0,2.0,5.0,-0.4264944606358365
2021,Liverpool,Sheffield United,26,8.0,7.0,1.0,0.6561199921114196
2021,Liverpool,Chelsea,27,4.0,4.0,0.0,-0.9159440421231453
2021,Liverpool,Fulham,28,2.0,2.0,0.0,-1.4817654005255554
2021,Liverpool,Wolves,29,8.0,9.0,-1.0,-0.5161964414182567
2021,Liverpool,Arsenal,30,18.0,13.0,5.0,1.041654748647502
2021,Liverpool,Aston Villa,31,6.0,5.0,1.0,0.11358998762254968
2021,Liverpool,Leeds,32,9.0,9.0,0.0,-0.30859125268195586
2021,Liverpool,Newcastle,33,4.0,7.0,-3.0,0.5003245225406716
2021,Liverpool,Southampton,34,14.0,8.0,6.0,0.10559314314915946
2021,Liverpool,Man United,35,5.0,2.0,3.0,1.6130736721643246
2021,Liverpool,West Brom,36,2.0,6.0,-4.0,-0.15956575049342003
2021,Liverpool,Burnley,37,3.0,4.0,-1.0,0.7981510724259051
2021,Liverpool,Crystal Palace,38,3.0,3.0,0.0,-0.25353992521865143
2021,Man City,Leicester,2,5.0,6.0,-1.0,-0.4788458920615457
2021,Man City,Leeds,3,6.0,6.0,0.0,-0.5846878887038525
2021,Man City,Arsenal,4,14.0,13.0,1.0,-0.36061753924736073
2021,Man City,West Ham,5,6.0,5.0,1.0,-0.7521094525669824
2021,Man City,Sheffield United,6,7.0,6.0,1.0,-0.3554142157409861
2021,Man City,Liverpool,7,8.0,7.0,1.0,-0.9787917905591543
2021,Man City,Tottenham,8,13.0,13.0,0.0,0.05855155170607573
2021,Man City,Burnley,9,6.0,4.0,2.0,-0.2216162506282333
2021,Man City,Fulham,10,7.0,4.0,3.0,0.21449908135431306
2021,Man City,Man United,11,7.0,7.0,0.0,-0.10374111914065032
2021,Man City,West Brom,12,3.0,3.0,0.0,-0.28589486771979944
2021,Man City,Southampton,13,3.0,2.0,1.0,-0.6900274087168865
2021,Man City,Newcastle,14,7.0,7.0,0.0,0.7371325651555716
2021,Man City,Chelsea,15,7.0,5.0,2.0,2.185819409774949
2021,Man City,Brighton,16,10.0,11.0,-1.0,0.6351316315848821
2021,Man City,Crystal Palace,17,4.0,2.0,2.0,-1.6130498187567999
2021,Man City,Aston Villa,18,3.0,19.0,-16.0,0.45347563687717507
2021,Man City,West Brom,19,6.0,7.0,-1.0,-0.0964087400463356
2021,Man City,Sheffield United,20,3.0,2.0,1.0,-1.2268292834474124
2021,Man City,Burnley,21,4.0,3.0,1.0,0.0942856911622294
2021,Man City,Liverpool,22,3.0,3.0,0.0,1.319085868328042
2021,Man City,Tottenham,23,6.0,6.0,0.0,-0.2643651241672198
2021,Man City,Everton,24,4.0,3.0,1.0,-0.45035144690391093
2021,Man City,Arsenal,25,3.0,7.0,-4.0,0.6264880702738014
2021,Man City,West Ham,26,5.0,6.0,-1.0,-1.2536390003496165
2021,Man City,Wolves,27,3.0,3.0,0.0,1.2456230255221645
2021,Man City,Man United,28,4.0,3.0,1.0,-0.4244689061626403
2021,Man City,Southampton,29,3.0,4.0,-1.0,0.844084862361691
2021,Man City,Fulham,30,3.0,6.0,-3.0,0.09682050352335869
2021,Man City,Leicester,31,20.0,20.0,0.0,0.41251160194592695
2021,Man City,Leeds,32,6.0,6.0,0.0,-0.46131017169831323
2021,Man City,Aston Villa,33,11.0,11.0,0.0,-0.17505364737437912
2021,Man City,Crystal Palace,34,9.0,4.0,5.0,-0.05730309681685153
2021,Man City,Chelsea,35,7.0,7.0,0.0,-0.18790330218212192
2021,Man City,Newcastle,36,6.0,7.0,-1.0,-0.5304129666138466
2021,Man City,Brighton,37,3.0,2.0,1.0,-0.16333116502306866
2021,Man City,Everton,38,4.0,3.0,1.0,0.8228374217556409
2021,Man United,Brighton,2,6.0,5.0,1.0,-0.14014710289593368
2021,Man United,Tottenham,3,8.0,7.0,1.0,-1.4075593091737666
2021,Man United,Newcastle,4,13.0,14.0,-1.0,-0.09620631127653945
2021,Man United,Chelsea,5,6.0,7.0,-1.0,-0.2937682824072163
2021,Man United,Arsenal,6,8.0,6.0,2.0,-0.9907439282422545
2021,Man United,Everton,7,5.0,5.0,0.0,0.2953235748908014
2021,Man United,West Brom,8,14.0,13.0,1.0,-0.5519633922629741
2021,Man United,Southampton,9,7.0,5.0,2.0,1.0479503803277406
2021,Man United,West Ham,10,6.0,4.0,2.0,0.5153425622656835
2021,Man United,Man City,11,7.0,7.0,0.0,-0.18002040817945997
2021,Man United,Sheffield United,12,5.0,4.0,1.0,0.04532575089560398
2021,Man United,Leeds,13,2.0,3.0,-1.0,2.12202260648722
2021,Man United,Leicester,14,5.0,5.0,0.0,0.868708972316601
2021,Man United,Wolves,15,3.0,2.0,1.0,-0.07715721928087338
2021,Man United,Aston Villa,16,3.0,4.0,-1.0,0.057062774067463407
2021,Man United,Burnley,17,11.0,14.0,-3.0,-0.32770182760233824
2021,Man United,Liverpool,18,4.0,12.0,-8.0,0.05122569335041538
2021,Man United,Fulham,19,3.0,4.0,-1.0,0.23965409141111604
2021,Man United,Sheffield United,20,7.0,10.0,-3.0,-1.1396446828920048
2021,Man United,Arsenal,21,2.0,3.0,-1.0,0.3826114500403235
2021,Man United,Southampton,22,3.0,3.0,0.0,2.5229480358100433
2021,Man United,Everton,23,3.0,3.0,0.0,0.12414726196378334
2021,Man United,West Brom,24,7.0,7.0,0.0,-1.3893329656579219
2021,Man United,Newcastle,25,7.0,5.0,2.0,-0.9368103474194767
2021,Man United,Chelsea,26,6.0,8.0,-2.0,-0.4097439887090119
2021,Man United,Crystal Palace,27,3.0,3.0,0.0,-1.0412477796660813
2021,Man United,Man City,28,3.0,4.0,-1.0,0.722913174048624
2021,Man United,West Ham,29,7.0,5.0,2.0,0.14369524342039486
2021,Man United,Brighton,30,20.0,14.0,6.0,0.5653229590033826
2021,Man United,Tottenham,31,6.0,7.0,-1.0,0.8564615948135974
2021,Man United,Burnley,32,6.0,7.0,-1.0,0.9545261855754654
2021,Man United,Leeds,33,6.0,5.0,1.0,-0.43025772013234276
2021,Man United,Aston Villa,34,14.0,7.0,7.0,-0.21754089180267688
2021,Man United,Leicester,35,2.0,3.0,-1.0,-1.2758586328889356
2021,Man United,Liverpool,36,2.0,5.0,-3.0,0.31941396802818867
2021,Man United,Fulham,37,4.0,3.0,1.0,-0.8465725311370332
2021,Man United,Wolves,38,4.0,3.0,1.0,0.018041523649029445
2021,Newcastle,Brighton,2,7.0,5.0,2.0,-0.30004725452747805
2021,Newcastle,Tottenham,3,7.0,7.0,0.0,-0.6893426286080659
2021,Newcastle,Burnley,4,6.0,7.0,-1.0,-0.15239930111214606
2021,Newcastle,Man United,5,14.0,13.0,1.0,-0.05516837320705681
2021,Newcastle,Wolves,6,7.0,5.0,2.0,-0.639792365137547
2021,Newcastle,Everton,7,6.0,7.0,-1.0,0.7515430401515404
2021,Newcastle,Southampton,8,5.0,5.0,0.0,-0.826234906935925
2021,Newcastle,Chelsea,9,14.0,13.0,1.0,-0.29296951095889023
2021,Newcastle,Crystal Palace,10,6.0,4.0,2.0,0.1386404434449282
2021,Newcastle,West Brom,11,14.0,6.0,8.0,-0.6544296523351838
2021,Newcastle,Leeds,12,4.0,4.0,0.0,0.3589231745646495
2021,Newcastle,Fulham,13,3.0,3.0,0.0,-0.7354449000661949
2021,Newcastle,Man City,14,7.0,7.0,0.0,-0.24121511365037912
2021,Newcastle,Liverpool,15,4.0,3.0,1.0,-0.16031400250498384
2021,Newcastle,Leicester,16,3.0,5.0,-2.0,-0.7802446849059768
2021,Newcastle,Sheffield United,17,9.0,10.0,-1.0,-0.17466764662517864
2021,Newcastle,Arsenal,18,6.0,4.0,2.0,-0.624762696280992
2021,Newcastle,Aston Villa,19,5.0,3.0,2.0,-0.5431270574384561
2021,Newcastle,Leeds,20,2.0,10.0,-8.0,-0.1930217652252766
2021,Newcastle,Everton,21,3.0,2.0,1.0,1.175178958586334
2021,Newcastle,Crystal Palace,22,3.0,3.0,0.0,0.5105176337478128
2021,Newcastle,Southampton,23,3.0,3.0,0.0,-0.31650388583787703
2021,Newcastle,Chelsea,24,9.0,8.0,1.0,-0.1072991694596151
2021,Newcastle,Man United,25,5.0,7.0,-2.0,-0.41155938399430225
2021,Newcastle,Wolves,26,6.0,8.0,-2.0,0.8575965038581403
2021,Newcastle,West Brom,27,7.0,2.0,5.0,-0.8179833648721744
2021,Newcastle,Aston Villa,28,5.0,6.0,-1.0,-0.28238772260349754
2021,Newcastle,Brighton,29,8.0,6.0,2.0,-0.5691610907713602
2021,Newcastle,Tottenham,30,14.0,13.0,1.0,2.2343290186091744
2021,Newcastle,Burnley,31,6.0,7.0,-1.0,0.24256689107776364
2021,Newcastle,West Ham,32,6.0,5.0,1.0,1.3382492240351966
2021,Newcastle,Liverpool,33,7.0,4.0,3.0,0.061972855191302134
2021,Newcastle,Arsenal,34,8.0,8.0,0.0,-0.7989381949074448
2021,Newcastle,Leicester,35,5.0,7.0,-2.0,2.019527848932009
2021,Newcastle,Man City,36,7.0,6.0,1.0,-0.05219085634819287
2021,Newcastle,Sheffield United,37,4.0,2.0,2.0,0.3282680318616549
2021,Newcastle,Fulham,38,3.0,4.0,-1.0,-0.17328002301938727
2021,Sheffield United,Leeds,3,5.0,7.0,-2.0,0.491820630636026
2021,Sheffield United,Arsenal,4,7.0,5.0,2.0,-0.4763756673560772
2021,Sheffield United,Fulham,5,13.0,13.0,0.0,-0.0696737930359479
2021,Sheffield United,Liverpool,6,6.0,7.0,-1.0,0.01129504952178384
2021,Sheffield United,Man City,7,6.0,7.0,-1.0,0.26349831673610724
2021,Sheffield United,Chelsea,8,7.0,7.0,0.0,0.32121461506090876
2021,Sheffield United,West Ham,9,14.0,14.0,0.0,-0.16358125222594322
2021,Sheffield United,West Brom,10,6.0,7.0,-1.0,2.3690040535263437
2021,Sheffield United,Leicester,11,7.0,5.0,2.0,-0.5273752506432131
2021,Sheffield United,Southampton,12,6.0,5.0,1.0,-0.5653642464438857
2021,Sheffield United,Man United,13,4.0,5.0,-1.0,0.5127884387471114
2021,Sheffield United,Brighton,14,2.0,3.0,-1.0,0.5124257775306851
2021,Sheffield United,Everton,15,6.0,7.0,-1.0,0.3753443957564767
2021,Sheffield United,Burnley,16,2.0,2.0,0.0,-0.3689150066451015
2021,Sheffield United,Crystal Palace,17,3.0,5.0,-2.0,-0.5699895880084294
2021,Sheffield United,Newcastle,18,10.0,9.0,1.0,0.20717167724362695
2021,Sheffield United,Tottenham,19,4.0,3.0,1.0,0.14292752799397668
2021,Sheffield United,Man United,20,10.0,7.0,3.0,0.09967228961690011
2021,Sheffield United,Man City,21,2.0,3.0,-1.0,-0.19168799253302068
2021,Sheffield United,West Brom,22,3.0,3.0,0.0,0.13763601165757344
2021,Sheffield United,Chelsea,23,5.0,2.0,3.0,0.10527092883487477
2021,Sheffield United,West Ham,24,7.0,9.0,-2.0,0.22778130632971427
2021,Sheffield United,Fulham,25,5.0,3.0,2.0,0.1840155379926901
2021,Sheffield United,Liverpool,26,7.0,8.0,-1.0,0.011163748843858512
2021,Sheffield United,Aston Villa,27,2.0,4.0,-2.0,-0.1885677131758341
2021,Sheffield United,Southampton,28,2.0,4.0,-2.0,-0.052650965019740203
2021,Sheffield United,Leicester,29,7.0,7.0,0.0,-0.5744998231759638
2021,Sheffield United,Leeds,30,20.0,14.0,6.0,0.01772906926489015
2021,Sheffield United,Arsenal,31,8.0,7.0,1.0,-0.44591338756904775
2021,Sheffield United,Wolves,32,6.0,8.0,-2.0,-0.4036826481393855
2021,Sheffield United,Brighton,33,6.0,4.0,2.0,0.14368246537066542
2021,Sheffield United,Tottenham,34,7.0,10.0,-3.0,-0.21290290464791578
2021,Sheffield United,Crystal Palace,35,5.0,7.0,-2.0,-0.4545745952939789
2021,Sheffield United,Everton,36,8.0,2.0,6.0,0.6759953660497966
2021,Sheffield United,Newcastle,37,2.0,4.0,-2.0,0.029176474228227667
2021,Sheffield United,Burnley,38,3.0,3.0,0.0,-0.6351240411828193
2021,Southampton,Tottenham,2,7.0,6.0,1.0,0.3866359264260759
2021,Southampton,Burnley,3,6.0,6.0,0.0,-0.458185221123936
2021,Southampton,West Brom,4,7.0,7.0,0.0,-0.7010186460453276
2021,Southampton,Chelsea,5,13.0,14.0,-1.0,0.8518801675580302
2021,Southampton,Everton,6,8.0,8.0,0.0,-0.44253747196053117
2021,Southampton,Aston Villa,7,6.0,8.0,-2.0,0.00444657102230217
2021,Southampton,Newcastle,8,5.0,5.0,0.0,-0.42684826983952473
2021,Southampton,Wolves,9,17.0,15.0,2.0,0.13256656781082632
2021,Southampton,Man United,10,5.0,7.0,-2.0,-0.47805100985996263
2021,Southampton,Brighton,11,8.0,9.0,-1.0,-0.12260902756882397
2021,Southampton,Sheffield United,12,5.0,6.0,-1.0,0.6950401828774726
2021,Southampton,Arsenal,13,3.0,2.0,1.0,0.27281146293987535
2021,Southampton,Man City,14,2.0,3.0,-1.0,0.013623510111992143
2021,Southampton,Fulham,15,7.0,6.0,1.0,-0.9534884244276948
2021,Southampton,West Ham,16,3.0,2.0,1.0,-0.4863336714119416
2021,Southampton,Liverpool,17,6.0,5.0,1.0,-0.5352460134248392
2021,Southampton,Leicester,18,12.0,13.0,-1.0,-0.5250196146067839
2021,Southampton,Arsenal,19,10.0,8.0,2.0,-0.03394799371579926
2021,Southampton,Aston Villa,20,3.0,3.0,0.0,1.0021684106377573
2021,Southampton,Man United,21,3.0,3.0,0.0,-0.2896728310364034
2021,Southampton,Newcastle,22,3.0,3.0,0.0,0.28102750265934184
2021,Southampton,Wolves,23,7.0,6.0,1.0,-0.3049500678047129
2021,Southampton,Chelsea,24,6.0,4.0,2.0,-0.20347483010715117
2021,Southampton,Leeds,25,3.0,4.0,-1.0,0.3306365781474625
2021,Southampton,Everton,26,6.0,9.0,-3.0,-0.3010085631403283
2021,Southampton,Sheffield United,27,4.0,2.0,2.0,0.31883181137146877
2021,Southampton,Man City,28,4.0,3.0,1.0,0.3763111909809924
2021,Southampton,Brighton,29,3.0,7.0,-4.0,0.16603995572596908
2021,Southampton,Burnley,30,20.0,21.0,-1.0,0.9760878242134989
2021,Southampton,West Brom,31,8.0,9.0,-1.0,-0.6082463994816925
2021,Southampton,Tottenham,32,9.0,5.0,4.0,0.13930984352851283
2021,Southampton,Leicester,33,9.0,4.0,5.0,-0.9132825897951435
2021,Southampton,Liverpool,34,8.0,14.0,-6.0,0.38328592699587205
2021,Southampton,Crystal Palace,35,3.0,3.0,0.0,0.10966784641258931
2021,Southampton,Fulham,36,3.0,4.0,-1.0,0.9770409230031574
2021,Southampton,Leeds,37,3.0,3.0,0.0,-0.09907213334603293
2021,Southampton,West Ham,38,4.0,3.0,1.0,0.40685299755566495
2021,Tottenham,Southampton,2,6.0,7.0,-1.0,0.9027708174078717
2021,Tottenham,Newcastle,3,7.0,7.0,0.0,1.353334674041847
2021,Tottenham,Man United,4,7.0,8.0,-1.0,1.504926067377761
2021,Tottenham,West Ham,5,14.0,14.0,0.0,0.2732641324450129
2021,Tottenham,Burnley,6,8.0,7.0,1.0,-0.7151342133491478
2021,Tottenham,Brighton,7,5.0,6.0,-1.0,0.08293786954417448
2021,Tottenham,West Brom,8,6.0,5.0,1.0,0.12123952507511326
2021,Tottenham,Man City,9,13.0,13.0,0.0,0.016667172631373184
2021,Tottenham,Chelsea,10,7.0,8.0,-1.0,-0.515314251142778
2021,Tottenham,Arsenal,11,7.0,6.0,1.0,-0.9454792700951963
2021,Tottenham,Crystal Palace,12,6.0,7.0,-1.0,-0.16013250622839847
2021,Tottenham,Liverpool,13,3.0,3.0,0.0,0.41809694928437446
2021,Tottenham,Leicester,14,3.0,3.0,0.0,-0.4903954228538545
2021,Tottenham,Wolves,15,7.0,6.0,1.0,-0.8201555564633889
2021,Tottenham,Leeds,16,5.0,3.0,2.0,-0.06011791979780612
2021,Tottenham,Fulham,17,11.0,18.0,-7.0,1.4369885222064602
2021,Tottenham,Sheffield United,18,3.0,4.0,-1.0,-0.3961968011263721
2021,Tottenham,Liverpool,19,11.0,7.0,4.0,-1.2402142423514817
2021,Tottenham,Brighton,20,2.0,3.0,-1.0,-0.5486717599373458
2021,Tottenham,Chelsea,21,4.0,4.0,0.0,-0.33958285575826375
2021,Tottenham,West Brom,22,2.0,4.0,-2.0,-0.2126294518986649
2021,Tottenham,Man City,23,6.0,6.0,0.0,-0.18434911088534223
2021,Tottenham,West Ham,24,7.0,5.0,2.0,-0.45626472404670515
2021,Tottenham,Burnley,25,7.0,7.0,0.0,0.5054433728543659
2021,Tottenham,Fulham,26,4.0,4.0,0.0,0.1583871864591022
2021,Tottenham,Crystal Palace,27,3.0,3.0,0.0,0.3210876944540926
2021,Tottenham,Arsenal,28,6.0,8.0,-2.0,-0.385340225660442
2021,Tottenham,Aston Villa,29,7.0,8.0,-1.0,-0.33807744770675097
2021,Tottenham,Newcastle,30,13.0,14.0,-1.0,0.9391474740400805
2021,Tottenham,Man United,31,7.0,6.0,1.0,-0.34658697639520886
2021,Tottenham,Everton,32,5.0,3.0,2.0,0.22620376085261973
2021,Tottenham,Southampton,33,5.0,9.0,-4.0,-1.1597657800307823
2021,Tottenham,Sheffield United,34,10.0,7.0,3.0,0.20249053920564597
2021,Tottenham,Leeds,35,5.0,6.0,-1.0,-0.45832523622028365
2021,Tottenham,Wolves,36,8.0,7.0,1.0,1.6351294864402646
2021,Tottenham,Aston Villa,37,3.0,3.0,0.0,-0.6957581571964446
2021,Tottenham,Leicester,38,3.0,4.0,-1.0,0.6795567995936826
2021,West Brom,Everton,2,5.0,5.0,0.0,-0.4426826131962828
2021,West Brom,Chelsea,3,7.0,6.0,1.0,0.36225418158001854
2021,West Brom,Southampton,4,7.0,7.0,0.0,-0.6704018192396262
2021,West Brom,Burnley,5,15.0,15.0,0.0,-0.386929864827374
2021,West Brom,Brighton,6,7.0,8.0,-1.0,-0.2606239874634657
2021,West Brom,Fulham,7,7.0,9.0,-2.0,-0.35880878138019817
2021,West Brom,Tottenham,8,5.0,6.0,-1.0,-0.08611146530145386
2021,West Brom,Man United,9,13.0,14.0,-1.0,-0.1867251309607052
2021,West Brom,Sheffield United,10,7.0,6.0,1.0,0.4738851855992381
2021,West Brom,Crystal Palace,11,7.0,8.0,-1.0,-0.5924903538340698
2021,West Brom,Newcastle,12,6.0,14.0,-8.0,-0.3312082371964544
2021,West Brom,Man City,13,3.0,3.0,0.0,-0.15681587585474
2021,West Brom,Aston Villa,14,4.0,3.0,1.0,-0.9204246224424062
2021,West Brom,Liverpool,15,6.0,8.0,-2.0,0.07679925679947075
2021,West Brom,Leeds,16,2.0,2.0,0.0,-0.6680884812470111
2021,West Brom,Arsenal,17,4.0,4.0,0.0,0.0630448200953947
2021,West Brom,Wolves,18,13.0,3.0,10.0,0.19928087709227937
2021,West Brom,West Ham,19,3.0,3.0,0.0,-0.27683382264107964
2021,West Brom,Man City,20,7.0,6.0,1.0,0.11869561956308
2021,West Brom,Fulham,21,3.0,2.0,1.0,-0.03597160743279004
2021,West Brom,Sheffield United,22,3.0,3.0,0.0,0.6041883380260289
2021,West Brom,Tottenham,23,4.0,2.0,2.0,-0.02427757152508392
2021,West Brom,Man United,24,7.0,7.0,0.0,0.18002874332885166
2021,West Brom,Burnley,25,6.0,2.0,4.0,0.8058871632732805
2021,West Brom,Brighton,26,7.0,4.0,3.0,0.0057788926537600815
2021,West Brom,Everton,27,5.0,2.0,3.0,0.09196872931039113
2021,West Brom,Newcastle,28,2.0,7.0,-5.0,0.3573509568758837
2021,West Brom,Crystal Palace,29,6.0,5.0,1.0,-0.433453213725673
2021,West Brom,Chelsea,30,20.0,20.0,0.0,0.9349587413465579
2021,West Brom,Southampton,31,9.0,8.0,1.0,0.9910981066049447
2021,West Brom,Leicester,32,10.0,11.0,-1.0,-0.43104667395801455
2021,West Brom,Aston Villa,33,2.0,3.0,-1.0,0.023249800354995243
2021,West Brom,Wolves,34,7.0,8.0,-1.0,0.16291123632735527
2021,West Brom,Arsenal,35,6.0,7.0,-1.0,1.1719997819079953
2021,West Brom,Liverpool,36,6.0,2.0,4.0,0.32994204123199267
2021,West Brom,West Ham,37,3.0,4.0,-1.0,0.19994814877604428
2021,West Brom,Leeds,38,3.0,4.0,-1.0,0.12102346163032518
2021,West Ham,Arsenal,2,7.0,7.0,0.0,0.8849154459397717
2021,West Ham,Wolves,3,7.0,5.0,2.0,1.431410287184108
2021,West Ham,Leicester,4,6.0,6.0,0.0,0.7649916203577445
2021,West Ham,Tottenham,5,14.0,14.0,0.0,0.20617323857525083
2021,West Ham,Man City,6,5.0,6.0,-1.0,-0.5407550252269495
2021,West Ham,Liverpool,7,7.0,6.0,1.0,-0.917475521693635
2021,West Ham,Fulham,8,7.0,5.0,2.0,-0.4181873379769985
2021,West Ham,Sheffield United,9,14.0,14.0,0.0,0.2987086443217284
2021,West Ham,Aston Villa,10,8.0,9.0,-1.0,-1.1449831356548188
2021,West Ham,Man United,11,4.0,6.0,-2.0,1.1594152029336917
2021,West Ham,Leeds,12,6.0,6.0,0.0,0.17263712945060927
2021,West Ham,Crystal Palace,13,5.0,3.0,2.0,-1.62586326570902
2021,West Ham,Chelsea,14,5.0,6.0,-1.0,-0.5243033962520464
2021,West Ham,Brighton,15,5.0,7.0,-2.0,0.16955873249551212
2021,West Ham,Southampton,16,2.0,3.0,-1.0,-0.41584395305755995
2021,West Ham,Everton,17,2.0,5.0,-3.0,-0.1593676103401358
2021,West Ham,Burnley,18,14.0,3.0,11.0,-0.2678091654791779
2021,West Ham,West Brom,19,3.0,3.0,0.0,-0.14021477579023367
2021,West Ham,Crystal Palace,20,7.0,8.0,-1.0,1.6087418647083491
2021,West Ham,Liverpool,21,4.0,2.0,2.0,-0.570156382674278
2021,West Ham,Aston Villa,22,3.0,4.0,-1.0,0.3890565569743938
2021,West Ham,Fulham,23,2.0,2.0,0.0,-0.5623181376191734
2021,West Ham,Sheffield United,24,9.0,7.0,2.0,-0.6573777701828105
2021,West Ham,Tottenham,25,5.0,7.0,-2.0,-0.4920810968316611
2021,West Ham,Man City,26,6.0,5.0,1.0,1.272066389952232
2021,West Ham,Leeds,27,9.0,9.0,0.0,-0.521254748866409
2021,West Ham,Man United,28,5.0,7.0,-2.0,-0.6553676232968786
2021,West Ham,Arsenal,29,6.0,6.0,0.0,1.0624653321503934
2021,West Ham,Wolves,30,15.0,20.0,-5.0,0.26965335343142227
2021,West Ham,Leicester,31,5.0,7.0,-2.0,-0.5280434398747424
2021,West Ham,Newcastle,32,5.0,6.0,-1.0,-0.31218496149969366
2021,West Ham,Chelsea,33,7.0,3.0,4.0,-0.7151913192110999
2021,West Ham,Burnley,34,9.0,8.0,1.0,0.7903565300025355
2021,West Ham,Everton,35,5.0,7.0,-2.0,-0.5643563995324812
2021,West Ham,Brighton,36,6.0,6.0,0.0,0.9283178867228776
2021,West Ham,West Brom,37,4.0,3.0,1.0,0.9183145173273057
2021,West Ham,Southampton,38,3.0,4.0,-1.0,0.16061126062626885
2021,Wolves,West Ham,3,5.0,7.0,-2.0,-0.4404265313697185
2021,Wolves,Fulham,4,6.0,5.0,1.0,-0.2547999650287204
2021,Wolves,Leeds,5,15.0,16.0,-1.0,-0.3858260968519357
2021,Wolves,Newcastle,6,5.0,7.0,-2.0,-0.4756099301605088
2021,Wolves,Crystal Palace,7,5.0,6.0,-1.0,0.05672236829621813
2021,Wolves,Leicester,8,8.0,5.0,3.0,-0.20972431497596422
2021,Wolves,Southampton,9,15.0,17.0,-2.0,0.4397863652553886
2021,Wolves,Arsenal,10,5.0,7.0,-2.0,1.272873717227382
2021,Wolves,Liverpool,11,7.0,8.0,-1.0,-0.38104844675299565
2021,Wolves,Aston Villa,12,5.0,11.0,-6.0,0.06673076870904082
2021,Wolves,Chelsea,13,3.0,2.0,1.0,0.07213457758740804
2021,Wolves,Burnley,14,5.0,3.0,2.0,-0.3216298702528243
2021,Wolves,Tottenham,15,6.0,7.0,-1.0,-0.24403330850353222
2021,Wolves,Man United,16,2.0,3.0,-1.0,-0.285776355092917
2021,Wolves,Brighton,17,3.0,3.0,0.0,0.43755496425864515
2021,Wolves,Everton,18,10.0,11.0,-1.0,-0.18199107732004616
2021,Wolves,West Brom,19,3.0,13.0,-10.0,0.5019122616059992
2021,Wolves,Chelsea,20,11.0,7.0,4.0,0.13252104644233403
2021,Wolves,Crystal Palace,21,2.0,3.0,-1.0,-0.6041715441180338
2021,Wolves,Arsenal,22,3.0,3.0,0.0,-0.09855673254351804
2021,Wolves,Leicester,23,4.0,3.0,1.0,0.3886138891956483
2021,Wolves,Southampton,24,6.0,7.0,-1.0,-0.5942682309144809
2021,Wolves,Leeds,25,5.0,5.0,0.0,-0.6376401473038416
2021,Wolves,Newcastle,26,8.0,6.0,2.0,0.27054054402561767
2021,Wolves,Man City,27,3.0,3.0,0.0,-0.0901728622918892
2021,Wolves,Aston Villa,28,3.0,2.0,1.0,1.2781592138081597
2021,Wolves,Liverpool,29,9.0,8.0,1.0,0.38688879401745546
2021,Wolves,West Ham,30,20.0,15.0,5.0,0.9453468994935141
2021,Wolves,Fulham,31,3.0,5.0,-2.0,-0.5095039073280855
2021,Wolves,Sheffield United,32,8.0,6.0,2.0,-0.1584818131074648
2021,Wolves,Burnley,33,7.0,6.0,1.0,-0.8947560142558874
2021,Wolves,West Brom,34,8.0,7.0,1.0,-0.3329554634180283
2021,Wolves,Brighton,35,5.0,7.0,-2.0,0.36074518186024807
2021,Wolves,Tottenham,36,7.0,8.0,-1.0,0.2864948665686168
2021,Wolves,Everton,37,3.0,2.0,1.0,-0.5791116146052007
2021,Wolves,Man United,38,3.0,4.0,-1.0,-0.15219051036637554
2122,Arsenal,Chelsea,2,8.0,8.0,0.0,-0.38792609992993854
2122,Arsenal,Man City,3,5.0,6.0,-1.0,-0.5484847399849576
2122,Arsenal,Norwich,4,14.0,14.0,0.0,0.3285450490780688
2122,Arsenal,Burnley,5,7.0,4.0,3.0,-0.43577918936388516
2122,Arsenal,Tottenham,6,8.0,7.0,1.0,0.039452835077966375
2122,Arsenal,Brighton,7,6.0,4.0,2.0,-0.8374250055344449
2122,Arsenal,Crystal Palace,8,16.0,15.0,1.0,0.4677024294401442
2122,Arsenal,Aston Villa,9,4.0,6.0,-2.0,1.0129632418692693
2122,Arsenal,Leicester,10,7.0,5.0,2.0,-0.5041757085214305
2122,Arsenal,Watford,11,8.0,8.0,0.0,-1.342099011744696
2122,Arsenal,Liverpool,12,13.0,13.0,0.0,-0.6225547192174361
2122,Arsenal,Newcastle,13,6.0,6.0,0.0,0.9124624981451628
2122,Arsenal,Man United,14,5.0,4.0,1.0,-0.27696176764359715
2122,Arsenal,Everton,15,3.0,4.0,-1.0,-0.5527791381069473
2122,Arsenal,Southampton,16,4.0,7.0,-3.0,-0.0163410385176892
2122,Arsenal,West Ham,17,4.0,3.0,1.0,0.41041608718470335
2122,Arsenal,Leeds,18,2.0,3.0,-1.0,1.853368952529094
2122,Arsenal,Norwich,19,7.0,11.0,-4.0,0.19009822789257513
2122,Arsenal,Man City,20,5.0,2.0,3.0,0.0221226632401752
2122,Arsenal,Burnley,21,22.0,21.0,1.0,-0.5250231095182105
2122,Arsenal,Wolves,22,18.0,19.0,-1.0,0.06831888370155248
2122,Arsenal,Brentford,23,8.0,7.0,1.0,-0.00029273969861565163
2122,Arsenal,Wolves,24,5.0,4.0,1.0,0.8143444400035584
2122,Arsenal,Watford,25,9.0,7.0,2.0,-0.6880004274662839
2122,Arsenal,Leicester,26,7.0,8.0,-1.0,0.20720777627220044
2122,Arsenal,Liverpool,27,3.0,4.0,-1.0,-0.556489548866099
2122,Arsenal,Aston Villa,28,2.0,5.0,-3.0,-0.17218482118777345
2122,Arsenal,Crystal Palace,29,16.0,20.0,-4.0,0.01024463086939087
2122,Arsenal,Brighton,30,4.0,7.0,-3.0,0.8796820614795295
2122,Arsenal,Southampton,31,7.0,7.0,0.0,-0.3651040876394196
2122,Arsenal,Chelsea,32,4.0,11.0,-7.0,0.28094245093233605
2122,Arsenal,Man United,33,2.0,3.0,-1.0,0.01280955738732148
2122,Arsenal,West Ham,34,8.0,7.0,1.0,-0.3771042957728068
2122,Arsenal,Leeds,35,6.0,7.0,-1.0,0.47315300633847546
2122,Arsenal,Tottenham,36,4.0,5.0,-1.0,-0.7601475580440105
2122,Arsenal,Newcastle,37,4.0,8.0,-4.0,-1.0853678545939551
2122,Arsenal,Everton,38,5.0,2.0,3.0,1.6229105068850325
2122,Aston Villa,Newcastle,2,7.0,6.0,1.0,-0.9570733310818776
2122,Aston Villa,Brentford,3,7.0,7.0,0.0,-0.6560900292477421
2122,Aston Villa,Chelsea,4,14.0,14.0,0.0,0.5798504131998268
2122,Aston Villa,Everton,5,7.0,4.0,3.0,-0.630603436482217
2122,Aston Villa,Man United,6,6.0,5.0,1.0,0.5416582662966727
2122,Aston Villa,Tottenham,7,8.0,6.0,2.0,0.25434103173976164
2122,Aston Villa,Wolves,8,13.0,14.0,-1.0,0.002004809875002511
2122,Aston Villa,Arsenal,9,6.0,4.0,2.0,0.559294089115128
2122,Aston Villa,West Ham,10,8.0,7.0,1.0,-0.48604329429729276
2122,Aston Villa,Southampton,11,5.0,6.0,-1.0,-0.6888611098865641
2122,Aston Villa,Brighton,12,14.0,13.0,1.0,0.01826921745252763
2122,Aston Villa,Crystal Palace,13,7.0,7.0,0.0,-0.28970740857285754
2122,Aston Villa,Man City,14,4.0,3.0,1.0,0.19013569949295261
2122,Aston Villa,Leicester,15,3.0,3.0,0.0,0.4424440099039666
2122,Aston Villa,Liverpool,16,5.0,7.0,-2.0,-0.4954772110742092
2122,Aston Villa,Norwich,17,3.0,3.0,0.0,0.5884061720071381
2122,Aston Villa,Chelsea,18,11.0,7.0,4.0,-0.25304244090173106
2122,Aston Villa,Brentford,19,6.0,3.0,3.0,0.25024344234675744
2122,Aston Villa,Man United,20,13.0,12.0,1.0,0.5653091132193726
2122,Aston Villa,Everton,21,6.0,6.0,0.0,-0.2896202282629706
2122,Aston Villa,Leeds,22,18.0,18.0,0.0,-0.10532185457922805
2122,Aston Villa,Newcastle,23,3.0,4.0,-1.0,-0.6716711363150272
2122,Aston Villa,Watford,24,6.0,7.0,-1.0,-0.4538380753419313
2122,Aston Villa,Brighton,25,7.0,7.0,0.0,0.4444233208531785
2122,Aston Villa,Southampton,26,6.0,7.0,-1.0,1.353523615523756
2122,Aston Villa,Leeds,27,5.0,5.0,0.0,-0.03887526752209158
2122,Aston Villa,West Ham,28,2.0,7.0,-5.0,0.09569325162430808
2122,Aston Villa,Arsenal,29,5.0,2.0,3.0,-0.7336211361170066
2122,Aston Villa,Wolves,30,14.0,14.0,0.0,0.16283210823278194
2122,Aston Villa,Tottenham,31,7.0,6.0,1.0,0.4832882361160573
2122,Aston Villa,Leicester,32,13.0,2.0,11.0,-0.554553894903222
2122,Aston Villa,Norwich,33,7.0,7.0,0.0,0.6288375716582228
2122,Aston Villa,Burnley,34,7.0,7.0,0.0,0.7162238715911287
2122,Aston Villa,Liverpool,35,3.0,3.0,0.0,0.6682453356574694
2122,Aston Villa,Crystal Palace,36,4.0,7.0,-3.0,-0.1118004311627635
2122,Aston Villa,Burnley,37,4.0,4.0,0.0,-0.34635564736625535
2122,Aston Villa,Man City,38,2.0,7.0,-5.0,-0.22730756942259153
2122,Brentford,Crystal Palace,2,7.0,7.0,0.0,-0.1677591111340827
2122,Brentford,Aston Villa,3,7.0,7.0,0.0,0.020009954523013684
2122,Brentford,Brighton,4,14.0,14.0,0.0,-0.5138171047044529
2122,Brentford,Wolves,5,6.0,6.0,0.0,0.39676425109824764
2122,Brentford,Liverpool,6,7.0,7.0,0.0,2.0189727415736094
2122,Brentford,West Ham,7,7.0,7.0,0.0,0.16736910553232454
2122,Brentford,Chelsea,8,13.0,14.0,-1.0,0.76153376931454
2122,Brentford,Leicester,9,7.0,7.0,0.0,-0.49515506346759763
2122,Brentford,Burnley,10,6.0,7.0,-1.0,-0.4626999560835855
2122,Brentford,Norwich,11,7.0,6.0,1.0,0.8011323832190336
2122,Brentford,Newcastle,12,14.0,13.0,1.0,-0.1003932586820111
2122,Brentford,Everton,13,7.0,7.0,0.0,-1.2291443896835768
2122,Brentford,Tottenham,14,4.0,11.0,-7.0,-0.744140034921325
2122,Brentford,Leeds,15,2.0,4.0,-2.0,-0.352295559167102
2122,Brentford,Watford,16,5.0,6.0,-1.0,-0.684719090426938
2122,Brentford,Brighton,17,16.0,11.0,5.0,0.08804242953104247
2122,Brentford,Man City,18,3.0,3.0,0.0,-0.44963924163648544
2122,Brentford,Aston Villa,19,3.0,6.0,-3.0,-0.8619738231986293
2122,Brentford,Southampton,20,9.0,14.0,-5.0,-0.827687533133212
2122,Brentford,Liverpool,21,4.0,13.0,-9.0,-0.37581827048675376
2122,Brentford,Man United,22,3.0,4.0,-1.0,0.5873726236443213
2122,Brentford,Wolves,23,2.0,7.0,-5.0,-0.6898015398789957
2122,Brentford,Man City,24,18.0,18.0,0.0,-0.10081583090933016
2122,Brentford,Crystal Palace,25,2.0,2.0,0.0,0.8977205242453941
2122,Brentford,Arsenal,26,7.0,8.0,-1.0,-0.36673610895467934
2122,Brentford,Newcastle,27,7.0,7.0,0.0,-1.1385607105451523
2122,Brentford,Norwich,28,7.0,7.0,0.0,-0.9274381835814774
2122,Brentford,Burnley,29,7.0,7.0,0.0,-0.5296902064567808
2122,Brentford,Leicester,30,7.0,6.0,1.0,0.3668162878572667
2122,Brentford,Chelsea,31,13.0,20.0,-7.0,1.7319192897225826
2122,Brentford,West Ham,32,7.0,7.0,0.0,0.46692836979658003
2122,Brentford,Watford,33,6.0,7.0,-1.0,0.6944726486092816
2122,Brentford,Tottenham,34,7.0,7.0,0.0,0.12772461511914823
2122,Brentford,Man United,35,9.0,4.0,5.0,-0.53809248982677
2122,Brentford,Southampton,36,4.0,7.0,-3.0,1.9073514864185477
2122,Brentford,Everton,37,8.0,3.0,5.0,0.4559208573810949
2122,Brentford,Leeds,38,6.0,7.0,-1.0,-1.0557165278413776
2122,Brighton,Watford,2,7.0,7.0,0.0,0.17542645449260164
2122,Brighton,Everton,3,6.0,7.0,-1.0,-0.8236933544651375
2122,Brighton,Brentford,4,14.0,14.0,0.0,-0.6738322412196028
2122,Brighton,Leicester,5,7.0,7.0,0.0,-0.8093072886725313
2122,Brighton,Crystal Palace,6,8.0,9.0,-1.0,-0.15625512361061566
2122,Brighton,Arsenal,7,4.0,6.0,-2.0,-0.014132877784119424
2122,Brighton,Norwich,8,13.0,14.0,-1.0,-0.3126455971105737
2122,Brighton,Man City,9,7.0,7.0,0.0,-0.22195748191743292
2122,Brighton,Liverpool,10,6.0,5.0,1.0,0.8214300166410766
2122,Brighton,Newcastle,11,7.0,7.0,0.0,-0.8247582680659656
2122,Brighton,Aston Villa,12,13.0,14.0,-1.0,-0.43626493410701517
2122,Brighton,Leeds,13,7.0,6.0,1.0,0.16488828491992025
2122,Brighton,West Ham,14,4.0,3.0,1.0,0.22287954439801871
2122,Brighton,Southampton,15,2.0,2.0,0.0,0.16050034729441665
2122,Brighton,Wolves,16,11.0,4.0,7.0,-0.11015848909237547
2122,Brighton,Brentford,17,11.0,16.0,-5.0,-0.23453941095132058
2122,Brighton,Chelsea,18,2.0,3.0,-1.0,0.14367389692552712
2122,Brighton,Everton,19,3.0,16.0,-13.0,0.23857989687390702
2122,Brighton,Crystal Palace,20,12.0,13.0,-1.0,0.4324251626270835
2122,Brighton,Chelsea,21,3.0,2.0,1.0,-0.03991578768704673
2122,Brighton,Leicester,22,5.0,3.0,2.0,-0.04572553722579786
2122,Brighton,Watford,23,20.0,3.0,17.0,0.49530627632927793
2122,Brighton,Man United,24,3.0,3.0,0.0,0.14532208046670503
2122,Brighton,Burnley,25,3.0,6.0,-3.0,-1.0084381129978075
2122,Brighton,Aston Villa,26,7.0,7.0,0.0,-0.62099635186472
2122,Brighton,Newcastle,27,6.0,7.0,-1.0,0.42945772098236334
2122,Brighton,Liverpool,28,6.0,6.0,0.0,-0.21441518633030487
2122,Brighton,Tottenham,29,4.0,4.0,0.0,-0.045514931423670246
2122,Brighton,Norwich,30,16.0,20.0,-4.0,-0.20110423910697772
2122,Brighton,Arsenal,31,7.0,4.0,3.0,-0.32622527788354383
2122,Brighton,Tottenham,32,6.0,6.0,0.0,-0.1765428557275326
2122,Brighton,Man City,33,4.0,10.0,-6.0,-0.39726746287120057
2122,Brighton,Southampton,34,3.0,2.0,1.0,0.24852921914763826
2122,Brighton,Wolves,35,6.0,6.0,0.0,0.3137778152417956
2122,Brighton,Man United,36,7.0,4.0,3.0,1.4589445563111396
2122,Brighton,Leeds,37,7.0,3.0,4.0,0.838229206304393
2122,Brighton,West Ham,38,7.0,7.0,0.0,0.40664954237217765
2122,Burnley,Liverpool,2,6.0,6.0,0.0,0.07407303829510015
2122,Burnley,Leeds,3,8.0,7.0,1.0,0.15405614274776314
2122,Burnley,Everton,4,15.0,16.0,-1.0,0.7062851848521228
2122,Burnley,Arsenal,5,4.0,7.0,-3.0,-0.23518486809296069
2122,Burnley,Leicester,6,7.0,6.0,1.0,-0.683414677758196
2122,Burnley,Norwich,7,7.0,7.0,0.0,-1.0463361624231764
2122,Burnley,Man City,8,14.0,12.0,2.0,0.6167274790231333
2122,Burnley,Southampton,9,7.0,7.0,0.0,-0.5138823194254463
2122,Burnley,Brentford,10,7.0,6.0,1.0,1.6750704488096895
2122,Burnley,Chelsea,11,7.0,7.0,0.0,0.09878082102864949
2122,Burnley,Crystal Palace,12,14.0,14.0,0.0,0.15916158087161458
2122,Burnley,Wolves,13,11.0,4.0,7.0,-0.7624662189255436
2122,Burnley,Newcastle,14,2.0,3.0,-1.0,-0.48744824671562637
2122,Burnley,West Ham,15,7.0,8.0,-1.0,-0.5893104553954499
2122,Burnley,Man United,16,18.0,3.0,15.0,-0.12723244703470804
2122,Burnley,Leeds,17,2.0,14.0,-12.0,-0.3107374855981053
2122,Burnley,Arsenal,18,21.0,22.0,-1.0,-0.43630181313191035
2122,Burnley,Watford,19,13.0,14.0,-1.0,-0.6688721169818245
2122,Burnley,Man United,20,3.0,17.0,-14.0,-0.4507871663923153
2122,Burnley,Liverpool,21,4.0,2.0,2.0,0.40587337742526275
2122,Burnley,Brighton,22,6.0,3.0,3.0,-0.010520780925211581
2122,Burnley,Tottenham,23,4.0,4.0,0.0,0.5829549988266599
2122,Burnley,Crystal Palace,24,2.0,2.0,0.0,-0.46502822805231103
2122,Burnley,Leicester,25,3.0,9.0,-6.0,-0.3201470392183381
2122,Burnley,Chelsea,26,3.0,14.0,-11.0,0.14463312261153294
2122,Burnley,Brentford,27,7.0,7.0,0.0,-0.03520999489015486
2122,Burnley,Man City,28,20.0,18.0,2.0,-0.504837981713134
2122,Burnley,Everton,29,4.0,3.0,1.0,0.8795993644070876
2122,Burnley,Norwich,30,3.0,7.0,-4.0,0.11479051643530003
2122,Burnley,West Ham,31,7.0,7.0,0.0,0.19160013041498059
2122,Burnley,Southampton,32,4.0,5.0,-1.0,0.6935343429589356
2122,Burnley,Wolves,33,2.0,15.0,-13.0,0.09964722998182607
2122,Burnley,Watford,34,6.0,7.0,-1.0,0.19875259396478917
2122,Burnley,Aston Villa,35,7.0,7.0,0.0,0.19352747935524106
2122,Burnley,Tottenham,36,7.0,2.0,5.0,-0.16438822437962908
2122,Burnley,Aston Villa,37,4.0,4.0,0.0,-0.041805553825580266
2122,Burnley,Newcastle,38,2.0,5.0,-3.0,0.15413424253849795
2122,Chelsea,Arsenal,2,8.0,8.0,0.0,2.3393926574047375
2122,Chelsea,Liverpool,3,6.0,7.0,-1.0,-0.3987725935483858
2122,Chelsea,Aston Villa,4,14.0,14.0,0.0,-0.5402446672390786
2122,Chelsea,Tottenham,5,7.0,8.0,-1.0,1.3338598635027712
2122,Chelsea,Man City,6,5.0,6.0,-1.0,-0.6954946152156737
2122,Chelsea,Southampton,7,7.0,6.0,1.0,1.498782580332647
2122,Chelsea,Brentford,8,14.0,13.0,1.0,-1.1092910495016688
2122,Chelsea,Norwich,9,6.0,6.0,0.0,-0.22921148260495627
2122,Chelsea,Newcastle,10,7.0,7.0,0.0,-0.3178899392210768
2122,Chelsea,Burnley,11,7.0,7.0,0.0,0.9530046262480405
2122,Chelsea,Leicester,12,13.0,12.0,1.0,0.8170600556003833
2122,Chelsea,Man United,13,8.0,8.0,0.0,-0.3461110251929489
2122,Chelsea,Watford,14,3.0,3.0,0.0,-0.9395181791495366
2122,Chelsea,West Ham,15,2.0,2.0,0.0,-0.09445742209479135
2122,Chelsea,Leeds,16,7.0,6.0,1.0,-1.2301465101311309
2122,Chelsea,Everton,17,5.0,4.0,1.0,1.0493135363941692
2122,Chelsea,Wolves,18,2.0,3.0,-1.0,-0.7173817745251472
2122,Chelsea,Aston Villa,19,7.0,11.0,-4.0,-0.132294499323643
2122,Chelsea,Brighton,20,3.0,2.0,1.0,-0.8436306150060859
2122,Chelsea,Liverpool,21,3.0,4.0,-1.0,0.19802152228381997
2122,Chelsea,Man City,22,12.0,14.0,-2.0,-0.11266285549468136
2122,Chelsea,Brighton,23,2.0,3.0,-1.0,-0.739162368265907
2122,Chelsea,Tottenham,24,5.0,3.0,2.0,-0.4925648791898596
2122,Chelsea,Crystal Palace,25,26.0,7.0,19.0,-0.014076091876331409
2122,Chelsea,Burnley,26,14.0,3.0,11.0,0.6106919714308108
2122,Chelsea,Norwich,27,5.0,5.0,0.0,0.029880392131030664
2122,Chelsea,Newcastle,28,2.0,2.0,0.0,-1.0393121845896778
2122,Chelsea,Brentford,29,20.0,13.0,7.0,-0.3725417202224761
2122,Chelsea,Southampton,30,7.0,7.0,0.0,2.5241118187055696
2122,Chelsea,Arsenal,31,11.0,4.0,7.0,-1.0007594201236247
2122,Chelsea,West Ham,32,3.0,6.0,-3.0,-0.20580238124134786
2122,Chelsea,Man United,33,4.0,5.0,-1.0,0.8927168440000204
2122,Chelsea,Everton,34,2.0,6.0,-4.0,-0.5465347497194359
2122,Chelsea,Wolves,35,6.0,7.0,-1.0,-0.7912249538015854
2122,Chelsea,Leeds,36,4.0,3.0,1.0,-0.5369471530363108
2122,Chelsea,Leicester,37,8.0,4.0,4.0,-0.5291668215963632
2122,Chelsea,Watford,38,2.0,7.0,-5.0,0.3288237475816973
2122,Crystal Palace,Brentford,2,7.0,7.0,0.0,-0.5296427334754891
2122,Crystal Palace,West Ham,3,7.0,4.0,3.0,0.6757177164199244
2122,Crystal Palace,Tottenham,4,13.0,12.0,1.0,1.0840425999423442
2122,Crystal Palace,Liverpool,5,7.0,5.0,2.0,-0.020189691311953806
2122,Crystal Palace,Brighton,6,9.0,8.0,1.0,-0.49077813673079496
2122,Crystal Palace,Leicester,7,5.0,7.0,-2.0,-0.29799841530445326
2122,Crystal Palace,Arsenal,8,15.0,16.0,-1.0,-0.39724682967021896
2122,Crystal Palace,Newcastle,9,4.0,5.0,-1.0,0.8142913130312532
2122,Crystal Palace,Man City,10,7.0,6.0,1.0,0.5539948944946567
2122,Crystal Palace,Wolves,11,7.0,4.0,3.0,1.386970025277059
2122,Crystal Palace,Burnley,12,14.0,14.0,0.0,0.6032613191345451
2122,Crystal Palace,Aston Villa,13,7.0,7.0,0.0,-0.24152772515742726
2122,Crystal Palace,Leeds,14,3.0,3.0,0.0,-0.6628279610824801
2122,Crystal Palace,Man United,15,4.0,2.0,2.0,-0.5561160063182758
2122,Crystal Palace,Everton,16,7.0,5.0,2.0,0.6276431617615235
2122,Crystal Palace,Southampton,17,3.0,4.0,-1.0,-0.07459589463518168
2122,Crystal Palace,Tottenham,18,10.0,6.0,4.0,-0.6777617499163928
2122,Crystal Palace,Norwich,19,2.0,2.0,0.0,-0.12936818538620276
2122,Crystal Palace,West Ham,20,4.0,4.0,0.0,1.4662147706058637
2122,Crystal Palace,Brighton,21,13.0,12.0,1.0,-0.3867933712636644
2122,Crystal Palace,Liverpool,22,8.0,7.0,1.0,0.8124652076835372
2122,Crystal Palace,Norwich,23,17.0,18.0,-1.0,-0.9677009110750661
2122,Crystal Palace,Brentford,24,2.0,2.0,0.0,-0.429465600874839
2122,Crystal Palace,Chelsea,25,7.0,26.0,-19.0,-0.13540683035968681
2122,Crystal Palace,Watford,26,4.0,4.0,0.0,-0.4442264505813307
2122,Crystal Palace,Burnley,27,2.0,2.0,0.0,-0.3648682594418282
2122,Crystal Palace,Wolves,28,7.0,6.0,1.0,0.7438662373127705
2122,Crystal Palace,Man City,29,9.0,8.0,1.0,-0.1338449251305351
2122,Crystal Palace,Arsenal,30,20.0,16.0,4.0,-0.45350878671585304
2122,Crystal Palace,Leicester,31,5.0,7.0,-2.0,-0.5230158893703982
2122,Crystal Palace,Newcastle,32,10.0,3.0,7.0,-0.7442409194780741
2122,Crystal Palace,Leeds,33,5.0,16.0,-11.0,-0.06156472590320927
2122,Crystal Palace,Southampton,34,4.0,6.0,-2.0,-0.5232371067911367
2122,Crystal Palace,Watford,35,7.0,7.0,0.0,0.18382042493167283
2122,Crystal Palace,Aston Villa,36,7.0,4.0,3.0,0.4073278658065326
2122,Crystal Palace,Everton,37,4.0,4.0,0.0,0.40125990117114885
2122,Crystal Palace,Man United,38,2.0,14.0,-12.0,-0.9641019540976964
2122,Everton,Leeds,2,7.0,7.0,0.0,-0.16107745612016888
2122,Everton,Brighton,3,7.0,6.0,1.0,-0.03491847517684443
2122,Everton,Burnley,4,16.0,15.0,1.0,0.5171320397625498
2122,Everton,Aston Villa,5,4.0,7.0,-3.0,-0.14659141934702924
2122,Everton,Norwich,6,6.0,7.0,-1.0,-0.10721069672017869
2122,Everton,Man United,7,6.0,7.0,-1.0,0.3342928545600692
2122,Everton,West Ham,8,15.0,14.0,1.0,-0.27045750413313974
2122,Everton,Watford,9,6.0,7.0,-1.0,0.4221318773282521
2122,Everton,Wolves,10,9.0,9.0,0.0,0.7503626919106184
2122,Everton,Tottenham,11,5.0,7.0,-2.0,-0.36403783145285373
2122,Everton,Man City,12,14.0,15.0,-1.0,-0.18842755070613354
2122,Everton,Brentford,13,7.0,7.0,0.0,0.1171615467674959
2122,Everton,Liverpool,14,3.0,4.0,-1.0,-0.23424490893109307
2122,Everton,Arsenal,15,4.0,3.0,1.0,0.06160604882214904
2122,Everton,Crystal Palace,16,5.0,7.0,-2.0,0.5625937712945834
2122,Everton,Chelsea,17,4.0,5.0,-1.0,0.05865982988034146
2122,Everton,Brighton,18,16.0,3.0,13.0,0.05848334892926643
2122,Everton,Norwich,19,13.0,2.0,11.0,-0.7758339950954528
2122,Everton,Aston Villa,20,6.0,6.0,0.0,0.1341157938148443
2122,Everton,Newcastle,21,17.0,17.0,0.0,-0.25624776160806384
2122,Everton,Leeds,22,3.0,2.0,1.0,1.046029327128891
2122,Everton,Southampton,23,7.0,7.0,0.0,-0.9739138429095269
2122,Everton,Man City,24,7.0,7.0,0.0,0.2131552199782757
2122,Everton,Tottenham,25,9.0,9.0,0.0,-0.5771452920935809
2122,Everton,Wolves,26,5.0,2.0,3.0,-0.7629647485972266
2122,Everton,Newcastle,27,4.0,4.0,0.0,-0.6137637780705698
2122,Everton,West Ham,28,16.0,13.0,3.0,-0.2603862411560748
2122,Everton,Burnley,29,3.0,4.0,-1.0,-0.25715317011467487
2122,Everton,Man United,30,2.0,6.0,-4.0,-0.8525529468893731
2122,Everton,Leicester,31,11.0,3.0,8.0,0.34111261813655136
2122,Everton,Liverpool,32,3.0,4.0,-1.0,-0.18454808214920687
2122,Everton,Chelsea,33,6.0,2.0,4.0,0.42038782558175813
2122,Everton,Leicester,34,7.0,7.0,0.0,0.45648770948629624
2122,Everton,Watford,35,3.0,4.0,-1.0,-0.34619521102324013
2122,Everton,Brentford,36,3.0,8.0,-5.0,0.8925474692575739
2122,Everton,Crystal Palace,37,4.0,4.0,0.0,-0.060062028423070624
2122,Everton,Arsenal,38,2.0,5.0,-3.0,0.2699591004365437
2122,Leeds,Everton,2,7.0,7.0,0.0,-0.6675173234322641
2122,Leeds,Burnley,3,7.0,8.0,-1.0,0.24906140340509508
2122,Leeds,Liverpool,4,14.0,14.0,0.0,-0.25112076126827376
2122,Leeds,Newcastle,5,5.0,6.0,-1.0,0.12280470651298514
2122,Leeds,West Ham,6,7.0,6.0,1.0,-0.16463586246181805
2122,Leeds,Watford,7,7.0,7.0,0.0,-0.14350188187936364
2122,Leeds,Southampton,8,14.0,14.0,0.0,-0.9747202221191882
2122,Leeds,Wolves,9,7.0,7.0,0.0,-0.45247744027289016
2122,Leeds,Norwich,10,8.0,8.0,0.0,-0.42548719195749496
2122,Leeds,Leicester,11,7.0,8.0,-1.0,0.3348964005901247
2122,Leeds,Tottenham,12,14.0,14.0,0.0,0.516167005597516
2122,Leeds,Brighton,13,6.0,7.0,-1.0,-0.13074743464584304
2122,Leeds,Crystal Palace,14,3.0,3.0,0.0,0.16361364579439286
2122,Leeds,Brentford,15,4.0,2.0,2.0,0.1574283876072462
2122,Leeds,Chelsea,16,6.0,7.0,-1.0,0.2795670341996349
2122,Leeds,Man City,17,3.0,3.0,0.0,-0.32366076985385817
2122,Leeds,Arsenal,18,3.0,2.0,1.0,-0.6569357289751532
2122,Leeds,Burnley,19,14.0,2.0,12.0,0.4842983194663406
2122,Leeds,West Ham,20,14.0,3.0,11.0,1.1573359394281622
2122,Leeds,Newcastle,21,6.0,7.0,-1.0,-0.4710312053033503
2122,Leeds,Aston Villa,22,18.0,18.0,0.0,1.4377369961571747
2122,Leeds,Everton,23,2.0,3.0,-1.0,-1.0911428235857645
2122,Leeds,Man United,24,7.0,4.0,3.0,0.28026023036768155
2122,Leeds,Liverpool,25,3.0,4.0,-1.0,-0.5962530786721507
2122,Leeds,Tottenham,26,2.0,2.0,0.0,0.731273824245023
2122,Leeds,Leicester,27,7.0,3.0,4.0,0.8125259428670595
2122,Leeds,Aston Villa,28,5.0,5.0,0.0,-1.142688708677975
2122,Leeds,Norwich,29,2.0,2.0,0.0,1.165222453492202
2122,Leeds,Wolves,30,5.0,5.0,0.0,1.67433107966471
2122,Leeds,Southampton,31,14.0,20.0,-6.0,-0.23311615701667043
2122,Leeds,Watford,32,7.0,7.0,0.0,-0.506596659815539
2122,Leeds,Crystal Palace,33,16.0,5.0,11.0,-0.48898914427179035
2122,Leeds,Man City,34,4.0,7.0,-3.0,0.36103775235730395
2122,Leeds,Arsenal,35,7.0,6.0,1.0,-0.29103033455642335
2122,Leeds,Chelsea,36,3.0,4.0,-1.0,-0.34359310562276585
2122,Leeds,Brighton,37,3.0,7.0,-4.0,1.00346871521208
2122,Leeds,Brentford,38,7.0,6.0,1.0,-0.31332984574329215
2122,Leicester,West Ham,2,9.0,8.0,1.0,-0.4984935465643725
2122,Leicester,Norwich,3,4.0,7.0,-3.0,-0.3400456912593539
2122,Leicester,Man City,4,14.0,14.0,0.0,0.11670736997223441
2122,Leicester,Brighton,5,7.0,7.0,0.0,0.24583812294756924
2122,Leicester,Burnley,6,6.0,7.0,-1.0,0.5855010281727857
2122,Leicester,Crystal Palace,7,7.0,5.0,2.0,0.1695109953789875
2122,Leicester,Man United,8,13.0,14.0,-1.0,1.4834941300465807
2122,Leicester,Brentford,9,7.0,7.0,0.0,-0.040217309266016965
2122,Leicester,Arsenal,10,5.0,7.0,-2.0,0.7631982826009143
2122,Leicester,Leeds,11,8.0,7.0,1.0,-0.7451525545090073
2122,Leicester,Chelsea,12,12.0,13.0,-1.0,-0.35431087942806244
2122,Leicester,Watford,13,8.0,7.0,1.0,0.421643824944969
2122,Leicester,Southampton,14,3.0,4.0,-1.0,0.0016300976441563364
2122,Leicester,Aston Villa,15,3.0,3.0,0.0,-0.12228983649459935
2122,Leicester,Newcastle,16,6.0,7.0,-1.0,-0.32421523207471936
2122,Leicester,Man City,17,14.0,7.0,7.0,1.8762733065284185
2122,Leicester,Liverpool,18,2.0,9.0,-7.0,-0.2989208702227599
2122,Leicester,Tottenham,19,21.0,18.0,3.0,0.7714898067826059
2122,Leicester,Brighton,20,3.0,5.0,-2.0,0.4753551415168602
2122,Leicester,Liverpool,21,18.0,18.0,0.0,-0.20197278563332444
2122,Leicester,West Ham,22,2.0,4.0,-2.0,-0.732414808473733
2122,Leicester,Wolves,23,7.0,7.0,0.0,0.3895962275331817
2122,Leicester,Burnley,24,9.0,3.0,6.0,0.5081300375463578
2122,Leicester,Leeds,25,3.0,7.0,-4.0,-1.5275599385075667
2122,Leicester,Arsenal,26,8.0,7.0,1.0,-0.45092477089272176
2122,Leicester,Brentford,27,6.0,7.0,-1.0,0.001513036399792611
2122,Leicester,Man United,28,13.0,20.0,-7.0,-0.13414681058543243
2122,Leicester,Crystal Palace,29,7.0,5.0,2.0,-0.19085681840908775
2122,Leicester,Newcastle,30,7.0,8.0,-1.0,-0.7822308933477308
2122,Leicester,Everton,31,3.0,11.0,-8.0,-0.5639772803904017
2122,Leicester,Aston Villa,32,2.0,13.0,-11.0,-1.1176171117537854
2122,Leicester,Tottenham,33,7.0,7.0,0.0,-0.6883505924587723
2122,Leicester,Everton,34,7.0,7.0,0.0,-0.17902834880622143
2122,Leicester,Norwich,35,3.0,3.0,0.0,0.5941018442360031
2122,Leicester,Watford,36,3.0,3.0,0.0,0.8534157910221611
2122,Leicester,Chelsea,37,4.0,8.0,-4.0,-0.6553259212147421
2122,Leicester,Southampton,38,2.0,4.0,-2.0,1.6587864676025572
2122,Liverpool,Burnley,2,6.0,6.0,0.0,-0.21500338732712398
2122,Liverpool,Chelsea,3,7.0,6.0,1.0,-0.22216770380814266
2122,Liverpool,Leeds,4,14.0,14.0,0.0,1.6130114750742375
2122,Liverpool,Crystal Palace,5,5.0,7.0,-2.0,0.8307971400746106
2122,Liverpool,Brentford,6,7.0,7.0,0.0,0.36970941342728003
2122,Liverpool,Man City,7,7.0,8.0,-1.0,-0.2877429628945243
2122,Liverpool,Watford,8,12.0,13.0,-1.0,1.0857831265544986
2122,Liverpool,Man United,9,8.0,8.0,0.0,1.8562948076091526
2122,Liverpool,Brighton,10,5.0,6.0,-1.0,-0.8368547170097469
2122,Liverpool,West Ham,11,8.0,7.0,1.0,-0.5805793342779699
2122,Liverpool,Arsenal,12,13.0,13.0,0.0,1.7565255664546502
2122,Liverpool,Southampton,13,6.0,7.0,-1.0,-0.11650533542568864
2122,Liverpool,Everton,14,4.0,3.0,1.0,0.4162718929963072
2122,Liverpool,Wolves,15,2.0,2.0,0.0,0.32183107772891173
2122,Liverpool,Aston Villa,16,7.0,5.0,2.0,-0.49908355488053147
2122,Liverpool,Newcastle,17,5.0,4.0,1.0,0.005149135130077198
2122,Liverpool,Tottenham,18,2.0,14.0,-12.0,-0.1928951548120672
2122,Liverpool,Leicester,19,9.0,2.0,7.0,-0.576294059356302
2122,Liverpool,Chelsea,20,4.0,3.0,1.0,0.527003426396526
2122,Liverpool,Brentford,21,13.0,4.0,9.0,1.179053831294977
2122,Liverpool,Crystal Palace,22,7.0,8.0,-1.0,-0.8458290280554274
2122,Liverpool,Leicester,23,18.0,18.0,0.0,-0.2583614223950619
2122,Liverpool,Burnley,24,2.0,4.0,-2.0,-0.3733852666456672
2122,Liverpool,Norwich,25,6.0,6.0,0.0,-0.42342800347312615
2122,Liverpool,Leeds,26,4.0,3.0,1.0,0.39259285537859334
2122,Liverpool,West Ham,27,9.0,6.0,3.0,-0.30619165696900863
2122,Liverpool,Brighton,28,6.0,6.0,0.0,-0.10258546574425709
2122,Liverpool,Arsenal,29,4.0,3.0,1.0,-0.5335021455916722
2122,Liverpool,Watford,30,16.0,19.0,-3.0,-1.6720066452931537
2122,Liverpool,Man City,31,8.0,8.0,0.0,0.28975313612558895
2122,Liverpool,Man United,32,9.0,3.0,6.0,-0.4242341948788022
2122,Liverpool,Everton,33,4.0,3.0,1.0,-1.289853345535891
2122,Liverpool,Newcastle,34,5.0,6.0,-1.0,0.33882027083747923
2122,Liverpool,Tottenham,35,7.0,6.0,1.0,-1.0858583136145745
2122,Liverpool,Aston Villa,36,3.0,3.0,0.0,-0.2459812878711498
2122,Liverpool,Southampton,37,6.0,10.0,-4.0,-1.4122089922809504
2122,Liverpool,Wolves,38,4.0,7.0,-3.0,0.6200112386894472
2122,Man City,Norwich,2,5.0,6.0,-1.0,-1.1177555776853585
2122,Man City,Arsenal,3,6.0,5.0,1.0,2.2684562810878908
2122,Man City,Leicester,4,14.0,14.0,0.0,0.3249064358768412
2122,Man City,Southampton,5,7.0,7.0,0.0,-1.946161154142498
2122,Man City,Chelsea,6,6.0,5.0,1.0,0.4378388616285065
2122,Man City,Liverpool,7,8.0,7.0,1.0,-0.30104198287102313
2122,Man City,Burnley,8,12.0,14.0,-2.0,-0.6806734440395372
2122,Man City,Brighton,9,7.0,7.0,0.0,1.7598733882606612
2122,Man City,Crystal Palace,10,6.0,7.0,-1.0,-1.268436834144706
2122,Man City,Man United,11,6.0,6.0,0.0,-0.13654540454905817
2122,Man City,Everton,12,15.0,14.0,1.0,-0.3633299730957873
2122,Man City,West Ham,13,7.0,7.0,0.0,0.24158942176541487
2122,Man City,Aston Villa,14,3.0,4.0,-1.0,-0.969507456667436
2122,Man City,Watford,15,2.0,2.0,0.0,1.4774813876454407
2122,Man City,Wolves,16,6.0,6.0,0.0,-0.3208266180220334
2122,Man City,Leeds,17,3.0,3.0,0.0,-0.08195338434781796
2122,Man City,Newcastle,18,4.0,2.0,2.0,1.2653117180766467
2122,Man City,Leicester,19,7.0,14.0,-7.0,-0.6645401034221727
2122,Man City,Brentford,20,3.0,3.0,0.0,-0.8590033627992641
2122,Man City,Arsenal,21,2.0,5.0,-3.0,-0.6146863056265539
2122,Man City,Chelsea,22,14.0,12.0,2.0,-0.6348937460990217
2122,Man City,Southampton,23,7.0,7.0,0.0,-0.9597208779500228
2122,Man City,Brentford,24,18.0,18.0,0.0,-1.0771526131170603
2122,Man City,Norwich,25,2.0,2.0,0.0,0.5559901398324776
2122,Man City,Tottenham,26,7.0,6.0,1.0,-0.5649435211696419
2122,Man City,Everton,27,7.0,7.0,0.0,-0.495911440742556
2122,Man City,Man United,28,7.0,8.0,-1.0,0.07610034246292186
2122,Man City,Crystal Palace,29,8.0,9.0,-1.0,0.46781012048820525
2122,Man City,Burnley,30,18.0,20.0,-2.0,-0.6969227493509551
2122,Man City,Liverpool,31,8.0,8.0,0.0,-0.2999038376349479
2122,Man City,Brighton,32,10.0,4.0,6.0,-0.693152329343113
2122,Man City,Watford,33,2.0,7.0,-5.0,-0.21014723808904456
2122,Man City,Leeds,34,7.0,4.0,3.0,0.24199699979779243
2122,Man City,Newcastle,35,7.0,8.0,-1.0,1.139283180116475
2122,Man City,Wolves,36,3.0,4.0,-1.0,1.3038163634119662
2122,Man City,West Ham,37,3.0,7.0,-4.0,-0.6390404987702136
2122,Man City,Aston Villa,38,7.0,2.0,5.0,0.8854741932192511
2122,Man United,Southampton,2,8.0,7.0,1.0,0.6600374352910416
2122,Man United,Wolves,3,7.0,7.0,0.0,-0.3485258365187238
2122,Man United,Newcastle,4,12.0,14.0,-2.0,0.9685982547832805
2122,Man United,West Ham,5,7.0,7.0,0.0,0.6424643382994522
2122,Man United,Aston Villa,6,5.0,6.0,-1.0,-0.34287514206306136
2122,Man United,Everton,7,7.0,6.0,1.0,-0.7918765219098016
2122,Man United,Leicester,8,14.0,13.0,1.0,-0.4758314007180402
2122,Man United,Liverpool,9,8.0,8.0,0.0,0.337223642482783
2122,Man United,Tottenham,10,6.0,6.0,0.0,0.31442374054345246
2122,Man United,Man City,11,6.0,6.0,0.0,-0.0013759459171330812
2122,Man United,Watford,12,14.0,13.0,1.0,0.08730948559202178
2122,Man United,Chelsea,13,8.0,8.0,0.0,-0.21285843099976498
2122,Man United,Arsenal,14,4.0,5.0,-1.0,-0.2689906623653704
2122,Man United,Crystal Palace,15,2.0,4.0,-2.0,-0.3211387520950575
2122,Man United,Norwich,16,6.0,6.0,0.0,-0.4598679690230103
2122,Man United,Newcastle,17,16.0,8.0,8.0,0.2823990417460789
2122,Man United,Burnley,18,3.0,18.0,-15.0,0.052008811979280756
2122,Man United,Wolves,19,3.0,15.0,-12.0,-0.8143954015332707
2122,Man United,Aston Villa,20,12.0,13.0,-1.0,0.12350312265035068
2122,Man United,Brentford,21,4.0,3.0,1.0,0.8986113939673124
2122,Man United,West Ham,22,2.0,6.0,-4.0,0.2240130783160914
2122,Man United,Burnley,23,17.0,3.0,14.0,0.40033355344686794
2122,Man United,Southampton,24,3.0,2.0,1.0,1.0303663892592754
2122,Man United,Brighton,25,3.0,3.0,0.0,1.3748542621935433
2122,Man United,Leeds,26,4.0,7.0,-3.0,0.8947517560418552
2122,Man United,Watford,27,6.0,2.0,4.0,0.47866253830523386
2122,Man United,Man City,28,8.0,7.0,1.0,-0.259508108156354
2122,Man United,Tottenham,29,6.0,4.0,2.0,-0.29448049647951846
2122,Man United,Leicester,30,20.0,13.0,7.0,-0.9359714844116808
2122,Man United,Everton,31,6.0,2.0,4.0,-0.7411725021531523
2122,Man United,Norwich,32,7.0,6.0,1.0,-0.5333784210912231
2122,Man United,Liverpool,33,3.0,9.0,-6.0,-0.7214532993038293
2122,Man United,Arsenal,34,3.0,2.0,1.0,0.1677616434010556
2122,Man United,Chelsea,35,5.0,4.0,1.0,-0.3322409466501247
2122,Man United,Brentford,36,4.0,9.0,-5.0,-0.3421132354297387
2122,Man United,Brighton,37,4.0,7.0,-3.0,-0.19154200576812364
2122,Man United,Crystal Palace,38,14.0,2.0,12.0,-0.1908434510721162
2122,Newcastle,Aston Villa,2,6.0,7.0,-1.0,-0.27233223598311174
2122,Newcastle,Southampton,3,7.0,6.0,1.0,-0.2506177192600023
2122,Newcastle,Man United,4,14.0,12.0,2.0,-0.3683342538158775
2122,Newcastle,Leeds,5,6.0,5.0,1.0,-0.3668892185382684
2122,Newcastle,Watford,6,7.0,7.0,0.0,1.3619907872355852
2122,Newcastle,Wolves,7,7.0,6.0,1.0,-0.08454446883959554
2122,Newcastle,Tottenham,8,15.0,14.0,1.0,-0.31877791060700245
2122,Newcastle,Crystal Palace,9,5.0,4.0,1.0,0.006999710979757046
2122,Newcastle,Chelsea,10,7.0,7.0,0.0,-0.5409211776534825
2122,Newcastle,Brighton,11,7.0,7.0,0.0,-0.5972722041471232
2122,Newcastle,Brentford,12,13.0,14.0,-1.0,1.1390075440083345
2122,Newcastle,Arsenal,13,6.0,6.0,0.0,-0.6327820182562854
2122,Newcastle,Norwich,14,3.0,3.0,0.0,-1.221842060849797
2122,Newcastle,Burnley,15,3.0,2.0,1.0,0.4160285520661584
2122,Newcastle,Leicester,16,7.0,6.0,1.0,-0.5907776709005851
2122,Newcastle,Liverpool,17,4.0,5.0,-1.0,-0.40468811912436375
2122,Newcastle,Man City,18,2.0,4.0,-2.0,-0.3849005029211029
2122,Newcastle,Man United,19,8.0,16.0,-8.0,0.0528777361686712
2122,Newcastle,Watford,20,18.0,14.0,4.0,-0.3838836569666648
2122,Newcastle,Leeds,21,7.0,6.0,1.0,-0.10125402551429818
2122,Newcastle,Everton,22,17.0,17.0,0.0,1.3342707271874907
2122,Newcastle,Aston Villa,23,4.0,3.0,1.0,-0.5795740422968996
2122,Newcastle,West Ham,24,5.0,5.0,0.0,0.011962922001241827
2122,Newcastle,Brentford,25,7.0,7.0,0.0,1.4006121106981024
2122,Newcastle,Brighton,26,7.0,6.0,1.0,0.5703436978597645
2122,Newcastle,Southampton,27,5.0,5.0,0.0,-0.36463183328121973
2122,Newcastle,Chelsea,28,2.0,2.0,0.0,-0.32430491989782667
2122,Newcastle,Everton,29,4.0,4.0,0.0,-0.34670822247304356
2122,Newcastle,Tottenham,30,16.0,13.0,3.0,-0.24929102589842866
2122,Newcastle,Wolves,31,5.0,6.0,-1.0,-0.48562752892680416
2122,Newcastle,Leicester,32,8.0,7.0,1.0,1.1923727849959855
2122,Newcastle,Crystal Palace,33,3.0,10.0,-7.0,-0.10762625087991862
2122,Newcastle,Norwich,34,2.0,7.0,-5.0,0.5553074524547206
2122,Newcastle,Liverpool,35,6.0,5.0,1.0,-0.633088864675104
2122,Newcastle,Man City,36,8.0,7.0,1.0,0.5385978613513609
2122,Newcastle,Arsenal,37,8.0,4.0,4.0,0.6809267415077263
2122,Newcastle,Burnley,38,5.0,2.0,3.0,-0.0715708975094892
2122,Norwich,Man City,2,6.0,5.0,1.0,-0.31499247702402
2122,Norwich,Leicester,3,7.0,4.0,3.0,-0.32622918059423334
2122,Norwich,Arsenal,4,14.0,14.0,0.0,-0.032075923696737396
2122,Norwich,Watford,5,7.0,7.0,0.0,-0.2767611851838533
2122,Norwich,Everton,6,7.0,6.0,1.0,-0.02190416216829194
2122,Norwich,Burnley,7,7.0,7.0,0.0,-0.1108864325991239
2122,Norwich,Brighton,8,14.0,13.0,1.0,0.4086811479728424
2122,Norwich,Chelsea,9,6.0,6.0,0.0,-0.1573606986185765
2122,Norwich,Leeds,10,8.0,8.0,0.0,-0.48776074684148407
2122,Norwich,Brentford,11,6.0,7.0,-1.0,-0.23856376301526339
2122,Norwich,Southampton,12,14.0,14.0,0.0,-0.6357631387660603
2122,Norwich,Wolves,13,7.0,7.0,0.0,0.5383219083933825
2122,Norwich,Newcastle,14,3.0,3.0,0.0,0.7044823888177175
2122,Norwich,Tottenham,15,4.0,2.0,2.0,0.4791337643212047
2122,Norwich,Man United,16,6.0,6.0,0.0,0.08267985865486638
2122,Norwich,Aston Villa,17,3.0,3.0,0.0,-0.32195275750792296
2122,Norwich,Arsenal,18,11.0,7.0,4.0,-0.5921230224159171
2122,Norwich,Crystal Palace,19,2.0,2.0,0.0,0.06174226967469143
2122,Norwich,West Ham,20,15.0,11.0,4.0,-0.3423225759590535
2122,Norwich,Everton,21,2.0,13.0,-11.0,-0.006218813057744521
2122,Norwich,Watford,22,6.0,6.0,0.0,0.060211275947590015
2122,Norwich,Crystal Palace,23,18.0,17.0,1.0,-0.3556459569463136
2122,Norwich,Man City,24,2.0,2.0,0.0,-0.05966806862782609
2122,Norwich,Liverpool,25,6.0,6.0,0.0,0.21461260101881652
2122,Norwich,Southampton,26,6.0,6.0,0.0,-0.45164994007462794
2122,Norwich,Brentford,27,7.0,7.0,0.0,-0.004879240407691943
2122,Norwich,Chelsea,28,5.0,5.0,0.0,-0.3157153100700918
2122,Norwich,Leeds,29,2.0,2.0,0.0,0.4628151384641027
2122,Norwich,Brighton,30,20.0,16.0,4.0,-0.12004362569087179
2122,Norwich,Burnley,31,7.0,3.0,4.0,0.7114644125239244
2122,Norwich,Man United,32,6.0,7.0,-1.0,1.0599094389274286
2122,Norwich,Newcastle,33,7.0,2.0,5.0,-0.32994091078990373
2122,Norwich,Aston Villa,34,7.0,7.0,0.0,-0.3210575465460977
2122,Norwich,West Ham,35,7.0,6.0,1.0,-0.06083693075743268
2122,Norwich,Leicester,36,3.0,3.0,0.0,0.3983622100199803
2122,Norwich,Wolves,37,3.0,3.0,0.0,0.8247392621784073
2122,Norwich,Tottenham,38,7.0,7.0,0.0,-0.4075212372644694
2122,Southampton,Man United,2,7.0,8.0,-1.0,-0.781869228650343
2122,Southampton,Newcastle,3,6.0,7.0,-1.0,1.4769306557713067
2122,Southampton,West Ham,4,14.0,14.0,0.0,-0.5807957803946231
2122,Southampton,Man City,5,7.0,7.0,0.0,-0.024443547210967753
2122,Southampton,Wolves,6,7.0,8.0,-1.0,-0.40389508416244013
2122,Southampton,Chelsea,7,6.0,7.0,-1.0,0.12128600585680671
2122,Southampton,Leeds,8,14.0,14.0,0.0,0.0882089281106817
2122,Southampton,Burnley,9,7.0,7.0,0.0,-0.030743703763776775
2122,Southampton,Watford,10,7.0,7.0,0.0,0.5964206996449197
2122,Southampton,Aston Villa,11,6.0,5.0,1.0,-0.35173039321254285
2122,Southampton,Norwich,12,14.0,14.0,0.0,-0.35934049732026985
2122,Southampton,Liverpool,13,7.0,6.0,1.0,0.27624462112717874
2122,Southampton,Leicester,14,4.0,3.0,1.0,0.3869683652776834
2122,Southampton,Brighton,15,2.0,2.0,0.0,0.20219332598511675
2122,Southampton,Arsenal,16,7.0,4.0,3.0,-0.4214516566829324
2122,Southampton,Crystal Palace,17,4.0,3.0,1.0,-0.18180481552530192
2122,Southampton,West Ham,18,10.0,10.0,0.0,-0.44406604308569186
2122,Southampton,Tottenham,19,2.0,2.0,0.0,-0.7357560481845387
2122,Southampton,Brentford,20,14.0,9.0,5.0,0.4134521867219336
2122,Southampton,Wolves,21,3.0,11.0,-8.0,-0.15495235043586641
2122,Southampton,Man City,22,7.0,7.0,0.0,0.37101496178316695
2122,Southampton,Tottenham,23,18.0,17.0,1.0,0.8439469087771243
2122,Southampton,Man United,24,2.0,3.0,-1.0,-0.4406983751666369
2122,Southampton,Everton,25,7.0,7.0,0.0,1.200986248361768
2122,Southampton,Norwich,26,6.0,6.0,0.0,1.2630865056356224
2122,Southampton,Aston Villa,27,7.0,6.0,1.0,0.30894265203582383
2122,Southampton,Newcastle,28,5.0,5.0,0.0,0.30136448501092117
2122,Southampton,Watford,29,2.0,2.0,0.0,-0.34889518931600105
2122,Southampton,Leeds,30,20.0,14.0,6.0,0.6410622008285849
2122,Southampton,Chelsea,31,7.0,7.0,0.0,-0.22388691433241636
2122,Southampton,Arsenal,32,7.0,7.0,0.0,-0.09120840851591305
2122,Southampton,Burnley,33,5.0,4.0,1.0,0.12923674475872704
2122,Southampton,Brighton,34,2.0,3.0,-1.0,-0.004159751325014449
2122,Southampton,Crystal Palace,35,6.0,4.0,2.0,-0.33811776561550855
2122,Southampton,Brentford,36,7.0,4.0,3.0,0.025447331192646083
2122,Southampton,Liverpool,37,10.0,6.0,4.0,-0.7234467655672074
2122,Southampton,Leicester,38,4.0,2.0,2.0,-0.9546633425881653
2122,Tottenham,Wolves,2,6.0,7.0,-1.0,-0.5872630843041425
2122,Tottenham,Watford,3,7.0,7.0,0.0,-1.4041051018259059
2122,Tottenham,Crystal Palace,4,12.0,13.0,-1.0,-1.090848119231079
2122,Tottenham,Chelsea,5,8.0,7.0,1.0,-0.4361382676453922
2122,Tottenham,Arsenal,6,7.0,8.0,-1.0,-0.35718240754128716
2122,Tottenham,Aston Villa,7,6.0,8.0,-2.0,-0.02783663154066529
2122,Tottenham,Newcastle,8,14.0,15.0,-1.0,-0.21959153223525596
2122,Tottenham,West Ham,9,6.0,7.0,-1.0,-0.8326057152095002
2122,Tottenham,Man United,10,6.0,6.0,0.0,-0.8248350322536699
2122,Tottenham,Everton,11,7.0,5.0,2.0,-1.0039745148443389
2122,Tottenham,Leeds,12,14.0,14.0,0.0,-0.20563271794805038
2122,Tottenham,Brentford,13,11.0,4.0,7.0,0.3645623013402255
2122,Tottenham,Norwich,14,2.0,4.0,-2.0,-0.6364680095352342
2122,Tottenham,Liverpool,15,14.0,2.0,12.0,1.5743890028587273
2122,Tottenham,Crystal Palace,16,6.0,10.0,-4.0,1.390444169121003
2122,Tottenham,Southampton,17,2.0,2.0,0.0,0.12433145446097105
2122,Tottenham,Watford,18,4.0,4.0,0.0,0.039147447313331085
2122,Tottenham,Leicester,19,18.0,21.0,-3.0,2.4446500265840445
2122,Tottenham,Chelsea,20,3.0,5.0,-2.0,-0.6034460803624204
2122,Tottenham,Southampton,21,17.0,18.0,-1.0,-0.6131898530115729
2122,Tottenham,Wolves,22,3.0,2.0,1.0,-1.0631983903412077
2122,Tottenham,Man City,23,6.0,7.0,-1.0,1.2561667029999979
2122,Tottenham,Burnley,24,4.0,4.0,0.0,-1.0300542917073883
2122,Tottenham,Leeds,25,2.0,2.0,0.0,0.4102105575321886
2122,Tottenham,Everton,26,9.0,9.0,0.0,1.0311355660604993
2122,Tottenham,Man United,27,4.0,6.0,-2.0,-0.7562678139169575
2122,Tottenham,Brighton,28,4.0,4.0,0.0,0.704104269397146
2122,Tottenham,West Ham,29,3.0,7.0,-4.0,0.7049128612723603
2122,Tottenham,Newcastle,30,13.0,16.0,-3.0,1.440660935161869
2122,Tottenham,Aston Villa,31,6.0,7.0,-1.0,-0.49398900909861765
2122,Tottenham,Brighton,32,6.0,6.0,0.0,-1.0645720919957262
2122,Tottenham,Brentford,33,7.0,7.0,0.0,-0.8767263396378822
2122,Tottenham,Leicester,34,7.0,7.0,0.0,-0.5542173354525832
2122,Tottenham,Liverpool,35,6.0,7.0,-1.0,-0.016231615832716262
2122,Tottenham,Arsenal,36,5.0,4.0,1.0,1.0261069529403974
2122,Tottenham,Burnley,37,2.0,7.0,-5.0,-0.4753763931820194
2122,Tottenham,Norwich,38,7.0,7.0,0.0,1.656921434451902
2122,Watford,Brighton,2,7.0,7.0,0.0,-0.3874274222702871
2122,Watford,Tottenham,3,7.0,7.0,0.0,-0.1628342031546699
2122,Watford,Wolves,4,13.0,12.0,1.0,-0.9355932056800315
2122,Watford,Norwich,5,7.0,7.0,0.0,1.1525378337697263
2122,Watford,Newcastle,6,7.0,7.0,0.0,-0.37378980884542745
2122,Watford,Leeds,7,7.0,7.0,0.0,-1.0217375227155288
2122,Watford,Liverpool,8,13.0,12.0,1.0,-0.41896321205792303
2122,Watford,Everton,9,7.0,6.0,1.0,2.0388158977039526
2122,Watford,Southampton,10,7.0,7.0,0.0,-0.5364935281701652
2122,Watford,Arsenal,11,8.0,8.0,0.0,-0.2967976500661484
2122,Watford,Man United,12,13.0,14.0,-1.0,0.8038323028488847
2122,Watford,Leicester,13,7.0,8.0,-1.0,0.5599888632162302
2122,Watford,Chelsea,14,3.0,3.0,0.0,0.3177043872022203
2122,Watford,Man City,15,2.0,2.0,0.0,0.13629827103938363
2122,Watford,Brentford,16,6.0,5.0,1.0,-0.2605863483420201
2122,Watford,West Ham,17,17.0,2.0,15.0,-0.07229409930454644
2122,Watford,Tottenham,18,4.0,4.0,0.0,-0.6259023039399181
2122,Watford,Newcastle,19,14.0,18.0,-4.0,0.4528898500768308
2122,Watford,Norwich,20,6.0,6.0,0.0,-0.2522531616828285
2122,Watford,Burnley,21,14.0,13.0,1.0,-0.0810981898707065
2122,Watford,West Ham,22,3.0,17.0,-14.0,-0.5517087936614549
2122,Watford,Brighton,23,3.0,20.0,-17.0,-0.44028553196786546
2122,Watford,Aston Villa,24,7.0,6.0,1.0,0.9493715126951208
2122,Watford,Crystal Palace,25,4.0,4.0,0.0,0.8754783255066816
2122,Watford,Man United,26,2.0,6.0,-4.0,-0.5172297280373281
2122,Watford,Arsenal,27,7.0,9.0,-2.0,0.33035263380185476
2122,Watford,Wolves,28,4.0,5.0,-1.0,-0.41657870543674697
2122,Watford,Southampton,29,2.0,2.0,0.0,0.1597182743400971
2122,Watford,Liverpool,30,19.0,16.0,3.0,0.16440808529585993
2122,Watford,Leeds,31,7.0,7.0,0.0,-0.41330071774923516
2122,Watford,Brentford,32,7.0,6.0,1.0,0.4968778799328528
2122,Watford,Man City,33,7.0,2.0,5.0,-0.01360513795981183
2122,Watford,Burnley,34,7.0,6.0,1.0,-0.45747606105230376
2122,Watford,Crystal Palace,35,7.0,7.0,0.0,-0.4334847227181354
2122,Watford,Everton,36,4.0,3.0,1.0,-1.0716827366991706
2122,Watford,Leicester,37,3.0,3.0,0.0,1.2881531951743372
2122,Watford,Chelsea,38,7.0,2.0,5.0,0.02612275036735534
2122,West Ham,Leicester,2,8.0,9.0,-1.0,0.556381227521032
2122,West Ham,Crystal Palace,3,4.0,7.0,-3.0,0.32620102756959857
2122,West Ham,Southampton,4,14.0,14.0,0.0,-0.7818711851407553
2122,West Ham,Man United,5,7.0,7.0,0.0,-0.6476008467107196
2122,West Ham,Leeds,6,6.0,7.0,-1.0,0.37548927079415684
2122,West Ham,Brentford,7,7.0,7.0,0.0,0.0343520109966573
2122,West Ham,Everton,8,14.0,15.0,-1.0,0.6154384956512036
2122,West Ham,Tottenham,9,7.0,6.0,1.0,0.4994717008690759
2122,West Ham,Aston Villa,10,7.0,8.0,-1.0,1.5061537989845009
2122,West Ham,Liverpool,11,7.0,8.0,-1.0,0.29440764439178024
2122,West Ham,Wolves,12,12.0,14.0,-2.0,-0.7800829012275883
2122,West Ham,Man City,13,7.0,7.0,0.0,-0.41290414980223134
2122,West Ham,Brighton,14,3.0,4.0,-1.0,-0.14669325614717943
2122,West Ham,Chelsea,15,2.0,2.0,0.0,0.3615734348519688
2122,West Ham,Burnley,16,8.0,7.0,1.0,-0.3502213035252566
2122,West Ham,Arsenal,17,3.0,4.0,-1.0,-0.7090157910956029
2122,West Ham,Southampton,18,10.0,10.0,0.0,-0.3086177931152341
2122,West Ham,Watford,19,2.0,17.0,-15.0,0.5922123282664311
2122,West Ham,Crystal Palace,20,4.0,4.0,0.0,0.5547876869731407
2122,West Ham,Norwich,21,11.0,15.0,-4.0,0.8211482826103618
2122,West Ham,Leeds,22,3.0,14.0,-11.0,0.37796250933615827
2122,West Ham,Man United,23,6.0,2.0,4.0,-1.0304045821521262
2122,West Ham,Watford,24,17.0,3.0,14.0,-0.9166492401318951
2122,West Ham,Leicester,25,4.0,2.0,2.0,-0.6672379836994852
2122,West Ham,Newcastle,26,5.0,5.0,0.0,-0.8503350163898998
2122,West Ham,Wolves,27,8.0,2.0,6.0,0.13258380315618035
2122,West Ham,Liverpool,28,6.0,9.0,-3.0,0.5556344518800141
2122,West Ham,Aston Villa,29,7.0,2.0,5.0,0.16669594367626916
2122,West Ham,Tottenham,30,7.0,3.0,4.0,-0.3635593761881909
2122,West Ham,Everton,31,13.0,16.0,-3.0,-0.23635768604933283
2122,West Ham,Brentford,32,7.0,7.0,0.0,-0.8478129346196658
2122,West Ham,Burnley,33,7.0,7.0,0.0,1.1394944282701844
2122,West Ham,Chelsea,34,6.0,3.0,3.0,-0.3414945574397095
2122,West Ham,Arsenal,35,7.0,8.0,-1.0,-0.8314237982974384
2122,West Ham,Norwich,36,6.0,7.0,-1.0,0.8068213429593811
2122,West Ham,Man City,37,7.0,3.0,4.0,0.29271772296393517
2122,West Ham,Brighton,38,7.0,7.0,0.0,-0.7872587368760249
2122,Wolves,Tottenham,2,7.0,6.0,1.0,0.5704543711322951
2122,Wolves,Man United,3,7.0,7.0,0.0,0.6124752392814852
2122,Wolves,Watford,4,12.0,13.0,-1.0,1.4262747098568513
2122,Wolves,Brentford,5,6.0,6.0,0.0,0.0038778206879137578
2122,Wolves,Southampton,6,8.0,7.0,1.0,-0.23820889271518653
2122,Wolves,Newcastle,7,6.0,7.0,-1.0,-0.1350336957073366
2122,Wolves,Aston Villa,8,14.0,13.0,1.0,1.3145069673177774
2122,Wolves,Leeds,9,7.0,7.0,0.0,-0.3707837962194298
2122,Wolves,Everton,10,9.0,9.0,0.0,0.37352865235129795
2122,Wolves,Crystal Palace,11,4.0,7.0,-3.0,-0.44314658785746136
2122,Wolves,West Ham,12,14.0,12.0,2.0,0.21910878436439662
2122,Wolves,Norwich,13,7.0,7.0,0.0,-0.9907803667388618
2122,Wolves,Burnley,14,4.0,11.0,-7.0,-0.5467751759970835
2122,Wolves,Liverpool,15,2.0,2.0,0.0,-0.6349445562381396
2122,Wolves,Man City,16,6.0,6.0,0.0,-0.3690369358513236
2122,Wolves,Brighton,17,4.0,11.0,-7.0,0.31296214899978136
2122,Wolves,Chelsea,18,3.0,2.0,1.0,-0.36005809949081397
2122,Wolves,Man United,19,15.0,3.0,12.0,-0.1251956595500876
2122,Wolves,Southampton,20,11.0,3.0,8.0,0.13191372861231554
2122,Wolves,Brentford,21,7.0,2.0,5.0,-0.6140129297546397
2122,Wolves,Arsenal,22,19.0,18.0,1.0,-0.3361624343794729
2122,Wolves,Tottenham,23,2.0,3.0,-1.0,1.1021024713759933
2122,Wolves,Leicester,24,7.0,7.0,0.0,-0.844713078643367
2122,Wolves,Arsenal,25,4.0,5.0,-1.0,0.31121290031135473
2122,Wolves,West Ham,26,2.0,8.0,-6.0,-0.00604612304250518
2122,Wolves,Crystal Palace,27,6.0,7.0,-1.0,-0.14317458370864844
2122,Wolves,Watford,28,5.0,4.0,1.0,0.16277358142677634
2122,Wolves,Everton,29,2.0,5.0,-3.0,-0.365546755811033
2122,Wolves,Leeds,30,5.0,5.0,0.0,-0.26501521370498304
2122,Wolves,Aston Villa,31,14.0,14.0,0.0,0.5414803704928006
2122,Wolves,Newcastle,32,6.0,5.0,1.0,-0.7492697549846064
2122,Wolves,Burnley,33,15.0,2.0,13.0,-0.43461097698388773
2122,Wolves,Brighton,34,6.0,6.0,0.0,-0.45928965701458613
2122,Wolves,Chelsea,35,7.0,6.0,1.0,1.1278264907425855
2122,Wolves,Man City,36,4.0,3.0,1.0,-0.13355821317878974
2122,Wolves,Norwich,37,3.0,3.0,0.0,-0.5783599295501085
2122,Wolves,Liverpool,38,7.0,4.0,3.0,0.5209582185892229
2223,Arsenal,Leicester,2,7.0,6.0,1.0,0.7310211797698556
2223,Arsenal,Bournemouth,3,7.0,7.0,0.0,-0.359643248398239
2223,Arsenal,Fulham,4,7.0,7.0,0.0,-0.18536310182549753
2223,Arsenal,Aston Villa,5,4.0,3.0,1.0,0.7944292286689856
2223,Arsenal,Man United,6,3.0,2.0,1.0,-0.1736382705531636
2223,Arsenal,Brentford,7,13.0,14.0,-1.0,-0.3398630156835929
2223,Arsenal,Tottenham,8,13.0,13.0,0.0,0.5043578064257332
2223,Arsenal,Liverpool,9,8.0,8.0,0.0,-0.08862944721614108
2223,Arsenal,Leeds,10,6.0,7.0,-1.0,-1.3397983857972977
2223,Arsenal,Southampton,11,7.0,3.0,4.0,-0.43638033245561125
2223,Arsenal,Nott'm Forest,12,7.0,8.0,-1.0,0.49824649406378896
2223,Arsenal,Chelsea,13,6.0,7.0,-1.0,0.6076521178383749
2223,Arsenal,Wolves,14,6.0,7.0,-1.0,0.2971651770192487
2223,Arsenal,West Ham,15,44.0,44.0,0.0,-0.17809058113884335
2223,Arsenal,Brighton,16,4.0,5.0,-1.0,1.758927943655696
2223,Arsenal,Newcastle,17,3.0,3.0,0.0,-0.5787959677242585
2223,Arsenal,Tottenham,18,11.0,10.0,1.0,0.4259564394457649
2223,Arsenal,Man United,19,7.0,4.0,3.0,0.9479760895819775
2223,Arsenal,Everton,20,12.0,13.0,-1.0,-1.4382661733773152
2223,Arsenal,Brentford,21,7.0,7.0,0.0,-0.6658261849531624
2223,Arsenal,Man City,22,4.0,3.0,1.0,-0.3597830858862715
2223,Arsenal,Aston Villa,23,2.0,5.0,-3.0,1.222537537427551
2223,Arsenal,Leicester,24,7.0,6.0,1.0,-1.1392540935250672
2223,Arsenal,Everton,25,4.0,4.0,0.0,0.4624303616679115
2223,Arsenal,Bournemouth,26,2.0,6.0,-4.0,-0.07303722598872708
2223,Arsenal,Fulham,27,7.0,5.0,2.0,0.4720116795708438
2223,Arsenal,Crystal Palace,28,7.0,3.0,4.0,-0.4425875792544358
2223,Arsenal,Leeds,29,13.0,13.0,0.0,-0.11309631165077816
2223,Arsenal,Liverpool,30,8.0,4.0,4.0,-0.21678729215456438
2223,Arsenal,West Ham,31,6.0,7.0,-1.0,0.269498904583654
2223,Arsenal,Southampton,32,5.0,6.0,-1.0,-0.0722488755095343
2223,Arsenal,Man City,33,5.0,11.0,-6.0,-0.6630517842006425
2223,Arsenal,Chelsea,34,6.0,6.0,0.0,0.6143691688499433
2223,Arsenal,Newcastle,35,4.0,7.0,-3.0,0.025528338157208674
2223,Arsenal,Brighton,36,7.0,5.0,2.0,-0.8321232081774425
2223,Arsenal,Nott'm Forest,37,6.0,7.0,-1.0,-1.5581399215963405
2223,Arsenal,Wolves,38,7.0,8.0,-1.0,0.596194107541955
2223,Aston Villa,Everton,2,6.0,6.0,0.0,1.0010683533392797
2223,Aston Villa,Crystal Palace,3,7.0,4.0,3.0,-0.22840220743021122
2223,Aston Villa,West Ham,4,7.0,7.0,0.0,-1.0159923337109107
2223,Aston Villa,Arsenal,5,3.0,4.0,-1.0,-0.5815706170355214
2223,Aston Villa,Man City,6,2.0,2.0,0.0,-0.5513933113876618
2223,Aston Villa,Southampton,7,13.0,13.0,0.0,-0.2337816332710545
2223,Aston Villa,Leeds,8,15.0,29.0,-14.0,0.5150732869179211
2223,Aston Villa,Nott'm Forest,9,8.0,7.0,1.0,-0.6518375509142365
2223,Aston Villa,Chelsea,10,5.0,7.0,-2.0,1.0593937966232758
2223,Aston Villa,Fulham,11,4.0,5.0,-1.0,-0.6762694679193963
2223,Aston Villa,Brentford,12,2.0,3.0,-1.0,1.395646906739897
2223,Aston Villa,Newcastle,13,6.0,5.0,1.0,-0.5376567703070109
2223,Aston Villa,Man United,14,8.0,6.0,2.0,-0.670653906214777
2223,Aston Villa,Brighton,15,7.0,7.0,0.0,-0.541200992205255
2223,Aston Villa,Liverpool,16,43.0,44.0,-1.0,0.31938602418298356
2223,Aston Villa,Tottenham,17,5.0,6.0,-1.0,0.18436688598732043
2223,Aston Villa,Wolves,18,3.0,4.0,-1.0,-0.5196901625530939
2223,Aston Villa,Leeds,19,9.0,9.0,0.0,-0.04587755657985593
2223,Aston Villa,Southampton,20,7.0,7.0,0.0,-0.12362202371526765
2223,Aston Villa,Leicester,21,14.0,14.0,0.0,0.0420346074850666
2223,Aston Villa,Man City,22,8.0,7.0,1.0,-0.402971930102278
2223,Aston Villa,Arsenal,23,5.0,2.0,3.0,-0.74049993243569
2223,Aston Villa,Everton,24,7.0,7.0,0.0,-0.06096789155000315
2223,Aston Villa,Crystal Palace,25,7.0,6.0,1.0,-0.3736386942319453
2223,Aston Villa,West Ham,26,7.0,7.0,0.0,0.913188974029336
2223,Aston Villa,Bournemouth,27,6.0,7.0,-1.0,1.8341788515803479
2223,Aston Villa,Chelsea,28,14.0,13.0,1.0,-0.3658692401986733
2223,Aston Villa,Leicester,29,3.0,3.0,0.0,-0.18791205025716073
2223,Aston Villa,Nott'm Forest,30,3.0,3.0,0.0,-0.17607286178956993
2223,Aston Villa,Newcastle,31,6.0,6.0,0.0,0.9278299571450626
2223,Aston Villa,Brentford,32,7.0,7.0,0.0,0.6051236561224147
2223,Aston Villa,Fulham,33,3.0,3.0,0.0,-0.8605222833684798
2223,Aston Villa,Man United,34,4.0,2.0,2.0,-0.5852231294172141
2223,Aston Villa,Wolves,35,6.0,7.0,-1.0,0.23444309789604234
2223,Aston Villa,Tottenham,36,7.0,7.0,0.0,0.5347286644098801
2223,Aston Villa,Liverpool,37,7.0,4.0,3.0,-0.4120320029832649
2223,Aston Villa,Brighton,38,8.0,3.0,5.0,1.4140269582319205
2223,Bournemouth,Man City,2,7.0,5.0,2.0,-0.4551672406305409
2223,Bournemouth,Arsenal,3,7.0,7.0,0.0,-0.7075112798575545
2223,Bournemouth,Liverpool,4,6.0,4.0,2.0,-0.7754995828493698
2223,Bournemouth,Wolves,5,4.0,3.0,1.0,-0.9629369609413533
2223,Bournemouth,Nott'm Forest,6,2.0,2.0,0.0,-0.21253407940328195
2223,Bournemouth,Newcastle,7,14.0,14.0,0.0,0.2867189399796529
2223,Bournemouth,Brentford,8,14.0,13.0,1.0,-0.35119010664580774
2223,Bournemouth,Leicester,9,7.0,4.0,3.0,-0.09488367490292582
2223,Bournemouth,Fulham,10,7.0,6.0,1.0,0.4434978249836816
2223,Bournemouth,Southampton,11,4.0,3.0,1.0,-0.5362746764209434
2223,Bournemouth,West Ham,12,5.0,5.0,0.0,-0.19006731156772494
2223,Bournemouth,Tottenham,13,4.0,5.0,-1.0,-0.19257693956608868
2223,Bournemouth,Leeds,14,7.0,6.0,1.0,0.37659451810636524
2223,Bournemouth,Everton,15,7.0,6.0,1.0,1.0341709000928616
2223,Bournemouth,Chelsea,16,45.0,45.0,0.0,-0.5230834878314659
2223,Bournemouth,Crystal Palace,17,3.0,5.0,-2.0,-0.18352458143213568
2223,Bournemouth,Man United,18,3.0,3.0,0.0,-0.19176620592065896
2223,Bournemouth,Brentford,19,10.0,12.0,-2.0,-0.6364535004495802
2223,Bournemouth,Nott'm Forest,20,6.0,7.0,-1.0,0.4367185410792054
2223,Bournemouth,Brighton,21,14.0,14.0,0.0,0.11055816603064361
2223,Bournemouth,Newcastle,22,7.0,7.0,0.0,0.69920875391063
2223,Bournemouth,Wolves,23,6.0,7.0,-1.0,0.07092635258244351
2223,Bournemouth,Man City,24,7.0,7.0,0.0,0.3759899794742605
2223,Bournemouth,Arsenal,25,6.0,2.0,4.0,0.9924500144219414
2223,Bournemouth,Liverpool,26,6.0,5.0,1.0,-0.07020014004551389
2223,Bournemouth,Aston Villa,27,7.0,6.0,1.0,-0.39315650956478265
2223,Bournemouth,Fulham,28,13.0,20.0,-7.0,1.6894431172913027
2223,Bournemouth,Brighton,29,3.0,3.0,0.0,0.17617287671903858
2223,Bournemouth,Leicester,30,3.0,3.0,0.0,0.9084268326976177
2223,Bournemouth,Tottenham,31,7.0,7.0,0.0,0.3240913957281192
2223,Bournemouth,West Ham,32,7.0,7.0,0.0,-0.15272561445176247
2223,Bournemouth,Southampton,33,4.0,5.0,-1.0,-0.1110219463908767
2223,Bournemouth,Leeds,34,2.0,4.0,-2.0,1.0728040588944476
2223,Bournemouth,Chelsea,35,6.0,3.0,3.0,0.034235032215826466
2223,Bournemouth,Crystal Palace,36,7.0,7.0,0.0,-0.6192408878699045
2223,Bournemouth,Man United,37,7.0,7.0,0.0,-0.25079151432278723
2223,Bournemouth,Everton,38,8.0,8.0,0.0,-0.729154525541131
2223,Brentford,Man United,2,6.0,6.0,0.0,-0.025985816191392175
2223,Brentford,Fulham,3,6.0,7.0,-1.0,0.022888199602024928
2223,Brentford,Everton,4,7.0,7.0,0.0,0.39849101133156006
2223,Brentford,Crystal Palace,5,3.0,3.0,0.0,0.4498248870896171
2223,Brentford,Leeds,6,3.0,3.0,0.0,0.07252205617883445
2223,Brentford,Arsenal,7,14.0,13.0,1.0,-0.677967918856761
2223,Brentford,Bournemouth,8,13.0,14.0,-1.0,-0.4515189166953739
2223,Brentford,Newcastle,9,7.0,7.0,0.0,-0.5415161755221358
2223,Brentford,Brighton,10,6.0,6.0,0.0,-0.15003245905240958
2223,Brentford,Chelsea,11,4.0,3.0,1.0,-0.11639352560218419
2223,Brentford,Aston Villa,12,3.0,2.0,1.0,-0.17958760593530854
2223,Brentford,Wolves,13,6.0,6.0,0.0,-0.46389255974090227
2223,Brentford,Nott'm Forest,14,7.0,6.0,1.0,-1.0222907737595086
2223,Brentford,Man City,15,6.0,6.0,0.0,2.52241264089854
2223,Brentford,Tottenham,16,44.0,43.0,1.0,0.8207712700205683
2223,Brentford,West Ham,17,4.0,3.0,1.0,0.2940761405774781
2223,Brentford,Liverpool,18,2.0,2.0,0.0,0.5461154341922325
2223,Brentford,Bournemouth,19,12.0,10.0,2.0,-1.2971319423813785
2223,Brentford,Leeds,20,7.0,8.0,-1.0,-1.3922713362474772
2223,Brentford,Southampton,21,13.0,14.0,-1.0,0.5821680803600646
2223,Brentford,Arsenal,22,7.0,7.0,0.0,1.1808432436893166
2223,Brentford,Crystal Palace,23,7.0,7.0,0.0,-0.8207377995225448
2223,Brentford,Fulham,24,16.0,10.0,6.0,-0.24125134542478732
2223,Brentford,Everton,25,4.0,6.0,-2.0,0.41147233465393507
2223,Brentford,Southampton,26,4.0,3.0,1.0,0.20824596003415263
2223,Brentford,Leicester,27,2.0,7.0,-5.0,-1.1723807389796146
2223,Brentford,Brighton,28,13.0,16.0,-3.0,0.22126807322202713
2223,Brentford,Man United,29,4.0,3.0,1.0,-0.5093792442192655
2223,Brentford,Newcastle,30,2.0,2.0,0.0,-0.5778039928372368
2223,Brentford,Wolves,31,7.0,7.0,0.0,0.07918273237444784
2223,Brentford,Aston Villa,32,7.0,7.0,0.0,0.581239079456709
2223,Brentford,Chelsea,33,4.0,11.0,-7.0,-0.5854472003914255
2223,Brentford,Nott'm Forest,34,2.0,2.0,0.0,-0.493935809835401
2223,Brentford,Liverpool,35,7.0,2.0,5.0,-1.0840894720954946
2223,Brentford,West Ham,36,7.0,6.0,1.0,2.9311439978204437
2223,Brentford,Tottenham,37,5.0,6.0,-1.0,-0.015644600224443694
2223,Brentford,Man City,38,8.0,3.0,5.0,0.498665724867265
2223,Brighton,Newcastle,2,6.0,7.0,-1.0,0.06548079190968537
2223,Brighton,West Ham,3,7.0,7.0,0.0,-0.6147239296549749
2223,Brighton,Leeds,4,6.0,6.0,0.0,-1.0263312807039509
2223,Brighton,Fulham,5,3.0,3.0,0.0,-1.1699231773438443
2223,Brighton,Leicester,6,4.0,2.0,2.0,-0.29953156875152076
2223,Brighton,Liverpool,7,27.0,28.0,-1.0,0.619999237085691
2223,Brighton,Tottenham,8,7.0,7.0,0.0,-1.0715508401770566
2223,Brighton,Brentford,9,6.0,6.0,0.0,0.5036394410129672
2223,Brighton,Nott'm Forest,10,3.0,3.0,0.0,-0.396235882993369
2223,Brighton,Man City,11,3.0,5.0,-2.0,-0.5282973453521281
2223,Brighton,Chelsea,12,7.0,6.0,1.0,0.7213568423788375
2223,Brighton,Wolves,13,7.0,7.0,0.0,-0.10064524139666409
2223,Brighton,Aston Villa,14,7.0,7.0,0.0,-1.1676789340222935
2223,Brighton,Southampton,15,43.0,44.0,-1.0,-0.9996728381360886
2223,Brighton,Arsenal,16,5.0,4.0,1.0,-0.5203369405229405
2223,Brighton,Everton,17,3.0,3.0,0.0,0.387958090890705
2223,Brighton,Liverpool,18,10.0,11.0,-1.0,0.2625763365484093
2223,Brighton,Leicester,19,7.0,7.0,0.0,0.09148186310352102
2223,Brighton,Bournemouth,20,14.0,14.0,0.0,0.03187512991263741
2223,Brighton,Crystal Palace,21,7.0,7.0,0.0,1.0414357144810875
2223,Brighton,Fulham,22,7.0,7.0,0.0,0.06538372465780817
2223,Brighton,West Ham,23,14.0,7.0,7.0,0.6811430468604174
2223,Brighton,Leeds,24,7.0,7.0,0.0,-0.638518532752749
2223,Brighton,Crystal Palace,25,4.0,4.0,0.0,-1.3811601761312715
2223,Brighton,Brentford,26,16.0,13.0,3.0,1.0337369509244625
2223,Brighton,Bournemouth,27,3.0,3.0,0.0,0.5722376747322819
2223,Brighton,Tottenham,28,3.0,4.0,-1.0,-0.1340262673098387
2223,Brighton,Chelsea,29,7.0,7.0,0.0,0.7577636732709234
2223,Brighton,Nott'm Forest,30,11.0,4.0,7.0,0.29097732432138157
2223,Brighton,Wolves,31,2.0,3.0,-1.0,1.1865316557801582
2223,Brighton,Man United,32,5.0,4.0,1.0,-0.6081131166833054
2223,Brighton,Everton,33,3.0,6.0,-3.0,0.6414532038210692
2223,Brighton,Arsenal,34,5.0,7.0,-2.0,0.8435493479973173
2223,Brighton,Newcastle,35,4.0,5.0,-1.0,-0.6662294806980644
2223,Brighton,Southampton,36,2.0,7.0,-5.0,-0.04370241601018643
2223,Brighton,Man City,37,3.0,3.0,0.0,0.8203680136151912
2223,Brighton,Aston Villa,38,3.0,8.0,-5.0,-0.39916659433970736
2223,Chelsea,Tottenham,2,7.0,8.0,-1.0,0.5026117910858241
2223,Chelsea,Leeds,3,6.0,7.0,-1.0,-0.7671687659578391
2223,Chelsea,Leicester,4,6.0,7.0,-1.0,0.20973253275163528
2223,Chelsea,Southampton,5,3.0,3.0,0.0,0.143768964286346
2223,Chelsea,West Ham,6,3.0,2.0,1.0,-0.6880511224870267
2223,Chelsea,Crystal Palace,7,28.0,28.0,0.0,0.16433223475434722
2223,Chelsea,Wolves,8,7.0,6.0,1.0,0.7910192100508642
2223,Chelsea,Aston Villa,9,7.0,5.0,2.0,0.13080837563497383
2223,Chelsea,Brentford,10,3.0,4.0,-1.0,-0.5636134414149848
2223,Chelsea,Man United,11,2.0,2.0,0.0,-0.8788053255887773
2223,Chelsea,Brighton,12,6.0,7.0,-1.0,0.08818764654280464
2223,Chelsea,Arsenal,13,7.0,6.0,1.0,-0.8584292471232973
2223,Chelsea,Newcastle,14,6.0,6.0,0.0,-0.4951826484488244
2223,Chelsea,Bournemouth,15,45.0,45.0,0.0,0.20137996836345007
2223,Chelsea,Nott'm Forest,16,4.0,4.0,0.0,-0.010158331622974304
2223,Chelsea,Man City,17,4.0,5.0,-1.0,-0.38429077774593534
2223,Chelsea,Fulham,18,6.0,8.0,-2.0,0.9327079318729035
2223,Chelsea,Crystal Palace,19,2.0,10.0,-8.0,0.7939803027119576
2223,Chelsea,Liverpool,20,5.0,6.0,-1.0,0.660833882231
2223,Chelsea,Fulham,21,13.0,11.0,2.0,-0.38129398679836735
2223,Chelsea,West Ham,22,7.0,6.0,1.0,-0.23883879781301143
2223,Chelsea,Southampton,23,7.0,7.0,0.0,-0.04959632207492626
2223,Chelsea,Tottenham,24,7.0,6.0,1.0,-0.8292212064052653
2223,Chelsea,Leeds,25,6.0,7.0,-1.0,0.08005255200184203
2223,Chelsea,Leicester,26,7.0,6.0,1.0,0.23786763326921578
2223,Chelsea,Everton,27,7.0,7.0,0.0,-0.621199456288192
2223,Chelsea,Aston Villa,28,13.0,14.0,-1.0,1.0261087638198503
2223,Chelsea,Liverpool,29,3.0,3.0,0.0,0.7391040666953661
2223,Chelsea,Wolves,30,3.0,7.0,-4.0,-0.5236388662547281
2223,Chelsea,Brighton,31,7.0,7.0,0.0,-0.7459686840165439
2223,Chelsea,Brentford,32,11.0,4.0,7.0,-0.16174878241987223
2223,Chelsea,Arsenal,33,6.0,6.0,0.0,-0.14333564702387014
2223,Chelsea,Bournemouth,34,3.0,6.0,-3.0,0.37037892330390854
2223,Chelsea,Nott'm Forest,35,7.0,4.0,3.0,-0.6949298664286642
2223,Chelsea,Man City,36,8.0,7.0,1.0,0.4397189750306093
2223,Chelsea,Man United,37,4.0,5.0,-1.0,0.6058766141596514
2223,Chelsea,Newcastle,38,2.0,5.0,-3.0,0.9729348591143767
2223,Crystal Palace,Liverpool,2,10.0,9.0,1.0,0.730844438760819
2223,Crystal Palace,Aston Villa,3,4.0,7.0,-3.0,0.9613289672021177
2223,Crystal Palace,Man City,4,7.0,5.0,2.0,-0.4613114894555999
2223,Crystal Palace,Brentford,5,3.0,3.0,0.0,-0.28248468983251174
2223,Crystal Palace,Newcastle,6,3.0,2.0,1.0,0.26114693876736894
2223,Crystal Palace,Chelsea,7,28.0,28.0,0.0,-0.42067463587757836
2223,Crystal Palace,Leeds,8,7.0,6.0,1.0,0.2719287231231673
2223,Crystal Palace,Leicester,9,5.0,6.0,-1.0,-0.6234371216343275
2223,Crystal Palace,Wolves,10,3.0,3.0,0.0,-0.00971438743018993
2223,Crystal Palace,Everton,11,3.0,2.0,1.0,-0.5122857000560712
2223,Crystal Palace,Southampton,12,7.0,6.0,1.0,-0.2828289440022649
2223,Crystal Palace,West Ham,13,8.0,6.0,2.0,0.15398015765420392
2223,Crystal Palace,Nott'm Forest,14,6.0,7.0,-1.0,-0.6833804400923265
2223,Crystal Palace,Fulham,15,44.0,42.0,2.0,-0.9646307255790076
2223,Crystal Palace,Bournemouth,16,5.0,3.0,2.0,0.6733765645153971
2223,Crystal Palace,Tottenham,17,4.0,3.0,1.0,-0.2444170708597151
2223,Crystal Palace,Chelsea,18,10.0,2.0,8.0,-0.08570154569971711
2223,Crystal Palace,Man United,19,3.0,4.0,-1.0,-0.6056139382113969
2223,Crystal Palace,Newcastle,20,3.0,6.0,-3.0,-0.47451762895027166
2223,Crystal Palace,Man United,21,13.0,12.0,1.0,0.5478448891536212
2223,Crystal Palace,Brighton,22,7.0,7.0,0.0,-0.005196375785476159
2223,Crystal Palace,Brentford,23,7.0,7.0,0.0,0.2566751256600287
2223,Crystal Palace,Liverpool,24,7.0,7.0,0.0,-0.13015158629167545
2223,Crystal Palace,Aston Villa,25,6.0,7.0,-1.0,-0.7006986490634675
2223,Crystal Palace,Man City,26,7.0,7.0,0.0,-0.4921514376996407
2223,Crystal Palace,Brighton,27,4.0,4.0,0.0,0.4523556442082787
2223,Crystal Palace,Arsenal,28,3.0,7.0,-4.0,0.4751763288603944
2223,Crystal Palace,Leicester,29,13.0,13.0,0.0,0.7463837254383856
2223,Crystal Palace,Leeds,30,7.0,4.0,3.0,2.1001178294447724
2223,Crystal Palace,Southampton,31,6.0,6.0,0.0,-0.187479984514885
2223,Crystal Palace,Everton,32,7.0,7.0,0.0,-0.9906864194253848
2223,Crystal Palace,Wolves,33,3.0,3.0,0.0,-0.4532758012823147
2223,Crystal Palace,West Ham,34,3.0,2.0,1.0,0.4805747330677297
2223,Crystal Palace,Tottenham,35,7.0,5.0,2.0,-0.5358914831722084
2223,Crystal Palace,Bournemouth,36,7.0,7.0,0.0,0.080521459911848
2223,Crystal Palace,Fulham,37,7.0,7.0,0.0,0.575894033447286
2223,Crystal Palace,Nott'm Forest,38,8.0,7.0,1.0,-0.2998706319575557
2223,Everton,Aston Villa,2,6.0,6.0,0.0,0.34176708914473064
2223,Everton,Nott'm Forest,3,7.0,6.0,1.0,-0.1492190699667575
2223,Everton,Brentford,4,7.0,7.0,0.0,0.6069573779406232
2223,Everton,Leeds,5,3.0,3.0,0.0,-0.19229435121661886
2223,Everton,Liverpool,6,3.0,2.0,1.0,0.0366037260057972
2223,Everton,West Ham,7,15.0,14.0,1.0,-0.9063820431731318
2223,Everton,Southampton,8,13.0,14.0,-1.0,0.7278774670990387
2223,Everton,Man United,9,8.0,7.0,1.0,-0.867825381128607
2223,Everton,Tottenham,10,5.0,7.0,-2.0,-0.46006804406333535
2223,Everton,Newcastle,11,4.0,3.0,1.0,-0.7374519909993664
2223,Everton,Crystal Palace,12,2.0,3.0,-1.0,0.6854508515089237
2223,Everton,Fulham,13,7.0,6.0,1.0,-0.17882470479232748
2223,Everton,Leicester,14,7.0,7.0,0.0,-0.06583351235496027
2223,Everton,Bournemouth,15,6.0,7.0,-1.0,-0.5379326649997509
2223,Everton,Wolves,16,44.0,43.0,1.0,-0.306104874739793
2223,Everton,Man City,17,5.0,2.0,3.0,-0.5938757843423563
2223,Everton,Brighton,18,3.0,3.0,0.0,-0.7223917619480889
2223,Everton,Southampton,19,10.0,9.0,1.0,-0.37588920773471335
2223,Everton,West Ham,20,7.0,7.0,0.0,-0.7779559332447998
2223,Everton,Arsenal,21,13.0,12.0,1.0,1.0290529022286
2223,Everton,Liverpool,22,9.0,9.0,0.0,-0.7040703940292146
2223,Everton,Leeds,23,4.0,6.0,-2.0,-0.1327008824766316
2223,Everton,Aston Villa,24,7.0,7.0,0.0,0.2755324917262365
2223,Everton,Arsenal,25,4.0,4.0,0.0,0.7361980030378843
2223,Everton,Nott'm Forest,26,3.0,7.0,-4.0,-0.3451296708231961
2223,Everton,Brentford,27,6.0,4.0,2.0,0.4328084176382463
2223,Everton,Chelsea,28,7.0,7.0,0.0,0.5291712334652303
2223,Everton,Tottenham,29,16.0,16.0,0.0,-0.426030617969119
2223,Everton,Man United,30,4.0,2.0,2.0,-0.05808387978959495
2223,Everton,Fulham,31,7.0,7.0,0.0,0.564092638948932
2223,Everton,Crystal Palace,32,7.0,7.0,0.0,-0.5856712591021166
2223,Everton,Newcastle,33,5.0,4.0,1.0,-0.20085831872442528
2223,Everton,Leicester,34,4.0,6.0,-2.0,1.3506122746558455
2223,Everton,Brighton,35,6.0,3.0,3.0,2.019460366715145
2223,Everton,Man City,36,5.0,7.0,-2.0,0.3655244906161068
2223,Everton,Wolves,37,6.0,7.0,-1.0,1.2183936519728105
2223,Everton,Bournemouth,38,8.0,8.0,0.0,-0.4710619408277763
2223,Fulham,Wolves,2,7.0,7.0,0.0,-0.783198827527385
2223,Fulham,Brentford,3,7.0,6.0,1.0,1.7609499015969374
2223,Fulham,Arsenal,4,7.0,7.0,0.0,0.1561259369490422
2223,Fulham,Brighton,5,3.0,3.0,0.0,0.06827732160882793
2223,Fulham,Tottenham,6,3.0,2.0,1.0,-0.5234443321708604
2223,Fulham,Nott'm Forest,7,13.0,13.0,0.0,0.20273653766861033
2223,Fulham,Newcastle,8,14.0,14.0,0.0,-0.18382496054944641
2223,Fulham,West Ham,9,7.0,7.0,0.0,-0.39478620175760115
2223,Fulham,Bournemouth,10,6.0,7.0,-1.0,-0.5636011138530257
2223,Fulham,Aston Villa,11,5.0,4.0,1.0,1.0080753126027306
2223,Fulham,Leeds,12,2.0,2.0,0.0,1.2648673131097423
2223,Fulham,Everton,13,6.0,7.0,-1.0,0.3048578998041669
2223,Fulham,Man City,14,6.0,7.0,-1.0,-0.5115753094270256
2223,Fulham,Man United,15,8.0,7.0,1.0,0.6077152512190958
2223,Fulham,Crystal Palace,16,42.0,44.0,-2.0,1.7949117824328324
2223,Fulham,Southampton,17,5.0,5.0,0.0,-0.6501394542846861
2223,Fulham,Leicester,18,3.0,3.0,0.0,0.2927826706352108
2223,Fulham,Chelsea,19,8.0,6.0,2.0,-0.5030602014272223
2223,Fulham,Newcastle,20,2.0,11.0,-9.0,-0.4796149503245024
2223,Fulham,Tottenham,21,8.0,4.0,4.0,-0.015026470462748964
2223,Fulham,Chelsea,22,11.0,13.0,-2.0,-0.49813255253266125
2223,Fulham,Nott'm Forest,23,7.0,6.0,1.0,0.2923970337695203
2223,Fulham,Brighton,24,7.0,7.0,0.0,-0.594432268055892
2223,Fulham,Wolves,25,6.0,6.0,0.0,-0.44656261116964613
2223,Fulham,Brentford,26,10.0,16.0,-6.0,0.7458367878555818
2223,Fulham,Arsenal,27,5.0,7.0,-2.0,-0.32460656063019333
2223,Fulham,Bournemouth,28,20.0,13.0,7.0,-0.5581956917710448
2223,Fulham,West Ham,29,7.0,2.0,5.0,-0.7004348104779594
2223,Fulham,Everton,30,7.0,7.0,0.0,0.7304187999712817
2223,Fulham,Leeds,31,6.0,4.0,2.0,-0.0446501317134711
2223,Fulham,Aston Villa,32,3.0,3.0,0.0,-0.836843205385277
2223,Fulham,Man City,33,4.0,3.0,1.0,-0.29605518093417094
2223,Fulham,Liverpool,34,3.0,3.0,0.0,-0.24143241099712953
2223,Fulham,Leicester,35,4.0,6.0,-2.0,0.4763701209533977
2223,Fulham,Southampton,36,5.0,4.0,1.0,0.14245737545482196
2223,Fulham,Crystal Palace,37,7.0,7.0,0.0,0.08638997168247187
2223,Fulham,Man United,38,8.0,2.0,6.0,0.22689097524191537
2223,Leeds,Southampton,2,7.0,7.0,0.0,0.7484507155892088
2223,Leeds,Chelsea,3,7.0,6.0,1.0,0.8661410885386798
2223,Leeds,Brighton,4,6.0,6.0,0.0,0.24296387991712365
2223,Leeds,Everton,5,3.0,3.0,0.0,-0.5693514080047759
2223,Leeds,Brentford,6,3.0,3.0,0.0,0.7676014441543146
2223,Leeds,Aston Villa,7,29.0,15.0,14.0,-0.9436252924545934
2223,Leeds,Crystal Palace,8,6.0,7.0,-1.0,0.06502946839842116
2223,Leeds,Arsenal,9,7.0,6.0,1.0,0.21786623393707782
2223,Leeds,Leicester,10,4.0,5.0,-1.0,0.041575237622895944
2223,Leeds,Fulham,11,2.0,2.0,0.0,0.31622401253668686
2223,Leeds,Liverpool,12,6.0,7.0,-1.0,0.526683839417939
2223,Leeds,Bournemouth,13,6.0,7.0,-1.0,-0.10676949115690415
2223,Leeds,Tottenham,14,7.0,5.0,2.0,0.7159890124944777
2223,Leeds,Man City,15,46.0,46.0,0.0,-0.201585373698979
2223,Leeds,Newcastle,16,2.0,5.0,-3.0,-0.2666063802903069
2223,Leeds,West Ham,17,4.0,5.0,-1.0,-0.022395815912128247
2223,Leeds,Aston Villa,18,9.0,9.0,0.0,1.44867615774851
2223,Leeds,Brentford,19,8.0,7.0,1.0,-0.8848148056501528
2223,Leeds,Nott'm Forest,20,14.0,14.0,0.0,-0.14561600346456016
2223,Leeds,Man United,21,3.0,4.0,-1.0,-0.43391928474203423
2223,Leeds,Man United,22,3.0,3.0,0.0,0.6806795902797358
2223,Leeds,Everton,23,6.0,4.0,2.0,-0.7210997014657131
2223,Leeds,Southampton,24,7.0,7.0,0.0,-0.8090631360342657
2223,Leeds,Chelsea,25,7.0,6.0,1.0,-0.4630026931678951
2223,Leeds,Brighton,26,7.0,7.0,0.0,-0.5126286315496538
2223,Leeds,Wolves,27,7.0,5.0,2.0,0.42657852665080864
2223,Leeds,Arsenal,28,13.0,13.0,0.0,-0.3542117551005007
2223,Leeds,Nott'm Forest,29,3.0,3.0,0.0,0.8783386013280614
2223,Leeds,Crystal Palace,30,4.0,7.0,-3.0,-0.20476689134218407
2223,Leeds,Liverpool,31,8.0,8.0,0.0,-0.16265131702951918
2223,Leeds,Fulham,32,4.0,6.0,-2.0,-0.2704261738698335
2223,Leeds,Leicester,33,3.0,3.0,0.0,0.6842118729009454
2223,Leeds,Bournemouth,34,4.0,2.0,2.0,0.054285012735832305
2223,Leeds,Man City,35,6.0,2.0,4.0,-0.5166173710719904
2223,Leeds,Newcastle,36,6.0,5.0,1.0,0.29464184235675317
2223,Leeds,West Ham,37,8.0,6.0,2.0,-0.39934515420922223
2223,Leeds,Tottenham,38,7.0,8.0,-1.0,-0.034877035802329814
2223,Leicester,Arsenal,2,6.0,7.0,-1.0,-0.1390635967636824
2223,Leicester,Southampton,3,7.0,7.0,0.0,-1.2465304344667
2223,Leicester,Chelsea,4,7.0,6.0,1.0,0.8916651533198943
2223,Leicester,Man United,5,5.0,5.0,0.0,-0.5642980473620415
2223,Leicester,Brighton,6,2.0,4.0,-2.0,0.1831904957158772
2223,Leicester,Tottenham,7,13.0,14.0,-1.0,-0.14204196490569376
2223,Leicester,Nott'm Forest,8,16.0,17.0,-1.0,-0.2641599431283539
2223,Leicester,Bournemouth,9,4.0,7.0,-3.0,-0.06813090699726132
2223,Leicester,Crystal Palace,10,6.0,5.0,1.0,-0.22032698349010793
2223,Leicester,Leeds,11,5.0,4.0,1.0,-0.9422847290998435
2223,Leicester,Wolves,12,2.0,4.0,-2.0,-0.2074098741412772
2223,Leicester,Man City,13,5.0,6.0,-1.0,-0.09086603401282956
2223,Leicester,Everton,14,7.0,7.0,0.0,0.9835712855335217
2223,Leicester,West Ham,15,6.0,6.0,0.0,-0.17359053676347147
2223,Leicester,Newcastle,16,44.0,43.0,1.0,-0.6239898011833432
2223,Leicester,Liverpool,17,4.0,4.0,0.0,-0.19456568287981402
2223,Leicester,Fulham,18,3.0,3.0,0.0,-0.1527017842237517
2223,Leicester,Nott'm Forest,19,10.0,9.0,1.0,-0.43261598420264835
2223,Leicester,Brighton,20,7.0,7.0,0.0,0.2787968027829557
2223,Leicester,Aston Villa,21,14.0,14.0,0.0,1.5098549025953993
2223,Leicester,Tottenham,22,7.0,5.0,2.0,0.21747942513623997
2223,Leicester,Man United,23,7.0,7.0,0.0,0.4336890652056238
2223,Leicester,Arsenal,24,6.0,7.0,-1.0,-0.9958968192608239
2223,Leicester,Southampton,25,7.0,7.0,0.0,0.4543800399400111
2223,Leicester,Chelsea,26,6.0,7.0,-1.0,1.0526447612257466
2223,Leicester,Brentford,27,7.0,2.0,5.0,0.41958628440487566
2223,Leicester,Crystal Palace,28,13.0,13.0,0.0,-0.7757169231550151
2223,Leicester,Aston Villa,29,3.0,3.0,0.0,-0.5384566492712055
2223,Leicester,Bournemouth,30,3.0,3.0,0.0,-0.798238167854751
2223,Leicester,Man City,31,7.0,7.0,0.0,1.286421301833794
2223,Leicester,Wolves,32,6.0,7.0,-1.0,0.4427022603440114
2223,Leicester,Leeds,33,3.0,3.0,0.0,0.781585008878366
2223,Leicester,Everton,34,6.0,4.0,2.0,0.9906838363579191
2223,Leicester,Fulham,35,6.0,4.0,2.0,0.005780971419662384
2223,Leicester,Liverpool,36,7.0,9.0,-2.0,-0.7681599304528284
2223,Leicester,Newcastle,37,7.0,4.0,3.0,-0.6794854896545587
2223,Leicester,West Ham,38,5.0,7.0,-2.0,0.7832127113082756
2223,Liverpool,Crystal Palace,2,9.0,10.0,-1.0,0.14299108889875756
2223,Liverpool,Man United,3,7.0,9.0,-2.0,-0.16554652129540104
2223,Liverpool,Bournemouth,4,4.0,6.0,-2.0,2.1774937455802865
2223,Liverpool,Newcastle,5,4.0,3.0,1.0,0.1219198298320241
2223,Liverpool,Everton,6,2.0,3.0,-1.0,-0.8656024421965713
2223,Liverpool,Brighton,7,28.0,27.0,1.0,0.25689545619512133
2223,Liverpool,Arsenal,8,8.0,8.0,0.0,-0.6896101467872756
2223,Liverpool,Man City,9,7.0,8.0,-1.0,0.6238260618366749
2223,Liverpool,West Ham,10,3.0,3.0,0.0,0.0544798136130078
2223,Liverpool,Nott'm Forest,11,2.0,3.0,-1.0,0.030415903351752593
2223,Liverpool,Leeds,12,7.0,6.0,1.0,-0.8920147731685217
2223,Liverpool,Tottenham,13,7.0,8.0,-1.0,-0.244601445378537
2223,Liverpool,Southampton,14,5.0,6.0,-1.0,0.13272511761696926
2223,Liverpool,Aston Villa,15,44.0,43.0,1.0,1.774737339903949
2223,Liverpool,Leicester,16,4.0,4.0,0.0,-0.3872261857217745
2223,Liverpool,Brentford,17,2.0,2.0,0.0,0.3482847948458525
2223,Liverpool,Brighton,18,11.0,10.0,1.0,-0.2583774911526773
2223,Liverpool,Chelsea,19,6.0,5.0,1.0,-0.9933311530438638
2223,Liverpool,Wolves,20,14.0,13.0,1.0,-0.7958286475714362
2223,Liverpool,Everton,21,9.0,9.0,0.0,-0.5249913774257844
2223,Liverpool,Newcastle,22,4.0,7.0,-3.0,0.8270580224415622
2223,Liverpool,Crystal Palace,23,7.0,7.0,0.0,-0.35763811071936824
2223,Liverpool,Wolves,24,4.0,5.0,-1.0,0.1326399639920406
2223,Liverpool,Man United,25,3.0,14.0,-11.0,1.3745980966284645
2223,Liverpool,Bournemouth,26,5.0,6.0,-1.0,-0.8170095695371253
2223,Liverpool,Man City,27,20.0,20.0,0.0,-0.8047948743498301
2223,Liverpool,Chelsea,28,3.0,3.0,0.0,-1.6712635563027598
2223,Liverpool,Arsenal,29,4.0,8.0,-4.0,2.097203454316011
2223,Liverpool,Leeds,30,8.0,8.0,0.0,0.367876127696833
2223,Liverpool,Nott'm Forest,31,4.0,5.0,-1.0,0.6732477985816732
2223,Liverpool,West Ham,32,4.0,3.0,1.0,-0.08047329080610544
2223,Liverpool,Tottenham,33,3.0,2.0,1.0,-0.4265149659374654
2223,Liverpool,Fulham,34,3.0,3.0,0.0,-1.9012894811519137
2223,Liverpool,Brentford,35,2.0,7.0,-5.0,-0.15909289541585192
2223,Liverpool,Leicester,36,9.0,7.0,2.0,-0.19838332284596016
2223,Liverpool,Aston Villa,37,4.0,7.0,-3.0,-1.203040346865536
2223,Liverpool,Southampton,38,8.0,7.0,1.0,1.8712482518437463
2223,Man City,Bournemouth,2,5.0,7.0,-2.0,-0.9570981397338725
2223,Man City,Newcastle,3,8.0,8.0,0.0,2.352907860714546
2223,Man City,Crystal Palace,4,5.0,7.0,-2.0,0.3197276824109405
2223,Man City,Nott'm Forest,5,4.0,3.0,1.0,1.2181308367728807
2223,Man City,Aston Villa,6,2.0,2.0,0.0,0.21190156688728434
2223,Man City,Wolves,7,13.0,13.0,0.0,-0.6460993572545335
2223,Man City,Man United,8,15.0,27.0,-12.0,0.970009054501745
2223,Man City,Southampton,9,6.0,7.0,-1.0,0.1580886009494611
2223,Man City,Liverpool,10,8.0,7.0,1.0,-0.9189718343271837
2223,Man City,Brighton,11,5.0,3.0,2.0,-0.7685845048374356
2223,Man City,Leicester,12,6.0,5.0,1.0,-1.23962940633731
2223,Man City,Fulham,13,7.0,6.0,1.0,-1.1448578060646935
2223,Man City,Brentford,14,6.0,6.0,0.0,-0.5179354692113485
2223,Man City,Leeds,15,46.0,46.0,0.0,1.905541033813566
2223,Man City,Everton,16,2.0,5.0,-3.0,-0.3584709353297435
2223,Man City,Chelsea,17,5.0,4.0,1.0,-0.12923702660207326
2223,Man City,Man United,18,8.0,10.0,-2.0,-0.9295036145628135
2223,Man City,Tottenham,19,5.0,4.0,1.0,0.27462107977014627
2223,Man City,Wolves,20,2.0,7.0,-5.0,0.03076125513363026
2223,Man City,Tottenham,21,14.0,12.0,2.0,-0.9139497811901374
2223,Man City,Aston Villa,22,7.0,8.0,-1.0,0.7549223464148227
2223,Man City,Arsenal,23,3.0,4.0,-1.0,0.5726914197718602
2223,Man City,Nott'm Forest,24,2.0,7.0,-5.0,0.6709229133534542
2223,Man City,Bournemouth,25,7.0,7.0,0.0,0.820233683073992
2223,Man City,Newcastle,26,6.0,13.0,-7.0,-0.27637241306965876
2223,Man City,Crystal Palace,27,7.0,7.0,0.0,-0.25926932886743104
2223,Man City,Liverpool,28,20.0,20.0,0.0,0.7705331753830715
2223,Man City,Southampton,29,7.0,6.0,1.0,0.1945383962660383
2223,Man City,Leicester,30,7.0,7.0,0.0,-1.5344314140874755
2223,Man City,Arsenal,31,11.0,5.0,6.0,0.2532562020142344
2223,Man City,Fulham,32,3.0,4.0,-1.0,-0.7051624668493919
2223,Man City,West Ham,33,3.0,4.0,-1.0,0.8415165262613189
2223,Man City,Leeds,34,2.0,6.0,-4.0,-0.6906914242148785
2223,Man City,Everton,35,7.0,5.0,2.0,-1.1789171385006671
2223,Man City,Chelsea,36,7.0,8.0,-1.0,-1.0589754908812654
2223,Man City,Brighton,37,3.0,3.0,0.0,0.40307125478486383
2223,Man City,Brentford,38,3.0,8.0,-5.0,-0.5468452183150729
2223,Man United,Brentford,2,6.0,6.0,0.0,-0.6770416196982941
2223,Man United,Liverpool,3,9.0,7.0,2.0,-0.016982135987867686
2223,Man United,Southampton,4,4.0,6.0,-2.0,-0.566149213026494
2223,Man United,Leicester,5,5.0,5.0,0.0,-0.6640840422496803
2223,Man United,Arsenal,6,2.0,3.0,-1.0,0.4331913665817244
2223,Man United,Man City,7,27.0,15.0,12.0,-0.05362561656414366
2223,Man United,Everton,8,7.0,8.0,-1.0,-0.1907145398805521
2223,Man United,Newcastle,9,6.0,7.0,-1.0,-0.052177481477282406
2223,Man United,Tottenham,10,3.0,4.0,-1.0,-0.16620072833168242
2223,Man United,Chelsea,11,2.0,2.0,0.0,-0.9470766076294835
2223,Man United,West Ham,12,8.0,5.0,3.0,-0.20668582949292746
2223,Man United,Aston Villa,13,6.0,8.0,-2.0,-1.0342848920717778
2223,Man United,Fulham,14,7.0,8.0,-1.0,1.3188975736198505
2223,Man United,Nott'm Forest,15,44.0,45.0,-1.0,-0.2405969287582268
2223,Man United,Wolves,16,3.0,4.0,-1.0,0.5683902785199422
2223,Man United,Bournemouth,17,3.0,3.0,0.0,0.570888628992718
2223,Man United,Man City,18,10.0,8.0,2.0,0.7504052280388371
2223,Man United,Crystal Palace,19,4.0,3.0,1.0,-0.13620394486861653
2223,Man United,Arsenal,20,4.0,7.0,-3.0,-1.0307331435118252
2223,Man United,Crystal Palace,21,12.0,13.0,-1.0,-0.5654197205150455
2223,Man United,Leeds,22,4.0,3.0,1.0,-0.5086033382046797
2223,Man United,Leeds,23,3.0,3.0,0.0,-0.744532631018263
2223,Man United,Leicester,24,7.0,7.0,0.0,2.086413998847073
2223,Man United,Liverpool,25,14.0,3.0,11.0,-0.8236871119622877
2223,Man United,Southampton,26,6.0,7.0,-1.0,-1.4280786365336295
2223,Man United,Newcastle,27,21.0,15.0,6.0,-0.8646601380943215
2223,Man United,Brentford,28,3.0,4.0,-1.0,-0.782159358942287
2223,Man United,Everton,29,2.0,4.0,-2.0,1.915623313052274
2223,Man United,Nott'm Forest,30,8.0,8.0,0.0,1.3964699629921395
2223,Man United,Tottenham,31,11.0,4.0,7.0,0.4334193133260442
2223,Man United,Aston Villa,32,2.0,4.0,-2.0,-0.5945973306907422
2223,Man United,Brighton,33,4.0,5.0,-1.0,-0.06446143077020428
2223,Man United,West Ham,34,2.0,3.0,-1.0,-0.4045387171992667
2223,Man United,Wolves,35,5.0,7.0,-2.0,0.7999738684220516
2223,Man United,Bournemouth,36,7.0,7.0,0.0,-0.2441245512895529
2223,Man United,Chelsea,37,5.0,4.0,1.0,2.105973181376416
2223,Man United,Fulham,38,2.0,8.0,-6.0,0.22740059644971922
2223,Newcastle,Brighton,2,7.0,6.0,1.0,-1.2571323757730544
2223,Newcastle,Man City,3,8.0,8.0,0.0,0.9314146584598186
2223,Newcastle,Wolves,4,6.0,8.0,-2.0,-0.020632098750513528
2223,Newcastle,Liverpool,5,3.0,4.0,-1.0,-1.0843151093792225
2223,Newcastle,Crystal Palace,6,2.0,3.0,-1.0,0.9569299744056023
2223,Newcastle,Bournemouth,7,14.0,14.0,0.0,-1.7129164907721313
2223,Newcastle,Fulham,8,14.0,14.0,0.0,2.5317014038332997
2223,Newcastle,Brentford,9,7.0,7.0,0.0,0.44237222081818706
2223,Newcastle,Man United,10,7.0,6.0,1.0,-0.7848932714081
2223,Newcastle,Everton,11,3.0,4.0,-1.0,-1.4353048169894669
2223,Newcastle,Tottenham,12,3.0,3.0,0.0,-0.46369568692959606
2223,Newcastle,Aston Villa,13,5.0,6.0,-1.0,1.450505642579758
2223,Newcastle,Southampton,14,8.0,8.0,0.0,-0.5653289652178641
2223,Newcastle,Chelsea,15,6.0,6.0,0.0,-0.7775100817320744
2223,Newcastle,Leicester,16,43.0,44.0,-1.0,-0.8318691228535326
2223,Newcastle,Leeds,17,5.0,2.0,3.0,0.1791636266055887
2223,Newcastle,Arsenal,18,3.0,3.0,0.0,-0.3957187136170687
2223,Newcastle,Fulham,19,11.0,2.0,9.0,-0.6587871565026748
2223,Newcastle,Crystal Palace,20,6.0,3.0,3.0,-0.14812535584650766
2223,Newcastle,West Ham,21,14.0,14.0,0.0,-0.8077947673151733
2223,Newcastle,Bournemouth,22,7.0,7.0,0.0,-0.4921186637706718
2223,Newcastle,Liverpool,23,7.0,4.0,3.0,-0.36771094956653316
2223,Newcastle,Man City,24,13.0,6.0,7.0,-0.6863353785794846
2223,Newcastle,Wolves,25,8.0,8.0,0.0,0.06176235509616568
2223,Newcastle,Nott'm Forest,26,5.0,6.0,-1.0,-0.2797536626883108
2223,Newcastle,Man United,27,15.0,21.0,-6.0,1.4050051593215105
2223,Newcastle,West Ham,28,3.0,3.0,0.0,1.1780457787942793
2223,Newcastle,Brentford,29,2.0,2.0,0.0,-0.6128059357943663
2223,Newcastle,Aston Villa,30,6.0,6.0,0.0,-1.1886176011616072
2223,Newcastle,Tottenham,31,8.0,7.0,1.0,2.0341455797871317
2223,Newcastle,Everton,32,4.0,5.0,-1.0,0.7659501080671558
2223,Newcastle,Southampton,33,2.0,2.0,0.0,1.4817633515337714
2223,Newcastle,Arsenal,34,7.0,4.0,3.0,-0.2876182159942402
2223,Newcastle,Leeds,35,5.0,6.0,-1.0,-1.3015993678562938
2223,Newcastle,Brighton,36,5.0,4.0,1.0,2.34859434126712
2223,Newcastle,Leicester,37,4.0,7.0,-3.0,-0.19597239205250538
2223,Newcastle,Chelsea,38,5.0,2.0,3.0,-0.22632675193500473
2223,Nott'm Forest,West Ham,2,7.0,6.0,1.0,0.9870704476698862
2223,Nott'm Forest,Everton,3,6.0,7.0,-1.0,-0.0958565241567102
2223,Nott'm Forest,Tottenham,4,8.0,8.0,0.0,-0.14194860406940857
2223,Nott'm Forest,Man City,5,3.0,4.0,-1.0,0.22398152736095334
2223,Nott'm Forest,Bournemouth,6,2.0,2.0,0.0,-0.640547545636214
2223,Nott'm Forest,Fulham,7,13.0,13.0,0.0,0.14808971664138149
2223,Nott'm Forest,Leicester,8,17.0,16.0,1.0,0.334770734524538
2223,Nott'm Forest,Aston Villa,9,7.0,8.0,-1.0,-0.734174140575973
2223,Nott'm Forest,Wolves,10,4.0,7.0,-3.0,-0.45836254298155904
2223,Nott'm Forest,Brighton,11,3.0,3.0,0.0,-0.5017057342544138
2223,Nott'm Forest,Liverpool,12,3.0,2.0,1.0,1.4785139277911183
2223,Nott'm Forest,Arsenal,13,8.0,7.0,1.0,-0.449080116791076
2223,Nott'm Forest,Brentford,14,6.0,7.0,-1.0,0.3281333461759266
2223,Nott'm Forest,Crystal Palace,15,7.0,6.0,1.0,0.2948716973528802
2223,Nott'm Forest,Man United,16,45.0,44.0,1.0,-0.28342977257993457
2223,Nott'm Forest,Chelsea,17,4.0,4.0,0.0,-0.04823305833219382
2223,Nott'm Forest,Southampton,18,3.0,4.0,-1.0,0.26292169420004885
2223,Nott'm Forest,Leicester,19,9.0,10.0,-1.0,0.6668586618828283
2223,Nott'm Forest,Bournemouth,20,7.0,6.0,1.0,0.5888650488761635
2223,Nott'm Forest,Leeds,21,14.0,14.0,0.0,-0.9289941943472593
2223,Nott'm Forest,Fulham,22,6.0,7.0,-1.0,-0.34791818217597636
2223,Nott'm Forest,Man City,23,7.0,2.0,5.0,0.5078979376984266
2223,Nott'm Forest,West Ham,24,7.0,5.0,2.0,-0.4530817387339529
2223,Nott'm Forest,Everton,25,7.0,3.0,4.0,-0.44239297641055586
2223,Nott'm Forest,Tottenham,26,6.0,7.0,-1.0,0.09668465764219891
2223,Nott'm Forest,Newcastle,27,6.0,5.0,1.0,-0.2063227862708632
2223,Nott'm Forest,Wolves,28,14.0,13.0,1.0,-0.04275866391994487
2223,Nott'm Forest,Leeds,29,3.0,3.0,0.0,-0.4160682946422358
2223,Nott'm Forest,Aston Villa,30,3.0,3.0,0.0,-0.5477114743447856
2223,Nott'm Forest,Man United,31,8.0,8.0,0.0,0.12144600573365294
2223,Nott'm Forest,Liverpool,32,5.0,4.0,1.0,-0.11068822819170543
2223,Nott'm Forest,Brighton,33,4.0,11.0,-7.0,0.06281964892927105
2223,Nott'm Forest,Brentford,34,2.0,2.0,0.0,0.14866501828774514
2223,Nott'm Forest,Southampton,35,9.0,8.0,1.0,-0.02406821695772421
2223,Nott'm Forest,Chelsea,36,4.0,7.0,-3.0,1.1241766416400054
2223,Nott'm Forest,Arsenal,37,7.0,6.0,1.0,0.337222548888383
2223,Nott'm Forest,Crystal Palace,38,7.0,8.0,-1.0,-0.3332148708593752
2223,Southampton,Leeds,2,7.0,7.0,0.0,0.10701395517788459
2223,Southampton,Leicester,3,7.0,7.0,0.0,0.32611992757988895
2223,Southampton,Man United,4,6.0,4.0,2.0,0.3974839118655664
2223,Southampton,Chelsea,5,3.0,3.0,0.0,0.3741867080464305
2223,Southampton,Wolves,6,3.0,2.0,1.0,0.2332028443083023
2223,Southampton,Aston Villa,7,13.0,13.0,0.0,-0.5869405216359578
2223,Southampton,Everton,8,14.0,13.0,1.0,0.6775547816697862
2223,Southampton,Man City,9,7.0,6.0,1.0,-0.42088091336192957
2223,Southampton,West Ham,10,7.0,7.0,0.0,-0.49180234316524774
2223,Southampton,Bournemouth,11,3.0,4.0,-1.0,0.22049072147023074
2223,Southampton,Arsenal,12,3.0,7.0,-4.0,-0.2056208009899929
2223,Southampton,Crystal Palace,13,6.0,7.0,-1.0,0.5636349223809433
2223,Southampton,Newcastle,14,8.0,8.0,0.0,0.8902386546787362
2223,Southampton,Liverpool,15,6.0,5.0,1.0,0.57206256875198
2223,Southampton,Brighton,16,44.0,43.0,1.0,-0.022816673195691806
2223,Southampton,Fulham,17,5.0,5.0,0.0,-0.3692938879733175
2223,Southampton,Nott'm Forest,18,4.0,3.0,1.0,-0.6044789732392462
2223,Southampton,Everton,19,9.0,10.0,-1.0,0.03734703210478707
2223,Southampton,Aston Villa,20,7.0,7.0,0.0,-0.3137921835351718
2223,Southampton,Brentford,21,14.0,13.0,1.0,-0.17207127823518942
2223,Southampton,Wolves,22,7.0,7.0,0.0,0.10766312237146858
2223,Southampton,Chelsea,23,7.0,7.0,0.0,-0.25138584474544046
2223,Southampton,Leeds,24,7.0,7.0,0.0,-0.671967086067986
2223,Southampton,Leicester,25,7.0,7.0,0.0,-0.5390344943652453
2223,Southampton,Man United,26,7.0,6.0,1.0,0.3955770943986693
2223,Southampton,Brentford,27,3.0,4.0,-1.0,-0.6409934464613893
2223,Southampton,Tottenham,28,2.0,7.0,-5.0,0.785958614337355
2223,Southampton,West Ham,29,14.0,20.0,-6.0,-0.5115128058327664
2223,Southampton,Man City,30,6.0,7.0,-1.0,-0.14656389861850355
2223,Southampton,Crystal Palace,31,6.0,6.0,0.0,-0.29450156895212043
2223,Southampton,Arsenal,32,6.0,5.0,1.0,0.7543606689322095
2223,Southampton,Bournemouth,33,5.0,4.0,1.0,-0.7701352748560606
2223,Southampton,Newcastle,34,2.0,2.0,0.0,0.27498317136743333
2223,Southampton,Nott'm Forest,35,8.0,9.0,-1.0,1.542376486770615
2223,Southampton,Fulham,36,4.0,5.0,-1.0,-1.1584104186354982
2223,Southampton,Brighton,37,7.0,2.0,5.0,0.14455394514212094
2223,Southampton,Liverpool,38,7.0,8.0,-1.0,0.28363495361703994
2223,Tottenham,Chelsea,2,8.0,7.0,1.0,0.30317827629570737
2223,Tottenham,Wolves,3,5.0,6.0,-1.0,-0.2946482962158117
2223,Tottenham,Nott'm Forest,4,8.0,8.0,0.0,0.19843720234248163
2223,Tottenham,West Ham,5,3.0,3.0,0.0,-0.4999624348998435
2223,Tottenham,Fulham,6,2.0,3.0,-1.0,0.7498968599382914
2223,Tottenham,Leicester,7,14.0,13.0,1.0,0.3333378773785418
2223,Tottenham,Arsenal,8,13.0,13.0,0.0,-0.2554260834655411
2223,Tottenham,Brighton,9,7.0,7.0,0.0,-0.2884592436990594
2223,Tottenham,Everton,10,7.0,5.0,2.0,-0.157077908102758
2223,Tottenham,Man United,11,4.0,3.0,1.0,-0.4986467397809964
2223,Tottenham,Newcastle,12,3.0,3.0,0.0,0.44173334129692776
2223,Tottenham,Bournemouth,13,5.0,4.0,1.0,0.6934442161084609
2223,Tottenham,Liverpool,14,8.0,7.0,1.0,0.2606038633889731
2223,Tottenham,Leeds,15,5.0,7.0,-2.0,0.6609917385842632
2223,Tottenham,Brentford,16,43.0,44.0,-1.0,-0.3198278177234136
2223,Tottenham,Aston Villa,17,6.0,5.0,1.0,-0.8845203086300528
2223,Tottenham,Crystal Palace,18,3.0,4.0,-1.0,0.49404766837436265
2223,Tottenham,Arsenal,19,10.0,11.0,-1.0,0.48928386300250293
2223,Tottenham,Man City,20,4.0,5.0,-1.0,0.395418190520356
2223,Tottenham,Fulham,21,4.0,8.0,-4.0,-0.5806412291897838
2223,Tottenham,Man City,22,12.0,14.0,-2.0,0.4791322035976291
2223,Tottenham,Leicester,23,5.0,7.0,-2.0,-0.2324313756407297
2223,Tottenham,West Ham,24,8.0,8.0,0.0,-0.06777569794181426
2223,Tottenham,Chelsea,25,6.0,7.0,-1.0,-0.646170198537298
2223,Tottenham,Wolves,26,6.0,2.0,4.0,-0.18172015788352036
2223,Tottenham,Nott'm Forest,27,7.0,6.0,1.0,-0.8452795584385823
2223,Tottenham,Southampton,28,7.0,2.0,5.0,0.42352588419879655
2223,Tottenham,Everton,29,16.0,16.0,0.0,-0.9125472633545474
2223,Tottenham,Brighton,30,4.0,3.0,1.0,-0.7042390543361947
2223,Tottenham,Bournemouth,31,7.0,7.0,0.0,0.46747073494291014
2223,Tottenham,Newcastle,32,7.0,8.0,-1.0,-0.034230362379040646
2223,Tottenham,Man United,33,4.0,11.0,-7.0,0.9551205489854719
2223,Tottenham,Liverpool,34,2.0,3.0,-1.0,0.17820911423580488
2223,Tottenham,Crystal Palace,35,5.0,7.0,-2.0,-0.2776677374231198
2223,Tottenham,Aston Villa,36,7.0,7.0,0.0,-0.7632055667979463
2223,Tottenham,Brentford,37,6.0,5.0,1.0,0.14251972553824732
2223,Tottenham,Leeds,38,8.0,7.0,1.0,0.46594177054501773
2223,West Ham,Nott'm Forest,2,6.0,7.0,-1.0,0.06714769573793156
2223,West Ham,Brighton,3,7.0,7.0,0.0,-0.3312000031515654
2223,West Ham,Aston Villa,4,7.0,7.0,0.0,-0.6709693325569368
2223,West Ham,Tottenham,5,3.0,3.0,0.0,0.306821132150501
2223,West Ham,Chelsea,6,2.0,3.0,-1.0,0.33202865071620224
2223,West Ham,Everton,7,14.0,15.0,-1.0,-0.6518219968058647
2223,West Ham,Wolves,8,13.0,14.0,-1.0,-0.4521430422633148
2223,West Ham,Fulham,9,7.0,7.0,0.0,1.04213174047312
2223,West Ham,Southampton,10,7.0,7.0,0.0,0.46950880499519587
2223,West Ham,Liverpool,11,3.0,3.0,0.0,0.6486259064956821
2223,West Ham,Bournemouth,12,5.0,5.0,0.0,-0.34144080521608555
2223,West Ham,Man United,13,5.0,8.0,-3.0,0.020108621118273717
2223,West Ham,Crystal Palace,14,6.0,8.0,-2.0,-1.0224072004159335
2223,West Ham,Leicester,15,6.0,6.0,0.0,-0.6793819673670172
2223,West Ham,Arsenal,16,44.0,44.0,0.0,-0.5791541814904588
2223,West Ham,Brentford,17,3.0,4.0,-1.0,-0.1089376661782151
2223,West Ham,Leeds,18,5.0,4.0,1.0,-0.7962714797133327
2223,West Ham,Wolves,19,9.0,9.0,0.0,-0.48266168305189006
2223,West Ham,Everton,20,7.0,7.0,0.0,0.8678048645268936
2223,West Ham,Newcastle,21,14.0,14.0,0.0,0.5013388876707316
2223,West Ham,Chelsea,22,6.0,7.0,-1.0,-0.2558738164531045
2223,West Ham,Tottenham,23,8.0,8.0,0.0,-0.6275437798345529
2223,West Ham,Nott'm Forest,24,5.0,7.0,-2.0,1.509533115525888
2223,West Ham,Brighton,25,7.0,14.0,-7.0,-0.6479479157579446
2223,West Ham,Aston Villa,26,7.0,7.0,0.0,0.1535931947809499
2223,West Ham,Southampton,27,20.0,14.0,6.0,-0.11234170329431437
2223,West Ham,Newcastle,28,3.0,3.0,0.0,-0.11819023412412555
2223,West Ham,Fulham,29,2.0,7.0,-5.0,-0.10107666638623636
2223,West Ham,Arsenal,30,7.0,6.0,1.0,0.16546102174734711
2223,West Ham,Bournemouth,31,7.0,7.0,0.0,1.2516164253418813
2223,West Ham,Liverpool,32,3.0,4.0,-1.0,-0.37935368934350333
2223,West Ham,Crystal Palace,33,2.0,3.0,-1.0,0.9906075712236769
2223,West Ham,Man City,34,4.0,3.0,1.0,-0.15981621235210614
2223,West Ham,Man United,35,3.0,2.0,1.0,0.5656351135180286
2223,West Ham,Brentford,36,6.0,7.0,-1.0,-0.8162496745124934
2223,West Ham,Leeds,37,6.0,8.0,-2.0,0.8540610286470001
2223,West Ham,Leicester,38,7.0,5.0,2.0,-0.17280464220648317
2223,Wolves,Fulham,2,7.0,7.0,0.0,-0.21359963121103365
2223,Wolves,Tottenham,3,6.0,5.0,1.0,-0.03646361053430436
2223,Wolves,Newcastle,4,8.0,6.0,2.0,0.4398143499440925
2223,Wolves,Bournemouth,5,3.0,4.0,-1.0,0.6068750440283175
2223,Wolves,Southampton,6,2.0,3.0,-1.0,-0.003067579242207019
2223,Wolves,Man City,7,13.0,13.0,0.0,-0.27016257871091653
2223,Wolves,West Ham,8,14.0,13.0,1.0,-0.17824379614251773
2223,Wolves,Chelsea,9,6.0,7.0,-1.0,-0.0431811113840066
2223,Wolves,Nott'm Forest,10,7.0,4.0,3.0,-0.6590082513182174
2223,Wolves,Crystal Palace,11,3.0,3.0,0.0,0.1357630781339353
2223,Wolves,Leicester,12,4.0,2.0,2.0,0.5987318807743285
2223,Wolves,Brentford,13,6.0,6.0,0.0,-0.18452168666630664
2223,Wolves,Brighton,14,7.0,7.0,0.0,-0.2692059497242655
2223,Wolves,Arsenal,15,7.0,6.0,1.0,-0.24052935066034564
2223,Wolves,Everton,16,43.0,44.0,-1.0,0.2692844892291054
2223,Wolves,Man United,17,4.0,3.0,1.0,-0.2861901910489688
2223,Wolves,Aston Villa,18,4.0,3.0,1.0,0.10058817760813887
2223,Wolves,West Ham,19,9.0,9.0,0.0,-0.11752782159665687
2223,Wolves,Man City,20,7.0,2.0,5.0,-0.005226777048185027
2223,Wolves,Liverpool,21,13.0,14.0,-1.0,1.673412892518055
2223,Wolves,Southampton,22,7.0,7.0,0.0,-0.2853004946432872
2223,Wolves,Bournemouth,23,7.0,6.0,1.0,-0.22221288226895275
2223,Wolves,Fulham,24,6.0,6.0,0.0,0.026322507863947076
2223,Wolves,Liverpool,25,5.0,4.0,1.0,0.003097312341740044
2223,Wolves,Tottenham,26,2.0,6.0,-4.0,-0.3225247751163245
2223,Wolves,Newcastle,27,8.0,8.0,0.0,0.14434706735133207
2223,Wolves,Leeds,28,5.0,7.0,-2.0,1.5800712893811357
2223,Wolves,Nott'm Forest,29,13.0,14.0,-1.0,-0.5319603125116543
2223,Wolves,Chelsea,30,7.0,3.0,4.0,-0.368411123658944
2223,Wolves,Brentford,31,7.0,7.0,0.0,0.03018614281818699
2223,Wolves,Leicester,32,7.0,6.0,1.0,-0.2358299779083275
2223,Wolves,Crystal Palace,33,3.0,3.0,0.0,-0.5172558498616084
2223,Wolves,Brighton,34,3.0,2.0,1.0,-0.04965324855412734
2223,Wolves,Aston Villa,35,7.0,6.0,1.0,-0.09039995166115311
2223,Wolves,Man United,36,7.0,5.0,2.0,-0.4447023583886976
2223,Wolves,Everton,37,7.0,6.0,1.0,0.12442216542635887
2223,Wolves,Arsenal,38,8.0,7.0,1.0,-0.22698225820813328
2324,Arsenal,Crystal Palace,2,9.0,9.0,0.0,-0.2464700683988963
2324,Arsenal,Fulham,3,4.0,7.0,-3.0,0.20838070746926407
2324,Arsenal,Man United,4,8.0,8.0,0.0,-0.6720449825933559
2324,Arsenal,Everton,5,14.0,15.0,-1.0,-0.8419250702794341
2324,Arsenal,Tottenham,6,6.0,7.0,-1.0,-0.751092795236368
2324,Arsenal,Bournemouth,7,6.0,6.0,0.0,0.7296613053825245
2324,Arsenal,Man City,8,8.0,8.0,0.0,-0.9144283145360965
2324,Arsenal,Chelsea,9,13.0,14.0,-1.0,-0.7266253351230583
2324,Arsenal,Sheffield United,10,6.0,6.0,0.0,-0.7150135388573307
2324,Arsenal,Newcastle,11,7.0,7.0,0.0,-1.2413002797022652
2324,Arsenal,Burnley,12,6.0,7.0,-1.0,0.014562688207916619
2324,Arsenal,Brentford,13,14.0,13.0,1.0,0.043700362015302696
2324,Arsenal,Wolves,14,6.0,4.0,2.0,0.7001961068679243
2324,Arsenal,Luton,15,3.0,3.0,0.0,-0.10182882064745868
2324,Arsenal,Aston Villa,16,3.0,2.0,1.0,-0.20912998942083938
2324,Arsenal,Brighton,17,7.0,7.0,0.0,0.6736986043114346
2324,Arsenal,Liverpool,18,6.0,6.0,0.0,-0.5642317978529535
2324,Arsenal,West Ham,19,5.0,5.0,0.0,0.174520946770369
2324,Arsenal,Fulham,20,2.0,4.0,-2.0,-0.18723106366023679
2324,Arsenal,Crystal Palace,21,19.0,20.0,-1.0,1.4502546279003639
2324,Arsenal,Nott'm Forest,22,10.0,10.0,0.0,-0.22392311151503175
2324,Arsenal,Liverpool,23,4.0,3.0,1.0,1.1184337128843103
2324,Arsenal,West Ham,24,6.0,7.0,-1.0,1.1035789638415605
2324,Arsenal,Burnley,25,6.0,7.0,-1.0,-0.6924572957372217
2324,Arsenal,Newcastle,26,7.0,7.0,0.0,0.4172229340875293
2324,Arsenal,Sheffield United,27,9.0,8.0,1.0,0.032640466801904466
2324,Arsenal,Brentford,28,4.0,7.0,-3.0,-0.5904281003838707
2324,Arsenal,Man City,29,21.0,21.0,0.0,-0.5508278370515595
2324,Arsenal,Luton,30,3.0,4.0,-1.0,-2.1507630227961148
2324,Arsenal,Brighton,31,2.0,2.0,0.0,1.6926169362026677
2324,Arsenal,Aston Villa,32,7.0,8.0,-1.0,-0.4686303796826501
2324,Arsenal,Wolves,33,6.0,7.0,-1.0,-0.4639035915995098
2324,Arsenal,Chelsea,34,3.0,8.0,-5.0,1.2729362082143862
2324,Arsenal,Tottenham,35,4.0,15.0,-11.0,-0.39001410792729185
2324,Arsenal,Bournemouth,36,5.0,5.0,0.0,0.9207650404414305
2324,Arsenal,Man United,37,8.0,5.0,3.0,-0.37692869146300567
2324,Arsenal,Everton,38,6.0,8.0,-2.0,1.1975303347839596
2324,Aston Villa,Everton,2,7.0,7.0,0.0,0.7933824920529029
2324,Aston Villa,Burnley,3,7.0,15.0,-8.0,1.0450824831175658
2324,Aston Villa,Liverpool,4,7.0,6.0,1.0,-0.5716880320702639
2324,Aston Villa,Crystal Palace,5,13.0,13.0,0.0,-0.18279593690386808
2324,Aston Villa,Chelsea,6,7.0,7.0,0.0,-0.3614775310818248
2324,Aston Villa,Brighton,7,5.0,5.0,0.0,0.14998927482291458
2324,Aston Villa,Wolves,8,8.0,7.0,1.0,0.033863763644989886
2324,Aston Villa,West Ham,9,14.0,14.0,0.0,-0.6113818691999158
2324,Aston Villa,Luton,10,6.0,8.0,-2.0,0.31413600956630994
2324,Aston Villa,Nott'm Forest,11,7.0,7.0,0.0,-0.023254431824780042
2324,Aston Villa,Fulham,12,7.0,8.0,-1.0,0.9643481952213624
2324,Aston Villa,Tottenham,13,14.0,15.0,-1.0,0.8005253533497547
2324,Aston Villa,Bournemouth,14,7.0,7.0,0.0,-0.6327452634672878
2324,Aston Villa,Man City,15,3.0,3.0,0.0,1.1013706157289782
2324,Aston Villa,Arsenal,16,2.0,3.0,-1.0,-0.2911886577814462
2324,Aston Villa,Brentford,17,7.0,7.0,0.0,-0.028823059647157034
2324,Aston Villa,Sheffield United,18,5.0,6.0,-1.0,-1.2873923211399703
2324,Aston Villa,Man United,19,4.0,3.0,1.0,0.06891544334610455
2324,Aston Villa,Burnley,20,3.0,3.0,0.0,-0.02987503090274446
2324,Aston Villa,Everton,21,14.0,14.0,0.0,-0.03537824332553585
2324,Aston Villa,Newcastle,22,16.0,17.0,-1.0,-0.3797612423904264
2324,Aston Villa,Sheffield United,23,3.0,3.0,0.0,0.9440482020848275
2324,Aston Villa,Man United,24,7.0,7.0,0.0,0.4820262184182842
2324,Aston Villa,Fulham,25,5.0,7.0,-2.0,0.024889013420892336
2324,Aston Villa,Nott'm Forest,26,7.0,7.0,0.0,1.8297650132076622
2324,Aston Villa,Luton,27,7.0,10.0,-3.0,-0.16958873750287484
2324,Aston Villa,Tottenham,28,7.0,7.0,0.0,-0.7233164887959875
2324,Aston Villa,West Ham,29,7.0,7.0,0.0,-0.8781586478182256
2324,Aston Villa,Wolves,30,13.0,21.0,-8.0,-0.900215908115684
2324,Aston Villa,Man City,31,4.0,3.0,1.0,0.29578917914061065
2324,Aston Villa,Brentford,32,2.0,2.0,0.0,-0.6679730475393428
2324,Aston Villa,Arsenal,33,8.0,7.0,1.0,0.1781420458312588
2324,Aston Villa,Bournemouth,34,6.0,7.0,-1.0,0.7556000365425515
2324,Aston Villa,Chelsea,35,6.0,4.0,2.0,-1.220325283910822
2324,Aston Villa,Brighton,36,7.0,7.0,0.0,-1.3705349149523398
2324,Aston Villa,Liverpool,37,8.0,8.0,0.0,1.2625150712217492
2324,Aston Villa,Crystal Palace,38,5.0,8.0,-3.0,-0.8192220201893006
2324,Bournemouth,Liverpool,2,7.0,5.0,2.0,0.253097821123738
2324,Bournemouth,Tottenham,3,6.0,6.0,0.0,-1.3841128238777036
2324,Bournemouth,Brentford,4,7.0,7.0,0.0,0.6824001127835586
2324,Bournemouth,Chelsea,5,14.0,14.0,0.0,-0.4247109860526581
2324,Bournemouth,Brighton,6,7.0,7.0,0.0,0.21967164713519582
2324,Bournemouth,Arsenal,7,6.0,6.0,0.0,-0.23373069284587877
2324,Bournemouth,Everton,8,7.0,7.0,0.0,-0.33490478280412384
2324,Bournemouth,Wolves,9,14.0,13.0,1.0,-1.0660003794068802
2324,Bournemouth,Burnley,10,7.0,7.0,0.0,-0.9949936701129936
2324,Bournemouth,Man City,11,7.0,5.0,2.0,-0.20731100689912163
2324,Bournemouth,Newcastle,12,7.0,7.0,0.0,1.0419902490319572
2324,Bournemouth,Sheffield United,13,13.0,13.0,0.0,1.1860075999462238
2324,Bournemouth,Aston Villa,14,7.0,7.0,0.0,0.6609891973885644
2324,Bournemouth,Crystal Palace,15,3.0,3.0,0.0,0.4459124354999702
2324,Bournemouth,Man United,16,2.0,2.0,0.0,0.28652692771128385
2324,Bournemouth,Nott'm Forest,17,14.0,7.0,7.0,0.5973927518214992
2324,Bournemouth,Fulham,18,3.0,3.0,0.0,-0.49250599492898983
2324,Bournemouth,Tottenham,19,4.0,2.0,2.0,0.05735376795586977
2324,Bournemouth,Liverpool,20,21.0,19.0,2.0,-0.5538159556160974
2324,Bournemouth,West Ham,21,11.0,11.0,0.0,-0.5737890900048193
2324,Bournemouth,Nott'm Forest,22,2.0,4.0,-2.0,-0.39446605150102143
2324,Bournemouth,Fulham,23,6.0,7.0,-1.0,1.127918150376253
2324,Bournemouth,Newcastle,24,7.0,6.0,1.0,0.65846721228185
2324,Bournemouth,Man City,25,7.0,3.0,4.0,-0.11570121874981254
2324,Bournemouth,Burnley,26,7.0,7.0,0.0,-0.274785856595851
2324,Bournemouth,Sheffield United,27,6.0,4.0,2.0,0.7725166183260828
2324,Bournemouth,Luton,28,4.0,4.0,0.0,0.20631871521093403
2324,Bournemouth,Everton,29,16.0,21.0,-5.0,-0.21989608842694963
2324,Bournemouth,Crystal Palace,30,3.0,3.0,0.0,-0.34871790670909175
2324,Bournemouth,Luton,31,3.0,2.0,1.0,-1.537531586308508
2324,Bournemouth,Man United,32,7.0,6.0,1.0,0.31818011770073884
2324,Bournemouth,Aston Villa,33,7.0,6.0,1.0,-0.2508859284030187
2324,Bournemouth,Wolves,34,3.0,4.0,-1.0,0.701246092339519
2324,Bournemouth,Brighton,35,3.0,2.0,1.0,0.8031800970243215
2324,Bournemouth,Arsenal,36,5.0,5.0,0.0,-0.24831161513545075
2324,Bournemouth,Brentford,37,7.0,7.0,0.0,-0.6762694933873388
2324,Bournemouth,Chelsea,38,8.0,3.0,5.0,0.5732727879536625
2324,Brentford,Fulham,2,6.0,7.0,-1.0,1.2166231893016273
2324,Brentford,Crystal Palace,3,7.0,4.0,3.0,-0.7248638791379979
2324,Brentford,Bournemouth,4,7.0,7.0,0.0,1.2694606556073387
2324,Brentford,Newcastle,5,14.0,14.0,0.0,-0.8012439502627995
2324,Brentford,Everton,6,7.0,6.0,1.0,-0.052623251105328395
2324,Brentford,Nott'm Forest,7,7.0,7.0,0.0,0.45406096389909534
2324,Brentford,Man United,8,6.0,7.0,-1.0,-0.677305336761187
2324,Brentford,Burnley,9,14.0,14.0,0.0,1.0430563045884789
2324,Brentford,Chelsea,10,6.0,6.0,0.0,1.0401794144365177
2324,Brentford,West Ham,11,7.0,6.0,1.0,-0.281528502092653
2324,Brentford,Liverpool,12,7.0,6.0,1.0,0.3060489443276222
2324,Brentford,Arsenal,13,13.0,14.0,-1.0,0.7773156378152959
2324,Brentford,Luton,14,6.0,7.0,-1.0,0.5987988777167432
2324,Brentford,Brighton,15,4.0,3.0,1.0,-0.9232218934331793
2324,Brentford,Sheffield United,16,2.0,2.0,0.0,-1.3261476964107322
2324,Brentford,Aston Villa,17,7.0,7.0,0.0,-1.108041922943373
2324,Brentford,Wolves,18,10.0,3.0,7.0,0.4908966283220604
2324,Brentford,Crystal Palace,19,2.0,2.0,0.0,-0.07855956405305053
2324,Brentford,Nott'm Forest,20,21.0,21.0,0.0,0.34440636290819304
2324,Brentford,Tottenham,21,11.0,17.0,-6.0,0.05813112369351803
2324,Brentford,Man City,22,5.0,5.0,0.0,-0.1849354374755624
2324,Brentford,Wolves,23,4.0,6.0,-2.0,0.13237003538919323
2324,Brentford,Liverpool,24,6.0,6.0,0.0,0.29466745334293654
2324,Brentford,Man City,25,3.0,3.0,0.0,-0.3540577264725937
2324,Brentford,West Ham,26,6.0,9.0,-3.0,-0.38673442411803616
2324,Brentford,Chelsea,27,4.0,13.0,-9.0,0.7080742587943849
2324,Brentford,Arsenal,28,7.0,4.0,3.0,0.009972598436309266
2324,Brentford,Burnley,29,6.0,6.0,0.0,-0.4746411391120451
2324,Brentford,Man United,30,14.0,21.0,-7.0,1.079828742635216
2324,Brentford,Brighton,31,3.0,3.0,0.0,-1.2694800057018423
2324,Brentford,Aston Villa,32,2.0,2.0,0.0,-0.13463590841465622
2324,Brentford,Sheffield United,33,7.0,5.0,2.0,-1.3230474849438165
2324,Brentford,Luton,34,7.0,7.0,0.0,1.6084733321834492
2324,Brentford,Everton,35,7.0,2.0,5.0,-0.37176634552886334
2324,Brentford,Fulham,36,6.0,7.0,-1.0,-1.0168703451997083
2324,Brentford,Bournemouth,37,7.0,7.0,0.0,0.4556044124983192
2324,Brentford,Newcastle,38,8.0,3.0,5.0,-0.055878110195321185
2324,Brighton,Wolves,2,7.0,4.0,3.0,1.5714075049751444
2324,Brighton,West Ham,3,7.0,6.0,1.0,-0.5737417464561332
2324,Brighton,Newcastle,4,7.0,6.0,1.0,-0.2992264279486152
2324,Brighton,Man United,5,13.0,12.0,1.0,0.3680773148839136
2324,Brighton,Bournemouth,6,7.0,7.0,0.0,0.4820509492875238
2324,Brighton,Aston Villa,7,5.0,5.0,0.0,0.292951911963262
2324,Brighton,Liverpool,8,8.0,7.0,1.0,0.9394504756826225
2324,Brighton,Man City,9,13.0,12.0,1.0,0.1720865524143672
2324,Brighton,Fulham,10,8.0,5.0,3.0,-0.3653375117158155
2324,Brighton,Everton,11,6.0,6.0,0.0,-0.7831274745834308
2324,Brighton,Sheffield United,12,7.0,7.0,0.0,-1.1414511590984016
2324,Brighton,Nott'm Forest,13,13.0,13.0,0.0,-0.7470498060084034
2324,Brighton,Chelsea,14,7.0,7.0,0.0,-0.47489998965928815
2324,Brighton,Brentford,15,3.0,4.0,-1.0,-0.08676444161473396
2324,Brighton,Burnley,16,2.0,3.0,-1.0,1.0118211115985898
2324,Brighton,Arsenal,17,7.0,7.0,0.0,-0.004389944643630073
2324,Brighton,Crystal Palace,18,4.0,5.0,-1.0,0.07607967667613358
2324,Brighton,Tottenham,19,6.0,5.0,1.0,0.5861006320717235
2324,Brighton,West Ham,20,4.0,4.0,0.0,0.5646620798178108
2324,Brighton,Wolves,21,20.0,23.0,-3.0,-0.5701945609824552
2324,Brighton,Luton,22,8.0,18.0,-10.0,-0.9910965067057946
2324,Brighton,Crystal Palace,23,3.0,3.0,0.0,0.3821493527293167
2324,Brighton,Tottenham,24,7.0,7.0,0.0,-0.6878359918758828
2324,Brighton,Sheffield United,25,7.0,7.0,0.0,1.536811603746874
2324,Brighton,Everton,26,6.0,4.0,2.0,0.15270277538341714
2324,Brighton,Fulham,27,7.0,7.0,0.0,-0.2240324001701175
2324,Brighton,Nott'm Forest,28,7.0,7.0,0.0,-0.9399470257802582
2324,Brighton,Liverpool,29,21.0,20.0,1.0,-0.6160152206774974
2324,Brighton,Brentford,30,3.0,3.0,0.0,-0.10498961080948255
2324,Brighton,Arsenal,31,2.0,2.0,0.0,-0.388950740127802
2324,Brighton,Burnley,32,6.0,7.0,-1.0,-0.7032216005016969
2324,Brighton,Man City,33,12.0,12.0,0.0,-0.3975631317344148
2324,Brighton,Bournemouth,34,2.0,3.0,-1.0,-0.0012147581439267974
2324,Brighton,Aston Villa,35,7.0,7.0,0.0,-0.004465305982010337
2324,Brighton,Newcastle,36,6.0,7.0,-1.0,0.5913868258161361
2324,Brighton,Chelsea,37,4.0,4.0,0.0,-0.30466149137192633
2324,Brighton,Man United,38,3.0,3.0,0.0,0.04758440642127981
2324,Burnley,Aston Villa,2,15.0,7.0,8.0,-0.6337616613859577
2324,Burnley,Tottenham,3,6.0,7.0,-1.0,0.41552364986106416
2324,Burnley,Nott'm Forest,4,16.0,16.0,0.0,-0.058263668410412306
2324,Burnley,Man United,5,5.0,7.0,-2.0,-0.4485238841896483
2324,Burnley,Newcastle,6,6.0,5.0,1.0,-0.15059541253521624
2324,Burnley,Luton,7,3.0,3.0,0.0,-0.5217648619172092
2324,Burnley,Chelsea,8,3.0,4.0,-1.0,-0.21497862321610506
2324,Burnley,Brentford,9,14.0,14.0,0.0,-0.26280852508203456
2324,Burnley,Bournemouth,10,7.0,7.0,0.0,-0.0742501970135051
2324,Burnley,Crystal Palace,11,7.0,7.0,0.0,0.38941184877428214
2324,Burnley,Arsenal,12,7.0,6.0,1.0,-0.15236961861997145
2324,Burnley,West Ham,13,14.0,13.0,1.0,-0.7200693633316804
2324,Burnley,Sheffield United,14,7.0,7.0,0.0,1.0025332908293385
2324,Burnley,Wolves,15,3.0,3.0,0.0,-0.357942146463601
2324,Burnley,Brighton,16,3.0,2.0,1.0,0.13422283971715598
2324,Burnley,Everton,17,7.0,6.0,1.0,-0.26826642586476124
2324,Burnley,Fulham,18,6.0,7.0,-1.0,-0.5725910621240726
2324,Burnley,Liverpool,19,3.0,3.0,0.0,0.04278418804163053
2324,Burnley,Aston Villa,20,3.0,3.0,0.0,0.08689939229769506
2324,Burnley,Luton,21,13.0,13.0,0.0,-0.24585139959737345
2324,Burnley,Man City,22,18.0,18.0,0.0,0.9217286492746646
2324,Burnley,Fulham,23,2.0,3.0,-1.0,-0.20791205296357473
2324,Burnley,Liverpool,24,7.0,5.0,2.0,0.352225883741491
2324,Burnley,Arsenal,25,7.0,6.0,1.0,-0.25283879827132566
2324,Burnley,Crystal Palace,26,7.0,4.0,3.0,-0.8305885708848925
2324,Burnley,Bournemouth,27,7.0,7.0,0.0,0.4082552714620469
2324,Burnley,West Ham,28,7.0,7.0,0.0,-0.2627238654621944
2324,Burnley,Brentford,29,6.0,6.0,0.0,0.7657872280356242
2324,Burnley,Chelsea,30,14.0,18.0,-4.0,1.147614715394172
2324,Burnley,Wolves,31,3.0,3.0,0.0,-0.2697950079471012
2324,Burnley,Everton,32,3.0,3.0,0.0,-0.5345650608382981
2324,Burnley,Brighton,33,7.0,6.0,1.0,0.7286002771423512
2324,Burnley,Sheffield United,34,7.0,7.0,0.0,1.115250436223412
2324,Burnley,Man United,35,7.0,2.0,5.0,0.004767337091232449
2324,Burnley,Newcastle,36,7.0,7.0,0.0,0.11979548445436583
2324,Burnley,Tottenham,37,7.0,5.0,2.0,-0.07069109992274103
2324,Burnley,Nott'm Forest,38,8.0,7.0,1.0,0.02167444397893803
2324,Chelsea,West Ham,2,7.0,8.0,-1.0,-1.1462829169758342
2324,Chelsea,Luton,3,5.0,13.0,-8.0,0.3355629514789391
2324,Chelsea,Nott'm Forest,4,7.0,7.0,0.0,0.4356806181687882
2324,Chelsea,Bournemouth,5,14.0,14.0,0.0,-0.3059847587625646
2324,Chelsea,Aston Villa,6,7.0,7.0,0.0,-1.0068796347974012
2324,Chelsea,Fulham,7,8.0,9.0,-1.0,0.25931420145339934
2324,Chelsea,Burnley,8,4.0,3.0,1.0,-0.7824449359550538
2324,Chelsea,Arsenal,9,14.0,13.0,1.0,-0.06775685743218651
2324,Chelsea,Brentford,10,6.0,6.0,0.0,-0.3229293831307549
2324,Chelsea,Tottenham,11,9.0,10.0,-1.0,1.5176477715067178
2324,Chelsea,Man City,12,5.0,8.0,-3.0,1.495509161394165
2324,Chelsea,Newcastle,13,12.0,13.0,-1.0,-0.6922368386568977
2324,Chelsea,Brighton,14,7.0,7.0,0.0,-1.0567811895563435
2324,Chelsea,Man United,15,3.0,4.0,-1.0,0.38141809120243564
2324,Chelsea,Everton,16,3.0,2.0,1.0,-0.6512117635117723
2324,Chelsea,Sheffield United,17,6.0,7.0,-1.0,0.48034591053460174
2324,Chelsea,Wolves,18,7.0,6.0,1.0,-0.23187486239622457
2324,Chelsea,Crystal Palace,19,3.0,5.0,-2.0,0.033255176874563475
2324,Chelsea,Luton,20,2.0,3.0,-1.0,-0.93900866902715
2324,Chelsea,Fulham,21,14.0,12.0,2.0,-0.8286590360471049
2324,Chelsea,Liverpool,22,18.0,10.0,8.0,-0.8451213765482055
2324,Chelsea,Wolves,23,3.0,2.0,1.0,-0.07314387114824461
2324,Chelsea,Crystal Palace,24,8.0,9.0,-1.0,-0.3109197455535413
2324,Chelsea,Man City,25,4.0,7.0,-3.0,0.8364340831427275
2324,Chelsea,Brentford,26,13.0,4.0,9.0,0.48591297951229007
2324,Chelsea,Newcastle,27,9.0,9.0,0.0,-0.2503315411908247
2324,Chelsea,Burnley,28,18.0,14.0,4.0,1.2594634859696918
2324,Chelsea,Man United,29,5.0,4.0,1.0,-0.4543880768610451
2324,Chelsea,Sheffield United,30,2.0,2.0,0.0,-1.758537976395754
2324,Chelsea,Everton,31,8.0,9.0,-1.0,0.7276281714490584
2324,Chelsea,Arsenal,32,8.0,3.0,5.0,0.7665638254534192
2324,Chelsea,Aston Villa,33,4.0,6.0,-2.0,-0.2355451805330424
2324,Chelsea,Tottenham,34,4.0,4.0,0.0,0.04442418034341733
2324,Chelsea,West Ham,35,2.0,8.0,-6.0,1.7758524180257145
2324,Chelsea,Nott'm Forest,36,6.0,7.0,-1.0,0.9012205150140935
2324,Chelsea,Brighton,37,4.0,4.0,0.0,-0.055203588536211656
2324,Chelsea,Bournemouth,38,3.0,8.0,-5.0,-0.48777146633710333
2324,Crystal Palace,Arsenal,2,9.0,9.0,0.0,0.3421462296892843
2324,Crystal Palace,Brentford,3,4.0,7.0,-3.0,-0.12136492904480067
2324,Crystal Palace,Wolves,4,7.0,7.0,0.0,0.6037454631331325
2324,Crystal Palace,Aston Villa,5,13.0,13.0,0.0,-0.15947163363107442
2324,Crystal Palace,Fulham,6,7.0,7.0,0.0,-1.1264624420495861
2324,Crystal Palace,Man United,7,7.0,6.0,1.0,-0.2070241277745417
2324,Crystal Palace,Nott'm Forest,8,7.0,6.0,1.0,-0.32886618286890645
2324,Crystal Palace,Newcastle,9,13.0,13.0,0.0,-0.08970584819867877
2324,Crystal Palace,Tottenham,10,6.0,4.0,2.0,-0.9843747588809626
2324,Crystal Palace,Burnley,11,7.0,7.0,0.0,0.020089029227774224
2324,Crystal Palace,Everton,12,7.0,7.0,0.0,-0.20423357789234675
2324,Crystal Palace,Luton,13,14.0,14.0,0.0,0.05252611313014288
2324,Crystal Palace,West Ham,14,7.0,7.0,0.0,-0.4268658250144901
2324,Crystal Palace,Bournemouth,15,3.0,3.0,0.0,-0.21483028325460962
2324,Crystal Palace,Liverpool,16,2.0,2.0,0.0,-0.11905568128095734
2324,Crystal Palace,Man City,17,7.0,6.0,1.0,0.18455177565288494
2324,Crystal Palace,Brighton,18,5.0,4.0,1.0,0.2648080983553731
2324,Crystal Palace,Chelsea,19,5.0,3.0,2.0,-0.22472358448257335
2324,Crystal Palace,Brentford,20,2.0,2.0,0.0,0.16292359319188532
2324,Crystal Palace,Arsenal,21,20.0,19.0,1.0,-0.30550949989248444
2324,Crystal Palace,Sheffield United,22,10.0,9.0,1.0,-0.8208966791272623
2324,Crystal Palace,Brighton,23,3.0,3.0,0.0,-0.8931844540491678
2324,Crystal Palace,Chelsea,24,9.0,8.0,1.0,-0.7291416441012093
2324,Crystal Palace,Everton,25,7.0,9.0,-2.0,-0.3553192661198119
2324,Crystal Palace,Burnley,26,4.0,7.0,-3.0,-0.07986317700308843
2324,Crystal Palace,Tottenham,27,7.0,14.0,-7.0,-0.9845621584905515
2324,Crystal Palace,Luton,28,7.0,6.0,1.0,1.0673476125999337
2324,Crystal Palace,Nott'm Forest,29,21.0,14.0,7.0,-0.1696936051245791
2324,Crystal Palace,Bournemouth,30,3.0,3.0,0.0,-1.0333817101799423
2324,Crystal Palace,Man City,31,3.0,2.0,1.0,0.6324185689493166
2324,Crystal Palace,Liverpool,32,8.0,6.0,2.0,1.1903146154476723
2324,Crystal Palace,West Ham,33,7.0,7.0,0.0,1.9860054894816275
2324,Crystal Palace,Newcastle,34,3.0,11.0,-8.0,-0.005746529913132514
2324,Crystal Palace,Fulham,35,2.0,5.0,-3.0,-0.169889159184744
2324,Crystal Palace,Man United,36,9.0,9.0,0.0,0.35438425755389824
2324,Crystal Palace,Wolves,37,4.0,6.0,-2.0,1.1055977034844304
2324,Crystal Palace,Aston Villa,38,8.0,5.0,3.0,0.6685559371907892
2324,Everton,Aston Villa,2,7.0,7.0,0.0,-0.7450832905990703
2324,Everton,Wolves,3,6.0,7.0,-1.0,-0.08470274070492434
2324,Everton,Sheffield United,4,6.0,5.0,1.0,0.8803565216423326
2324,Everton,Arsenal,5,15.0,14.0,1.0,-0.5521280089173566
2324,Everton,Brentford,6,6.0,7.0,-1.0,1.1569471603509014
2324,Everton,Luton,7,6.0,7.0,-1.0,1.1448415246512988
2324,Everton,Bournemouth,8,7.0,7.0,0.0,1.4652559562751606
2324,Everton,Liverpool,9,13.0,12.0,1.0,-0.9844830326283283
2324,Everton,West Ham,10,8.0,6.0,2.0,-0.8914230409184469
2324,Everton,Brighton,11,6.0,6.0,0.0,-0.9785999133473346
2324,Everton,Crystal Palace,12,7.0,7.0,0.0,0.5024525281040724
2324,Everton,Man United,13,15.0,15.0,0.0,0.5315491763249969
2324,Everton,Nott'm Forest,14,6.0,7.0,-1.0,-0.6063456751584023
2324,Everton,Newcastle,15,5.0,4.0,1.0,1.2967433182807897
2324,Everton,Chelsea,16,2.0,3.0,-1.0,-0.5500563081887504
2324,Everton,Burnley,17,6.0,7.0,-1.0,0.5956388408835152
2324,Everton,Tottenham,18,6.0,7.0,-1.0,0.5333667883878428
2324,Everton,Man City,19,4.0,11.0,-7.0,0.24455406368426036
2324,Everton,Wolves,20,2.0,2.0,0.0,-1.099131624479653
2324,Everton,Aston Villa,21,14.0,14.0,0.0,-0.7595430755683115
2324,Everton,Fulham,22,16.0,17.0,-1.0,1.4271394256072762
2324,Everton,Tottenham,23,3.0,2.0,1.0,1.4823029372632703
2324,Everton,Man City,24,7.0,4.0,3.0,-0.6168444816226769
2324,Everton,Crystal Palace,25,9.0,7.0,2.0,0.8684416939654525
2324,Everton,Brighton,26,4.0,6.0,-2.0,-1.0166166720545249
2324,Everton,West Ham,27,7.0,4.0,3.0,0.36904106635950606
2324,Everton,Man United,28,6.0,5.0,1.0,0.21612536188395026
2324,Everton,Bournemouth,29,21.0,16.0,5.0,-0.45388074404730894
2324,Everton,Newcastle,30,3.0,3.0,0.0,-0.4158934582218846
2324,Everton,Burnley,31,3.0,3.0,0.0,-1.3333589512659079
2324,Everton,Chelsea,32,9.0,8.0,1.0,-0.14106147139637426
2324,Everton,Nott'm Forest,33,5.0,7.0,-2.0,-1.0333979772088495
2324,Everton,Liverpool,34,3.0,3.0,0.0,0.5704959082173438
2324,Everton,Brentford,35,2.0,7.0,-5.0,-0.4492744533079218
2324,Everton,Luton,36,6.0,6.0,0.0,-1.5800749454977403
2324,Everton,Sheffield United,37,7.0,7.0,0.0,-0.4519439749332286
2324,Everton,Arsenal,38,8.0,6.0,2.0,-0.01710045922304737
2324,Fulham,Brentford,2,7.0,6.0,1.0,-1.0589998600608386
2324,Fulham,Arsenal,3,7.0,4.0,3.0,0.2516105475395436
2324,Fulham,Man City,4,7.0,6.0,1.0,0.7547452274500335
2324,Fulham,Luton,5,14.0,14.0,0.0,-0.4436159963334756
2324,Fulham,Crystal Palace,6,7.0,7.0,0.0,-0.5870191415641437
2324,Fulham,Chelsea,7,9.0,8.0,1.0,-0.570534957629975
2324,Fulham,Sheffield United,8,4.0,7.0,-3.0,0.26972517363122295
2324,Fulham,Tottenham,9,16.0,16.0,0.0,-0.5264240866151602
2324,Fulham,Brighton,10,5.0,8.0,-3.0,-0.590615454578595
2324,Fulham,Man United,11,5.0,5.0,0.0,-0.5421069015251725
2324,Fulham,Aston Villa,12,8.0,7.0,1.0,-0.6376082465471734
2324,Fulham,Wolves,13,15.0,16.0,-1.0,-0.7707845390284903
2324,Fulham,Liverpool,14,5.0,8.0,-3.0,0.5642799125811131
2324,Fulham,Nott'm Forest,15,3.0,4.0,-1.0,1.7727590335322907
2324,Fulham,West Ham,16,3.0,2.0,1.0,0.44243893204154605
2324,Fulham,Newcastle,17,6.0,5.0,1.0,-0.7157676839125189
2324,Fulham,Burnley,18,7.0,6.0,1.0,-0.3673377572739558
2324,Fulham,Bournemouth,19,3.0,3.0,0.0,-0.8927936265885312
2324,Fulham,Arsenal,20,4.0,2.0,2.0,0.7956252030117508
2324,Fulham,Chelsea,21,12.0,14.0,-2.0,-0.4941474098681041
2324,Fulham,Everton,22,17.0,16.0,1.0,1.029609533606562
2324,Fulham,Burnley,23,3.0,2.0,1.0,-0.13939086637511666
2324,Fulham,Bournemouth,24,7.0,6.0,1.0,0.2548616865229627
2324,Fulham,Aston Villa,25,7.0,5.0,2.0,-0.15752574803940322
2324,Fulham,Man United,26,7.0,5.0,2.0,-0.26953426356789656
2324,Fulham,Brighton,27,7.0,7.0,0.0,-0.024040691721812113
2324,Fulham,Wolves,28,7.0,7.0,0.0,1.5216762500053875
2324,Fulham,Tottenham,29,7.0,6.0,1.0,0.9141126696664805
2324,Fulham,Sheffield United,30,13.0,21.0,-8.0,-0.5274772626031452
2324,Fulham,Nott'm Forest,31,3.0,3.0,0.0,-0.03594781323721308
2324,Fulham,Newcastle,32,3.0,3.0,0.0,-0.6190038653264492
2324,Fulham,West Ham,33,7.0,7.0,0.0,2.1885869946708545
2324,Fulham,Liverpool,34,7.0,7.0,0.0,-0.3195000081723419
2324,Fulham,Crystal Palace,35,5.0,2.0,3.0,0.010561813539512244
2324,Fulham,Brentford,36,7.0,6.0,1.0,0.2646276633310589
2324,Fulham,Man City,37,6.0,6.0,0.0,-0.7803795391578998
2324,Fulham,Luton,38,8.0,8.0,0.0,-0.6808125060190842
2324,Liverpool,Bournemouth,2,5.0,7.0,-2.0,-0.2136566955820629
2324,Liverpool,Newcastle,3,8.0,7.0,1.0,-1.1721725098984224
2324,Liverpool,Aston Villa,4,6.0,7.0,-1.0,0.03882738520238549
2324,Liverpool,Wolves,5,12.0,12.0,0.0,0.40040297864922936
2324,Liverpool,West Ham,6,8.0,7.0,1.0,0.3975499268215561
2324,Liverpool,Tottenham,7,6.0,6.0,0.0,-1.0513442409072955
2324,Liverpool,Brighton,8,7.0,8.0,-1.0,-0.20452806309681648
2324,Liverpool,Everton,9,12.0,13.0,-1.0,-0.7747057550985641
2324,Liverpool,Nott'm Forest,10,8.0,8.0,0.0,0.44577793949303235
2324,Liverpool,Luton,11,7.0,7.0,0.0,-0.0315225324402264
2324,Liverpool,Brentford,12,6.0,7.0,-1.0,-0.9332621103303727
2324,Liverpool,Man City,13,12.0,12.0,0.0,-0.4463212151757088
2324,Liverpool,Fulham,14,8.0,5.0,3.0,0.14686667226610428
2324,Liverpool,Sheffield United,15,3.0,4.0,-1.0,-0.9845886162912476
2324,Liverpool,Crystal Palace,16,2.0,2.0,0.0,-0.5598864541511872
2324,Liverpool,Man United,17,8.0,8.0,0.0,-0.976141346603836
2324,Liverpool,Arsenal,18,6.0,6.0,0.0,-0.26924521417923164
2324,Liverpool,Burnley,19,3.0,3.0,0.0,-0.7550465415532495
2324,Liverpool,Newcastle,20,6.0,6.0,0.0,2.5393587203003807
2324,Liverpool,Bournemouth,21,19.0,21.0,-2.0,-0.5467207673841414
2324,Liverpool,Chelsea,22,10.0,18.0,-8.0,0.4064862212172615
2324,Liverpool,Arsenal,23,3.0,4.0,-1.0,-0.48030085197954264
2324,Liverpool,Burnley,24,5.0,7.0,-2.0,0.15944645437392913
2324,Liverpool,Brentford,25,6.0,6.0,0.0,1.0537876753898638
2324,Liverpool,Luton,26,4.0,2.0,2.0,-0.057967406310420966
2324,Liverpool,Nott'm Forest,27,10.0,7.0,3.0,-0.521432684103619
2324,Liverpool,Man City,28,8.0,7.0,1.0,0.00859591287729522
2324,Liverpool,Brighton,29,20.0,21.0,-1.0,0.8187099116275762
2324,Liverpool,Sheffield United,30,4.0,5.0,-1.0,-0.894178912190756
2324,Liverpool,Man United,31,2.0,2.0,0.0,1.2670270176913374
2324,Liverpool,Crystal Palace,32,6.0,8.0,-2.0,0.6803248291554937
2324,Liverpool,Fulham,33,7.0,7.0,0.0,-1.0832479017679983
2324,Liverpool,Everton,34,3.0,3.0,0.0,-0.005779936512506634
2324,Liverpool,West Ham,35,2.0,5.0,-3.0,-0.14331594953939364
2324,Liverpool,Tottenham,36,8.0,2.0,6.0,0.5991625410799144
2324,Liverpool,Aston Villa,37,8.0,8.0,0.0,-0.29873645781575675
2324,Liverpool,Wolves,38,5.0,8.0,-3.0,2.6873366269802617
2324,Luton,Chelsea,2,13.0,5.0,8.0,-0.6049366131416511
2324,Luton,West Ham,3,7.0,6.0,1.0,0.4541764130198789
2324,Luton,Fulham,4,14.0,14.0,0.0,0.3492964591194492
2324,Luton,Wolves,5,7.0,7.0,0.0,-0.08218674482719823
2324,Luton,Everton,6,7.0,6.0,1.0,0.5235221260844146
2324,Luton,Burnley,7,3.0,3.0,0.0,-0.03978245667134028
2324,Luton,Tottenham,8,3.0,6.0,-3.0,-0.55151869708668
2324,Luton,Nott'm Forest,9,14.0,13.0,1.0,0.5263775886851023
2324,Luton,Aston Villa,10,8.0,6.0,2.0,-0.7023159552791598
2324,Luton,Liverpool,11,7.0,7.0,0.0,0.30064258538023925
2324,Luton,Man United,12,5.0,7.0,-2.0,-0.8564647269668827
2324,Luton,Crystal Palace,13,14.0,14.0,0.0,-0.24664562817713642
2324,Luton,Brentford,14,7.0,6.0,1.0,-0.8427542252852454
2324,Luton,Arsenal,15,3.0,3.0,0.0,-0.13184287493340785
2324,Luton,Man City,16,4.0,3.0,1.0,-0.09152301165222476
2324,Luton,Newcastle,17,13.0,7.0,6.0,0.5128109134010665
2324,Luton,Sheffield United,18,3.0,3.0,0.0,-0.7485451147048457
2324,Luton,Chelsea,19,3.0,2.0,1.0,1.3295971100824582
2324,Luton,Burnley,20,13.0,13.0,0.0,-0.3170031795200575
2324,Luton,Brighton,21,18.0,8.0,10.0,2.3755343596577
2324,Luton,Newcastle,22,3.0,3.0,0.0,0.8474394305197648
2324,Luton,Sheffield United,23,7.0,6.0,1.0,-0.7922191206882254
2324,Luton,Man United,24,8.0,7.0,1.0,0.023338071247906322
2324,Luton,Liverpool,25,2.0,4.0,-2.0,0.10699890547930369
2324,Luton,Aston Villa,26,10.0,7.0,3.0,1.0179813833380578
2324,Luton,Crystal Palace,27,6.0,7.0,-1.0,0.07058926885438921
2324,Luton,Bournemouth,28,4.0,4.0,0.0,1.7009092913473662
2324,Luton,Nott'm Forest,29,2.0,6.0,-4.0,-0.3332304520757823
2324,Luton,Tottenham,30,14.0,13.0,1.0,-0.7403739416576993
2324,Luton,Arsenal,31,4.0,3.0,1.0,-0.24524120502842534
2324,Luton,Bournemouth,32,2.0,3.0,-1.0,-0.03423646356631438
2324,Luton,Man City,33,7.0,7.0,0.0,0.17246304312368388
2324,Luton,Brentford,34,7.0,7.0,0.0,-0.8126185123420696
2324,Luton,Wolves,35,7.0,2.0,5.0,-0.37101423411157786
2324,Luton,Everton,36,6.0,6.0,0.0,-0.2580616022944331
2324,Luton,West Ham,37,7.0,6.0,1.0,-0.6400004935379789
2324,Luton,Fulham,38,8.0,8.0,0.0,-0.05048234171841082
2324,Man City,Newcastle,2,8.0,7.0,1.0,-1.0969960445358737
2324,Man City,Sheffield United,3,7.0,8.0,-1.0,0.48269159772561254
2324,Man City,Fulham,4,6.0,7.0,-1.0,-1.1728393744704995
2324,Man City,West Ham,5,14.0,14.0,0.0,1.8729575519199027
2324,Man City,Nott'm Forest,6,7.0,4.0,3.0,-0.7714568532296087
2324,Man City,Wolves,7,7.0,7.0,0.0,-1.2876950272552454
2324,Man City,Arsenal,8,8.0,8.0,0.0,-0.09764668430895573
2324,Man City,Brighton,9,12.0,13.0,-1.0,-1.2743138745016798
2324,Man City,Man United,10,8.0,7.0,1.0,1.5352501925733066
2324,Man City,Bournemouth,11,5.0,7.0,-2.0,0.017829014888691486
2324,Man City,Chelsea,12,8.0,5.0,3.0,0.5277037893745047
2324,Man City,Liverpool,13,12.0,12.0,0.0,-0.05440461776590522
2324,Man City,Tottenham,14,8.0,7.0,1.0,0.41780596042133933
2324,Man City,Aston Villa,15,3.0,3.0,0.0,-1.0531475248483528
2324,Man City,Luton,16,3.0,4.0,-1.0,-0.6370949589471939
2324,Man City,Crystal Palace,17,6.0,7.0,-1.0,0.2059382583957734
2324,Man City,Everton,18,11.0,4.0,7.0,-0.23292886044145744
2324,Man City,Sheffield United,19,2.0,4.0,-2.0,-0.9472273189387681
2324,Man City,Newcastle,20,14.0,11.0,3.0,0.6584271073889922
2324,Man City,Burnley,21,18.0,18.0,0.0,-0.9455878792847963
2324,Man City,Brentford,22,5.0,5.0,0.0,0.20480314158695379
2324,Man City,Everton,23,4.0,7.0,-3.0,-0.5597216862806416
2324,Man City,Chelsea,24,7.0,4.0,3.0,0.4447088032570381
2324,Man City,Brentford,25,3.0,3.0,0.0,0.20686695281118217
2324,Man City,Bournemouth,26,3.0,7.0,-4.0,-0.1482195331282481
2324,Man City,Man United,27,7.0,8.0,-1.0,-0.11342466758734426
2324,Man City,Liverpool,28,7.0,8.0,-1.0,-0.13810874319126865
2324,Man City,Arsenal,29,21.0,21.0,0.0,0.04955648222824416
2324,Man City,Aston Villa,30,3.0,4.0,-1.0,1.359983247126685
2324,Man City,Crystal Palace,31,2.0,3.0,-1.0,0.45896230625584056
2324,Man City,Luton,32,7.0,7.0,0.0,0.36542716336501524
2324,Man City,Brighton,33,12.0,12.0,0.0,0.07874794653369777
2324,Man City,Nott'm Forest,34,2.0,7.0,-5.0,-0.7917695163883446
2324,Man City,Wolves,35,6.0,7.0,-1.0,0.2247585550589961
2324,Man City,Fulham,36,6.0,6.0,0.0,0.42068815466037957
2324,Man City,Tottenham,37,3.0,3.0,0.0,-0.09047494464454586
2324,Man City,West Ham,38,4.0,8.0,-4.0,-0.4743746943745113
2324,Man United,Tottenham,2,4.0,6.0,-2.0,1.081988551658391
2324,Man United,Nott'm Forest,3,6.0,7.0,-1.0,0.8500065334273845
2324,Man United,Arsenal,4,8.0,8.0,0.0,0.32474399630260975
2324,Man United,Brighton,5,12.0,13.0,-1.0,-0.7811407289999694
2324,Man United,Burnley,6,7.0,5.0,2.0,-0.6901635682197962
2324,Man United,Crystal Palace,7,6.0,7.0,-1.0,0.07063848975706644
2324,Man United,Brentford,8,7.0,6.0,1.0,-0.2705934271797079
2324,Man United,Sheffield United,9,14.0,14.0,0.0,-0.28574743768616906
2324,Man United,Man City,10,7.0,8.0,-1.0,-0.21707171085257726
2324,Man United,Fulham,11,5.0,5.0,0.0,-0.6251526661976032
2324,Man United,Luton,12,7.0,5.0,2.0,0.3816241940431455
2324,Man United,Everton,13,15.0,15.0,0.0,0.1344518610886618
2324,Man United,Newcastle,14,6.0,7.0,-1.0,-0.8497599468086356
2324,Man United,Chelsea,15,4.0,3.0,1.0,1.697833950844202
2324,Man United,Bournemouth,16,2.0,2.0,0.0,-0.485329988351878
2324,Man United,Liverpool,17,8.0,8.0,0.0,-0.38128916715564054
2324,Man United,West Ham,18,5.0,5.0,0.0,-0.7978950615192737
2324,Man United,Aston Villa,19,3.0,4.0,-1.0,-0.4881116607024103
2324,Man United,Nott'm Forest,20,3.0,4.0,-1.0,-0.5049280966340914
2324,Man United,Tottenham,21,14.0,14.0,0.0,-0.7474151071378874
2324,Man United,Wolves,22,18.0,10.0,8.0,1.704667211213558
2324,Man United,West Ham,23,2.0,2.0,0.0,-0.9047161923720154
2324,Man United,Aston Villa,24,7.0,7.0,0.0,1.0667507626923505
2324,Man United,Luton,25,7.0,8.0,-1.0,1.663305055022412
2324,Man United,Fulham,26,5.0,7.0,-2.0,0.3409118747946105
2324,Man United,Man City,27,8.0,7.0,1.0,-0.6069505601626229
2324,Man United,Everton,28,5.0,6.0,-1.0,-0.06317506934646189
2324,Man United,Brentford,29,21.0,14.0,7.0,-0.28753562858669746
2324,Man United,Chelsea,30,4.0,5.0,-1.0,0.288867266976343
2324,Man United,Liverpool,31,2.0,2.0,0.0,-0.42741200272177526
2324,Man United,Bournemouth,32,6.0,7.0,-1.0,-0.5434014619843797
2324,Man United,Sheffield United,33,11.0,4.0,7.0,0.6115121093795768
2324,Man United,Burnley,34,2.0,7.0,-5.0,1.1875385341637614
2324,Man United,Crystal Palace,35,9.0,9.0,0.0,-0.8697839297059753
2324,Man United,Arsenal,36,5.0,8.0,-3.0,-0.23385505828551056
2324,Man United,Newcastle,37,3.0,4.0,-1.0,-0.0613778193933503
2324,Man United,Brighton,38,3.0,3.0,0.0,-0.2215719875201354
2324,Newcastle,Man City,2,7.0,8.0,-1.0,-0.8167868568164477
2324,Newcastle,Liverpool,3,7.0,8.0,-1.0,-0.13291536563864437
2324,Newcastle,Brighton,4,6.0,7.0,-1.0,-0.8255010689093465
2324,Newcastle,Brentford,5,14.0,14.0,0.0,-1.4681068704583424
2324,Newcastle,Sheffield United,6,7.0,8.0,-1.0,2.640996311911231
2324,Newcastle,Burnley,7,5.0,6.0,-1.0,-0.3222437384912702
2324,Newcastle,West Ham,8,7.0,7.0,0.0,-0.17906025311743123
2324,Newcastle,Crystal Palace,9,13.0,13.0,0.0,1.6391073985948061
2324,Newcastle,Wolves,10,7.0,7.0,0.0,-0.5904292349951206
2324,Newcastle,Arsenal,11,7.0,7.0,0.0,0.014584266486589836
2324,Newcastle,Bournemouth,12,7.0,7.0,0.0,-1.5361574353628962
2324,Newcastle,Chelsea,13,13.0,12.0,1.0,-0.05747038251559511
2324,Newcastle,Man United,14,7.0,6.0,1.0,0.2916711042354905
2324,Newcastle,Everton,15,4.0,5.0,-1.0,-0.3670209149283219
2324,Newcastle,Tottenham,16,2.0,2.0,0.0,-0.31202335561940653
2324,Newcastle,Fulham,17,5.0,6.0,-1.0,1.993069688667103
2324,Newcastle,Luton,18,7.0,13.0,-6.0,-1.3047556745945992
2324,Newcastle,Nott'm Forest,19,2.0,2.0,0.0,0.029643251010389005
2324,Newcastle,Liverpool,20,6.0,6.0,0.0,-0.5205491508882629
2324,Newcastle,Man City,21,11.0,14.0,-3.0,-0.07894961003763434
2324,Newcastle,Aston Villa,22,17.0,16.0,1.0,1.3753681820683656
2324,Newcastle,Luton,23,3.0,3.0,0.0,-0.9573958220356098
2324,Newcastle,Nott'm Forest,24,7.0,6.0,1.0,-1.1217872819566521
2324,Newcastle,Bournemouth,25,6.0,7.0,-1.0,-0.6333102538750215
2324,Newcastle,Arsenal,26,7.0,7.0,0.0,-0.6880757946906296
2324,Newcastle,Wolves,27,6.0,6.0,0.0,0.7027628542699107
2324,Newcastle,Chelsea,28,9.0,9.0,0.0,-1.2357747293565853
2324,Newcastle,West Ham,29,18.0,12.0,6.0,-0.3558169118395593
2324,Newcastle,Everton,30,3.0,3.0,0.0,0.6137142359375405
2324,Newcastle,Fulham,31,3.0,3.0,0.0,-0.6865667520666834
2324,Newcastle,Tottenham,32,6.0,5.0,1.0,0.7897579744143637
2324,Newcastle,Crystal Palace,33,11.0,3.0,8.0,-1.1586262187026386
2324,Newcastle,Sheffield United,34,2.0,2.0,0.0,-0.8481449172653037
2324,Newcastle,Burnley,35,7.0,7.0,0.0,1.3346619972145288
2324,Newcastle,Brighton,36,7.0,6.0,1.0,0.33245965408512257
2324,Newcastle,Man United,37,4.0,3.0,1.0,0.1453610810943058
2324,Newcastle,Brentford,38,3.0,8.0,-5.0,1.8474897015174514
2324,Nott'm Forest,Sheffield United,2,6.0,6.0,0.0,-0.6288590845873085
2324,Nott'm Forest,Man United,3,7.0,6.0,1.0,-0.4506948486307
2324,Nott'm Forest,Chelsea,4,7.0,7.0,0.0,-0.04404645610441382
2324,Nott'm Forest,Burnley,5,16.0,16.0,0.0,-1.0462458425388381
2324,Nott'm Forest,Man City,6,4.0,7.0,-3.0,0.018065143123492944
2324,Nott'm Forest,Brentford,7,7.0,7.0,0.0,-0.661705345636066
2324,Nott'm Forest,Crystal Palace,8,6.0,7.0,-1.0,0.0889341899300049
2324,Nott'm Forest,Luton,9,13.0,14.0,-1.0,1.0701224246470584
2324,Nott'm Forest,Liverpool,10,8.0,8.0,0.0,-0.30578097023044193
2324,Nott'm Forest,Aston Villa,11,7.0,7.0,0.0,-0.986411844792507
2324,Nott'm Forest,West Ham,12,7.0,7.0,0.0,-0.007315076405426613
2324,Nott'm Forest,Brighton,13,13.0,13.0,0.0,0.06230175172065877
2324,Nott'm Forest,Everton,14,7.0,6.0,1.0,-0.6751759104015974
2324,Nott'm Forest,Fulham,15,4.0,3.0,1.0,-1.0172527723711198
2324,Nott'm Forest,Wolves,16,2.0,3.0,-1.0,-0.20490368326083397
2324,Nott'm Forest,Tottenham,17,6.0,5.0,1.0,0.14412652298594986
2324,Nott'm Forest,Bournemouth,18,7.0,14.0,-7.0,-0.7021239669535433
2324,Nott'm Forest,Newcastle,19,2.0,2.0,0.0,1.9180493702894386
2324,Nott'm Forest,Man United,20,4.0,3.0,1.0,-0.983861072253118
2324,Nott'm Forest,Brentford,21,21.0,21.0,0.0,0.028797398553839004
2324,Nott'm Forest,Arsenal,22,10.0,10.0,0.0,-0.10261542383930733
2324,Nott'm Forest,Bournemouth,23,4.0,2.0,2.0,-0.7632165491216081
2324,Nott'm Forest,Newcastle,24,6.0,7.0,-1.0,-0.48860493730364696
2324,Nott'm Forest,West Ham,25,6.0,6.0,0.0,0.9197208496014453
2324,Nott'm Forest,Aston Villa,26,7.0,7.0,0.0,0.9665826860392226
2324,Nott'm Forest,Liverpool,27,7.0,10.0,-3.0,-0.18936402213399506
2324,Nott'm Forest,Brighton,28,7.0,7.0,0.0,-0.4585519007800506
2324,Nott'm Forest,Luton,29,6.0,2.0,4.0,0.15204058202021042
2324,Nott'm Forest,Crystal Palace,30,14.0,21.0,-7.0,-0.601928496984777
2324,Nott'm Forest,Fulham,31,3.0,3.0,0.0,0.4324834124577488
2324,Nott'm Forest,Tottenham,32,5.0,4.0,1.0,0.7262340149815707
2324,Nott'm Forest,Wolves,33,5.0,7.0,-2.0,0.01969924454648897
2324,Nott'm Forest,Everton,34,7.0,5.0,2.0,0.08833138162244669
2324,Nott'm Forest,Man City,35,7.0,2.0,5.0,1.302255433251441
2324,Nott'm Forest,Sheffield United,36,5.0,7.0,-2.0,0.30467288930217595
2324,Nott'm Forest,Chelsea,37,7.0,6.0,1.0,0.9826463749186962
2324,Nott'm Forest,Burnley,38,7.0,8.0,-1.0,0.14911297784018251
2324,Sheffield United,Nott'm Forest,2,6.0,6.0,0.0,-0.23791486085901892
2324,Sheffield United,Man City,3,8.0,7.0,1.0,0.12681868542817032
2324,Sheffield United,Everton,4,5.0,6.0,-1.0,0.5912615787843116
2324,Sheffield United,Tottenham,5,14.0,14.0,0.0,-0.13961946712859397
2324,Sheffield United,Newcastle,6,8.0,7.0,1.0,-0.48345274368749747
2324,Sheffield United,West Ham,7,5.0,6.0,-1.0,-0.13035604470925755
2324,Sheffield United,Fulham,8,7.0,4.0,3.0,-0.6499555519012357
2324,Sheffield United,Man United,9,14.0,14.0,0.0,-0.6113949185373497
2324,Sheffield United,Arsenal,10,6.0,6.0,0.0,-0.4092514791722703
2324,Sheffield United,Wolves,11,7.0,6.0,1.0,-0.9310467439837266
2324,Sheffield United,Brighton,12,7.0,7.0,0.0,0.00848037023098136
2324,Sheffield United,Bournemouth,13,13.0,13.0,0.0,-0.27379667105631933
2324,Sheffield United,Burnley,14,7.0,7.0,0.0,-0.4256170673516584
2324,Sheffield United,Liverpool,15,4.0,3.0,1.0,-0.012810275065530896
2324,Sheffield United,Brentford,16,2.0,2.0,0.0,-0.22476675207584262
2324,Sheffield United,Chelsea,17,7.0,6.0,1.0,-0.43144296716243613
2324,Sheffield United,Aston Villa,18,6.0,5.0,1.0,-0.29441888372403235
2324,Sheffield United,Luton,19,3.0,3.0,0.0,2.008766511623512
2324,Sheffield United,Man City,20,4.0,2.0,2.0,-0.25559152240677896
2324,Sheffield United,West Ham,21,21.0,18.0,3.0,0.5758081671497024
2324,Sheffield United,Crystal Palace,22,9.0,10.0,-1.0,-0.057564379415906086
2324,Sheffield United,Aston Villa,23,3.0,3.0,0.0,0.3758492426354112
2324,Sheffield United,Luton,24,6.0,7.0,-1.0,-0.09214963770176476
2324,Sheffield United,Brighton,25,7.0,7.0,0.0,-0.4375210724595757
2324,Sheffield United,Wolves,26,6.0,7.0,-1.0,-0.383865701119416
2324,Sheffield United,Arsenal,27,8.0,9.0,-1.0,-0.3343484433335569
2324,Sheffield United,Bournemouth,28,4.0,6.0,-2.0,1.027537028194979
2324,Sheffield United,Fulham,29,21.0,13.0,8.0,0.683786613326455
2324,Sheffield United,Liverpool,30,5.0,4.0,1.0,0.02940356638370334
2324,Sheffield United,Chelsea,31,2.0,2.0,0.0,0.675162086641703
2324,Sheffield United,Brentford,32,5.0,7.0,-2.0,-0.03647655757442203
2324,Sheffield United,Burnley,33,7.0,7.0,0.0,0.6998095864801279
2324,Sheffield United,Man United,34,4.0,11.0,-7.0,0.17561929812827204
2324,Sheffield United,Newcastle,35,2.0,2.0,0.0,0.9562880899053509
2324,Sheffield United,Nott'm Forest,36,7.0,5.0,2.0,0.7624048901402368
2324,Sheffield United,Everton,37,7.0,7.0,0.0,-0.33768014763795795
2324,Sheffield United,Tottenham,38,8.0,4.0,4.0,-0.44205945077380726
2324,Tottenham,Man United,2,6.0,4.0,2.0,0.12375673696450251
2324,Tottenham,Bournemouth,3,6.0,6.0,0.0,0.5564506394668614
2324,Tottenham,Burnley,4,7.0,6.0,1.0,0.39862448744504886
2324,Tottenham,Sheffield United,5,14.0,14.0,0.0,-0.6369736432584019
2324,Tottenham,Arsenal,6,7.0,6.0,1.0,1.3738380968398993
2324,Tottenham,Liverpool,7,6.0,6.0,0.0,0.5658954290825744
2324,Tottenham,Luton,8,6.0,3.0,3.0,-0.13703932681343467
2324,Tottenham,Fulham,9,16.0,16.0,0.0,-0.4802722530178598
2324,Tottenham,Crystal Palace,10,4.0,6.0,-2.0,-0.5931016138868134
2324,Tottenham,Chelsea,11,10.0,9.0,1.0,-1.0855895065017505
2324,Tottenham,Wolves,12,4.0,6.0,-2.0,-1.5562983333645244
2324,Tottenham,Aston Villa,13,15.0,14.0,1.0,0.018863279665655153
2324,Tottenham,Man City,14,7.0,8.0,-1.0,-0.5606524939431405
2324,Tottenham,West Ham,15,4.0,4.0,0.0,-0.8326370285673088
2324,Tottenham,Newcastle,16,2.0,2.0,0.0,1.6042061562080048
2324,Tottenham,Nott'm Forest,17,5.0,6.0,-1.0,0.09619666278463468
2324,Tottenham,Everton,18,7.0,6.0,1.0,-0.30901128481727747
2324,Tottenham,Brighton,19,5.0,6.0,-1.0,0.46852006852522154
2324,Tottenham,Bournemouth,20,2.0,4.0,-2.0,0.062406845442047665
2324,Tottenham,Man United,21,14.0,14.0,0.0,-0.6597914643297289
2324,Tottenham,Brentford,22,17.0,11.0,6.0,1.3186697971680243
2324,Tottenham,Everton,23,2.0,3.0,-1.0,-0.6161077524413472
2324,Tottenham,Brighton,24,7.0,7.0,0.0,0.1483879619897288
2324,Tottenham,Wolves,25,7.0,7.0,0.0,-0.8379122243649766
2324,Tottenham,Crystal Palace,26,14.0,7.0,7.0,0.7246646298543029
2324,Tottenham,Aston Villa,27,7.0,7.0,0.0,0.45219966844047965
2324,Tottenham,Fulham,28,6.0,7.0,-1.0,0.41837385707623453
2324,Tottenham,Luton,29,13.0,14.0,-1.0,-0.6169129415636059
2324,Tottenham,West Ham,30,3.0,3.0,0.0,-0.602323445468536
2324,Tottenham,Nott'm Forest,31,4.0,5.0,-1.0,-0.23107070282840136
2324,Tottenham,Newcastle,32,5.0,6.0,-1.0,-0.9245979532324807
2324,Tottenham,Arsenal,33,15.0,4.0,11.0,0.8172715956642811
2324,Tottenham,Chelsea,34,4.0,4.0,0.0,-0.3988154545914273
2324,Tottenham,Liverpool,35,2.0,8.0,-6.0,-0.1525543925705839
2324,Tottenham,Burnley,36,5.0,7.0,-2.0,0.5537903061490677
2324,Tottenham,Man City,37,3.0,3.0,0.0,0.6257607911716909
2324,Tottenham,Sheffield United,38,4.0,8.0,-4.0,0.913818815421612
2324,West Ham,Chelsea,2,8.0,7.0,1.0,-0.49273442571493753
2324,West Ham,Brighton,3,6.0,7.0,-1.0,1.8221019558649694
2324,West Ham,Luton,4,6.0,7.0,-1.0,-0.5518014067929577
2324,West Ham,Man City,5,14.0,14.0,0.0,0.03616107320001882
2324,West Ham,Liverpool,6,7.0,8.0,-1.0,0.6033851606833658
2324,West Ham,Sheffield United,7,6.0,5.0,1.0,1.2230359420200372
2324,West Ham,Newcastle,8,7.0,7.0,0.0,-0.5062769949327456
2324,West Ham,Aston Villa,9,14.0,14.0,0.0,-0.6126197470848801
2324,West Ham,Everton,10,6.0,8.0,-2.0,-0.7120434289524774
2324,West Ham,Brentford,11,6.0,7.0,-1.0,0.5769549033901382
2324,West Ham,Nott'm Forest,12,7.0,7.0,0.0,0.7570062187672024
2324,West Ham,Burnley,13,13.0,14.0,-1.0,-0.04216150360880677
2324,West Ham,Crystal Palace,14,7.0,7.0,0.0,-0.22183967515601855
2324,West Ham,Tottenham,15,4.0,4.0,0.0,0.48259483058418384
2324,West Ham,Fulham,16,2.0,3.0,-1.0,-0.2367421700239033
2324,West Ham,Wolves,17,7.0,7.0,0.0,-0.6816602403682737
2324,West Ham,Man United,18,5.0,5.0,0.0,-0.19091867716191135
2324,West Ham,Arsenal,19,5.0,5.0,0.0,0.244296967352993
2324,West Ham,Brighton,20,4.0,4.0,0.0,-0.4016215841194234
2324,West Ham,Sheffield United,21,18.0,21.0,-3.0,0.05079428570910527
2324,West Ham,Bournemouth,22,11.0,11.0,0.0,-0.9227526773622935
2324,West Ham,Man United,23,2.0,2.0,0.0,-0.2118879040188668
2324,West Ham,Arsenal,24,7.0,6.0,1.0,-0.5335623477755286
2324,West Ham,Nott'm Forest,25,6.0,6.0,0.0,-0.5471351455200149
2324,West Ham,Brentford,26,9.0,6.0,3.0,0.6258354921919731
2324,West Ham,Everton,27,4.0,7.0,-3.0,1.0930536726350573
2324,West Ham,Burnley,28,7.0,7.0,0.0,0.1450213468546515
2324,West Ham,Aston Villa,29,7.0,7.0,0.0,-0.22991241910469173
2324,West Ham,Newcastle,30,12.0,18.0,-6.0,-0.1792061931456318
2324,West Ham,Tottenham,31,3.0,3.0,0.0,-0.0709633289826812
2324,West Ham,Wolves,32,3.0,3.0,0.0,-1.0241345093986827
2324,West Ham,Fulham,33,7.0,7.0,0.0,-0.0408325577254931
2324,West Ham,Crystal Palace,34,7.0,7.0,0.0,0.22805581554039
2324,West Ham,Liverpool,35,5.0,2.0,3.0,-0.35161772456937523
2324,West Ham,Chelsea,36,8.0,2.0,6.0,-0.2850190418338481
2324,West Ham,Luton,37,6.0,7.0,-1.0,1.5335755495383987
2324,West Ham,Man City,38,8.0,4.0,4.0,-0.4615821730813149
2324,Wolves,Brighton,2,4.0,7.0,-3.0,1.3885578881054315
2324,Wolves,Everton,3,7.0,6.0,1.0,0.38259756927107014
2324,Wolves,Crystal Palace,4,7.0,7.0,0.0,0.09044667329595413
2324,Wolves,Liverpool,5,12.0,12.0,0.0,-0.536427906985924
2324,Wolves,Luton,6,7.0,7.0,0.0,-0.9049235633935174
2324,Wolves,Man City,7,7.0,7.0,0.0,-0.13268488796734368
2324,Wolves,Aston Villa,8,7.0,8.0,-1.0,0.299844735677129
2324,Wolves,Bournemouth,9,13.0,14.0,-1.0,1.1746888500558588
2324,Wolves,Newcastle,10,7.0,7.0,0.0,-0.4859096202870884
2324,Wolves,Sheffield United,11,6.0,7.0,-1.0,-0.3650652025068757
2324,Wolves,Tottenham,12,6.0,4.0,2.0,0.46238519732054084
2324,Wolves,Fulham,13,16.0,15.0,1.0,-0.32723010107868855
2324,Wolves,Arsenal,14,4.0,6.0,-2.0,0.5235632346877994
2324,Wolves,Burnley,15,3.0,3.0,0.0,-0.5040313704018884
2324,Wolves,Nott'm Forest,16,3.0,2.0,1.0,-0.20472823746773705
2324,Wolves,West Ham,17,7.0,7.0,0.0,-0.7670819993467386
2324,Wolves,Chelsea,18,6.0,7.0,-1.0,0.39106278312158715
2324,Wolves,Brentford,19,3.0,10.0,-7.0,0.789110411397419
2324,Wolves,Everton,20,2.0,2.0,0.0,1.395894435335507
2324,Wolves,Brighton,21,23.0,20.0,3.0,0.08001951326571044
2324,Wolves,Man United,22,10.0,18.0,-8.0,-0.08589632888513288
2324,Wolves,Chelsea,23,2.0,3.0,-1.0,0.6222980232794078
2324,Wolves,Brentford,24,6.0,4.0,2.0,-0.2964412197542574
2324,Wolves,Tottenham,25,7.0,7.0,0.0,0.5949079923804821
2324,Wolves,Sheffield United,26,7.0,6.0,1.0,-0.6370122964202323
2324,Wolves,Newcastle,27,6.0,6.0,0.0,-0.5939101540900021
2324,Wolves,Fulham,28,7.0,7.0,0.0,-0.10623562321494728
2324,Wolves,Aston Villa,29,21.0,13.0,8.0,0.46823759931959086
2324,Wolves,Burnley,30,3.0,3.0,0.0,-0.31484900844089925
2324,Wolves,West Ham,31,3.0,3.0,0.0,-0.5984822931324927
2324,Wolves,Nott'm Forest,32,7.0,5.0,2.0,0.45528859282353595
2324,Wolves,Arsenal,33,7.0,6.0,1.0,-0.5155943367446354
2324,Wolves,Bournemouth,34,4.0,3.0,1.0,-0.8993528111702365
2324,Wolves,Luton,35,2.0,7.0,-5.0,-0.552691697144275
2324,Wolves,Man City,36,7.0,6.0,1.0,-0.2617431593460591
2324,Wolves,Crystal Palace,37,6.0,4.0,2.0,-0.1282704714459435
2324,Wolves,Liverpool,38,8.0,5.0,3.0,-0.14667546417183863
2425,Arsenal,Aston Villa,2,7.0,7.0,0.0,-0.15222425006104556
2425,Arsenal,Brighton,3,6.0,7.0,-1.0,0.515781719473418
2425,Arsenal,Tottenham,4,15.0,14.0,1.0,-0.8384791476550728
2425,Arsenal,Man City,5,7.0,8.0,-1.0,-0.19724655967549243
2425,Arsenal,Leicester,6,5.0,7.0,-2.0,3.03845706986579
2425,Arsenal,Southampton,7,7.0,4.0,3.0,-0.07396187640895224
2425,Arsenal,Bournemouth,8,14.0,14.0,0.0,-0.7729952687521278
2425,Arsenal,Liverpool,9,8.0,7.0,1.0,-0.3913470622752606
2425,Arsenal,Newcastle,10,5.0,5.0,0.0,-0.6471923891192284
2425,Arsenal,Chelsea,11,8.0,7.0,1.0,0.48399646815827424
2425,Arsenal,Nott'm Forest,12,12.0,13.0,-1.0,-0.29155379730027153
2425,Arsenal,West Ham,13,7.0,4.0,3.0,0.5218921815787827
2425,Arsenal,Man United,14,4.0,3.0,1.0,0.8695973495398621
2425,Arsenal,Fulham,15,3.0,2.0,1.0,1.0610030444397482
2425,Arsenal,Everton,16,6.0,9.0,-3.0,-0.5887189388885983
2425,Arsenal,Crystal Palace,17,7.0,6.0,1.0,1.3500461446345244
2425,Arsenal,Ipswich,18,6.0,6.0,0.0,-0.7161670560799531
2425,Arsenal,Brentford,19,4.0,4.0,0.0,0.21272893109850277
2425,Arsenal,Brighton,20,3.0,4.0,-1.0,0.25831237158962717
2425,Arsenal,Tottenham,21,11.0,11.0,0.0,-0.14477709613569179
2425,Arsenal,Aston Villa,22,2.0,2.0,0.0,-0.27367086613711056
2425,Arsenal,Wolves,23,6.0,4.0,2.0,-0.7384882083862895
2425,Arsenal,Man City,24,8.0,7.0,1.0,-0.2822997864178849
2425,Arsenal,Leicester,25,12.0,13.0,-1.0,-0.7113560659130203
2425,Arsenal,West Ham,26,7.0,7.0,0.0,-1.0219279516326836
2425,Arsenal,Nott'm Forest,27,4.0,3.0,1.0,-0.2758760777540499
2425,Arsenal,Man United,28,10.0,10.0,0.0,0.11760246482468029
2425,Arsenal,Chelsea,29,6.0,6.0,0.0,-1.1126509477348003
2425,Arsenal,Fulham,30,16.0,16.0,0.0,0.621143050150597
2425,Arsenal,Everton,31,3.0,2.0,1.0,-0.14606456557883885
2425,Arsenal,Brentford,32,7.0,6.0,1.0,-1.419763784989061
2425,Arsenal,Ipswich,33,7.0,7.0,0.0,0.4615138087437134
2425,Arsenal,Crystal Palace,34,3.0,4.0,-1.0,-0.16587650434610346
2425,Arsenal,Bournemouth,35,9.0,6.0,3.0,0.20084172435637537
2425,Arsenal,Liverpool,36,7.0,7.0,0.0,0.9798471627192615
2425,Arsenal,Newcastle,37,7.0,7.0,0.0,-0.7492194930667124
2425,Arsenal,Southampton,38,6.0,7.0,-1.0,-0.30818694210061626
2425,Aston Villa,Arsenal,2,7.0,7.0,0.0,0.141700078785036
2425,Aston Villa,Leicester,3,6.0,7.0,-1.0,0.055627929198834636
2425,Aston Villa,Everton,4,14.0,14.0,0.0,1.533609080629163
2425,Aston Villa,Wolves,5,6.0,5.0,1.0,0.6679162115651969
2425,Aston Villa,Ipswich,6,7.0,7.0,0.0,-0.8697064194871205
2425,Aston Villa,Man United,7,7.0,6.0,1.0,-1.2635394864127103
2425,Aston Villa,Fulham,8,13.0,14.0,-1.0,0.2605382952606474
2425,Aston Villa,Bournemouth,9,7.0,6.0,1.0,0.3859972977216062
2425,Aston Villa,Tottenham,10,8.0,7.0,1.0,0.8092255581498482
2425,Aston Villa,Liverpool,11,6.0,7.0,-1.0,0.6285952672317074
2425,Aston Villa,Crystal Palace,12,13.0,14.0,-1.0,0.49549071601655803
2425,Aston Villa,Chelsea,13,7.0,8.0,-1.0,-0.3892246263354566
2425,Aston Villa,Brentford,14,3.0,4.0,-1.0,0.5822180349981347
2425,Aston Villa,Southampton,15,2.0,2.0,0.0,-0.33510196238649836
2425,Aston Villa,Nott'm Forest,16,7.0,7.0,0.0,-0.9754863588142926
2425,Aston Villa,Man City,17,6.0,5.0,1.0,0.5058630618620421
2425,Aston Villa,Newcastle,18,5.0,5.0,0.0,-1.1093757169657739
2425,Aston Villa,Brighton,19,4.0,3.0,1.0,-0.5104873890062689
2425,Aston Villa,Leicester,20,4.0,6.0,-2.0,-0.2364853137851881
2425,Aston Villa,Everton,21,11.0,11.0,0.0,-0.04168388590523486
2425,Aston Villa,Arsenal,22,2.0,2.0,0.0,0.24670457360939013
2425,Aston Villa,West Ham,23,7.0,8.0,-1.0,-1.1431651352020977
2425,Aston Villa,Wolves,24,6.0,7.0,-1.0,-0.6497749124689622
2425,Aston Villa,Ipswich,25,13.0,14.0,-1.0,0.43093325536524274
2425,Aston Villa,Liverpool,26,4.0,3.0,1.0,-0.24467015031928585
2425,Aston Villa,Chelsea,27,3.0,7.0,-4.0,1.1452041301842975
2425,Aston Villa,Crystal Palace,28,3.0,3.0,0.0,-0.7925595722609902
2425,Aston Villa,Brentford,29,10.0,9.0,1.0,-0.23316701213389956
2425,Aston Villa,Brighton,30,25.0,18.0,7.0,-0.12313123232135026
2425,Aston Villa,Nott'm Forest,31,2.0,3.0,-1.0,0.9617911505979371
2425,Aston Villa,Southampton,32,6.0,6.0,0.0,-0.9562197151730847
2425,Aston Villa,Newcastle,33,7.0,2.0,5.0,1.4187684831071223
2425,Aston Villa,Man City,34,3.0,3.0,0.0,-0.170934383876981
2425,Aston Villa,Fulham,35,10.0,6.0,4.0,-0.14947797227842807
2425,Aston Villa,Bournemouth,36,7.0,7.0,0.0,-0.17281309445264936
2425,Aston Villa,Tottenham,37,6.0,5.0,1.0,-0.36487648217234003
2425,Aston Villa,Man United,38,8.0,8.0,0.0,-1.1314613453128128
2425,Bournemouth,Newcastle,2,7.0,7.0,0.0,0.7523044834305022
2425,Bournemouth,Everton,3,6.0,7.0,-1.0,1.509954785009529
2425,Bournemouth,Chelsea,4,14.0,13.0,1.0,-0.9128895679995088
2425,Bournemouth,Liverpool,5,6.0,7.0,-1.0,0.34141765247610456
2425,Bournemouth,Southampton,6,9.0,9.0,0.0,-1.6639833225433904
2425,Bournemouth,Leicester,7,4.0,7.0,-3.0,-0.3492853211806102
2425,Bournemouth,Arsenal,8,14.0,14.0,0.0,0.14180421929177767
2425,Bournemouth,Aston Villa,9,6.0,7.0,-1.0,-1.134198680946558
2425,Bournemouth,Man City,10,7.0,7.0,0.0,0.7547188655268693
2425,Bournemouth,Brentford,11,7.0,4.0,3.0,0.8244421493127696
2425,Bournemouth,Brighton,12,14.0,13.0,1.0,0.13491003942503732
2425,Bournemouth,Wolves,13,7.0,7.0,0.0,-0.723045142147126
2425,Bournemouth,Tottenham,14,5.0,4.0,1.0,1.0357503156066064
2425,Bournemouth,Ipswich,15,2.0,4.0,-2.0,1.2943944503760751
2425,Bournemouth,West Ham,16,8.0,7.0,1.0,-0.18811498486186906
2425,Bournemouth,Man United,17,5.0,6.0,-1.0,-0.5322080291090558
2425,Bournemouth,Crystal Palace,18,4.0,4.0,0.0,-0.7477177403089741
2425,Bournemouth,Fulham,19,3.0,3.0,0.0,0.42518976192624747
2425,Bournemouth,Everton,20,6.0,6.0,0.0,0.8463706616940092
2425,Bournemouth,Chelsea,21,10.0,10.0,0.0,-0.9917775510077559
2425,Bournemouth,Newcastle,22,3.0,2.0,1.0,1.2460978946237742
2425,Bournemouth,Nott'm Forest,23,7.0,6.0,1.0,1.0024923706201643
2425,Bournemouth,Liverpool,24,7.0,7.0,0.0,0.27073438038505127
2425,Bournemouth,Southampton,25,14.0,14.0,0.0,-0.4488770028667748
2425,Bournemouth,Wolves,26,7.0,6.0,1.0,-1.2301774390270075
2425,Bournemouth,Brighton,27,3.0,3.0,0.0,0.25108195029848157
2425,Bournemouth,Tottenham,28,11.0,10.0,1.0,0.39529290612133994
2425,Bournemouth,Brentford,29,6.0,7.0,-1.0,-0.015649801321435675
2425,Bournemouth,Ipswich,30,18.0,18.0,0.0,-0.6942953580104263
2425,Bournemouth,West Ham,31,2.0,3.0,-1.0,0.1226030027843037
2425,Bournemouth,Fulham,32,9.0,8.0,1.0,0.28787637003157784
2425,Bournemouth,Crystal Palace,33,4.0,2.0,2.0,-0.9277235234822705
2425,Bournemouth,Man United,34,7.0,7.0,0.0,-1.3488820959112389
2425,Bournemouth,Arsenal,35,6.0,9.0,-3.0,0.37174241647698225
2425,Bournemouth,Aston Villa,36,7.0,7.0,0.0,-0.7689331326379887
2425,Bournemouth,Man City,37,10.0,10.0,0.0,-0.4215782962678466
2425,Bournemouth,Leicester,38,4.0,7.0,-3.0,-0.09115052035581783
2425,Brentford,Liverpool,2,7.0,8.0,-1.0,-0.5916539772613914
2425,Brentford,Southampton,3,5.0,7.0,-2.0,0.975463960722518
2425,Brentford,Man City,4,14.0,13.0,1.0,-0.235195951605792
2425,Brentford,Tottenham,5,7.0,6.0,1.0,-0.8075973219044189
2425,Brentford,West Ham,6,7.0,7.0,0.0,-1.7087777594046396
2425,Brentford,Wolves,7,7.0,6.0,1.0,1.6450954557683164
2425,Brentford,Man United,8,14.0,13.0,1.0,-0.5938514582703986
2425,Brentford,Ipswich,9,7.0,7.0,0.0,0.8343175319390506
2425,Brentford,Fulham,10,9.0,9.0,0.0,-0.4522177699111751
2425,Brentford,Bournemouth,11,4.0,7.0,-3.0,-0.04492907051922712
2425,Brentford,Everton,12,14.0,14.0,0.0,-0.0018678779015757208
2425,Brentford,Leicester,13,7.0,7.0,0.0,-0.3984647319451522
2425,Brentford,Aston Villa,14,4.0,3.0,1.0,-0.22715066932466477
2425,Brentford,Newcastle,15,2.0,2.0,0.0,0.08875169174813746
2425,Brentford,Chelsea,16,8.0,7.0,1.0,0.37668751984399784
2425,Brentford,Nott'm Forest,17,5.0,6.0,-1.0,-0.9255031499212982
2425,Brentford,Brighton,18,6.0,6.0,0.0,-0.3871983041077467
2425,Brentford,Arsenal,19,4.0,4.0,0.0,-0.918366549473578
2425,Brentford,Southampton,20,2.0,6.0,-4.0,2.4301085274657397
2425,Brentford,Man City,21,10.0,10.0,0.0,0.8156603880971414
2425,Brentford,Liverpool,22,3.0,3.0,0.0,-0.08444174035951613
2425,Brentford,Crystal Palace,23,7.0,7.0,0.0,-0.3204934506885708
2425,Brentford,Tottenham,24,7.0,7.0,0.0,-0.41878109883004755
2425,Brentford,West Ham,25,13.0,11.0,2.0,0.2675274279589708
2425,Brentford,Leicester,26,6.0,6.0,0.0,-0.10233620051825909
2425,Brentford,Everton,27,4.0,4.0,0.0,-0.30723412991732935
2425,Brentford,Aston Villa,28,9.0,10.0,-1.0,-1.0277111319061896
2425,Brentford,Bournemouth,29,7.0,6.0,1.0,0.28894674036358703
2425,Brentford,Newcastle,30,18.0,22.0,-4.0,-0.5822727750784155
2425,Brentford,Chelsea,31,3.0,2.0,1.0,-0.20882908213645646
2425,Brentford,Arsenal,32,6.0,7.0,-1.0,-0.38382112029363047
2425,Brentford,Brighton,33,6.0,7.0,-1.0,1.3036429633428115
2425,Brentford,Nott'm Forest,34,12.0,9.0,3.0,0.13700811066922802
2425,Brentford,Man United,35,2.0,7.0,-5.0,1.7665125201582228
2425,Brentford,Ipswich,36,6.0,7.0,-1.0,-0.7213638230898076
2425,Brentford,Fulham,37,8.0,8.0,0.0,0.21003032534595745
2425,Brentford,Wolves,38,7.0,4.0,3.0,0.5603759713407295
2425,Brighton,Man United,2,6.0,7.0,-1.0,0.3964753694409069
2425,Brighton,Arsenal,3,7.0,6.0,1.0,0.8855573582342136
2425,Brighton,Ipswich,4,14.0,14.0,0.0,-0.6400591483393978
2425,Brighton,Nott'm Forest,5,7.0,7.0,0.0,-0.05560430320433474
2425,Brighton,Chelsea,6,6.0,7.0,-1.0,-0.0214356584079356
2425,Brighton,Tottenham,7,8.0,7.0,1.0,-0.024623067101104512
2425,Brighton,Newcastle,8,12.0,13.0,-1.0,0.3811196369837946
2425,Brighton,Wolves,9,7.0,6.0,1.0,-0.143421388766513
2425,Brighton,Liverpool,10,7.0,5.0,2.0,0.010452755586585205
2425,Brighton,Man City,11,7.0,7.0,0.0,1.361517258417918
2425,Brighton,Bournemouth,12,13.0,14.0,-1.0,-0.028960081427295448
2425,Brighton,Southampton,13,6.0,5.0,1.0,-0.897284947722901
2425,Brighton,Fulham,14,5.0,4.0,1.0,-0.04245839616777558
2425,Brighton,Leicester,15,2.0,4.0,-2.0,-0.9261828166892634
2425,Brighton,Crystal Palace,16,7.0,7.0,0.0,-0.4136069765338932
2425,Brighton,West Ham,17,6.0,4.0,2.0,-0.28300669020462954
2425,Brighton,Brentford,18,6.0,6.0,0.0,-0.4844695978781399
2425,Brighton,Aston Villa,19,3.0,4.0,-1.0,-0.3651593386324241
2425,Brighton,Arsenal,20,4.0,3.0,1.0,-0.1374300841920748
2425,Brighton,Ipswich,21,12.0,11.0,1.0,-0.8936891725086986
2425,Brighton,Man United,22,2.0,2.0,0.0,0.7469170830486207
2425,Brighton,Everton,23,6.0,6.0,0.0,-0.9349655266371304
2425,Brighton,Nott'm Forest,24,6.0,6.0,0.0,-0.5696390370533267
2425,Brighton,Chelsea,25,13.0,11.0,2.0,0.5642229537645853
2425,Brighton,Southampton,26,7.0,7.0,0.0,2.8608603637547487
2425,Brighton,Bournemouth,27,3.0,3.0,0.0,0.2754419412147442
2425,Brighton,Fulham,28,10.0,10.0,0.0,-0.21550066800294654
2425,Brighton,Man City,29,7.0,7.0,0.0,0.8785962782369781
2425,Brighton,Aston Villa,30,18.0,25.0,-7.0,-1.0381117711430625
2425,Brighton,Crystal Palace,31,2.0,2.0,0.0,-0.14583336343909137
2425,Brighton,Leicester,32,7.0,4.0,3.0,-0.33289512563470813
2425,Brighton,Brentford,33,7.0,6.0,1.0,-0.24480154239339091
2425,Brighton,West Ham,34,7.0,7.0,0.0,-0.698120368710657
2425,Brighton,Newcastle,35,7.0,7.0,0.0,-0.9003935584168811
2425,Brighton,Wolves,36,6.0,7.0,-1.0,-0.7014453573113512
2425,Brighton,Liverpool,37,9.0,8.0,1.0,0.9467187013188036
2425,Brighton,Tottenham,38,5.0,8.0,-3.0,0.7247275816411938
2425,Chelsea,Wolves,2,6.0,7.0,-1.0,0.46524777733071665
2425,Chelsea,Crystal Palace,3,6.0,7.0,-1.0,0.9693344174457086
2425,Chelsea,Bournemouth,4,13.0,14.0,-1.0,-0.523540183120781
2425,Chelsea,West Ham,5,6.0,6.0,0.0,0.5164007581249492
2425,Chelsea,Brighton,6,7.0,6.0,1.0,1.0672605959784225
2425,Chelsea,Nott'm Forest,7,7.0,7.0,0.0,0.39992550635994295
2425,Chelsea,Liverpool,8,14.0,15.0,-1.0,0.17681670774939895
2425,Chelsea,Newcastle,9,6.0,8.0,-2.0,-0.21836992546270317
2425,Chelsea,Man United,10,7.0,7.0,0.0,-0.43661815007793603
2425,Chelsea,Arsenal,11,7.0,8.0,-1.0,-0.07898199785844673
2425,Chelsea,Leicester,12,12.0,12.0,0.0,0.44869767901703694
2425,Chelsea,Aston Villa,13,8.0,7.0,1.0,0.10398763175246639
2425,Chelsea,Southampton,14,3.0,4.0,-1.0,3.2209205943217825
2425,Chelsea,Tottenham,15,3.0,2.0,1.0,-0.8340487406417971
2425,Chelsea,Brentford,16,7.0,8.0,-1.0,0.4873869132413122
2425,Chelsea,Everton,17,6.0,7.0,-1.0,0.025577317976328118
2425,Chelsea,Fulham,18,4.0,4.0,0.0,-0.060658024868605054
2425,Chelsea,Ipswich,19,4.0,2.0,2.0,-0.6565613766897509
2425,Chelsea,Crystal Palace,20,4.0,6.0,-2.0,-0.12416070078881214
2425,Chelsea,Bournemouth,21,10.0,10.0,0.0,0.7544901322735751
2425,Chelsea,Wolves,22,6.0,5.0,1.0,1.2331558798163218
2425,Chelsea,Man City,23,4.0,6.0,-2.0,0.07333021159267017
2425,Chelsea,West Ham,24,9.0,8.0,1.0,-0.9129705870520843
2425,Chelsea,Brighton,25,11.0,13.0,-2.0,-0.8443380010394035
2425,Chelsea,Aston Villa,26,7.0,3.0,4.0,0.667445121226798
2425,Chelsea,Southampton,27,3.0,3.0,0.0,-0.2169767009254695
2425,Chelsea,Leicester,28,11.0,9.0,2.0,-1.892839172777148
2425,Chelsea,Arsenal,29,6.0,6.0,0.0,-0.7914340017884391
2425,Chelsea,Tottenham,30,18.0,18.0,0.0,-1.0042215265945083
2425,Chelsea,Brentford,31,2.0,3.0,-1.0,-0.2396444525920003
2425,Chelsea,Ipswich,32,7.0,7.0,0.0,0.13619521944085422
2425,Chelsea,Fulham,33,7.0,5.0,2.0,-0.5684618888420397
2425,Chelsea,Everton,34,5.0,6.0,-1.0,-1.0570004639867592
2425,Chelsea,Liverpool,35,8.0,7.0,1.0,1.3348247882257849
2425,Chelsea,Newcastle,36,6.0,6.0,0.0,-0.8528850773774315
2425,Chelsea,Man United,37,5.0,5.0,0.0,-0.7218866669795523
2425,Chelsea,Nott'm Forest,38,8.0,7.0,1.0,-0.22427911845195414
2425,Crystal Palace,West Ham,2,6.0,6.0,0.0,-0.7754644006328433
2425,Crystal Palace,Chelsea,3,7.0,6.0,1.0,-0.8669582298529857
2425,Crystal Palace,Leicester,4,13.0,14.0,-1.0,-0.5826785205378364
2425,Crystal Palace,Man United,5,7.0,7.0,0.0,-0.21513201810216076
2425,Crystal Palace,Everton,6,6.0,7.0,-1.0,-0.26837353706653166
2425,Crystal Palace,Liverpool,7,6.0,6.0,0.0,-0.7200097511485658
2425,Crystal Palace,Nott'm Forest,8,16.0,15.0,1.0,-0.5968211763896875
2425,Crystal Palace,Tottenham,9,5.0,8.0,-3.0,-1.177642900259185
2425,Crystal Palace,Wolves,10,6.0,7.0,-1.0,1.1876365627514487
2425,Crystal Palace,Fulham,11,6.0,4.0,2.0,0.4501872126196875
2425,Crystal Palace,Aston Villa,12,14.0,13.0,1.0,0.20709700033524614
2425,Crystal Palace,Newcastle,13,7.0,4.0,3.0,0.5808577077022792
2425,Crystal Palace,Ipswich,14,3.0,3.0,0.0,-0.459191709266634
2425,Crystal Palace,Man City,15,3.0,2.0,1.0,-0.4154404965692886
2425,Crystal Palace,Brighton,16,7.0,7.0,0.0,1.6106835467209621
2425,Crystal Palace,Arsenal,17,6.0,7.0,-1.0,0.3726602534907011
2425,Crystal Palace,Bournemouth,18,4.0,4.0,0.0,-0.8600698199787179
2425,Crystal Palace,Southampton,19,3.0,3.0,0.0,0.06604509891935617
2425,Crystal Palace,Chelsea,20,6.0,4.0,2.0,-0.3482598455742272
2425,Crystal Palace,Leicester,21,11.0,11.0,0.0,0.05312522088823668
2425,Crystal Palace,West Ham,22,2.0,3.0,-1.0,-0.8922661799261478
2425,Crystal Palace,Brentford,23,7.0,7.0,0.0,-0.7334099968469943
2425,Crystal Palace,Man United,24,7.0,6.0,1.0,0.9077445063928562
2425,Crystal Palace,Everton,25,13.0,2.0,11.0,0.6016382758990879
2425,Crystal Palace,Fulham,26,6.0,7.0,-1.0,0.22899534142323508
2425,Crystal Palace,Aston Villa,27,3.0,3.0,0.0,2.3016354710040043
2425,Crystal Palace,Ipswich,28,10.0,9.0,1.0,0.550348577220825
2425,Crystal Palace,Southampton,29,25.0,18.0,7.0,-1.5019854387492204
2425,Crystal Palace,Brighton,30,2.0,2.0,0.0,-1.2651959785120035
2425,Crystal Palace,Man City,31,6.0,5.0,1.0,0.0070532332429376066
2425,Crystal Palace,Newcastle,32,4.0,3.0,1.0,0.21397074522050907
2425,Crystal Palace,Bournemouth,33,2.0,4.0,-2.0,-1.3280343663902252
2425,Crystal Palace,Arsenal,34,4.0,3.0,1.0,1.4988054447454047
2425,Crystal Palace,Nott'm Forest,35,12.0,4.0,8.0,-0.17445160284219607
2425,Crystal Palace,Tottenham,36,5.0,7.0,-2.0,2.2249209355050557
2425,Crystal Palace,Wolves,37,9.0,10.0,-1.0,-0.10469819497855104
2425,Crystal Palace,Liverpool,38,4.0,5.0,-1.0,0.32889684890984805
2425,Everton,Tottenham,2,7.0,4.0,3.0,-0.5843733892850717
2425,Everton,Bournemouth,3,7.0,6.0,1.0,1.389374823873176
2425,Everton,Aston Villa,4,14.0,14.0,0.0,-0.13362456596697936
2425,Everton,Leicester,5,6.0,7.0,-1.0,0.27458099324721674
2425,Everton,Crystal Palace,6,7.0,6.0,1.0,-0.20420822951273965
2425,Everton,Newcastle,7,7.0,7.0,0.0,-0.5091933183911029
2425,Everton,Ipswich,8,13.0,14.0,-1.0,0.1276133747454622
2425,Everton,Fulham,9,7.0,7.0,0.0,-0.17302498228316499
2425,Everton,Southampton,10,6.0,7.0,-1.0,0.07678941942367778
2425,Everton,West Ham,11,7.0,7.0,0.0,-0.3645772887573715
2425,Everton,Brentford,12,14.0,14.0,0.0,0.21850840736636945
2425,Everton,Man United,13,7.0,6.0,1.0,-0.31101683236439437
2425,Everton,Wolves,14,3.0,4.0,-1.0,0.2457151327459024
2425,Everton,Arsenal,15,9.0,6.0,3.0,-0.5727696579441944
2425,Everton,Chelsea,16,7.0,6.0,1.0,-0.06739026980440066
2425,Everton,Man City,17,3.0,5.0,-2.0,-0.27908373920346885
2425,Everton,Nott'm Forest,18,3.0,3.0,0.0,-0.6132267819610753
2425,Everton,Bournemouth,19,6.0,6.0,0.0,-0.3917483792459828
2425,Everton,Aston Villa,20,11.0,11.0,0.0,0.023903943243833048
2425,Everton,Tottenham,21,3.0,3.0,0.0,1.0504527904605756
2425,Everton,Brighton,22,6.0,6.0,0.0,-0.8678181970690426
2425,Everton,Leicester,23,7.0,6.0,1.0,1.2152111263160272
2425,Everton,Liverpool,24,11.0,11.0,0.0,-0.02077377355339971
2425,Everton,Crystal Palace,25,2.0,13.0,-11.0,-0.057040514620493976
2425,Everton,Man United,26,6.0,5.0,1.0,0.7844256779840928
2425,Everton,Brentford,27,4.0,4.0,0.0,0.32558993463130514
2425,Everton,Wolves,28,10.0,11.0,-1.0,0.34388480087685847
2425,Everton,West Ham,29,6.0,4.0,2.0,-0.31815225560663585
2425,Everton,Liverpool,30,18.0,25.0,-7.0,0.06275043024785654
2425,Everton,Arsenal,31,2.0,3.0,-1.0,-0.39580643324974796
2425,Everton,Nott'm Forest,32,7.0,6.0,1.0,0.2573809480419962
2425,Everton,Man City,33,7.0,7.0,0.0,-0.32511134963972776
2425,Everton,Chelsea,34,6.0,5.0,1.0,-0.012480220812709941
2425,Everton,Ipswich,35,7.0,7.0,0.0,-1.0046998314451676
2425,Everton,Fulham,36,7.0,7.0,0.0,0.4623098851270624
2425,Everton,Southampton,37,7.0,7.0,0.0,0.5847743485245394
2425,Everton,Newcastle,38,7.0,6.0,1.0,0.09186446236112988
2425,Fulham,Leicester,2,7.0,4.0,3.0,-0.3373871537285065
2425,Fulham,Ipswich,3,7.0,7.0,0.0,-0.6053844312179535
2425,Fulham,West Ham,4,14.0,13.0,1.0,1.059405235588136
2425,Fulham,Newcastle,5,7.0,5.0,2.0,1.7553551630657083
2425,Fulham,Nott'm Forest,6,7.0,6.0,1.0,-0.5408171737505524
2425,Fulham,Man City,7,7.0,7.0,0.0,1.6284636898718634
2425,Fulham,Aston Villa,8,14.0,13.0,1.0,0.4063055438653629
2425,Fulham,Everton,9,7.0,7.0,0.0,0.31358894071038335
2425,Fulham,Brentford,10,9.0,9.0,0.0,-0.23820076506368748
2425,Fulham,Crystal Palace,11,4.0,6.0,-2.0,0.9532544830764305
2425,Fulham,Wolves,12,14.0,14.0,0.0,-0.801818709463727
2425,Fulham,Tottenham,13,7.0,7.0,0.0,0.0781024041214855
2425,Fulham,Brighton,14,4.0,5.0,-1.0,-0.7843753539076033
2425,Fulham,Arsenal,15,2.0,3.0,-1.0,-0.8953961903308488
2425,Fulham,Liverpool,16,6.0,9.0,-3.0,0.36464486226758386
2425,Fulham,Southampton,17,7.0,6.0,1.0,-1.2842660857124366
2425,Fulham,Chelsea,18,4.0,4.0,0.0,0.6529956369212002
2425,Fulham,Bournemouth,19,3.0,3.0,0.0,-0.4526858199130658
2425,Fulham,Ipswich,20,6.0,5.0,1.0,-1.0651484498994275
2425,Fulham,West Ham,21,9.0,10.0,-1.0,1.3444229964782324
2425,Fulham,Leicester,22,3.0,2.0,1.0,0.49067847182335456
2425,Fulham,Man United,23,8.0,7.0,1.0,-1.0392305069258252
2425,Fulham,Newcastle,24,5.0,7.0,-2.0,0.41996975249412616
2425,Fulham,Nott'm Forest,25,14.0,14.0,0.0,0.7211396240633625
2425,Fulham,Crystal Palace,26,7.0,6.0,1.0,-1.3580078658221666
2425,Fulham,Wolves,27,3.0,3.0,0.0,0.19451527633158938
2425,Fulham,Brighton,28,10.0,10.0,0.0,-0.4765018742691599
2425,Fulham,Tottenham,29,7.0,6.0,1.0,-0.790925989588142
2425,Fulham,Arsenal,30,16.0,16.0,0.0,0.5877078092278758
2425,Fulham,Liverpool,31,4.0,3.0,1.0,0.598947714714376
2425,Fulham,Bournemouth,32,8.0,9.0,-1.0,-0.08267890310771708
2425,Fulham,Chelsea,33,5.0,7.0,-2.0,-1.073328568411725
2425,Fulham,Southampton,34,6.0,7.0,-1.0,-0.07566063298902703
2425,Fulham,Aston Villa,35,6.0,10.0,-4.0,-0.49193976033296516
2425,Fulham,Everton,36,7.0,7.0,0.0,-0.23864547496864952
2425,Fulham,Brentford,37,8.0,8.0,0.0,0.2552179568445636
2425,Fulham,Man City,38,7.0,4.0,3.0,0.8339854011173438
2425,Ipswich,Man City,2,7.0,5.0,2.0,-0.3197807671548381
2425,Ipswich,Fulham,3,7.0,7.0,0.0,-0.2003820143452485
2425,Ipswich,Brighton,4,14.0,14.0,0.0,-0.1171949444498871
2425,Ipswich,Southampton,5,7.0,7.0,0.0,0.17901968491286402
2425,Ipswich,Aston Villa,6,7.0,7.0,0.0,0.8104223650820548
2425,Ipswich,West Ham,7,6.0,7.0,-1.0,0.12906801300631243
2425,Ipswich,Everton,8,14.0,13.0,1.0,0.14961645220407593
2425,Ipswich,Brentford,9,7.0,7.0,0.0,0.6928585906376198
2425,Ipswich,Leicester,10,7.0,7.0,0.0,-0.29139928167079376
2425,Ipswich,Tottenham,11,7.0,7.0,0.0,1.1260573346988767
2425,Ipswich,Man United,12,14.0,14.0,0.0,0.8548452613047848
2425,Ipswich,Nott'm Forest,13,5.0,7.0,-2.0,-0.3975741376339513
2425,Ipswich,Crystal Palace,14,3.0,3.0,0.0,-0.6552546383390387
2425,Ipswich,Bournemouth,15,4.0,2.0,2.0,0.5658321374588229
2425,Ipswich,Wolves,16,6.0,4.0,2.0,0.8557007240287833
2425,Ipswich,Newcastle,17,7.0,7.0,0.0,0.03371513180230501
2425,Ipswich,Arsenal,18,6.0,6.0,0.0,-0.5263538729379885
2425,Ipswich,Chelsea,19,2.0,4.0,-2.0,-0.23657851058633494
2425,Ipswich,Fulham,20,5.0,6.0,-1.0,-0.05866482845335952
2425,Ipswich,Brighton,21,11.0,12.0,-1.0,-0.7588638942214083
2425,Ipswich,Man City,22,2.0,4.0,-2.0,-0.18390857047601106
2425,Ipswich,Liverpool,23,5.0,7.0,-2.0,0.1524560617713614
2425,Ipswich,Southampton,24,7.0,7.0,0.0,0.15296256330591684
2425,Ipswich,Aston Villa,25,14.0,13.0,1.0,-0.5127301684308698
2425,Ipswich,Tottenham,26,7.0,5.0,2.0,-0.1417475373860244
2425,Ipswich,Man United,27,4.0,4.0,0.0,0.12048352963748599
2425,Ipswich,Crystal Palace,28,9.0,10.0,-1.0,0.712677085112436
2425,Ipswich,Nott'm Forest,29,7.0,7.0,0.0,-0.5328851666514356
2425,Ipswich,Bournemouth,30,18.0,18.0,0.0,0.5953593510769196
2425,Ipswich,Wolves,31,2.0,3.0,-1.0,-0.20273320880526013
2425,Ipswich,Chelsea,32,7.0,7.0,0.0,0.8058503673735676
2425,Ipswich,Arsenal,33,7.0,7.0,0.0,-0.5477224485148293
2425,Ipswich,Newcastle,34,6.0,6.0,0.0,-0.7142248593765765
2425,Ipswich,Everton,35,7.0,7.0,0.0,0.30712090282370375
2425,Ipswich,Brentford,36,7.0,6.0,1.0,-0.46339314080329874
2425,Ipswich,Leicester,37,8.0,7.0,1.0,0.04069156865711321
2425,Ipswich,West Ham,38,7.0,7.0,0.0,-0.39972473761452476
2425,Leicester,Fulham,2,4.0,7.0,-3.0,0.17560259212591756
2425,Leicester,Aston Villa,3,7.0,6.0,1.0,-0.1777501891673886
2425,Leicester,Crystal Palace,4,14.0,13.0,1.0,0.8056173488768882
2425,Leicester,Everton,5,7.0,6.0,1.0,0.3958075546023433
2425,Leicester,Arsenal,6,7.0,5.0,2.0,-0.21821940915027915
2425,Leicester,Bournemouth,7,7.0,4.0,3.0,-0.008524110609891333
2425,Leicester,Southampton,8,14.0,14.0,0.0,0.7288423456025019
2425,Leicester,Nott'm Forest,9,6.0,4.0,2.0,-0.1366919236676476
2425,Leicester,Ipswich,10,7.0,7.0,0.0,1.1706616308717652
2425,Leicester,Man United,11,7.0,6.0,1.0,-0.4329616029037308
2425,Leicester,Chelsea,12,12.0,12.0,0.0,-0.6911157308410771
2425,Leicester,Brentford,13,7.0,7.0,0.0,0.020855460747271848
2425,Leicester,West Ham,14,3.0,3.0,0.0,1.5916076040903773
2425,Leicester,Brighton,15,4.0,2.0,2.0,0.47985958599413836
2425,Leicester,Newcastle,16,6.0,7.0,-1.0,-0.587099653047698
2425,Leicester,Wolves,17,7.0,7.0,0.0,-0.20007628820819867
2425,Leicester,Liverpool,18,4.0,4.0,0.0,-0.37890321180533115
2425,Leicester,Man City,19,2.0,3.0,-1.0,0.941194906500674
2425,Leicester,Aston Villa,20,6.0,4.0,2.0,0.037789605137472426
2425,Leicester,Crystal Palace,21,11.0,11.0,0.0,1.0625758758072443
2425,Leicester,Fulham,22,2.0,3.0,-1.0,-0.15762663500981755
2425,Leicester,Tottenham,23,7.0,7.0,0.0,0.43177691166238297
2425,Leicester,Everton,24,6.0,7.0,-1.0,-0.3220885187177206
2425,Leicester,Arsenal,25,13.0,12.0,1.0,-0.4479199084455696
2425,Leicester,Brentford,26,6.0,6.0,0.0,-0.35810122422227797
2425,Leicester,West Ham,27,6.0,5.0,1.0,-0.6812191614684884
2425,Leicester,Chelsea,28,9.0,11.0,-2.0,-0.6246582990222461
2425,Leicester,Man United,29,7.0,7.0,0.0,0.26318195926399723
2425,Leicester,Man City,30,17.0,18.0,-1.0,-0.6308140288099646
2425,Leicester,Newcastle,31,4.0,4.0,0.0,-0.5932231900743052
2425,Leicester,Brighton,32,4.0,7.0,-3.0,1.2132575868943922
2425,Leicester,Liverpool,33,8.0,7.0,1.0,-0.5025011923827958
2425,Leicester,Wolves,34,5.0,6.0,-1.0,-0.5186851377278969
2425,Leicester,Southampton,35,7.0,7.0,0.0,-0.0439143558524544
2425,Leicester,Nott'm Forest,36,7.0,5.0,2.0,0.43823318345147977
2425,Leicester,Ipswich,37,7.0,8.0,-1.0,-0.6418863661330857
2425,Leicester,Bournemouth,38,7.0,4.0,3.0,-0.5949393397811952
2425,Liverpool,Brentford,2,8.0,7.0,1.0,0.09628241784535962
2425,Liverpool,Man United,3,6.0,8.0,-2.0,0.050762987135134274
2425,Liverpool,Nott'm Forest,4,12.0,14.0,-2.0,-1.1697677973813747
2425,Liverpool,Bournemouth,5,7.0,6.0,1.0,0.21426826765459062
2425,Liverpool,Wolves,6,7.0,7.0,0.0,-0.5934053685051524
2425,Liverpool,Crystal Palace,7,6.0,6.0,0.0,0.02978176459250914
2425,Liverpool,Chelsea,8,15.0,14.0,1.0,-0.7043381545695051
2425,Liverpool,Arsenal,9,7.0,8.0,-1.0,0.010516298273735902
2425,Liverpool,Brighton,10,5.0,7.0,-2.0,-0.47046608078776075
2425,Liverpool,Aston Villa,11,7.0,6.0,1.0,0.3818760222788593
2425,Liverpool,Southampton,12,14.0,14.0,0.0,-0.8286042676008112
2425,Liverpool,Man City,13,7.0,7.0,0.0,0.7639048693073702
2425,Liverpool,Newcastle,14,3.0,4.0,-1.0,0.3589394184985679
2425,Liverpool,Fulham,15,9.0,6.0,3.0,0.08167574642383046
2425,Liverpool,Tottenham,16,8.0,6.0,2.0,2.852741043190035
2425,Liverpool,Leicester,17,4.0,4.0,0.0,-1.715305945348868
2425,Liverpool,West Ham,18,2.0,3.0,-1.0,0.9543906017298545
2425,Liverpool,Man United,19,6.0,5.0,1.0,-0.41386456908006464
2425,Liverpool,Nott'm Forest,20,9.0,8.0,1.0,0.8121761825073828
2425,Liverpool,Brentford,21,3.0,3.0,0.0,2.021280268631552
2425,Liverpool,Ipswich,22,7.0,5.0,2.0,-1.2861256439940556
2425,Liverpool,Bournemouth,23,7.0,7.0,0.0,0.1456599791058153
2425,Liverpool,Everton,24,11.0,11.0,0.0,-0.9284270337628164
2425,Liverpool,Wolves,25,3.0,14.0,-11.0,-1.2812372531518057
2425,Liverpool,Aston Villa,26,3.0,4.0,-1.0,0.16481649515892216
2425,Liverpool,Man City,27,4.0,8.0,-4.0,-0.9691666577597386
2425,Liverpool,Newcastle,28,3.0,3.0,0.0,-0.8884812828424651
2425,Liverpool,Southampton,29,9.0,10.0,-1.0,-0.5199640684232119
2425,Liverpool,Everton,30,25.0,18.0,7.0,-0.9778654454122977
2425,Liverpool,Fulham,31,3.0,4.0,-1.0,-0.23907643944676127
2425,Liverpool,West Ham,32,7.0,7.0,0.0,-1.442193289326462
2425,Liverpool,Leicester,33,7.0,8.0,-1.0,1.5757642385265243
2425,Liverpool,Tottenham,34,7.0,5.0,2.0,-0.3664313188994939
2425,Liverpool,Chelsea,35,7.0,8.0,-1.0,-0.3437056213860652
2425,Liverpool,Arsenal,36,7.0,7.0,0.0,1.1020240093433094
2425,Liverpool,Brighton,37,8.0,9.0,-1.0,1.2027420259025483
2425,Liverpool,Crystal Palace,38,5.0,4.0,1.0,-0.5816425489149601
2425,Man City,Ipswich,2,5.0,7.0,-2.0,-0.48605495286184297
2425,Man City,West Ham,3,7.0,7.0,0.0,1.2906002208919265
2425,Man City,Brentford,4,13.0,14.0,-1.0,-0.575335105227424
2425,Man City,Arsenal,5,8.0,7.0,1.0,1.4211428349843178
2425,Man City,Newcastle,6,5.0,6.0,-1.0,-0.2512899581275363
2425,Man City,Fulham,7,7.0,7.0,0.0,-0.2685612907025321
2425,Man City,Wolves,8,14.0,14.0,0.0,-0.21629174205640944
2425,Man City,Southampton,9,6.0,7.0,-1.0,-0.07302863602708598
2425,Man City,Bournemouth,10,7.0,7.0,0.0,0.8797869896600303
2425,Man City,Brighton,11,7.0,7.0,0.0,1.0921343897028317
2425,Man City,Tottenham,12,14.0,13.0,1.0,-0.1760521161158386
2425,Man City,Liverpool,13,7.0,7.0,0.0,-0.43049386501227227
2425,Man City,Nott'm Forest,14,3.0,4.0,-1.0,1.302632403332759
2425,Man City,Crystal Palace,15,2.0,3.0,-1.0,-0.07371291322636608
2425,Man City,Man United,16,8.0,7.0,1.0,-1.4025571587384857
2425,Man City,Aston Villa,17,5.0,6.0,-1.0,-0.4276886222637708
2425,Man City,Everton,18,5.0,3.0,2.0,-0.08768893364336394
2425,Man City,Leicester,19,3.0,2.0,1.0,-0.8149299878213856
2425,Man City,West Ham,20,6.0,5.0,1.0,-0.35010378135679154
2425,Man City,Brentford,21,10.0,10.0,0.0,0.9155775455525252
2425,Man City,Ipswich,22,4.0,2.0,2.0,0.9136323832992166
2425,Man City,Chelsea,23,6.0,4.0,2.0,0.47254307392174977
2425,Man City,Arsenal,24,7.0,8.0,-1.0,-0.34659574522554426
2425,Man City,Newcastle,25,12.0,14.0,-2.0,0.26273890245325515
2425,Man City,Liverpool,26,8.0,4.0,4.0,-0.8572469711814678
2425,Man City,Tottenham,27,3.0,4.0,-1.0,0.47989386005528756
2425,Man City,Nott'm Forest,28,9.0,9.0,0.0,-0.8293093215711208
2425,Man City,Brighton,29,7.0,7.0,0.0,-0.5856279822114479
2425,Man City,Leicester,30,18.0,17.0,1.0,-0.8616108155712876
2425,Man City,Man United,31,3.0,4.0,-1.0,-0.9782650392419527
2425,Man City,Crystal Palace,32,5.0,6.0,-1.0,2.5661895342039927
2425,Man City,Everton,33,7.0,7.0,0.0,0.37252107079547847
2425,Man City,Aston Villa,34,3.0,3.0,0.0,-0.5041774775964749
2425,Man City,Wolves,35,10.0,6.0,4.0,-1.0780994036076308
2425,Man City,Southampton,36,7.0,7.0,0.0,-1.0574096741757397
2425,Man City,Bournemouth,37,10.0,10.0,0.0,-0.20618838783495974
2425,Man City,Fulham,38,4.0,7.0,-3.0,0.3627868867264765
2425,Man United,Brighton,2,7.0,6.0,1.0,0.124372851134952
2425,Man United,Liverpool,3,8.0,6.0,2.0,0.3946059381020477
2425,Man United,Southampton,4,12.0,13.0,-1.0,0.9968273484877517
2425,Man United,Crystal Palace,5,7.0,7.0,0.0,1.0763378620496542
2425,Man United,Tottenham,6,7.0,8.0,-1.0,-1.1934894494696633
2425,Man United,Aston Villa,7,6.0,7.0,-1.0,-0.7224493671210133
2425,Man United,Brentford,8,13.0,14.0,-1.0,0.13033139934828086
2425,Man United,West Ham,9,8.0,8.0,0.0,1.1642283198595667
2425,Man United,Chelsea,10,7.0,7.0,0.0,0.047300468151495245
2425,Man United,Leicester,11,6.0,7.0,-1.0,-1.016972497628572
2425,Man United,Ipswich,12,14.0,14.0,0.0,-0.4894416296587072
2425,Man United,Everton,13,6.0,7.0,-1.0,0.3430345013089273
2425,Man United,Arsenal,14,3.0,4.0,-1.0,-0.5812923742950495
2425,Man United,Nott'm Forest,15,2.0,2.0,0.0,0.010493349906294913
2425,Man United,Man City,16,7.0,8.0,-1.0,0.1779078255129034
2425,Man United,Bournemouth,17,6.0,5.0,1.0,0.8991807516708314
2425,Man United,Wolves,18,4.0,4.0,0.0,-0.8566944399838847
2425,Man United,Newcastle,19,4.0,4.0,0.0,-0.42639159837742646
2425,Man United,Liverpool,20,5.0,6.0,-1.0,0.7714470672525668
2425,Man United,Southampton,21,11.0,12.0,-1.0,0.6220629394980084
2425,Man United,Brighton,22,2.0,2.0,0.0,-0.8651251753402143
2425,Man United,Fulham,23,7.0,8.0,-1.0,-0.8240153239641979
2425,Man United,Crystal Palace,24,6.0,7.0,-1.0,-0.05356794070419335
2425,Man United,Tottenham,25,14.0,14.0,0.0,-0.038417680036976654
2425,Man United,Everton,26,5.0,6.0,-1.0,-0.512554102120966
2425,Man United,Ipswich,27,4.0,4.0,0.0,-0.7518119991130343
2425,Man United,Arsenal,28,10.0,10.0,0.0,0.2854784904343337
2425,Man United,Leicester,29,7.0,7.0,0.0,-0.7013227367152473
2425,Man United,Nott'm Forest,30,16.0,17.0,-1.0,0.6754663587994088
2425,Man United,Man City,31,4.0,3.0,1.0,-0.12331346668435961
2425,Man United,Newcastle,32,7.0,5.0,2.0,-0.3786488250807182
2425,Man United,Wolves,33,6.0,7.0,-1.0,-0.34913315154926683
2425,Man United,Bournemouth,34,7.0,7.0,0.0,0.7786262960083374
2425,Man United,Brentford,35,7.0,2.0,5.0,-0.20108395042627625
2425,Man United,West Ham,36,7.0,7.0,0.0,0.5225616648552571
2425,Man United,Chelsea,37,5.0,5.0,0.0,-0.766281788758657
2425,Man United,Aston Villa,38,8.0,8.0,0.0,0.7672420446311348
2425,Newcastle,Bournemouth,2,7.0,7.0,0.0,0.48695305724838844
2425,Newcastle,Tottenham,3,6.0,7.0,-1.0,-0.641891743653414
2425,Newcastle,Wolves,4,14.0,15.0,-1.0,-0.02659463734599865
2425,Newcastle,Fulham,5,5.0,7.0,-2.0,-0.17685765427642863
2425,Newcastle,Man City,6,6.0,5.0,1.0,-1.1027997880841593
2425,Newcastle,Everton,7,7.0,7.0,0.0,-0.40949561965899184
2425,Newcastle,Brighton,8,13.0,12.0,1.0,0.1698799810447258
2425,Newcastle,Chelsea,9,8.0,6.0,2.0,0.3709292079662305
2425,Newcastle,Arsenal,10,5.0,5.0,0.0,-0.4143110838504449
2425,Newcastle,Nott'm Forest,11,8.0,7.0,1.0,0.38902379336466164
2425,Newcastle,West Ham,12,15.0,16.0,-1.0,-0.7261743990861602
2425,Newcastle,Crystal Palace,13,4.0,7.0,-3.0,-1.5618948531004613
2425,Newcastle,Liverpool,14,4.0,3.0,1.0,0.14632961546209278
2425,Newcastle,Brentford,15,2.0,2.0,0.0,0.2979117592369862
2425,Newcastle,Leicester,16,7.0,6.0,1.0,1.1547697859677926
2425,Newcastle,Ipswich,17,7.0,7.0,0.0,1.0493124824483377
2425,Newcastle,Aston Villa,18,5.0,5.0,0.0,1.0470709449747877
2425,Newcastle,Man United,19,4.0,4.0,0.0,0.6520269052248171
2425,Newcastle,Tottenham,20,4.0,5.0,-1.0,0.6098325483100338
2425,Newcastle,Wolves,21,11.0,8.0,3.0,0.28383843700378875
2425,Newcastle,Bournemouth,22,2.0,3.0,-1.0,-0.8841226723487872
2425,Newcastle,Southampton,23,7.0,6.0,1.0,-0.19984538870225688
2425,Newcastle,Fulham,24,7.0,5.0,2.0,-0.3338543753607319
2425,Newcastle,Man City,25,14.0,12.0,2.0,-1.2186171012472207
2425,Newcastle,Nott'm Forest,26,7.0,7.0,0.0,0.8847318366104493
2425,Newcastle,Liverpool,27,3.0,3.0,0.0,-0.6632203500231224
2425,Newcastle,West Ham,28,11.0,11.0,0.0,-0.1860796898193946
2425,Newcastle,Brentford,29,22.0,18.0,4.0,0.23451355999272305
2425,Newcastle,Leicester,30,4.0,4.0,0.0,1.1550953193749192
2425,Newcastle,Man United,31,5.0,7.0,-2.0,0.6904601266143862
2425,Newcastle,Crystal Palace,32,3.0,4.0,-1.0,0.3908027186328056
2425,Newcastle,Aston Villa,33,2.0,7.0,-5.0,-0.1828807235540033
2425,Newcastle,Ipswich,34,6.0,6.0,0.0,0.6786636351186819
2425,Newcastle,Brighton,35,7.0,7.0,0.0,-0.5658637876989377
2425,Newcastle,Chelsea,36,6.0,6.0,0.0,-0.009251374895278497
2425,Newcastle,Arsenal,37,7.0,7.0,0.0,1.2061226631016828
2425,Newcastle,Everton,38,6.0,7.0,-1.0,-0.6031047085871095
2425,Nott'm Forest,Southampton,2,7.0,7.0,0.0,0.9628192357329148
2425,Nott'm Forest,Wolves,3,7.0,6.0,1.0,0.015892798758762927
2425,Nott'm Forest,Liverpool,4,14.0,12.0,2.0,-0.2566840867183142
2425,Nott'm Forest,Brighton,5,7.0,7.0,0.0,-0.47981382241495596
2425,Nott'm Forest,Fulham,6,6.0,7.0,-1.0,-0.562928833119701
2425,Nott'm Forest,Chelsea,7,7.0,7.0,0.0,0.6323225458359298
2425,Nott'm Forest,Crystal Palace,8,15.0,16.0,-1.0,0.42363334701102917
2425,Nott'm Forest,Leicester,9,4.0,6.0,-2.0,0.8208222179609599
2425,Nott'm Forest,West Ham,10,7.0,6.0,1.0,0.6728339777263894
2425,Nott'm Forest,Newcastle,11,7.0,8.0,-1.0,-0.15849932278258771
2425,Nott'm Forest,Arsenal,12,13.0,12.0,1.0,-0.38137112057592276
2425,Nott'm Forest,Ipswich,13,7.0,5.0,2.0,-1.013148376841668
2425,Nott'm Forest,Man City,14,4.0,3.0,1.0,-0.23546175933536584
2425,Nott'm Forest,Man United,15,2.0,2.0,0.0,-0.5482044794993931
2425,Nott'm Forest,Aston Villa,16,7.0,7.0,0.0,0.9424604593957662
2425,Nott'm Forest,Brentford,17,6.0,5.0,1.0,-0.28593300779983755
2425,Nott'm Forest,Tottenham,18,5.0,3.0,2.0,-0.3807517740035655
2425,Nott'm Forest,Everton,19,3.0,3.0,0.0,0.9424170974283046
2425,Nott'm Forest,Wolves,20,8.0,8.0,0.0,1.4334454118852853
2425,Nott'm Forest,Liverpool,21,8.0,9.0,-1.0,-0.507219341238463
2425,Nott'm Forest,Southampton,22,4.0,2.0,2.0,0.03476391046853822
2425,Nott'm Forest,Bournemouth,23,6.0,7.0,-1.0,-0.06414304639189494
2425,Nott'm Forest,Brighton,24,6.0,6.0,0.0,1.9741344990237397
2425,Nott'm Forest,Fulham,25,14.0,14.0,0.0,-0.6299249186175555
2425,Nott'm Forest,Newcastle,26,7.0,7.0,0.0,1.2943799176695374
2425,Nott'm Forest,Arsenal,27,3.0,4.0,-1.0,-0.4522291043962148
2425,Nott'm Forest,Man City,28,9.0,9.0,0.0,-0.769364976728355
2425,Nott'm Forest,Ipswich,29,7.0,7.0,0.0,-0.34031366624888393
2425,Nott'm Forest,Man United,30,17.0,16.0,1.0,-0.9569514032487817
2425,Nott'm Forest,Aston Villa,31,3.0,2.0,1.0,-0.12936536047932623
2425,Nott'm Forest,Everton,32,6.0,7.0,-1.0,-0.905063786809709
2425,Nott'm Forest,Tottenham,33,9.0,8.0,1.0,-0.8147658608610726
2425,Nott'm Forest,Brentford,34,9.0,12.0,-3.0,-0.8613709817855741
2425,Nott'm Forest,Crystal Palace,35,4.0,12.0,-8.0,-0.5569332719439871
2425,Nott'm Forest,Leicester,36,5.0,7.0,-2.0,-0.34248275164487363
2425,Nott'm Forest,West Ham,37,7.0,7.0,0.0,0.778096988803388
2425,Nott'm Forest,Chelsea,38,7.0,8.0,-1.0,0.313462387312579
2425,Southampton,Nott'm Forest,2,7.0,7.0,0.0,-0.7852577328357584
2425,Southampton,Brentford,3,7.0,5.0,2.0,0.731972458967184
2425,Southampton,Man United,4,13.0,12.0,1.0,-0.5294730199353683
2425,Southampton,Ipswich,5,7.0,7.0,0.0,1.4217909713452066
2425,Southampton,Bournemouth,6,9.0,9.0,0.0,-0.0796967430746125
2425,Southampton,Arsenal,7,4.0,7.0,-3.0,0.6991530383728651
2425,Southampton,Leicester,8,14.0,14.0,0.0,0.8828484492239868
2425,Southampton,Man City,9,7.0,6.0,1.0,-0.38917315319943646
2425,Southampton,Everton,10,7.0,6.0,1.0,-0.43201420660177603
2425,Southampton,Wolves,11,7.0,6.0,1.0,-0.04055487122780088
2425,Southampton,Liverpool,12,14.0,14.0,0.0,-0.1162710739605981
2425,Southampton,Brighton,13,5.0,6.0,-1.0,0.13903602651468672
2425,Southampton,Chelsea,14,4.0,3.0,1.0,0.9833877138541443
2425,Southampton,Aston Villa,15,2.0,2.0,0.0,-0.41681782436669385
2425,Southampton,Tottenham,16,8.0,7.0,1.0,0.04372270848276649
2425,Southampton,Fulham,17,6.0,7.0,-1.0,-0.42324054175519316
2425,Southampton,West Ham,18,4.0,5.0,-1.0,0.9711674034796485
2425,Southampton,Crystal Palace,19,3.0,3.0,0.0,0.3451174616930496
2425,Southampton,Brentford,20,6.0,2.0,4.0,-0.8712427063348351
2425,Southampton,Man United,21,12.0,11.0,1.0,0.48950500587937773
2425,Southampton,Nott'm Forest,22,2.0,4.0,-2.0,0.4425683491282081
2425,Southampton,Newcastle,23,6.0,7.0,-1.0,-0.15259611033564857
2425,Southampton,Ipswich,24,7.0,7.0,0.0,-0.029741892640222867
2425,Southampton,Bournemouth,25,14.0,14.0,0.0,0.02428528969966459
2425,Southampton,Brighton,26,7.0,7.0,0.0,-0.8206871363359315
2425,Southampton,Chelsea,27,3.0,3.0,0.0,0.08836391518106634
2425,Southampton,Liverpool,28,10.0,9.0,1.0,-0.1075597231394072
2425,Southampton,Wolves,29,7.0,6.0,1.0,0.2616102700065315
2425,Southampton,Crystal Palace,30,18.0,25.0,-7.0,-0.3824247156192183
2425,Southampton,Tottenham,31,3.0,2.0,1.0,-0.22369905369974663
2425,Southampton,Aston Villa,32,6.0,6.0,0.0,-0.5708047279535342
2425,Southampton,West Ham,33,7.0,6.0,1.0,-0.07907721763709485
2425,Southampton,Fulham,34,7.0,6.0,1.0,0.07423572488907637
2425,Southampton,Leicester,35,7.0,7.0,0.0,-0.7106160134876055
2425,Southampton,Man City,36,7.0,7.0,0.0,-0.7928033707251883
2425,Southampton,Everton,37,7.0,7.0,0.0,0.2563377581540993
2425,Southampton,Arsenal,38,7.0,6.0,1.0,-0.104845264553738
2425,Tottenham,Everton,2,4.0,7.0,-3.0,0.9702671683801694
2425,Tottenham,Newcastle,3,7.0,6.0,1.0,0.2849901106109334
2425,Tottenham,Arsenal,4,14.0,15.0,-1.0,-0.39392109835155675
2425,Tottenham,Brentford,5,6.0,7.0,-1.0,2.003010803242957
2425,Tottenham,Man United,6,8.0,7.0,1.0,3.9260660552122157
2425,Tottenham,Brighton,7,7.0,8.0,-1.0,-0.25059792050921326
2425,Tottenham,West Ham,8,12.0,13.0,-1.0,-0.6307039140530859
2425,Tottenham,Crystal Palace,9,8.0,5.0,3.0,-0.4549591222750087
2425,Tottenham,Aston Villa,10,7.0,8.0,-1.0,0.4382849759670686
2425,Tottenham,Ipswich,11,7.0,7.0,0.0,-0.7409077305503429
2425,Tottenham,Man City,12,13.0,14.0,-1.0,2.0231644358007097
2425,Tottenham,Fulham,13,7.0,7.0,0.0,-0.44293180976103996
2425,Tottenham,Bournemouth,14,4.0,5.0,-1.0,-0.6854136708721854
2425,Tottenham,Chelsea,15,2.0,3.0,-1.0,1.6906932305274907
2425,Tottenham,Southampton,16,7.0,8.0,-1.0,1.5445758713589983
2425,Tottenham,Liverpool,17,6.0,8.0,-2.0,-0.07739690417882295
2425,Tottenham,Nott'm Forest,18,3.0,5.0,-2.0,-0.32077722302226763
2425,Tottenham,Wolves,19,3.0,2.0,1.0,-0.19922826963549056
2425,Tottenham,Newcastle,20,5.0,4.0,1.0,-0.6477198916836082
2425,Tottenham,Arsenal,21,11.0,11.0,0.0,-0.19169614822356995
2425,Tottenham,Everton,22,3.0,3.0,0.0,0.01721270144691789
2425,Tottenham,Leicester,23,7.0,7.0,0.0,-1.3326954885843076
2425,Tottenham,Brentford,24,7.0,7.0,0.0,-0.5992619802501404
2425,Tottenham,Man United,25,14.0,14.0,0.0,0.15704286542470025
2425,Tottenham,Ipswich,26,5.0,7.0,-2.0,-0.4470858631892878
2425,Tottenham,Man City,27,4.0,3.0,1.0,-0.28506799789882487
2425,Tottenham,Bournemouth,28,10.0,11.0,-1.0,-1.0142896091397027
2425,Tottenham,Fulham,29,6.0,7.0,-1.0,0.22165746984413004
2425,Tottenham,Chelsea,30,18.0,18.0,0.0,0.12561214808446852
2425,Tottenham,Southampton,31,2.0,3.0,-1.0,-0.989716828658876
2425,Tottenham,Wolves,32,7.0,7.0,0.0,0.222565557862048
2425,Tottenham,Nott'm Forest,33,8.0,9.0,-1.0,0.7142306216370131
2425,Tottenham,Liverpool,34,5.0,7.0,-2.0,-0.532157922655627
2425,Tottenham,West Ham,35,6.0,7.0,-1.0,-0.844091746654911
2425,Tottenham,Crystal Palace,36,7.0,5.0,2.0,-0.9987125872668701
2425,Tottenham,Aston Villa,37,5.0,6.0,-1.0,-0.8317087247860809
2425,Tottenham,Brighton,38,8.0,5.0,3.0,-0.5538600561094942
2425,West Ham,Crystal Palace,2,6.0,6.0,0.0,0.39153661468696166
2425,West Ham,Man City,3,7.0,7.0,0.0,-0.26924117976833206
2425,West Ham,Fulham,4,13.0,14.0,-1.0,-0.23736130359796304
2425,West Ham,Chelsea,5,6.0,6.0,0.0,-0.4541900299959658
2425,West Ham,Brentford,6,7.0,7.0,0.0,-0.31867078743409327
2425,West Ham,Ipswich,7,7.0,6.0,1.0,2.4625463357762003
2425,West Ham,Tottenham,8,13.0,12.0,1.0,-0.4548967453309911
2425,West Ham,Man United,9,8.0,8.0,0.0,0.8258172772423575
2425,West Ham,Nott'm Forest,10,6.0,7.0,-1.0,-0.9360969116345066
2425,West Ham,Everton,11,7.0,7.0,0.0,-0.14842392496874468
2425,West Ham,Newcastle,12,16.0,15.0,1.0,-0.10209761490807423
2425,West Ham,Arsenal,13,4.0,7.0,-3.0,0.31567899570933655
2425,West Ham,Leicester,14,3.0,3.0,0.0,1.226901120380626
2425,West Ham,Wolves,15,5.0,5.0,0.0,-0.13701241430081024
2425,West Ham,Bournemouth,16,7.0,8.0,-1.0,0.04217785691526621
2425,West Ham,Brighton,17,4.0,6.0,-2.0,-0.04599184086038188
2425,West Ham,Southampton,18,5.0,4.0,1.0,0.08059205399420555
2425,West Ham,Liverpool,19,3.0,2.0,1.0,-0.4737760451999329
2425,West Ham,Man City,20,5.0,6.0,-1.0,0.5396587926078155
2425,West Ham,Fulham,21,10.0,9.0,1.0,-0.18956395396427816
2425,West Ham,Crystal Palace,22,3.0,2.0,1.0,-1.178449089241543
2425,West Ham,Aston Villa,23,8.0,7.0,1.0,0.6287644817837517
2425,West Ham,Chelsea,24,8.0,9.0,-1.0,0.1968525893203783
2425,West Ham,Brentford,25,11.0,13.0,-2.0,-0.792935123071966
2425,West Ham,Arsenal,26,7.0,7.0,0.0,0.2759139838638849
2425,West Ham,Leicester,27,5.0,6.0,-1.0,-0.31681613405345876
2425,West Ham,Newcastle,28,11.0,11.0,0.0,-0.45580173834082804
2425,West Ham,Everton,29,4.0,6.0,-2.0,-0.5226352614382767
2425,West Ham,Wolves,30,17.0,17.0,0.0,0.6404932006931499
2425,West Ham,Bournemouth,31,3.0,2.0,1.0,-0.33521331130280574
2425,West Ham,Liverpool,32,7.0,7.0,0.0,0.6559864918172017
2425,West Ham,Southampton,33,6.0,7.0,-1.0,-1.2454841828505612
2425,West Ham,Brighton,34,7.0,7.0,0.0,0.20003204367305982
2425,West Ham,Tottenham,35,7.0,6.0,1.0,-0.4573188955930225
2425,West Ham,Man United,36,7.0,7.0,0.0,1.0117701806513126
2425,West Ham,Nott'm Forest,37,7.0,7.0,0.0,-0.4581033781896051
2425,West Ham,Ipswich,38,7.0,7.0,0.0,-0.6096314056393604
2425,Wolves,Chelsea,2,7.0,6.0,1.0,1.2793104633393915
2425,Wolves,Nott'm Forest,3,6.0,7.0,-1.0,-0.06586631234518592
2425,Wolves,Newcastle,4,15.0,14.0,1.0,0.2676606913209709
2425,Wolves,Aston Villa,5,5.0,6.0,-1.0,-0.4661759234224836
2425,Wolves,Liverpool,6,7.0,7.0,0.0,-0.18285392272917056
2425,Wolves,Brentford,7,6.0,7.0,-1.0,-0.4282879598136299
2425,Wolves,Man City,8,14.0,14.0,0.0,-0.3813155533205981
2425,Wolves,Brighton,9,6.0,7.0,-1.0,0.13270071632286462
2425,Wolves,Crystal Palace,10,7.0,6.0,1.0,0.3357015933928289
2425,Wolves,Southampton,11,6.0,7.0,-1.0,-1.181458315996565
2425,Wolves,Fulham,12,14.0,14.0,0.0,0.474852716431969
2425,Wolves,Bournemouth,13,7.0,7.0,0.0,-0.30148530920914696
2425,Wolves,Everton,14,4.0,3.0,1.0,-0.1278322166464272
2425,Wolves,West Ham,15,5.0,5.0,0.0,0.24447262793491253
2425,Wolves,Ipswich,16,4.0,6.0,-2.0,-0.5766395479405222
2425,Wolves,Leicester,17,7.0,7.0,0.0,-0.41468104990801624
2425,Wolves,Man United,18,4.0,4.0,0.0,-0.49420871729380256
2425,Wolves,Tottenham,19,2.0,3.0,-1.0,-0.5931838611647183
2425,Wolves,Nott'm Forest,20,8.0,8.0,0.0,0.6755762439457098
2425,Wolves,Newcastle,21,8.0,11.0,-3.0,0.49289661947699703
2425,Wolves,Chelsea,22,5.0,6.0,-1.0,0.13746065434404187
2425,Wolves,Arsenal,23,4.0,6.0,-2.0,-0.3491064224614976
2425,Wolves,Aston Villa,24,7.0,6.0,1.0,0.793478873186513
2425,Wolves,Liverpool,25,14.0,3.0,11.0,0.2925107648920484
2425,Wolves,Bournemouth,26,6.0,7.0,-1.0,1.1479833579284033
2425,Wolves,Fulham,27,3.0,3.0,0.0,-0.12944466069730165
2425,Wolves,Everton,28,11.0,10.0,1.0,-0.3823991397846829
2425,Wolves,Southampton,29,6.0,7.0,-1.0,-1.1691873714267793
2425,Wolves,West Ham,30,17.0,17.0,0.0,-0.40434253557585476
2425,Wolves,Ipswich,31,3.0,2.0,1.0,1.328406931118226
2425,Wolves,Tottenham,32,7.0,7.0,0.0,0.7185508098113194
2425,Wolves,Man United,33,7.0,6.0,1.0,-0.8905098112197981
2425,Wolves,Leicester,34,6.0,5.0,1.0,0.6782788086177012
2425,Wolves,Man City,35,6.0,10.0,-4.0,-0.31040044542610823
2425,Wolves,Brighton,36,7.0,6.0,1.0,-0.4639223236343045
2425,Wolves,Crystal Palace,37,10.0,9.0,1.0,0.3556141341078507
2425,Wolves,Brentford,38,4.0,7.0,-3.0,-0.26841427898733605
2526,Arsenal,Leeds,2,6.0,4.0,2.0,-0.07833181786374444
2526,Arsenal,Liverpool,3,7.0,5.0,2.0,-1.1617353020558103
2526,Arsenal,Nott'm Forest,4,12.0,12.0,0.0,0.4929136520819042
2526,Arsenal,Man City,5,8.0,7.0,1.0,-1.0607411881151434
2526,Arsenal,Newcastle,6,7.0,7.0,0.0,0.336163412196949
2526,Arsenal,West Ham,7,5.0,4.0,1.0,-0.19528396206846788
2526,Arsenal,Fulham,8,14.0,14.0,0.0,0.2047644179937822
2526,Arsenal,Crystal Palace,9,7.0,7.0,0.0,-1.3160711464393433
2526,Arsenal,Burnley,10,6.0,6.0,0.0,0.03703725440558214
2526,Arsenal,Sunderland,11,7.0,4.0,3.0,0.4477207550602844
2526,Arsenal,Tottenham,12,14.0,15.0,-1.0,0.16202301583732748
2526,Arsenal,Chelsea,13,7.0,8.0,-1.0,-0.6061594167509274
2526,Arsenal,Brentford,14,3.0,4.0,-1.0,0.5263937006435935
2526,Arsenal,Aston Villa,15,2.0,2.0,0.0,0.07171169567941016
2526,Arsenal,Wolves,16,7.0,5.0,2.0,-0.9425477512304208
2526,Arsenal,Everton,17,7.0,7.0,0.0,-0.75988775548098
2526,Arsenal,Brighton,18,6.0,7.0,-1.0,0.5906203523922853
2526,Arsenal,Aston Villa,19,3.0,3.0,0.0,2.2235383565872233
2526,Arsenal,Bournemouth,20,3.0,3.0,0.0,-0.41206950481639093
2526,Arsenal,Liverpool,21,5.0,4.0,1.0,-1.3158701832626347
2526,Arsenal,Nott'm Forest,22,8.0,10.0,-2.0,0.9128327477392604
2526,Arsenal,Man United,23,7.0,8.0,-1.0,-0.4511372128308453
2526,Arsenal,Leeds,24,5.0,4.0,1.0,1.8665890675561991
2526,Arsenal,Sunderland,25,7.0,4.0,3.0,-1.1106493968757007
2526,Arsenal,Brentford,26,5.0,5.0,0.0,-0.9344020951375124
2526,Arsenal,Wolves,27,6.0,7.0,-1.0,-0.08042441372020415
2526,Arsenal,Tottenham,28,3.0,11.0,-8.0,1.5891357986871772
2526,Arsenal,Chelsea,29,7.0,8.0,-1.0,-0.5307847704784754
2526,Arsenal,Brighton,30,3.0,3.0,0.0,-1.0794236979582799
2526,Arsenal,Everton,31,9.0,10.0,-1.0,-0.35230982850509074
2526,Arsenal,Bournemouth,32,27.0,21.0,6.0,0.3298955028539532
2526,Arsenal,Man City,33,8.0,7.0,1.0,0.8368631925524141
2526,Arsenal,Newcastle,34,6.0,7.0,-1.0,-1.4849484202664107
2526,Arsenal,Fulham,35,7.0,7.0,0.0,1.7962271870123008
2526,Arsenal,West Ham,36,7.0,8.0,-1.0,-0.6056404650364089
2526,Arsenal,Burnley,37,8.0,8.0,0.0,-1.8098071847830832
2526,Arsenal,Crystal Palace,38,5.0,7.0,-2.0,2.1328535798171178
2526,Aston Villa,Brentford,2,7.0,6.0,1.0,-0.3206694382469779
2526,Aston Villa,Crystal Palace,3,8.0,7.0,1.0,-0.43417567366905896
2526,Aston Villa,Everton,4,12.0,14.0,-2.0,-1.039354915689232
2526,Aston Villa,Sunderland,5,7.0,7.0,0.0,-0.48132767285395417
2526,Aston Villa,Fulham,6,7.0,7.0,0.0,-0.36663418442710904
2526,Aston Villa,Burnley,7,7.0,7.0,0.0,-0.5570174613962278
2526,Aston Villa,Tottenham,8,14.0,15.0,-1.0,-0.9523059349189411
2526,Aston Villa,Man City,9,7.0,7.0,0.0,-0.4994693941877073
2526,Aston Villa,Liverpool,10,6.0,7.0,-1.0,-0.8087700875611417
2526,Aston Villa,Bournemouth,11,7.0,6.0,1.0,0.3181718542057761
2526,Aston Villa,Leeds,12,14.0,14.0,0.0,0.09313874815463308
2526,Aston Villa,Wolves,13,7.0,7.0,0.0,-0.7783113680824749
2526,Aston Villa,Brighton,14,3.0,3.0,0.0,1.9538163045953914
2526,Aston Villa,Arsenal,15,2.0,2.0,0.0,1.726757332756704
2526,Aston Villa,West Ham,16,8.0,7.0,1.0,-0.9414511757732956
2526,Aston Villa,Man United,17,7.0,5.0,2.0,0.4533671311436098
2526,Aston Villa,Chelsea,18,6.0,7.0,-1.0,0.6741868261887964
2526,Aston Villa,Arsenal,19,3.0,3.0,0.0,2.1311011289436803
2526,Aston Villa,Nott'm Forest,20,3.0,3.0,0.0,-0.37364251229955214
2526,Aston Villa,Crystal Palace,21,4.0,3.0,1.0,0.7310930038305801
2526,Aston Villa,Everton,22,10.0,10.0,0.0,-0.8015455888848194
2526,Aston Villa,Newcastle,23,6.0,7.0,-1.0,0.012029093433620908
2526,Aston Villa,Brentford,24,7.0,7.0,0.0,0.5639957955166586
2526,Aston Villa,Bournemouth,25,6.0,7.0,-1.0,-0.6310085566429822
2526,Aston Villa,Brighton,26,4.0,3.0,1.0,-0.8980353952629465
2526,Aston Villa,Leeds,27,9.0,10.0,-1.0,-0.29695310541655884
2526,Aston Villa,Wolves,28,6.0,5.0,1.0,-0.2651165475787587
2526,Aston Villa,Chelsea,29,4.0,3.0,1.0,-0.6277568860446616
2526,Aston Villa,Man United,30,10.0,10.0,0.0,0.054734695818022594
2526,Aston Villa,West Ham,31,7.0,7.0,0.0,0.6033681249674656
2526,Aston Villa,Nott'm Forest,32,20.0,20.0,0.0,-0.10957079689676785
2526,Aston Villa,Sunderland,33,7.0,7.0,0.0,2.1622229419930914
2526,Aston Villa,Fulham,34,5.0,7.0,-2.0,-0.5083017459224688
2526,Aston Villa,Tottenham,35,8.0,8.0,0.0,-0.9882625682463775
2526,Aston Villa,Burnley,36,6.0,8.0,-2.0,-0.1170452181938495
2526,Aston Villa,Liverpool,37,5.0,6.0,-1.0,1.001844295208067
2526,Aston Villa,Man City,38,8.0,4.0,4.0,1.342860309894643
2526,Bournemouth,Wolves,2,7.0,6.0,1.0,-0.35713690388192565
2526,Bournemouth,Tottenham,3,7.0,7.0,0.0,0.6748059961357717
2526,Bournemouth,Brighton,4,14.0,13.0,1.0,-0.9525279175679189
2526,Bournemouth,Newcastle,5,7.0,7.0,0.0,-1.2260914987851046
2526,Bournemouth,Leeds,6,6.0,7.0,-1.0,-0.34297944823186555
2526,Bournemouth,Fulham,7,6.0,5.0,1.0,-0.5847251627145373
2526,Bournemouth,Crystal Palace,8,14.0,13.0,1.0,0.5635612855393308
2526,Bournemouth,Nott'm Forest,9,7.0,8.0,-1.0,-1.3415181816716613
2526,Bournemouth,Man City,10,7.0,7.0,0.0,-0.3153406190036797
2526,Bournemouth,Aston Villa,11,6.0,7.0,-1.0,-0.24678509656568282
2526,Bournemouth,West Ham,12,13.0,14.0,-1.0,0.6368533915578909
2526,Bournemouth,Sunderland,13,7.0,7.0,0.0,0.21876946055858082
2526,Bournemouth,Everton,14,3.0,3.0,0.0,-1.2556990355201894
2526,Bournemouth,Chelsea,15,3.0,2.0,1.0,-0.460014113062577
2526,Bournemouth,Man United,16,9.0,7.0,2.0,1.071257145961489
2526,Bournemouth,Burnley,17,4.0,6.0,-2.0,-0.7216494988754842
2526,Bournemouth,Brentford,18,7.0,7.0,0.0,1.1243084516352762
2526,Bournemouth,Chelsea,19,3.0,3.0,0.0,1.9569886811760537
2526,Bournemouth,Arsenal,20,3.0,3.0,0.0,-0.1524105674980245
2526,Bournemouth,Tottenham,21,4.0,3.0,1.0,-0.5800114812722896
2526,Bournemouth,Brighton,22,12.0,12.0,0.0,-0.39729949557202504
2526,Bournemouth,Liverpool,23,4.0,7.0,-3.0,1.6270170946880467
2526,Bournemouth,Wolves,24,6.0,7.0,-1.0,-0.1575425509763182
2526,Bournemouth,Aston Villa,25,7.0,6.0,1.0,-0.005225220724911717
2526,Bournemouth,Everton,26,3.0,3.0,0.0,-0.13195755952384602
2526,Bournemouth,West Ham,27,10.0,10.0,0.0,-1.1796033873783358
2526,Bournemouth,Sunderland,28,6.0,5.0,1.0,-0.103410529941939
2526,Bournemouth,Brentford,29,3.0,3.0,0.0,0.5570679822962197
2526,Bournemouth,Burnley,30,10.0,10.0,0.0,0.2958321948834173
2526,Bournemouth,Man United,31,6.0,5.0,1.0,-0.5630953217162908
2526,Bournemouth,Arsenal,32,21.0,27.0,-6.0,0.49627206873200114
2526,Bournemouth,Newcastle,33,7.0,6.0,1.0,1.9159372111433064
2526,Bournemouth,Leeds,34,4.0,4.0,0.0,0.19481990644846592
2526,Bournemouth,Crystal Palace,35,10.0,8.0,2.0,-0.281902422238014
2526,Bournemouth,Fulham,36,6.0,6.0,0.0,-0.5690720625608632
2526,Bournemouth,Man City,37,10.0,5.0,5.0,0.22653694053915063
2526,Bournemouth,Nott'm Forest,38,4.0,7.0,-3.0,-0.29458516492458875
2526,Brentford,Aston Villa,2,6.0,7.0,-1.0,-0.5954831164069718
2526,Brentford,Sunderland,3,7.0,7.0,0.0,-0.7975275236959405
2526,Brentford,Chelsea,4,14.0,14.0,0.0,-0.5946605169198202
2526,Brentford,Fulham,5,7.0,7.0,0.0,-0.6493512055507135
2526,Brentford,Man United,6,6.0,6.0,0.0,1.309949234225413
2526,Brentford,Man City,7,8.0,8.0,0.0,-0.7079787643231429
2526,Brentford,West Ham,8,15.0,16.0,-1.0,1.863052462687001
2526,Brentford,Liverpool,9,5.0,6.0,-1.0,0.9205638913388663
2526,Brentford,Crystal Palace,10,6.0,6.0,0.0,-0.5767327585622781
2526,Brentford,Newcastle,11,7.0,7.0,0.0,0.3027347217959966
2526,Brentford,Brighton,12,13.0,13.0,0.0,-0.5784761511542953
2526,Brentford,Burnley,13,7.0,7.0,0.0,0.5675572457073419
2526,Brentford,Arsenal,14,4.0,3.0,1.0,-0.257359250289082
2526,Brentford,Tottenham,15,2.0,3.0,-1.0,-0.8906480136936137
2526,Brentford,Leeds,16,8.0,7.0,1.0,-0.9217333891165569
2526,Brentford,Wolves,17,5.0,6.0,-1.0,-0.08387813637835717
2526,Brentford,Bournemouth,18,7.0,7.0,0.0,1.218677548614423
2526,Brentford,Tottenham,19,5.0,4.0,1.0,-1.110865230462164
2526,Brentford,Everton,20,2.0,4.0,-2.0,1.597561206286562
2526,Brentford,Sunderland,21,3.0,3.0,0.0,2.045360373906778
2526,Brentford,Chelsea,22,9.0,9.0,0.0,0.030047420375968636
2526,Brentford,Nott'm Forest,23,7.0,7.0,0.0,0.12225556511551061
2526,Brentford,Aston Villa,24,7.0,7.0,0.0,-1.0936132261419966
2526,Brentford,Newcastle,25,6.0,6.0,0.0,-0.4772382948907673
2526,Brentford,Arsenal,26,5.0,5.0,0.0,0.7752931508725922
2526,Brentford,Brighton,27,8.0,9.0,-1.0,0.1520128686845743
2526,Brentford,Burnley,28,7.0,7.0,0.0,0.4926490116111153
2526,Brentford,Bournemouth,29,3.0,3.0,0.0,-0.6596762454139148
2526,Brentford,Wolves,30,13.0,12.0,1.0,0.7794442666864589
2526,Brentford,Leeds,31,5.0,6.0,-1.0,-1.0194479970665435
2526,Brentford,Everton,32,20.0,20.0,0.0,-0.2792445360723155
2526,Brentford,Fulham,33,6.0,6.0,0.0,0.5278744142984844
2526,Brentford,Man United,34,9.0,9.0,0.0,0.09763470303962252
2526,Brentford,West Ham,35,4.0,7.0,-3.0,-0.45109933164238725
2526,Brentford,Man City,36,7.0,4.0,3.0,-0.47445260541200673
2526,Brentford,Crystal Palace,37,7.0,3.0,4.0,-0.16564510208679017
2526,Brentford,Liverpool,38,7.0,8.0,-1.0,0.16299490927815663
2526,Brighton,Everton,2,7.0,5.0,2.0,-0.030567515787128352
2526,Brighton,Man City,3,7.0,8.0,-1.0,0.14208629847121323
2526,Brighton,Bournemouth,4,13.0,14.0,-1.0,-0.6164527420939429
2526,Brighton,Tottenham,5,7.0,6.0,1.0,-0.14791077971160127
2526,Brighton,Chelsea,6,7.0,6.0,1.0,1.1292755017665963
2526,Brighton,Wolves,7,7.0,7.0,0.0,-0.14217827536611916
2526,Brighton,Newcastle,8,13.0,13.0,0.0,-0.7012555466303602
2526,Brighton,Man United,9,7.0,6.0,1.0,-0.1761294306611445
2526,Brighton,Leeds,10,6.0,7.0,-1.0,1.1338000745780468
2526,Brighton,Crystal Palace,11,7.0,7.0,0.0,-0.6641504311384131
2526,Brighton,Brentford,12,13.0,13.0,0.0,-0.5667334146254138
2526,Brighton,Nott'm Forest,13,7.0,7.0,0.0,0.6263037930112161
2526,Brighton,Aston Villa,14,3.0,3.0,0.0,0.35643898844594557
2526,Brighton,West Ham,15,3.0,2.0,1.0,0.27208004482452863
2526,Brighton,Liverpool,16,6.0,6.0,0.0,0.48142525578911166
2526,Brighton,Sunderland,17,7.0,6.0,1.0,-0.7715263158651618
2526,Brighton,Arsenal,18,7.0,6.0,1.0,-0.07785343935428879
2526,Brighton,West Ham,19,3.0,3.0,0.0,0.07372047907255341
2526,Brighton,Burnley,20,3.0,3.0,0.0,-0.7561970769751423
2526,Brighton,Man City,21,4.0,3.0,1.0,0.2657997826219851
2526,Brighton,Bournemouth,22,12.0,12.0,0.0,-0.5246216889919374
2526,Brighton,Fulham,23,4.0,7.0,-3.0,0.572064210488687
2526,Brighton,Everton,24,7.0,4.0,3.0,-0.23041504856456108
2526,Brighton,Crystal Palace,25,7.0,7.0,0.0,-0.855856199411541
2526,Brighton,Aston Villa,26,3.0,4.0,-1.0,-0.8304032607759042
2526,Brighton,Brentford,27,9.0,8.0,1.0,0.11120346915829482
2526,Brighton,Nott'm Forest,28,7.0,7.0,0.0,-0.5514475041036417
2526,Brighton,Arsenal,29,3.0,3.0,0.0,-0.0457889575631103
2526,Brighton,Sunderland,30,9.0,10.0,-1.0,-0.2521836989869666
2526,Brighton,Liverpool,31,6.0,5.0,1.0,1.949285969918704
2526,Brighton,Burnley,32,21.0,20.0,1.0,-0.7472143146590344
2526,Brighton,Tottenham,33,7.0,6.0,1.0,-0.13034362385482234
2526,Brighton,Chelsea,34,3.0,3.0,0.0,0.8695156987084331
2526,Brighton,Newcastle,35,10.0,6.0,4.0,0.5987499613688352
2526,Brighton,Wolves,36,7.0,7.0,0.0,0.3457702097884474
2526,Brighton,Leeds,37,8.0,5.0,3.0,1.0015603400621707
2526,Brighton,Man United,38,7.0,7.0,0.0,-0.6733648713308037
2526,Burnley,Sunderland,2,7.0,7.0,0.0,-0.09273054130614011
2526,Burnley,Man United,3,7.0,5.0,2.0,0.5976922734983742
2526,Burnley,Liverpool,4,14.0,13.0,1.0,-0.7919673410280683
2526,Burnley,Nott'm Forest,5,6.0,7.0,-1.0,0.005022454026914591
2526,Burnley,Man City,6,7.0,5.0,2.0,-0.18172986716812145
2526,Burnley,Aston Villa,7,7.0,7.0,0.0,-0.3483963224043808
2526,Burnley,Leeds,8,13.0,14.0,-1.0,-0.4679988093874392
2526,Burnley,Wolves,9,7.0,7.0,0.0,0.5507452964852496
2526,Burnley,Arsenal,10,6.0,6.0,0.0,0.053330494780127746
2526,Burnley,West Ham,11,7.0,6.0,1.0,0.9064603748065274
2526,Burnley,Chelsea,12,13.0,13.0,0.0,-0.4080516900387504
2526,Burnley,Brentford,13,7.0,7.0,0.0,-0.7048331316069671
2526,Burnley,Crystal Palace,14,4.0,3.0,1.0,0.1349807410119428
2526,Burnley,Newcastle,15,2.0,3.0,-1.0,-0.002589491252143472
2526,Burnley,Fulham,16,7.0,6.0,1.0,0.9631233414614833
2526,Burnley,Bournemouth,17,6.0,4.0,2.0,-0.32454662979313637
2526,Burnley,Everton,18,7.0,6.0,1.0,0.17377898165121852
2526,Burnley,Newcastle,19,3.0,3.0,0.0,0.31486053058810803
2526,Burnley,Brighton,20,3.0,3.0,0.0,-0.5039707185297408
2526,Burnley,Man United,21,4.0,3.0,1.0,-0.5725192797920409
2526,Burnley,Liverpool,22,9.0,8.0,1.0,-0.23685700208163885
2526,Burnley,Tottenham,23,7.0,7.0,0.0,0.5419447439387071
2526,Burnley,Sunderland,24,9.0,9.0,0.0,-0.7689328686862628
2526,Burnley,West Ham,25,4.0,6.0,-2.0,0.6604720140411553
2526,Burnley,Crystal Palace,26,4.0,3.0,1.0,-0.1525915559870823
2526,Burnley,Chelsea,27,9.0,10.0,-1.0,0.1397367791985611
2526,Burnley,Brentford,28,7.0,7.0,0.0,-0.1776564072142942
2526,Burnley,Everton,29,3.0,3.0,0.0,-0.11605980647700276
2526,Burnley,Bournemouth,30,10.0,10.0,0.0,0.6909194452112764
2526,Burnley,Fulham,31,7.0,6.0,1.0,1.034178407476409
2526,Burnley,Brighton,32,20.0,21.0,-1.0,-0.11698498611126973
2526,Burnley,Nott'm Forest,33,7.0,7.0,0.0,-0.32656713379256963
2526,Burnley,Man City,34,3.0,3.0,0.0,0.1271900191320483
2526,Burnley,Leeds,35,9.0,9.0,0.0,-0.36363164944590964
2526,Burnley,Aston Villa,36,8.0,6.0,2.0,0.6704432025463147
2526,Burnley,Arsenal,37,8.0,8.0,0.0,-0.3161074100026822
2526,Burnley,Wolves,38,5.0,7.0,-2.0,0.06648863228335711
2526,Chelsea,West Ham,2,5.0,6.0,-1.0,2.1422283577750534
2526,Chelsea,Fulham,3,7.0,5.0,2.0,-0.36691708349969554
2526,Chelsea,Brentford,4,14.0,14.0,0.0,-0.7705327929555822
2526,Chelsea,Man United,5,6.0,6.0,0.0,-0.8901600039499029
2526,Chelsea,Brighton,6,6.0,7.0,-1.0,0.2921674762959299
2526,Chelsea,Liverpool,7,7.0,7.0,0.0,-0.5550154282649498
2526,Chelsea,Nott'm Forest,8,13.0,12.0,1.0,0.825858225531847
2526,Chelsea,Sunderland,9,7.0,7.0,0.0,-0.8337953814639798
2526,Chelsea,Tottenham,10,7.0,6.0,1.0,1.8077244869921352
2526,Chelsea,Wolves,11,7.0,7.0,0.0,1.7090471321448364
2526,Chelsea,Burnley,12,13.0,13.0,0.0,-0.4814457002879946
2526,Chelsea,Arsenal,13,8.0,7.0,1.0,-0.3764696201304558
2526,Chelsea,Leeds,14,3.0,4.0,-1.0,-0.5261833055162821
2526,Chelsea,Bournemouth,15,2.0,3.0,-1.0,-0.8303799653661356
2526,Chelsea,Everton,16,7.0,7.0,0.0,0.6363596169208181
2526,Chelsea,Newcastle,17,6.0,5.0,1.0,-0.5144079674822049
2526,Chelsea,Aston Villa,18,7.0,6.0,1.0,0.026448218879418173
2526,Chelsea,Bournemouth,19,3.0,3.0,0.0,-0.26903591575493135
2526,Chelsea,Man City,20,4.0,2.0,2.0,0.7468299466950399
2526,Chelsea,Fulham,21,3.0,3.0,0.0,0.7869628374546522
2526,Chelsea,Brentford,22,9.0,9.0,0.0,-1.0081880176288127
2526,Chelsea,Crystal Palace,23,7.0,7.0,0.0,0.7516016929061855
2526,Chelsea,West Ham,24,6.0,7.0,-1.0,0.44726383962956096
2526,Chelsea,Wolves,25,6.0,7.0,-1.0,0.38345911263552446
2526,Chelsea,Leeds,26,3.0,3.0,0.0,0.6254374419040414
2526,Chelsea,Burnley,27,10.0,9.0,1.0,-0.1820617727600844
2526,Chelsea,Arsenal,28,8.0,7.0,1.0,0.3987176649946301
2526,Chelsea,Aston Villa,29,3.0,4.0,-1.0,1.8006925039148423
2526,Chelsea,Newcastle,30,9.0,9.0,0.0,-0.16168660475964924
2526,Chelsea,Everton,31,7.0,7.0,0.0,-0.28823443316822717
2526,Chelsea,Man City,32,21.0,28.0,-7.0,-0.3593988951097311
2526,Chelsea,Man United,33,6.0,5.0,1.0,-0.38459969741801947
2526,Chelsea,Brighton,34,3.0,3.0,0.0,-1.1182080211827228
2526,Chelsea,Nott'm Forest,35,12.0,9.0,3.0,-0.7116912067672849
2526,Chelsea,Liverpool,36,4.0,5.0,-1.0,-0.8661329491136246
2526,Chelsea,Tottenham,37,10.0,8.0,2.0,-0.7871379191654495
2526,Chelsea,Sunderland,38,4.0,7.0,-3.0,-0.7505446021273727
2526,Crystal Palace,Nott'm Forest,2,7.0,7.0,0.0,-0.706899053551006
2526,Crystal Palace,Aston Villa,3,7.0,8.0,-1.0,0.48214057754930284
2526,Crystal Palace,Sunderland,4,12.0,14.0,-2.0,0.012971522692329263
2526,Crystal Palace,West Ham,5,7.0,6.0,1.0,0.7946274172262087
2526,Crystal Palace,Liverpool,6,7.0,7.0,0.0,2.005434327285146
2526,Crystal Palace,Everton,7,7.0,5.0,2.0,0.7801460632207815
2526,Crystal Palace,Bournemouth,8,13.0,14.0,-1.0,2.2324615354593846
2526,Crystal Palace,Arsenal,9,7.0,7.0,0.0,-0.4626781687198279
2526,Crystal Palace,Brentford,10,6.0,6.0,0.0,-0.8592379776601287
2526,Crystal Palace,Brighton,11,7.0,7.0,0.0,-0.6389230165754884
2526,Crystal Palace,Wolves,12,13.0,13.0,0.0,-0.1336669373753474
2526,Crystal Palace,Man United,13,7.0,5.0,2.0,-0.045489363609472644
2526,Crystal Palace,Burnley,14,3.0,4.0,-1.0,-0.8896342714945586
2526,Crystal Palace,Fulham,15,3.0,4.0,-1.0,0.29250967981567744
2526,Crystal Palace,Man City,16,6.0,7.0,-1.0,-0.04637079204250405
2526,Crystal Palace,Leeds,17,6.0,6.0,0.0,-0.5009260006013216
2526,Crystal Palace,Tottenham,18,7.0,7.0,0.0,-0.672732384700562
2526,Crystal Palace,Fulham,19,4.0,5.0,-1.0,0.6160266138763753
2526,Crystal Palace,Newcastle,20,2.0,4.0,-2.0,-0.03496728248246428
2526,Crystal Palace,Aston Villa,21,3.0,4.0,-1.0,-0.33306623767825627
2526,Crystal Palace,Sunderland,22,9.0,9.0,0.0,-0.27313238735439005
2526,Crystal Palace,Chelsea,23,7.0,7.0,0.0,0.7166890921893789
2526,Crystal Palace,Nott'm Forest,24,7.0,7.0,0.0,-0.590006659843057
2526,Crystal Palace,Brighton,25,7.0,7.0,0.0,-0.27873780252741165
2526,Crystal Palace,Burnley,26,3.0,4.0,-1.0,-0.17181986705647967
2526,Crystal Palace,Wolves,27,10.0,3.0,7.0,0.09678421650371427
2526,Crystal Palace,Man United,28,7.0,5.0,2.0,-0.7746455063020813
2526,Crystal Palace,Tottenham,29,4.0,4.0,0.0,-0.15435913431799553
2526,Crystal Palace,Leeds,30,9.0,11.0,-2.0,-1.030659645332566
2526,Crystal Palace,Newcastle,31,27.0,21.0,6.0,0.7697720100107472
2526,Crystal Palace,West Ham,32,8.0,10.0,-2.0,-1.1539548896831673
2526,Crystal Palace,Liverpool,33,4.0,6.0,-2.0,0.95170476561711
2526,Crystal Palace,Bournemouth,34,8.0,10.0,-2.0,-0.6028989675541954
2526,Crystal Palace,Everton,35,7.0,5.0,2.0,1.5763463730743572
2526,Crystal Palace,Man City,36,3.0,4.0,-1.0,-0.6711745357437957
2526,Crystal Palace,Brentford,37,3.0,7.0,-4.0,-0.23973319030068274
2526,Crystal Palace,Arsenal,38,7.0,5.0,2.0,0.00892283873087818
2526,Everton,Brighton,2,5.0,7.0,-2.0,0.5330276030865473
2526,Everton,Wolves,3,6.0,7.0,-1.0,0.6801214226230865
2526,Everton,Aston Villa,4,14.0,12.0,2.0,0.47047912620882526
2526,Everton,Liverpool,5,6.0,5.0,1.0,-0.34857810508120046
2526,Everton,West Ham,6,9.0,9.0,0.0,-0.7091794357661257
2526,Everton,Crystal Palace,7,5.0,7.0,-2.0,-0.033222579142051956
2526,Everton,Man City,8,13.0,12.0,1.0,-0.14891554430293164
2526,Everton,Tottenham,9,8.0,7.0,1.0,0.02875729666177662
2526,Everton,Sunderland,10,8.0,9.0,-1.0,-0.21470705952402436
2526,Everton,Fulham,11,4.0,7.0,-3.0,0.8158161972710136
2526,Everton,Man United,12,16.0,16.0,0.0,-0.83934494276685
2526,Everton,Newcastle,13,4.0,7.0,-3.0,-0.3683173189478852
2526,Everton,Bournemouth,14,3.0,3.0,0.0,0.0967786007349507
2526,Everton,Nott'm Forest,15,3.0,2.0,1.0,-0.29796933001714887
2526,Everton,Chelsea,16,7.0,7.0,0.0,0.1485833601001234
2526,Everton,Arsenal,17,7.0,7.0,0.0,-0.6410265483701219
2526,Everton,Burnley,18,6.0,7.0,-1.0,-0.35829459702840394
2526,Everton,Nott'm Forest,19,3.0,3.0,0.0,0.4285220178493907
2526,Everton,Brentford,20,4.0,2.0,2.0,-0.3613912696785304
2526,Everton,Wolves,21,3.0,4.0,-1.0,-0.02976753610837224
2526,Everton,Aston Villa,22,10.0,10.0,0.0,-0.4153564794704494
2526,Everton,Leeds,23,8.0,9.0,-1.0,-0.4446003174350691
2526,Everton,Brighton,24,4.0,7.0,-3.0,0.24585474301733234
2526,Everton,Fulham,25,7.0,6.0,1.0,0.6710169669447761
2526,Everton,Bournemouth,26,3.0,3.0,0.0,0.2240082496196769
2526,Everton,Man United,27,13.0,12.0,1.0,-0.6569961520046084
2526,Everton,Newcastle,28,4.0,6.0,-2.0,1.2809203123957877
2526,Everton,Burnley,29,3.0,3.0,0.0,-0.8138381051554033
2526,Everton,Arsenal,30,10.0,9.0,1.0,0.4809511560896418
2526,Everton,Chelsea,31,7.0,7.0,0.0,-0.013890322808023159
2526,Everton,Brentford,32,20.0,20.0,0.0,0.4541594214112865
2526,Everton,Liverpool,33,7.0,7.0,0.0,0.16795936426664326
2526,Everton,West Ham,34,6.0,4.0,2.0,-0.2073857918533637
2526,Everton,Man City,35,9.0,12.0,-3.0,0.529964341719892
2526,Everton,Crystal Palace,36,5.0,7.0,-2.0,0.9507491696006247
2526,Everton,Sunderland,37,7.0,8.0,-1.0,-0.1750012490749746
2526,Everton,Tottenham,38,7.0,4.0,3.0,-0.853729539359775
2526,Fulham,Man United,2,8.0,7.0,1.0,0.5002179834680194
2526,Fulham,Chelsea,3,5.0,7.0,-2.0,-0.39179081297675167
2526,Fulham,Leeds,4,14.0,13.0,1.0,-0.12371385069132401
2526,Fulham,Brentford,5,7.0,7.0,0.0,0.23000245144106146
2526,Fulham,Aston Villa,6,7.0,7.0,0.0,-0.14681272087057984
2526,Fulham,Bournemouth,7,5.0,6.0,-1.0,-0.1971238455073756
2526,Fulham,Arsenal,8,14.0,14.0,0.0,-0.30650844271869837
2526,Fulham,Newcastle,9,6.0,7.0,-1.0,0.4535579161451577
2526,Fulham,Wolves,10,7.0,6.0,1.0,0.33758305440419845
2526,Fulham,Everton,11,7.0,4.0,3.0,-0.7106174285766284
2526,Fulham,Sunderland,12,14.0,13.0,1.0,1.4201272780040297
2526,Fulham,Tottenham,13,7.0,6.0,1.0,-0.5677545830851323
2526,Fulham,Man City,14,2.0,3.0,-1.0,-0.12148787813944117
2526,Fulham,Crystal Palace,15,4.0,3.0,1.0,-0.568969225174483
2526,Fulham,Burnley,16,6.0,7.0,-1.0,0.12588475013339706
2526,Fulham,Nott'm Forest,17,9.0,8.0,1.0,-0.5243853938228288
2526,Fulham,West Ham,18,4.0,7.0,-3.0,-0.1370907435965194
2526,Fulham,Crystal Palace,19,5.0,4.0,1.0,0.6637342758066287
2526,Fulham,Liverpool,20,2.0,2.0,0.0,-0.6315272874921275
2526,Fulham,Chelsea,21,3.0,3.0,0.0,-0.32143262141483575
2526,Fulham,Leeds,22,9.0,9.0,0.0,-0.7728301396742197
2526,Fulham,Brighton,23,7.0,4.0,3.0,-0.068222360524266
2526,Fulham,Man United,24,7.0,6.0,1.0,0.017316630133366928
2526,Fulham,Everton,25,6.0,7.0,-1.0,0.8110301582458948
2526,Fulham,Man City,26,4.0,3.0,1.0,0.1595001059227814
2526,Fulham,Sunderland,27,10.0,10.0,0.0,0.2487044023716345
2526,Fulham,Tottenham,28,7.0,6.0,1.0,1.0193943317709313
2526,Fulham,West Ham,29,3.0,4.0,-1.0,-0.9046152398279084
2526,Fulham,Nott'm Forest,30,10.0,10.0,0.0,-0.2653346776739045
2526,Fulham,Burnley,31,6.0,7.0,-1.0,0.8558715621110269
2526,Fulham,Liverpool,32,21.0,21.0,0.0,0.40722517458958785
2526,Fulham,Brentford,33,6.0,6.0,0.0,-0.2660697554807887
2526,Fulham,Aston Villa,34,7.0,5.0,2.0,-0.10585146007185187
2526,Fulham,Arsenal,35,7.0,7.0,0.0,0.0363116252247071
2526,Fulham,Bournemouth,36,6.0,6.0,0.0,-0.031000247676676862
2526,Fulham,Wolves,37,8.0,8.0,0.0,-0.5625827439203896
2526,Fulham,Newcastle,38,7.0,6.0,1.0,0.4226224079154288
2526,Leeds,Arsenal,2,4.0,6.0,-2.0,-0.615539356933906
2526,Leeds,Newcastle,3,7.0,4.0,3.0,-0.850171755264477
2526,Leeds,Fulham,4,13.0,14.0,-1.0,-0.5168151010317166
2526,Leeds,Wolves,5,7.0,7.0,0.0,-1.0463700986433317
2526,Leeds,Bournemouth,6,7.0,6.0,1.0,0.5570166912546117
2526,Leeds,Tottenham,7,6.0,6.0,0.0,-0.0412877258113038
2526,Leeds,Burnley,8,14.0,13.0,1.0,0.5485402354735471
2526,Leeds,West Ham,9,6.0,4.0,2.0,0.4289559765996971
2526,Leeds,Brighton,10,7.0,6.0,1.0,-0.7872218231646276
2526,Leeds,Nott'm Forest,11,7.0,7.0,0.0,-0.9830738294085769
2526,Leeds,Aston Villa,12,14.0,14.0,0.0,0.2719817706157699
2526,Leeds,Man City,13,6.0,6.0,0.0,-0.20442790481513617
2526,Leeds,Chelsea,14,4.0,3.0,1.0,0.5890466553125742
2526,Leeds,Liverpool,15,2.0,2.0,0.0,-0.41877394902981324
2526,Leeds,Brentford,16,7.0,8.0,-1.0,0.39825394514788126
2526,Leeds,Crystal Palace,17,6.0,6.0,0.0,1.3457931570025972
2526,Leeds,Sunderland,18,7.0,7.0,0.0,1.2533888633474715
2526,Leeds,Liverpool,19,4.0,5.0,-1.0,-1.0252991428596865
2526,Leeds,Man United,20,2.0,4.0,-2.0,-0.3783562755625933
2526,Leeds,Newcastle,21,3.0,3.0,0.0,0.34485923786919104
2526,Leeds,Fulham,22,9.0,9.0,0.0,0.5189549808657237
2526,Leeds,Everton,23,9.0,8.0,1.0,0.3491750267902096
2526,Leeds,Arsenal,24,4.0,5.0,-1.0,-0.7671796370970463
2526,Leeds,Nott'm Forest,25,6.0,5.0,1.0,1.6640086356715857
2526,Leeds,Chelsea,26,3.0,3.0,0.0,-0.7908363022515685
2526,Leeds,Aston Villa,27,10.0,9.0,1.0,-0.007160252994194982
2526,Leeds,Man City,28,7.0,6.0,1.0,0.09872992918270751
2526,Leeds,Sunderland,29,3.0,3.0,0.0,-0.769053494170607
2526,Leeds,Crystal Palace,30,11.0,9.0,2.0,-0.9009839734819513
2526,Leeds,Brentford,31,6.0,5.0,1.0,-1.0963178510622966
2526,Leeds,Man United,32,22.0,23.0,-1.0,1.8501608435405554
2526,Leeds,Wolves,33,4.0,7.0,-3.0,0.9556434078179858
2526,Leeds,Bournemouth,34,4.0,4.0,0.0,-0.0007607945313754527
2526,Leeds,Burnley,35,9.0,9.0,0.0,-0.08827857693767083
2526,Leeds,Tottenham,36,10.0,8.0,2.0,-0.13392802824719463
2526,Leeds,Brighton,37,5.0,8.0,-3.0,-0.6563338125206416
2526,Leeds,West Ham,38,7.0,6.0,1.0,0.486194572241049
2526,Liverpool,Newcastle,2,10.0,9.0,1.0,-0.8849395851848277
2526,Liverpool,Arsenal,3,5.0,7.0,-2.0,-0.6801465397920572
2526,Liverpool,Burnley,4,13.0,14.0,-1.0,-0.1557455042324185
2526,Liverpool,Everton,5,5.0,6.0,-1.0,-0.934805727772859
2526,Liverpool,Crystal Palace,6,7.0,7.0,0.0,1.5355751250460057
2526,Liverpool,Chelsea,7,7.0,7.0,0.0,0.4398973548005489
2526,Liverpool,Man United,8,14.0,15.0,-1.0,0.953771787591869
2526,Liverpool,Brentford,9,6.0,5.0,1.0,0.60077585221221
2526,Liverpool,Aston Villa,10,7.0,6.0,1.0,-0.4635162050616888
2526,Liverpool,Man City,11,7.0,7.0,0.0,-0.2547832064702431
2526,Liverpool,Nott'm Forest,12,12.0,13.0,-1.0,-0.31670200213503796
2526,Liverpool,West Ham,13,7.0,7.0,0.0,-0.22923939210129918
2526,Liverpool,Sunderland,14,3.0,4.0,-1.0,-0.6588131973092992
2526,Liverpool,Leeds,15,2.0,2.0,0.0,0.5665638673649005
2526,Liverpool,Brighton,16,6.0,6.0,0.0,0.6884805819131192
2526,Liverpool,Tottenham,17,7.0,6.0,1.0,-0.2941695974507621
2526,Liverpool,Wolves,18,6.0,7.0,-1.0,-0.6960516093834022
2526,Liverpool,Leeds,19,5.0,4.0,1.0,-0.1361484833790343
2526,Liverpool,Fulham,20,2.0,2.0,0.0,0.06442506729548714
2526,Liverpool,Arsenal,21,4.0,5.0,-1.0,-0.6297412587819545
2526,Liverpool,Burnley,22,8.0,9.0,-1.0,0.04765349377108263
2526,Liverpool,Bournemouth,23,7.0,4.0,3.0,-0.5568570471067851
2526,Liverpool,Newcastle,24,7.0,6.0,1.0,1.223997808568304
2526,Liverpool,Man City,25,7.0,7.0,0.0,-0.30471575006955787
2526,Liverpool,Sunderland,26,3.0,4.0,-1.0,1.4200654516773341
2526,Liverpool,Nott'm Forest,27,10.0,10.0,0.0,0.6740300979944345
2526,Liverpool,West Ham,28,6.0,6.0,0.0,-0.10172759477290727
2526,Liverpool,Wolves,29,3.0,4.0,-1.0,0.32604932958106403
2526,Liverpool,Tottenham,30,11.0,9.0,2.0,-0.5680044948679024
2526,Liverpool,Brighton,31,5.0,6.0,-1.0,-0.45099037416879106
2526,Liverpool,Fulham,32,21.0,21.0,0.0,-0.011237348814035819
2526,Liverpool,Everton,33,7.0,7.0,0.0,-0.24674515221048665
2526,Liverpool,Crystal Palace,34,6.0,4.0,2.0,-0.46750488841277216
2526,Liverpool,Man United,35,8.0,5.0,3.0,-0.32390927229332966
2526,Liverpool,Chelsea,36,5.0,4.0,1.0,-1.3608280028913282
2526,Liverpool,Aston Villa,37,6.0,5.0,1.0,-0.02857956110198767
2526,Liverpool,Brentford,38,8.0,7.0,1.0,1.1354052865859614
2526,Man City,Tottenham,2,6.0,6.0,0.0,-0.9219910750339118
2526,Man City,Brighton,3,8.0,7.0,1.0,0.49984307303221187
2526,Man City,Man United,4,14.0,15.0,-1.0,0.07482217273557579
2526,Man City,Arsenal,5,7.0,8.0,-1.0,0.021700370945903158
2526,Man City,Burnley,6,5.0,7.0,-2.0,0.10816898489346638
2526,Man City,Brentford,7,8.0,8.0,0.0,-0.6653510657907373
2526,Man City,Everton,8,12.0,13.0,-1.0,0.16215766814963528
2526,Man City,Aston Villa,9,7.0,7.0,0.0,-0.4637822548045549
2526,Man City,Bournemouth,10,7.0,7.0,0.0,0.3654547263978638
2526,Man City,Liverpool,11,7.0,7.0,0.0,-1.2342199187593468
2526,Man City,Newcastle,12,13.0,13.0,0.0,0.6785285667882883
2526,Man City,Leeds,13,6.0,6.0,0.0,0.74645078660126
2526,Man City,Fulham,14,3.0,2.0,1.0,0.04164862881653475
2526,Man City,Sunderland,15,3.0,2.0,1.0,0.05340611677992424
2526,Man City,Crystal Palace,16,7.0,6.0,1.0,-1.2262235334923555
2526,Man City,West Ham,17,6.0,6.0,0.0,1.0265526754098104
2526,Man City,Nott'm Forest,18,6.0,4.0,2.0,-0.5347886174234764
2526,Man City,Sunderland,19,5.0,4.0,1.0,0.5134175579851747
2526,Man City,Chelsea,20,2.0,4.0,-2.0,-1.272802646714522
2526,Man City,Brighton,21,3.0,4.0,-1.0,0.19618458206076905
2526,Man City,Man United,22,9.0,9.0,0.0,-1.182609656986978
2526,Man City,Wolves,23,7.0,6.0,1.0,-1.5595292995673065
2526,Man City,Tottenham,24,8.0,8.0,0.0,0.2647930416426254
2526,Man City,Liverpool,25,7.0,7.0,0.0,-0.03527271401229304
2526,Man City,Fulham,26,3.0,4.0,-1.0,-0.6750732725412296
2526,Man City,Newcastle,27,10.0,11.0,-1.0,0.0488999680374822
2526,Man City,Leeds,28,6.0,7.0,-1.0,0.7484491569510214
2526,Man City,Nott'm Forest,29,4.0,3.0,1.0,0.27766255881048174
2526,Man City,West Ham,30,10.0,10.0,0.0,-0.13177469686275
2526,Man City,Chelsea,31,28.0,21.0,7.0,0.5277966797896823
2526,Man City,Arsenal,32,7.0,8.0,-1.0,1.2668096410006864
2526,Man City,Burnley,33,3.0,3.0,0.0,0.8670450238411251
2526,Man City,Everton,34,12.0,9.0,3.0,-0.47533120502724246
2526,Man City,Brentford,35,4.0,7.0,-3.0,2.2164659441277186
2526,Man City,Crystal Palace,36,4.0,3.0,1.0,-0.27010915815360614
2526,Man City,Bournemouth,37,5.0,10.0,-5.0,-0.46547142725697643
2526,Man City,Aston Villa,38,4.0,8.0,-4.0,-0.8640565973597047
2526,Man United,Fulham,2,7.0,8.0,-1.0,-0.9169552017062724
2526,Man United,Burnley,3,5.0,7.0,-2.0,0.502679364725755
2526,Man United,Man City,4,15.0,14.0,1.0,0.19948084045267112
2526,Man United,Chelsea,5,6.0,6.0,0.0,-0.6963296298605726
2526,Man United,Brentford,6,6.0,6.0,0.0,-0.08620059159853666
2526,Man United,Sunderland,7,7.0,6.0,1.0,-0.16369978174643918
2526,Man United,Liverpool,8,15.0,14.0,1.0,1.0346966007310092
2526,Man United,Brighton,9,6.0,7.0,-1.0,0.18864956164841495
2526,Man United,Nott'm Forest,10,6.0,6.0,0.0,-0.8554761679725962
2526,Man United,Tottenham,11,6.0,6.0,0.0,-0.7493053279070551
2526,Man United,Everton,12,16.0,16.0,0.0,0.21998674243529637
2526,Man United,Crystal Palace,13,5.0,7.0,-2.0,-0.13341434374236427
2526,Man United,West Ham,14,4.0,4.0,0.0,0.012506598464567809
2526,Man United,Wolves,15,4.0,5.0,-1.0,1.3868528595936505
2526,Man United,Bournemouth,16,7.0,9.0,-2.0,1.3295243305048405
2526,Man United,Aston Villa,17,5.0,7.0,-2.0,-0.3195721826294582
2526,Man United,Newcastle,18,5.0,6.0,-1.0,-0.9887067550988949
2526,Man United,Wolves,19,4.0,3.0,1.0,-1.192846563732489
2526,Man United,Leeds,20,4.0,2.0,2.0,0.42384308728717635
2526,Man United,Burnley,21,3.0,4.0,-1.0,0.27260194590258546
2526,Man United,Man City,22,9.0,9.0,0.0,1.4564899501441586
2526,Man United,Arsenal,23,8.0,7.0,1.0,-0.3346756143403504
2526,Man United,Fulham,24,6.0,7.0,-1.0,-0.2407082763194035
2526,Man United,Tottenham,25,5.0,5.0,0.0,0.2434097362377654
2526,Man United,West Ham,26,3.0,3.0,0.0,-1.1129352117656177
2526,Man United,Everton,27,12.0,13.0,-1.0,-0.2221166386988196
2526,Man United,Crystal Palace,28,5.0,7.0,-2.0,-0.38829861947810373
2526,Man United,Newcastle,29,3.0,4.0,-1.0,0.2302965558411887
2526,Man United,Aston Villa,30,10.0,10.0,0.0,-0.3109447143917392
2526,Man United,Bournemouth,31,5.0,6.0,-1.0,-0.5524691621225607
2526,Man United,Leeds,32,23.0,22.0,1.0,-0.5009576314825575
2526,Man United,Chelsea,33,5.0,6.0,-1.0,-1.2303197275255284
2526,Man United,Brentford,34,9.0,9.0,0.0,-0.06349231048794968
2526,Man United,Liverpool,35,5.0,8.0,-3.0,0.723285575088465
2526,Man United,Sunderland,36,5.0,7.0,-2.0,-1.1733205562004174
2526,Man United,Nott'm Forest,37,7.0,6.0,1.0,2.1154012238090867
2526,Man United,Brighton,38,7.0,7.0,0.0,0.8805210014275913
2526,Newcastle,Liverpool,2,9.0,10.0,-1.0,0.4443219048855491
2526,Newcastle,Leeds,3,4.0,7.0,-3.0,-0.9594661304969577
2526,Newcastle,Wolves,4,13.0,14.0,-1.0,-0.73590836922995
2526,Newcastle,Bournemouth,5,7.0,7.0,0.0,-1.1203050735665208
2526,Newcastle,Arsenal,6,7.0,7.0,0.0,-0.2504760557997655
2526,Newcastle,Nott'm Forest,7,6.0,7.0,-1.0,1.2569681324282476
2526,Newcastle,Brighton,8,13.0,13.0,0.0,0.08286032683496325
2526,Newcastle,Fulham,9,7.0,6.0,1.0,1.0405176365904854
2526,Newcastle,West Ham,10,8.0,8.0,0.0,-1.0086347057870202
2526,Newcastle,Brentford,11,7.0,7.0,0.0,-0.8616180102138911
2526,Newcastle,Man City,12,13.0,13.0,0.0,1.0659291905496544
2526,Newcastle,Everton,13,7.0,4.0,3.0,1.0690332701776697
2526,Newcastle,Tottenham,14,3.0,3.0,0.0,-0.46888101643478963
2526,Newcastle,Burnley,15,3.0,2.0,1.0,-1.2404195153250253
2526,Newcastle,Sunderland,16,7.0,7.0,0.0,-1.2473820256702812
2526,Newcastle,Chelsea,17,5.0,6.0,-1.0,1.1870740749897095
2526,Newcastle,Man United,18,6.0,5.0,1.0,-0.022764481842497908
2526,Newcastle,Burnley,19,3.0,3.0,0.0,0.62573674422958
2526,Newcastle,Crystal Palace,20,4.0,2.0,2.0,1.0921880435374112
2526,Newcastle,Leeds,21,3.0,3.0,0.0,0.126772725931261
2526,Newcastle,Wolves,22,10.0,10.0,0.0,-0.7606721048705747
2526,Newcastle,Aston Villa,23,7.0,6.0,1.0,0.30616324098060677
2526,Newcastle,Liverpool,24,6.0,7.0,-1.0,-0.9559948326740535
2526,Newcastle,Brentford,25,6.0,6.0,0.0,0.9756073326276775
2526,Newcastle,Tottenham,26,3.0,3.0,0.0,1.1690191006466673
2526,Newcastle,Man City,27,11.0,10.0,1.0,-0.5858201452266731
2526,Newcastle,Everton,28,6.0,4.0,2.0,-0.583277885475207
2526,Newcastle,Man United,29,4.0,3.0,1.0,-0.20664585738698227
2526,Newcastle,Chelsea,30,9.0,9.0,0.0,-0.3486122720109768
2526,Newcastle,Sunderland,31,7.0,7.0,0.0,-0.4680939319059243
2526,Newcastle,Crystal Palace,32,21.0,27.0,-6.0,-0.06232448087397224
2526,Newcastle,Bournemouth,33,6.0,7.0,-1.0,0.051394871660880304
2526,Newcastle,Arsenal,34,7.0,6.0,1.0,0.06031436130787815
2526,Newcastle,Brighton,35,6.0,10.0,-4.0,1.6592767553323573
2526,Newcastle,Nott'm Forest,36,7.0,5.0,2.0,0.18224479076777622
2526,Newcastle,West Ham,37,7.0,7.0,0.0,0.2569478592410184
2526,Newcastle,Fulham,38,6.0,7.0,-1.0,-1.1681844939219772
2526,Nott'm Forest,Crystal Palace,2,7.0,7.0,0.0,0.21835730004257448
2526,Nott'm Forest,West Ham,3,7.0,8.0,-1.0,-0.8461029218750085
2526,Nott'm Forest,Arsenal,4,12.0,12.0,0.0,-0.3793813270730518
2526,Nott'm Forest,Burnley,5,7.0,6.0,1.0,-0.7230937888209922
2526,Nott'm Forest,Sunderland,6,7.0,6.0,1.0,-0.024029814580602382
2526,Nott'm Forest,Newcastle,7,7.0,6.0,1.0,-0.7492070329155066
2526,Nott'm Forest,Chelsea,8,12.0,13.0,-1.0,0.647452742018813
2526,Nott'm Forest,Bournemouth,9,8.0,7.0,1.0,-0.754926790213694
2526,Nott'm Forest,Man United,10,6.0,6.0,0.0,0.3754427584099862
2526,Nott'm Forest,Leeds,11,7.0,7.0,0.0,0.4420847063085209
2526,Nott'm Forest,Liverpool,12,13.0,12.0,1.0,0.16215562091069313
2526,Nott'm Forest,Brighton,13,7.0,7.0,0.0,-0.26334393676780377
2526,Nott'm Forest,Wolves,14,3.0,3.0,0.0,-0.18629157794739237
2526,Nott'm Forest,Everton,15,2.0,3.0,-1.0,-0.8445152745857738
2526,Nott'm Forest,Tottenham,16,7.0,7.0,0.0,1.00032822570917
2526,Nott'm Forest,Fulham,17,8.0,9.0,-1.0,-0.6878046937295905
2526,Nott'm Forest,Man City,18,4.0,6.0,-2.0,-0.5149562779511394
2526,Nott'm Forest,Everton,19,3.0,3.0,0.0,0.3375693705567733
2526,Nott'm Forest,Aston Villa,20,3.0,3.0,0.0,-0.22230075731871424
2526,Nott'm Forest,West Ham,21,3.0,3.0,0.0,-0.7697751278260097
2526,Nott'm Forest,Arsenal,22,10.0,8.0,2.0,-0.505864961493977
2526,Nott'm Forest,Brentford,23,7.0,7.0,0.0,0.312544772071532
2526,Nott'm Forest,Crystal Palace,24,7.0,7.0,0.0,-0.3740924437145977
2526,Nott'm Forest,Leeds,25,5.0,6.0,-1.0,0.6093975266597473
2526,Nott'm Forest,Wolves,26,4.0,4.0,0.0,2.0862700472163924
2526,Nott'm Forest,Liverpool,27,10.0,10.0,0.0,-0.3297257573774477
2526,Nott'm Forest,Brighton,28,7.0,7.0,0.0,-0.16855171289650062
2526,Nott'm Forest,Man City,29,3.0,4.0,-1.0,0.3259649194044445
2526,Nott'm Forest,Fulham,30,10.0,10.0,0.0,-0.6169912864631616
2526,Nott'm Forest,Tottenham,31,7.0,6.0,1.0,0.4612214100565446
2526,Nott'm Forest,Aston Villa,32,20.0,20.0,0.0,-0.5219047389191075
2526,Nott'm Forest,Burnley,33,7.0,7.0,0.0,-0.46063542537783575
2526,Nott'm Forest,Sunderland,34,5.0,5.0,0.0,0.3628130035306878
2526,Nott'm Forest,Chelsea,35,9.0,12.0,-3.0,0.39937700015063204
2526,Nott'm Forest,Newcastle,36,5.0,7.0,-2.0,0.1331432901884937
2526,Nott'm Forest,Man United,37,6.0,7.0,-1.0,0.8846381469563893
2526,Nott'm Forest,Bournemouth,38,7.0,4.0,3.0,0.7597505749567359
2526,Sunderland,Burnley,2,7.0,7.0,0.0,-0.18872152289309918
2526,Sunderland,Brentford,3,7.0,7.0,0.0,-0.3019839037293143
2526,Sunderland,Crystal Palace,4,14.0,12.0,2.0,-0.5829311152215616
2526,Sunderland,Aston Villa,5,7.0,7.0,0.0,-0.2186508397639111
2526,Sunderland,Nott'm Forest,6,6.0,7.0,-1.0,0.9110691143275924
2526,Sunderland,Man United,7,6.0,7.0,-1.0,-0.0018221838545765534
2526,Sunderland,Wolves,8,14.0,13.0,1.0,-0.3280060415131387
2526,Sunderland,Chelsea,9,7.0,7.0,0.0,0.5813941583179627
2526,Sunderland,Everton,10,9.0,8.0,1.0,-0.013820365071963936
2526,Sunderland,Arsenal,11,4.0,7.0,-3.0,0.509985631451118
2526,Sunderland,Fulham,12,13.0,14.0,-1.0,-0.7670568858426063
2526,Sunderland,Bournemouth,13,7.0,7.0,0.0,-0.6865067850235975
2526,Sunderland,Liverpool,14,4.0,3.0,1.0,-0.15773118423008925
2526,Sunderland,Man City,15,2.0,3.0,-1.0,-0.14107260977531433
2526,Sunderland,Newcastle,16,7.0,7.0,0.0,-0.4922195880036404
2526,Sunderland,Brighton,17,6.0,7.0,-1.0,0.46814790001705386
2526,Sunderland,Leeds,18,7.0,7.0,0.0,-0.27965903670968095
2526,Sunderland,Man City,19,4.0,5.0,-1.0,0.022058908450197534
2526,Sunderland,Tottenham,20,2.0,2.0,0.0,-0.445422284955663
2526,Sunderland,Brentford,21,3.0,3.0,0.0,-0.16272090310069198
2526,Sunderland,Crystal Palace,22,9.0,9.0,0.0,0.6983276969075334
2526,Sunderland,West Ham,23,6.0,6.0,0.0,-0.3614218780425429
2526,Sunderland,Burnley,24,9.0,9.0,0.0,0.28206282078009703
2526,Sunderland,Arsenal,25,4.0,7.0,-3.0,-0.14019979126196586
2526,Sunderland,Liverpool,26,4.0,3.0,1.0,-0.37223670395006936
2526,Sunderland,Fulham,27,10.0,10.0,0.0,-0.21257696535779824
2526,Sunderland,Bournemouth,28,5.0,6.0,-1.0,0.18488373170191452
2526,Sunderland,Leeds,29,3.0,3.0,0.0,-0.8036966247148319
2526,Sunderland,Brighton,30,10.0,9.0,1.0,-0.3725303634142051
2526,Sunderland,Newcastle,31,7.0,7.0,0.0,1.7502629511676528
2526,Sunderland,Tottenham,32,21.0,20.0,1.0,0.6577442369220183
2526,Sunderland,Aston Villa,33,7.0,7.0,0.0,0.6154425084093604
2526,Sunderland,Nott'm Forest,34,5.0,5.0,0.0,-0.6477659312513446
2526,Sunderland,Wolves,35,7.0,7.0,0.0,-0.18059379368654682
2526,Sunderland,Man United,36,7.0,5.0,2.0,0.24683380915316078
2526,Sunderland,Everton,37,8.0,7.0,1.0,0.3085438544260096
2526,Sunderland,Chelsea,38,7.0,4.0,3.0,1.1440366034425042
2526,Tottenham,Man City,2,6.0,6.0,0.0,0.3668944311040654
2526,Tottenham,Bournemouth,3,7.0,7.0,0.0,-1.1320943377602588
2526,Tottenham,West Ham,4,14.0,13.0,1.0,0.2346557154665092
2526,Tottenham,Brighton,5,6.0,7.0,-1.0,0.18963512872645483
2526,Tottenham,Wolves,6,7.0,7.0,0.0,-0.7908947914916531
2526,Tottenham,Leeds,7,6.0,6.0,0.0,-0.36643850474754947
2526,Tottenham,Aston Villa,8,15.0,14.0,1.0,0.13803400571945468
2526,Tottenham,Everton,9,7.0,8.0,-1.0,0.932856329474923
2526,Tottenham,Chelsea,10,6.0,7.0,-1.0,-1.26542430072717
2526,Tottenham,Man United,11,6.0,6.0,0.0,0.17648788250273806
2526,Tottenham,Arsenal,12,15.0,14.0,1.0,-0.6450654139137392
2526,Tottenham,Fulham,13,6.0,7.0,-1.0,-0.3984654685234166
2526,Tottenham,Newcastle,14,3.0,3.0,0.0,-0.03818923972359767
2526,Tottenham,Brentford,15,3.0,2.0,1.0,1.1007029917946505
2526,Tottenham,Nott'm Forest,16,7.0,7.0,0.0,-0.8458275049287419
2526,Tottenham,Liverpool,17,6.0,7.0,-1.0,0.08066675916651911
2526,Tottenham,Crystal Palace,18,7.0,7.0,0.0,-0.24416362569939332
2526,Tottenham,Brentford,19,4.0,5.0,-1.0,-0.4720391036751075
2526,Tottenham,Sunderland,20,2.0,2.0,0.0,-0.03127245962024072
2526,Tottenham,Bournemouth,21,3.0,4.0,-1.0,0.5624184418207288
2526,Tottenham,West Ham,22,9.0,10.0,-1.0,0.08599411689326719
2526,Tottenham,Burnley,23,7.0,7.0,0.0,1.0322776205565647
2526,Tottenham,Man City,24,8.0,8.0,0.0,0.37885277042659715
2526,Tottenham,Man United,25,5.0,5.0,0.0,-0.36908932839966535
2526,Tottenham,Newcastle,26,3.0,3.0,0.0,0.35395863369111713
2526,Tottenham,Arsenal,27,11.0,3.0,8.0,-0.44361758490893827
2526,Tottenham,Fulham,28,6.0,7.0,-1.0,-0.22562113522333882
2526,Tottenham,Crystal Palace,29,4.0,4.0,0.0,-0.06938383842482487
2526,Tottenham,Liverpool,30,9.0,11.0,-2.0,0.12074993387113331
2526,Tottenham,Nott'm Forest,31,6.0,7.0,-1.0,0.11724301872451193
2526,Tottenham,Sunderland,32,20.0,21.0,-1.0,-0.1669143291044104
2526,Tottenham,Brighton,33,6.0,7.0,-1.0,0.33308715371706255
2526,Tottenham,Wolves,34,6.0,7.0,-1.0,-0.2501815935501539
2526,Tottenham,Aston Villa,35,8.0,8.0,0.0,-0.0016973296190019305
2526,Tottenham,Leeds,36,8.0,10.0,-2.0,0.19867376447191076
2526,Tottenham,Chelsea,37,8.0,10.0,-2.0,0.9990907886018048
2526,Tottenham,Everton,38,4.0,7.0,-3.0,-0.015268842945856287
2526,West Ham,Chelsea,2,6.0,5.0,1.0,-0.4507277909321423
2526,West Ham,Nott'm Forest,3,8.0,7.0,1.0,0.2340670943678158
2526,West Ham,Tottenham,4,13.0,14.0,-1.0,-0.5530217171365779
2526,West Ham,Crystal Palace,5,6.0,7.0,-1.0,-0.9155290922318733
2526,West Ham,Everton,6,9.0,9.0,0.0,-0.398550410711185
2526,West Ham,Arsenal,7,4.0,5.0,-1.0,0.1813277246366215
2526,West Ham,Brentford,8,16.0,15.0,1.0,-1.0787787912538178
2526,West Ham,Leeds,9,4.0,6.0,-2.0,-0.5686189447537462
2526,West Ham,Newcastle,10,8.0,8.0,0.0,0.0625407103556006
2526,West Ham,Burnley,11,6.0,7.0,-1.0,1.0354193680577455
2526,West Ham,Bournemouth,12,14.0,13.0,1.0,-0.6856433655987666
2526,West Ham,Liverpool,13,7.0,7.0,0.0,-0.9194275480656615
2526,West Ham,Man United,14,4.0,4.0,0.0,0.3918151850145656
2526,West Ham,Brighton,15,2.0,3.0,-1.0,0.6922182235940308
2526,West Ham,Aston Villa,16,7.0,8.0,-1.0,-0.11605854248213276
2526,West Ham,Man City,17,6.0,6.0,0.0,0.09723285464699805
2526,West Ham,Fulham,18,7.0,4.0,3.0,-0.32251694928848895
2526,West Ham,Brighton,19,3.0,3.0,0.0,0.27313146695102763
2526,West Ham,Wolves,20,3.0,3.0,0.0,-1.0942789633254264
2526,West Ham,Nott'm Forest,21,3.0,3.0,0.0,0.21732189418882664
2526,West Ham,Tottenham,22,10.0,9.0,1.0,1.6684071519121164
2526,West Ham,Sunderland,23,6.0,6.0,0.0,-0.04054998272299315
2526,West Ham,Chelsea,24,7.0,6.0,1.0,0.5588547233732426
2526,West Ham,Burnley,25,6.0,4.0,2.0,-0.45502635720005347
2526,West Ham,Man United,26,3.0,3.0,0.0,0.11450447369699046
2526,West Ham,Bournemouth,27,10.0,10.0,0.0,1.025747440299877
2526,West Ham,Liverpool,28,6.0,6.0,0.0,0.30368244674027856
2526,West Ham,Fulham,29,4.0,3.0,1.0,0.3034578743086691
2526,West Ham,Man City,30,10.0,10.0,0.0,-0.6429461346634038
2526,West Ham,Aston Villa,31,7.0,7.0,0.0,-0.37735917210558023
2526,West Ham,Wolves,32,19.0,24.0,-5.0,0.9148997656501054
2526,West Ham,Crystal Palace,33,10.0,8.0,2.0,-0.5058444524047264
2526,West Ham,Everton,34,4.0,6.0,-2.0,0.39733351003673123
2526,West Ham,Brentford,35,7.0,4.0,3.0,-0.3393965904483658
2526,West Ham,Arsenal,36,8.0,7.0,1.0,0.48332167223576217
2526,West Ham,Newcastle,37,7.0,7.0,0.0,-0.1455302306976599
2526,West Ham,Leeds,38,6.0,7.0,-1.0,1.4241882675946693
2526,Wolves,Bournemouth,2,6.0,7.0,-1.0,-0.4139009472888797
2526,Wolves,Everton,3,7.0,6.0,1.0,-0.10865160731706869
2526,Wolves,Newcastle,4,14.0,13.0,1.0,-0.43098221684942584
2526,Wolves,Leeds,5,7.0,7.0,0.0,0.6100778114362007
2526,Wolves,Tottenham,6,7.0,7.0,0.0,0.35558322762514605
2526,Wolves,Brighton,7,7.0,7.0,0.0,-0.5390620064824148
2526,Wolves,Sunderland,8,13.0,14.0,-1.0,-0.19917849118664466
2526,Wolves,Burnley,9,7.0,7.0,0.0,0.40724019430123315
2526,Wolves,Fulham,10,6.0,7.0,-1.0,-0.6617319681319929
2526,Wolves,Chelsea,11,7.0,7.0,0.0,-0.7420462926206535
2526,Wolves,Crystal Palace,12,13.0,13.0,0.0,0.6534106160588238
2526,Wolves,Aston Villa,13,7.0,7.0,0.0,-0.1392847538762485
2526,Wolves,Nott'm Forest,14,3.0,3.0,0.0,-0.08681888591993592
2526,Wolves,Man United,15,5.0,4.0,1.0,-0.6103479062093822
2526,Wolves,Arsenal,16,5.0,7.0,-2.0,0.12028072456173478
2526,Wolves,Brentford,17,6.0,5.0,1.0,-0.47226561151715396
2526,Wolves,Liverpool,18,7.0,6.0,1.0,0.014172746406634684
2526,Wolves,Man United,19,3.0,4.0,-1.0,0.505465002895145
2526,Wolves,West Ham,20,3.0,3.0,0.0,0.31834331559342033
2526,Wolves,Everton,21,4.0,3.0,1.0,-0.14557276900766047
2526,Wolves,Newcastle,22,10.0,10.0,0.0,-0.5980798719205176
2526,Wolves,Man City,23,6.0,7.0,-1.0,-0.1332494081029757
2526,Wolves,Bournemouth,24,7.0,6.0,1.0,1.1393085202694864
2526,Wolves,Chelsea,25,7.0,6.0,1.0,0.06836939007485032
2526,Wolves,Nott'm Forest,26,4.0,4.0,0.0,-0.5005009103727727
2526,Wolves,Arsenal,27,7.0,6.0,1.0,-0.4388849996900279
2526,Wolves,Crystal Palace,28,3.0,10.0,-7.0,0.09111908412077763
2526,Wolves,Aston Villa,29,5.0,6.0,-1.0,0.48885793006334843
2526,Wolves,Liverpool,30,4.0,3.0,1.0,-0.3027418266462808
2526,Wolves,Brentford,31,12.0,13.0,-1.0,1.000836559104027
2526,Wolves,West Ham,32,24.0,19.0,5.0,-0.3749352813965484
2526,Wolves,Leeds,33,7.0,4.0,3.0,-0.21194638669078214
2526,Wolves,Tottenham,34,7.0,6.0,1.0,-0.2219686944559266
2526,Wolves,Sunderland,35,7.0,7.0,0.0,0.8890227993774451
2526,Wolves,Brighton,36,7.0,7.0,0.0,-0.22609769573632255
2526,Wolves,Fulham,37,8.0,8.0,0.0,0.42966042961633977
2526,Wolves,Burnley,38,7.0,5.0,2.0,0.9285168252056768
