display_name,unique_label,team,pos,cost,own,player_code,full_name,team_code,name_ambiguous,player,cold_start,model_total,model_gw1_6,value_per_m,model_gw1,model_gw2,model_gw3,model_gw4,model_gw5,model_gw6,model_gw7,model_gw8,model_gw9,model_gw10,ffs_total,ffs_value_per_m,ffs_gw1,ffs_gw2,ffs_gw3,ffs_gw4,ffs_gw5,ffs_gw6,ffs_minus_model_1_6,solio_gw1,ffs_matched,model_attack_pts,model_cs_pts,model_defcon_pts,model_sd_mean,model_p95_mean,p_start_prior,exp_minutes,exp_minutes_src,minutes_prior,npxgi_rate90,xa_rate90,defcon_rate90,pen_xg90,pen_order,fk_order,corner_order,pl_apps,pl_minutes,pl_xg,pl_xa,pl_xg90,pl_xa90,pl_shots,pl_goals,pl_assists,xi_starts,xi_sheets,xi_rate,pre_minutes,pre_apps,pre_mean_minutes,pre_xg,pre_xa,own_att_strength,own_def_strength,own_att_rank,own_def_rank,own_market_z,own_blended_elo,title_odds_dec,releg_odds_dec,xga_env,ppda_2627,press_factor,promoted,ffs_price
Haaland,Haaland (MCI),Man City,FWD,15.5,68.3,223094,Erling Haaland,MCI,False,Haaland,False,64.04,38.540000000000006,4.131612903225807,6.54,6.51,7.51,5.63,6.51,5.84,8.03,5.81,6.0,5.64,34.82,2.246451612903226,5.58,5.79,7.12,4.83,6.65,4.85,-3.720000000000006,,True,64.037,0.0,0.003,6.0983,18.7854,0.7477196070360411,87.19649446494465,player history,4323.5,0.7214946451485689,0.0738420555470852,3.3464550083436744,0.1,1.0,,,36.0,2953.0,25.78,2.8819209999999997,0.7857094480189638,0.08783369116153064,118.0,27.0,8.0,34.0,36.0,0.9444444444444444,53.0,1.0,53.0,0.44,0.0,0.3979137564561784,0.3023979198869594,1,2,1.5720974480619654,1971.0,3.5,67.0,1.0050081070657415,12.3,0.9984810217456443,0,15.5
B.Fernandes,B.Fernandes (MUN),Man United,MID,12.0,49.3,141746,Bruno Borges Fernandes,MUN,False,B.Fernandes,False,52.78,32.89,4.398333333333333,6.45,6.99,4.69,4.45,4.59,5.72,4.71,5.32,4.66,5.21,34.39,2.8658333333333332,5.97,6.91,5.25,5.04,5.41,5.81,1.5,,True,48.39,2.441,1.949,5.018800000000001,15.401900000000001,0.7679882977862057,88.00124555160141,player history,4577.0,0.4885137726186706,0.315084406230559,8.424342786172634,0.1,1.0,1.0,1.0,35.0,3065.0,10.83,11.9001269,0.3180097879282218,0.3494327637846656,85.0,9.0,24.0,35.0,35.0,1.0,146.0,3.0,48.666666666666664,0.0,0.0,0.2911586787820938,0.036515569746031,3,5,1.2388665527515443,1915.0,7.0,34.0,1.2712178238678356,12.0,1.0271008142253517,0,12.0
Gabriel,Gabriel (ARS),Arsenal,DEF,8.0,29.4,226597,Gabriel dos Santos Magalhães,ARS,False,Gabriel,False,48.52,28.85,6.065,5.34,5.21,4.44,4.63,4.31,4.92,4.5,4.91,4.12,6.14,30.01,3.75125,6.03,4.4,4.57,5.05,4.55,5.41,1.1600000000000001,,True,24.630000000000003,16.36,7.53,4.3776,13.291300000000001,0.712257059425996,89.41390041493776,player history,3932.5,0.1490110735489207,0.0402896832159204,9.587685649202731,0.0,,,,32.0,2750.0,2.94,1.8181463900000001,0.09621818181818181,0.059502972763636364,26.0,3.0,5.0,30.0,32.0,0.9375,226.0,5.0,56.5,0.0,0.0,0.306541748174989,0.5456367033856973,2,1,1.7079738846388108,2064.0,2.5,101.0,0.7593381876414202,10.05,1.1953980873144028,0,8.0
Mbeumo,Mbeumo (MUN),Man United,MID,8.0,36.7,446008,Bryan Mbeumo,MUN,False,Mbeumo,False,47.72,29.410000000000004,5.965,6.13,5.8,4.25,3.87,4.08,5.28,4.32,4.93,4.18,4.88,29.310000000000002,3.6637500000000003,5.67,5.81,4.39,4.23,4.5,4.71,-0.10000000000000142,,True,45.111,2.523,0.086,4.7329,14.103200000000001,0.783435230934313,85.40700179533215,player history,4318.5,0.5068693263790826,0.1920663705374587,5.255756304524003,0.0,2.0,2.0,2.0,33.0,2611.0,12.0,4.9664341,0.4136346227499042,0.17119075794714667,73.0,11.0,3.0,32.0,33.0,0.9696969696969697,341.0,6.0,56.833333333333336,0.0,0.0,0.2911586787820938,0.036515569746031,3,5,1.2388665527515443,1915.0,7.0,34.0,1.2712178238678356,12.0,1.0271008142253517,0,8.0
Guéhi,Guéhi (MCI),Man City,DEF,6.0,18.8,209036,Marc Guéhi,MCI,False,Guéhi,False,47.22,28.130000000000003,7.87,4.5,5.42,5.47,3.74,5.06,3.94,5.82,4.27,4.74,4.27,12.419999999999998,2.07,2.48,1.94,2.45,1.56,2.38,1.61,-15.710000000000004,,True,27.209999999999997,15.748000000000001,4.2620000000000005,4.0799,12.5861,0.8662877324117931,89.74436741767764,player history,4679.5,0.1573880749679184,0.0559263491474286,9.037563636363636,0.0,,,,35.0,3150.0,4.25,2.14639727,0.12142857142857143,0.06132563628571429,30.0,3.0,5.0,35.0,35.0,1.0,37.0,1.0,37.0,0.0,0.03,0.3979137564561784,0.3023979198869594,1,2,1.5720974480619654,1971.0,3.5,67.0,1.0050081070657415,12.3,0.9984810217456443,0,6.0
Semenyo,Semenyo (MCI),Man City,MID,8.5,24.9,437730,Antoine Semenyo,MCI,False,Semenyo,False,43.14,26.13,5.075294117647059,4.34,4.76,4.98,3.72,4.42,3.91,5.24,3.86,4.14,3.76,24.54,2.8870588235294115,4.75,3.98,4.81,3.29,4.47,3.24,-1.5899999999999999,,True,39.257000000000005,3.19,0.6930000000000001,4.4241,13.7822,0.7786003994252205,87.79676320272573,player history,4804.5,0.3634217510507411,0.1037104264970796,6.827091633466135,0.0,3.0,,,37.0,3200.0,11.07,3.14604341,0.31134375,0.08848247090625,73.0,17.0,6.0,37.0,37.0,1.0,221.0,3.0,73.66666666666667,0.27,0.38,0.3979137564561784,0.3023979198869594,1,2,1.5720974480619654,1971.0,3.5,67.0,1.0050081070657415,12.3,0.9984810217456443,0,8.5
Tzolis,Tzolis (ARS),Arsenal,MID,6.5,25.8,439509,Christos Tzolis,ARS,False,Tzolis,True,42.51,25.08,6.54,4.7,4.46,4.06,3.86,3.64,4.36,3.8,4.16,3.86,5.59,25.97,3.9953846153846153,5.37,3.82,4.18,4.14,3.91,4.55,0.8900000000000006,,True,35.189,4.21,3.111,4.9709,14.0719,0.8480050402767291,83.1,positional fallback,0.0,0.2803833916294282,0.1312037730133824,8.189865176177413,0.0,,,3.0,,,,,,,,,,,,,304.0,5.0,60.8,0.0,0.43,0.306541748174989,0.5456367033856973,2,1,1.7079738846388108,2064.0,2.5,101.0,0.7593381876414202,10.05,1.1953980873144028,0,6.5
Virgil,Virgil (LIV),Liverpool,DEF,6.5,19.6,97032,Virgil van Dijk,LIV,False,Virgil,False,42.28,26.03,6.504615384615385,4.47,4.43,4.99,4.61,3.84,3.69,3.77,4.49,3.68,4.32,25.380000000000003,3.904615384615385,3.99,4.56,4.62,4.64,3.96,3.61,-0.6499999999999986,,True,20.351,9.844,12.085,3.4869,10.3049,0.8846835529322771,89.77090032154341,player history,5085.0,0.1172932631492362,0.0320446956290269,9.791655405405406,0.0,,,,38.0,3420.0,3.7928,1.25552621,0.09981052631578947,0.03304016342105263,30.0,6.0,1.0,38.0,38.0,1.0,149.0,2.0,74.5,0.0,0.0,0.2217904378795187,-0.0207728027571259,4,13,1.3549493323437265,1911.0,6.0,51.0,1.4367612878896527,9.9,1.2427165780373892,0,6.5
Tarkowski,Tarkowski (EVE),Everton,DEF,6.0,8.8,17761,James Tarkowski,EVE,False,Tarkowski,False,41.79,26.130000000000003,6.965,4.4,4.25,3.46,4.05,5.03,4.94,3.96,2.87,3.87,4.96,24.03,4.005,4.34,3.58,3.38,3.3,4.79,4.64,-2.1000000000000014,,True,20.952999999999996,12.649000000000001,8.188,3.3792999999999997,9.96,0.9041250140537684,89.68909710391823,player history,4792.0,0.1214409380338814,0.0542294654388409,10.75546712802768,0.0,,,,37.0,3330.0,2.75,1.94008787,0.07432432432432433,0.0524348072972973,21.0,2.0,3.0,37.0,37.0,1.0,190.0,3.0,63.333333333333336,0.0,0.0,-0.0485965292955978,-0.0016800106760029,14,8,-0.3604498186276618,1803.0,251.0,13.0,1.3469411290581967,14.0,0.8592747333873535,0,6.0
Thiago,Thiago (BRE),Brentford,FWD,8.0,17.0,502500,Igor Thiago Nascimento Rodrigues,BRE,False,Thiago,False,41.7,25.049999999999997,5.2125,4.28,4.8,4.07,3.89,4.18,3.83,4.23,4.82,4.07,3.53,27.03,3.37875,4.78,4.31,5.11,4.37,4.44,4.02,1.980000000000004,,True,41.536,0.0,0.164,4.3697,12.707,0.7116792131535536,86.8761574074074,player history,3366.0,0.4112608516792323,0.0498728027061847,5.745501285347043,0.1901069518716577,1.0,,,38.0,3282.0,20.57,1.79870236,0.5640767824497258,0.04932456197440585,84.0,22.0,1.0,37.0,38.0,0.9736842105263158,71.0,2.0,71.0,1.88,0.08,0.1430094199147795,-0.010658247439459,7,9,-0.3895837925260162,1837.0,251.0,11.0,1.3527334738773589,13.0,0.9307068915414188,0,8.0
Ndiaye,Ndiaye (EVE),Everton,MID,6.0,16.1,440993,Iliman Ndiaye,EVE,False,Ndiaye,False,40.67,24.729999999999997,6.778333333333333,3.98,3.82,3.87,3.94,4.52,4.6,4.07,3.25,4.06,4.57,24.34,4.056666666666667,4.39,3.75,3.69,3.54,4.63,4.34,-0.389999999999997,,True,34.863,2.787,3.02,3.6803,10.9461,0.8244840225285864,85.6380859375,player history,4001.0,0.2788964159409907,0.1032249161384629,9.066179455948031,0.1,1.0,,,32.0,2781.0,6.64,4.3616226099999995,0.21488673139158576,0.1411528352750809,43.0,6.0,3.0,32.0,32.0,1.0,181.0,3.0,60.333333333333336,1.13,0.02,-0.0485965292955978,-0.0016800106760029,14,8,-0.3604498186276618,1803.0,251.0,13.0,1.3469411290581967,14.0,0.8592747333873535,0,6.0
Saka,Saka (ARS),Arsenal,MID,9.5,10.3,223340,Bukayo Saka,ARS,False,Saka,False,38.34,23.22,4.035789473684211,4.16,5.44,3.51,3.23,3.07,3.81,3.15,3.58,3.35,5.04,29.42,3.0968421052631583,3.02,4.82,5.37,5.3,4.99,5.92,6.200000000000003,,True,35.17,2.513,0.657,4.9104,14.1174,0.4315085923269706,85.04489247311827,player history,3085.5,0.5593103039570344,0.3019661779496344,7.604521013936135,0.1,1.0,2.0,2.0,32.0,2218.0,7.34,6.95492289,0.29783588818755635,0.28221057714156894,70.0,7.0,10.0,25.0,32.0,0.78125,30.0,1.0,30.0,0.43,0.03,0.306541748174989,0.5456367033856973,2,1,1.7079738846388108,2064.0,2.5,101.0,0.7593381876414202,10.05,1.1953980873144028,0,9.5
Szoboszlai,Szoboszlai (LIV),Liverpool,MID,7.0,42.8,424876,Dominik Szoboszlai,LIV,False,Szoboszlai,False,38.33,23.979999999999997,5.475714285714285,4.06,4.7,4.26,3.9,3.63,3.43,3.62,3.75,3.29,3.69,25.56,3.6514285714285712,4.03,4.59,4.48,4.65,4.02,3.79,1.5800000000000018,,True,33.657,1.944,2.729,3.8203000000000005,11.2461,0.7249906210450197,87.24039855072465,player history,4480.0,0.3453496628596594,0.2006849650855695,8.93105354604328,0.1,1.0,1.0,1.0,36.0,3232.0,4.6842,6.9994659,0.13043873762376237,0.194910869740099,71.0,6.0,7.0,36.0,36.0,1.0,355.0,5.0,71.0,0.0,0.0,0.2217904378795187,-0.0207728027571259,4,13,1.3549493323437265,1911.0,6.0,51.0,1.4367612878896527,9.9,1.2427165780373892,0,7.0
Lacroix,Lacroix (CHE),Chelsea,DEF,6.0,9.4,437499,Maxence Lacroix,CHE,False,Lacroix,False,38.24,23.16,6.373333333333334,3.68,4.45,2.88,5.11,3.23,3.81,3.57,4.26,3.51,3.73,21.89,3.6483333333333334,3.55,3.85,2.48,4.75,3.34,3.92,-1.2699999999999996,,True,18.184000000000005,9.007,11.049,3.6086,10.378,0.731819385977741,88.94667832167832,player history,4644.0,0.1076844635224949,0.0240754927227847,11.385046305824243,0.0,,,,36.0,3085.0,2.37,0.94659459,0.06914100486223664,0.027615401329011344,20.0,1.0,2.0,35.0,36.0,0.9722222222222222,62.0,1.0,62.0,0.0,0.0,0.1836375664015244,-0.0207718609867338,5,12,0.852585347922589,1831.0,15.0,21.0,1.3863447699183449,11.0,1.0737940848414846,0,6.0
O'Reilly,O'Reilly (MCI),Man City,DEF,6.5,21.1,472769,Nico O'Reilly,MCI,False,O'Reilly,False,38.18,23.070000000000004,5.873846153846154,3.55,4.84,4.44,2.99,4.13,3.12,4.79,3.29,3.7,3.34,14.219999999999999,2.1876923076923074,2.88,2.21,2.85,1.76,2.73,1.79,-8.850000000000005,,True,25.939999999999998,11.505,0.735,4.6167,13.3809,0.5130699818583552,87.56215469613258,player history,2906.5,0.2780490133041158,0.0865007223891197,6.66431300410358,0.0,,,,34.0,2643.0,6.0,2.71964847,0.2043132803632236,0.09261005005675368,36.0,5.0,4.0,29.0,35.0,0.8285714285714286,53.0,1.0,53.0,0.0,0.0,0.3979137564561784,0.3023979198869594,1,2,1.5720974480619654,1971.0,3.5,67.0,1.0050081070657415,12.3,0.9984810217456443,0,6.5
Rice,Rice (ARS),Arsenal,MID,7.5,17.4,204480,Declan Rice,ARS,False,Rice,False,37.79,22.62,5.038666666666667,4.07,4.41,3.59,3.42,3.29,3.84,3.4,3.66,3.43,4.68,20.21,2.694666666666667,2.66,3.31,3.45,3.54,3.39,3.86,-2.41,,True,29.072000000000003,3.608,5.11,3.6021,10.873000000000001,0.7287937393297862,86.95142348754449,player history,4509.5,0.2920721414209213,0.1943812573707967,10.659110508808674,0.0,,1.0,1.0,37.0,3093.0,3.01,7.1390318,0.08758486905916585,0.20773128419010667,39.0,4.0,9.0,35.0,37.0,0.9459459459459459,45.0,1.0,45.0,0.0,0.0,0.306541748174989,0.5456367033856973,2,1,1.7079738846388108,2064.0,2.5,101.0,0.7593381876414202,10.05,1.1953980873144028,0,7.5
Gvardiol,Gvardiol (MCI),Man City,DEF,5.5,12.9,477424,Joško Gvardiol,MCI,False,Gvardiol,False,37.79,23.08,6.870909090909091,3.55,5.23,4.24,2.93,3.98,3.15,4.42,3.3,3.69,3.3,23.32,4.24,4.43,3.78,4.85,2.88,4.55,2.83,0.240000000000002,,True,23.488,12.067,2.235,4.3224,12.6913,0.5881240662758408,88.42838196286472,player history,3009.5,0.1953940010266551,0.057351726571342,8.255467860048821,0.0,,,,19.0,1370.0,2.42,0.7197325800000001,0.15897810218978103,0.04728170233576643,17.0,2.0,2.0,16.0,20.0,0.8,225.0,3.0,75.0,0.03,0.03,0.3979137564561784,0.3023979198869594,1,2,1.5720974480619654,1971.0,3.5,67.0,1.0050081070657415,12.3,0.9984810217456443,0,5.5
Anderson,Anderson (MCI),Man City,MID,6.5,6.6,215379,Elliot Anderson,MCI,False,Anderson,False,37.51,22.82,5.770769230769231,3.63,4.6,4.05,3.35,3.72,3.47,4.11,3.45,3.62,3.49,20.69,3.183076923076923,3.24,3.48,4.01,3.05,3.82,3.09,-2.129999999999999,,True,24.960999999999995,3.0260000000000002,9.523,3.2674999999999996,10.2377,0.731432401740647,86.29158075601374,player history,4703.0,0.1912862347716235,0.1271053590090519,13.33884106978174,0.0,,,2.0,38.0,3332.0,2.91,4.66342376,0.07860144057623049,0.12596282665066025,42.0,4.0,5.0,37.0,38.0,0.9736842105263158,60.0,1.0,60.0,0.04,0.03,0.3979137564561784,0.3023979198869594,1,2,1.5720974480619654,1971.0,3.5,67.0,1.0050081070657415,12.3,0.9984810217456443,0,6.5
C. Palmer (CHE),C. Palmer (CHE),Chelsea,MID,9.5,13.4,244851,Cole Palmer,CHE,True,Palmer,False,37.14,23.119999999999997,3.909473684210526,3.36,5.22,2.67,4.9,3.26,3.71,3.28,3.96,3.51,3.27,32.57,3.428421052631579,4.97,5.62,3.74,7.12,5.01,6.11,9.450000000000003,,True,35.112,1.698,0.33,4.6046,13.377799999999999,0.4982379711928918,85.29463087248321,player history,3551.5,0.4684975817383575,0.1705868101602962,6.577726218097449,0.1201182598901872,1.0,3.0,,28.0,1954.0,10.64,2.18313905,0.49007164790174,0.1005539992323439,50.0,10.0,2.0,24.0,27.0,0.8888888888888888,161.0,2.0,80.5,0.0,0.0,0.1836375664015244,-0.0207718609867338,5,12,0.852585347922589,1831.0,15.0,21.0,1.3863447699183449,11.0,1.0737940848414846,0,9.5
Truffert,Truffert (BOU),Bournemouth,DEF,5.5,4.3,494521,Adrien Truffert,BOU,False,Truffert,False,37.11,21.46,6.747272727272727,2.82,4.07,3.86,3.81,3.73,3.17,4.3,2.98,4.14,4.25,20.1,3.6545454545454548,2.56,4.21,3.42,4.04,3.29,2.58,-1.3599999999999994,,True,19.233,9.708,8.169,3.3425,9.524000000000001,0.8856513961649343,88.71281464530892,player history,3378.0,0.1282705892849009,0.0907332396654343,9.117137326349352,0.0,,,,38.0,3378.0,1.35,3.5427253100000002,0.03596802841918295,0.09438877380106574,16.0,1.0,6.0,38.0,38.0,1.0,80.0,1.0,80.0,0.0,0.0,0.1506897455710198,-0.0576312175215828,6,14,-0.3357978660576632,1872.0,251.0,15.0,1.5252296038761777,10.0,1.1669618261656498,0,5.5
Thiaw,Thiaw (NEW),Newcastle,DEF,5.0,1.7,465642,Malick Thiaw,NEW,False,Thiaw,False,36.11,22.400000000000002,7.2219999999999995,3.16,4.21,3.28,3.24,4.87,3.64,3.63,3.35,3.64,3.09,22.6,4.5200000000000005,3.24,3.06,3.96,3.4,5.05,3.89,0.1999999999999993,,True,19.197000000000003,7.903,9.01,3.8164000000000002,10.831800000000001,0.7667593276236183,89.43633952254642,player history,2963.0,0.1655566943389787,0.0212817276039378,9.730374130796468,0.0,,,,35.0,2963.0,4.73,0.9585944,0.14367195410057373,0.02911694093823827,27.0,4.0,0.0,33.0,38.0,0.868421052631579,208.0,3.0,69.33333333333333,0.09,0.14,0.0770729134891279,-0.0857761118046507,10,16,0.4131237756486222,1838.0,34.0,11.0,1.387198849514487,10.0,1.1934362314133091,0,5.0
Rogers,Rogers (CHE),Chelsea,MID,7.5,25.6,244850,Morgan Rogers,CHE,False,Rogers,False,35.89,22.03,4.785333333333333,3.34,4.33,2.76,4.71,3.24,3.65,3.21,3.9,3.46,3.31,24.759999999999998,3.301333333333333,3.86,4.26,3.02,5.26,3.83,4.53,2.729999999999997,,True,32.943000000000005,2.266,0.681,3.3685,9.9939,0.8075368079007,87.14448105436574,player history,4844.5,0.3027246548516176,0.1290563576727776,6.53078721745908,0.0,,,4.0,37.0,3280.0,6.27,4.25524397,0.17204268292682925,0.11675974307926831,82.0,10.0,8.0,37.0,37.0,1.0,62.0,1.0,62.0,0.0,0.0,0.1836375664015244,-0.0207718609867338,5,12,0.852585347922589,1831.0,15.0,21.0,1.3863447699183449,11.0,1.0737940848414846,0,7.5
Raya,Raya (ARS),Arsenal,GK,6.0,38.1,154561,David Raya Martín,ARS,False,Raya,False,35.8,21.39,5.966666666666666,3.91,3.71,3.16,3.58,3.33,3.7,3.33,3.71,2.97,4.41,23.439999999999998,3.9066666666666663,4.48,3.61,3.7,3.94,3.64,4.07,2.049999999999997,,True,16.370999999999995,19.429000000000002,0.0,2.7016,6.51,0.8764945871803899,89.99076175040518,player history,5040.0,0.0036062129857819,0.0031372234571898,2.27681660899654,0.0,,,,37.0,3330.0,0.0,0.11668884,0.0,0.0031537524324324324,0.0,0.0,0.0,37.0,37.0,1.0,135.0,2.0,67.5,0.0,0.0,0.306541748174989,0.5456367033856973,2,1,1.7079738846388108,2064.0,2.5,101.0,0.7593381876414202,10.05,1.1953980873144028,0,6.0
Van Hecke,Van Hecke (TOT),Tottenham,DEF,5.0,10.0,469142,Jan Paul van Hecke,TOT,False,Van Hecke,False,35.19,20.650000000000002,7.037999999999999,3.12,3.95,3.41,3.76,3.68,2.73,4.33,2.86,4.01,3.35,20.68,4.136,3.36,3.93,3.28,3.97,3.55,2.59,0.029999999999997584,,True,16.220999999999997,7.785,11.184,3.2994999999999997,9.227,0.7806965919082465,89.06786941580756,player history,4689.5,0.1252427613584225,0.0447303645386131,9.73777115613826,0.0,,,,36.0,3210.0,3.3,1.89616978,0.09252336448598131,0.053163638691588785,23.0,3.0,3.0,36.0,36.0,1.0,90.0,1.0,90.0,0.0,0.0,-0.0511239337666682,-0.1320343685467415,15,17,0.4131043967098503,1777.0,41.0,17.0,1.5616840436848023,10.0,1.2135919166562028,0,5.0
Tavernier,Tavernier (BOU),Bournemouth,MID,6.0,2.1,201658,Marcus Tavernier,BOU,False,Tavernier,False,34.96,21.130000000000003,5.826666666666667,2.75,4.59,3.56,3.49,3.64,3.1,3.56,3.08,3.57,3.63,21.7,3.6166666666666667,3.21,4.13,3.65,4.07,3.53,3.11,0.5699999999999967,,True,31.853,1.759,1.348,3.8292,11.154399999999999,0.6958810294228089,85.506852248394,player history,3701.0,0.3919497745516833,0.1605587968284905,8.28491568914956,0.0,3.0,1.0,1.0,34.0,2732.0,9.1,4.55048762,0.29978038067349927,0.14990625395314788,70.0,7.0,4.0,31.0,34.0,0.9117647058823529,80.0,1.0,80.0,0.0,0.0,0.1506897455710198,-0.0576312175215828,6,14,-0.3357978660576632,1872.0,251.0,15.0,1.5252296038761777,10.0,1.1669618261656498,0,6.0
Collins,Collins (BRE),Brentford,DEF,5.5,2.0,432830,Nathan Collins,BRE,False,Collins,False,34.96,20.820000000000004,6.356363636363636,3.56,4.35,3.66,2.89,3.24,3.12,3.27,4.09,3.63,3.13,20.320000000000004,3.6945454545454552,3.67,3.41,4.15,3.23,2.99,2.87,-0.5,,True,17.646,9.370000000000001,7.944,3.527,9.497300000000001,0.7535733938435585,89.74867724867725,player history,4681.0,0.111915399438915,0.0367906680614434,10.538353832404136,0.0,,,,37.0,2971.0,2.2600000000000002,1.52405313,0.06846179737462134,0.04616788343991922,20.0,1.0,2.0,32.0,38.0,0.8421052631578947,90.0,1.0,90.0,0.0,0.4,0.1430094199147795,-0.010658247439459,7,9,-0.3895837925260162,1837.0,251.0,11.0,1.3527334738773589,13.0,0.9307068915414188,0,5.5
Schade,Schade (BRE),Brentford,MID,6.0,3.5,513418,Kevin Schade,BRE,False,Schade,False,34.62,20.91,5.77,3.62,4.33,3.33,3.13,3.43,3.07,3.49,4.01,3.37,2.85,21.99,3.6649999999999996,3.9,3.52,4.17,3.55,3.58,3.27,1.0799999999999983,,True,32.323,1.973,0.324,4.112699999999999,11.6124,0.5972640323955257,82.80636550308009,player history,3894.5,0.4136213827078083,0.0779724948752556,6.498995800620778,0.0,2.0,,,35.0,2744.0,12.16,2.1588366,0.3988338192419825,0.07080732288629737,57.0,8.0,5.0,32.0,35.0,0.9142857142857143,71.0,1.0,71.0,1.08,0.82,0.1430094199147795,-0.010658247439459,7,9,-0.3895837925260162,1837.0,251.0,11.0,1.3527334738773589,13.0,0.9307068915414188,0,6.0
Gibbs-White,Gibbs-White (NFO),Nott'm Forest,MID,8.0,9.8,222531,Morgan Gibbs-White,NFO,False,Gibbs-White,False,34.37,21.68,4.29625,3.54,3.87,3.7,3.22,4.14,3.21,2.83,3.67,3.14,3.05,28.139999999999997,3.5174999999999996,5.13,3.81,4.8,4.1,5.77,4.53,6.459999999999997,,True,31.868999999999996,2.314,0.187,3.3673,9.4108,0.8199558526271488,85.50996503496505,player history,4512.0,0.3606755639044452,0.115078620552123,5.523825132134225,0.0,2.0,1.0,,37.0,3101.0,10.83,2.92047783,0.3143179619477588,0.08476072386326991,80.0,15.0,4.0,35.0,37.0,0.9459459459459459,90.0,1.0,90.0,0.0,0.0,-0.0456385418439161,0.0051716257511739,13,6,-0.1703073359666486,1822.0,151.0,12.0,1.395107616469235,11.5,1.058773755013881,0,8.0
Andersen,Andersen (FUL),Fulham,DEF,5.0,0.1,174874,Joachim Andersen,FUL,False,Andersen,False,33.69,19.71,6.7379999999999995,2.87,4.52,3.32,2.67,2.87,3.46,4.26,3.41,2.9,3.4,15.37,3.074,0.0,3.21,3.51,2.39,2.78,3.48,-4.340000000000002,,True,16.133999999999997,10.05,7.506,3.4516999999999998,8.8821,0.7979672997960778,89.36653771760153,player history,4213.5,0.0905996520150957,0.0271443900459482,11.238510973157297,0.0,,,,34.0,2882.0,1.47,1.86842936,0.045905621096460784,0.05834789812630117,16.0,0.0,1.0,33.0,34.0,0.9705882352941176,75.0,1.0,75.0,0.0,0.0,-0.0437533840320386,-0.0184124304418098,12,10,-0.4710331570871442,1813.0,251.0,7.0,1.3248346722551338,12.0,1.0152557049594606,0,5.0
Cunha,Cunha (MUN),Man United,MID,8.0,9.7,430871,Matheus Santos Carneiro da Cunha,MUN,False,Cunha,False,33.18,20.97,4.1475,4.09,5.12,2.89,2.63,2.72,3.52,2.89,3.29,2.83,3.19,24.1,3.0125,3.23,4.98,3.87,3.74,4.01,4.27,3.1300000000000026,,True,30.572,1.916,0.6920000000000001,4.0511,11.307500000000001,0.5555274354325057,85.44851694915253,player history,3793.0,0.3924673540972958,0.1391039284748942,7.722197409557839,0.0,,,,34.0,2493.0,6.97,3.12517869,0.2516245487364621,0.11282233537906136,90.0,10.0,4.0,29.0,34.0,0.8529411764705882,90.0,2.0,45.0,0.0,0.0,0.2911586787820938,0.036515569746031,3,5,1.2388665527515443,1915.0,7.0,34.0,1.2712178238678356,12.0,1.0271008142253517,0,8.0
Senesi,Senesi (TOT),Tottenham,DEF,6.0,7.9,221466,Marcos Senesi Barón,TOT,False,Senesi,False,33.11,19.12,5.5183333333333335,3.11,2.75,3.39,3.59,3.58,2.7,4.08,2.82,3.79,3.29,17.18,2.8633333333333333,3.35,3.44,2.77,3.13,2.67,1.82,-1.9400000000000013,,True,15.204,6.705,11.201,3.4853,9.2364,0.6500623580655743,88.01334702258725,player history,3842.0,0.1649634282726228,0.0924213377891832,12.348331777881477,0.0,,,,37.0,3288.0,1.59,5.02766301,0.043521897810218986,0.13761851304744527,17.0,0.0,6.0,37.0,37.0,1.0,81.0,1.0,81.0,0.0,0.0,-0.0511239337666682,-0.1320343685467415,15,17,0.4131043967098503,1777.0,41.0,17.0,1.5616840436848023,10.0,1.2135919166562028,0,6.0
Milenković,Milenković (NFO),Nott'm Forest,DEF,5.5,1.9,227444,Nikola Milenković,NFO,False,Milenković,False,32.96,20.96,5.992727272727273,3.48,3.43,3.55,3.05,4.04,3.41,2.81,3.67,2.84,2.69,18.96,3.4472727272727273,3.6,2.39,3.21,2.69,4.06,3.01,-2.0,,True,16.506999999999998,11.056000000000001,5.397,3.0594,8.411800000000001,0.8714456138158547,89.76715686274511,player history,5040.0,0.0711445177725118,0.0149545893929203,9.143008547008549,0.0,,,,38.0,3375.0,0.8300000000000001,0.7075695000000001,0.022133333333333335,0.018868520000000003,16.0,0.0,1.0,37.0,38.0,0.9736842105263158,90.0,1.0,90.0,0.0,0.0,-0.0456385418439161,0.0051716257511739,13,6,-0.1703073359666486,1822.0,151.0,12.0,1.395107616469235,11.5,1.058773755013881,0,5.5
Mukiele,Mukiele (SUN),Sunderland,DEF,5.5,2.7,200834,Nordi Mukiele,SUN,False,Mukiele,False,32.56,19.37,5.920000000000001,3.76,4.11,3.0,2.77,2.29,3.44,2.84,3.51,3.65,3.19,16.72,3.0399999999999996,0.9,3.86,3.14,2.75,2.42,3.65,-2.650000000000002,,True,16.094,8.98,7.486,3.2811999999999997,8.8808,0.7176089263790625,89.14850136239782,player history,2784.0,0.1294289669821525,0.0778866583643358,9.740386695511086,0.0,,,,33.0,2784.0,1.59,2.4969363799999997,0.05140086206896552,0.0807199260775862,26.0,3.0,5.0,32.0,33.0,0.9696969696969697,45.0,2.0,45.0,0.0,0.0,-0.1595957595248902,0.0430015486157864,17,4,-1.090859547158444,1736.0,1001.0,5.0,1.3598200174861137,13.0,0.9373583103653522,0,5.5
Enzo,Enzo (CHE),Chelsea,MID,7.0,4.8,448047,Enzo Fernández,CHE,False,Enzo,False,32.44,19.509999999999998,4.634285714285714,3.05,2.61,2.46,4.76,3.05,3.58,2.98,3.7,3.23,3.04,24.369999999999997,3.481428571428571,3.8,4.2,2.99,5.1,3.81,4.47,4.859999999999999,,True,30.031,1.701,0.708,4.0076,10.899000000000001,0.6371984527075455,87.77195767195768,player history,4587.0,0.4459041263466344,0.207984432649081,7.200587803085966,0.0,2.0,2.0,3.0,36.0,3114.0,11.31,7.5701218,0.326878612716763,0.2187896473988439,67.0,10.0,5.0,35.0,36.0,0.9722222222222222,28.0,1.0,28.0,0.0,0.0,0.1836375664015244,-0.0207718609867338,5,12,0.852585347922589,1831.0,15.0,21.0,1.3863447699183449,11.0,1.0737940848414846,0,7.0
Calvert-Lewin,Calvert-Lewin (LEE),Leeds,FWD,6.0,29.5,177815,Dominic Calvert-Lewin,LEE,False,Calvert-Lewin,False,32.43,19.549999999999997,5.405,3.03,4.23,2.96,3.59,3.24,2.5,3.31,2.98,3.06,3.53,22.09,3.6816666666666666,3.55,3.99,3.46,4.08,4.17,2.84,2.5400000000000027,,True,32.426,0.0,0.004,3.5220999999999996,10.03,0.647975133782156,84.97874720357942,player history,3527.5,0.4151625342958839,0.0411953271962165,3.625327631397434,0.1007795889440113,1.0,,,35.0,2721.0,15.42,1.10133289,0.5100330760749724,0.03642776923925027,67.0,14.0,2.0,30.0,35.0,0.8571428571428571,217.0,4.0,54.25,0.0,0.0,-0.0142035236369779,-0.0754441195474228,11,15,-1.013737187036834,1797.0,1001.0,7.5,1.5188598248684002,12.5,0.9692268750094524,0,6.0
Muñoz,Muñoz (CRY),Crystal Palace,DEF,5.5,8.8,247348,Daniel Muñoz Mejía,CRY,False,Muñoz,False,32.28,19.07,5.869090909090909,3.13,2.02,3.11,4.26,3.1,3.45,2.97,3.75,3.29,3.19,12.5,2.272727272727273,1.25,1.82,2.07,2.85,2.06,2.45,-6.57,,True,19.988,10.475,1.817,3.436,9.5343,0.7739629216041196,88.60663983903422,player history,4016.5,0.226550661258133,0.1240793990877657,6.793338461538461,0.0,,,,29.0,2400.0,2.392,3.9679554,0.08969999999999999,0.1487983275,27.0,4.0,4.0,29.0,29.0,1.0,43.0,1.0,43.0,0.0,0.44,-0.1171465215222359,0.0042638165422642,16,7,-0.2542419079126018,1804.0,151.0,7.5,1.3534243888033963,11.5,1.066056186213018,0,5.5
Calafiori,Calafiori (ARS),Arsenal,DEF,5.5,41.3,466075,Riccardo Calafiori,ARS,False,Calafiori,False,31.93,19.64,5.805454545454546,3.34,4.76,2.83,2.86,2.68,3.17,2.79,3.02,2.55,3.94,19.65,3.5727272727272723,4.63,2.94,3.0,3.19,2.78,3.11,0.00999999999999801,,True,19.285,10.509,2.136,4.056,11.274799999999999,0.3353329349781997,81.51595744680851,player history,2189.0,0.1864021412361982,0.0488365549885098,7.9099869675560734,0.0,,,,28.0,1697.0,3.33,0.75615205,0.17660577489687684,0.04010234796700059,32.0,1.0,2.0,22.0,28.0,0.7857142857142857,273.0,5.0,54.6,0.4,0.02,0.306541748174989,0.5456367033856973,2,1,1.7079738846388108,2064.0,2.5,101.0,0.7593381876414202,10.05,1.1953980873144028,0,5.5
João Pedro,João Pedro (CHE),Chelsea,FWD,7.5,66.3,475168,João Pedro Junqueira de Jesus,CHE,False,João Pedro,False,31.89,19.97,4.252,2.79,4.62,2.19,4.33,2.81,3.23,2.65,3.44,3.09,2.73,26.46,3.528,4.14,4.6,3.22,5.57,4.11,4.82,6.490000000000002,,True,31.884,0.0,0.006,3.9364,11.4845,0.5095290520525664,82.6456102783726,player history,3634.5,0.5112069832951335,0.0849185194078803,3.9960574486060265,0.0,,,,35.0,2658.0,15.0566,1.94352908,0.5098171557562077,0.06580798239277652,59.0,15.0,9.0,31.0,35.0,0.8857142857142857,241.0,4.0,80.33333333333333,0.0,0.0,0.1836375664015244,-0.0207718609867338,5,12,0.852585347922589,1831.0,15.0,21.0,1.3863447699183449,11.0,1.0737940848414846,0,7.5
Murillo,Murillo (NFO),Nott'm Forest,DEF,5.5,1.7,575476,Murillo Costa dos Santos,NFO,False,Murillo,False,31.82,20.23,5.785454545454545,3.36,3.54,3.42,2.95,3.75,3.21,2.76,3.49,2.69,2.66,20.19,3.6709090909090913,3.83,2.59,3.41,2.89,4.27,3.2,-0.03999999999999915,,True,14.840000000000003,9.863999999999999,7.1160000000000005,3.0521000000000003,8.358,0.8030556210362084,88.80620985010707,player history,3725.5,0.0644844193477769,0.0320220383712578,10.626899488926746,0.0,,3.0,,25.0,2130.0,0.73,0.46422994,0.03084507042253521,0.01961534957746479,10.0,1.0,0.0,25.0,26.0,0.9615384615384616,90.0,1.0,90.0,0.0,0.0,-0.0456385418439161,0.0051716257511739,13,6,-0.1703073359666486,1822.0,151.0,12.0,1.395107616469235,11.5,1.058773755013881,0,5.5
Ballard,Ballard (SUN),Sunderland,DEF,5.0,5.3,223827,Daniel Ballard,SUN,False,Ballard,False,31.69,19.130000000000003,6.338,3.62,4.24,2.91,2.71,2.3,3.35,2.78,3.35,3.41,3.02,20.34,4.068,4.18,3.95,3.24,2.84,2.49,3.64,1.2099999999999973,,True,14.72,8.082,8.888,3.2587,8.4656,0.5571468438541352,88.07761732851986,player history,2144.0,0.1223265678168059,0.0489681261665389,11.31520781567653,0.0,,,,29.0,2144.0,2.4,0.56691883,0.10074626865671642,0.023797898647388058,26.0,2.0,2.0,24.0,29.0,0.8275862068965517,45.0,1.0,45.0,0.0,0.0,-0.1595957595248902,0.0430015486157864,17,4,-1.090859547158444,1736.0,1001.0,5.0,1.3598200174861137,13.0,0.9373583103653522,0,5.0
van Ewijk,van Ewijk (COV),Coventry,DEF,4.0,13.3,451284,Milan van Ewijk,COV,False,van Ewijk,True,31.66,18.71,7.915,2.31,4.48,2.27,3.26,2.92,3.47,3.1,3.33,3.59,2.94,15.53,3.8825,1.68,3.98,1.72,2.81,2.41,2.93,-3.1800000000000015,,True,14.703999999999999,7.905,9.051,3.1129000000000002,8.358,0.8388763424723658,87.5,positional fallback,0.0,0.0780161196265875,0.0391938534500658,8.421520428158146,0.0,,,,,,,,,,,,,,,,90.0,1.0,90.0,0.0,0.0,-0.2513420068722135,-0.260770580087077,18,18,-1.3315882955947056,1661.0,1001.0,1.85,1.757725872128414,13.0,0.9031690971170778,1,4.0
Konsa,Konsa (ARS),Arsenal,DEF,4.5,11.4,199798,Ezri Konsa Ngoyo,ARS,False,Konsa,False,31.37,18.48,6.971111111111111,3.58,2.7,2.89,3.11,2.88,3.32,2.92,3.27,2.67,4.02,,,,,,,,,,,False,16.547,14.527000000000001,0.29600000000000004,3.2765999999999997,7.847499999999999,0.7093130141503345,89.29533213644524,player history,4503.5,0.0611203231573872,0.0174052176283999,6.6372979745249525,0.0,,,,36.0,3035.0,1.25,0.6489087299999999,0.03706754530477759,0.019242762998352553,11.0,0.0,1.0,34.0,36.0,0.9444444444444444,,,,,,0.306541748174989,0.5456367033856973,2,1,1.7079738846388108,2064.0,2.5,101.0,0.7593381876414202,10.05,1.1953980873144028,0,
Donnarumma,Donnarumma (MCI),Man City,GK,5.5,8.3,204936,Gianluigi Donnarumma,MCI,False,Donnarumma,False,31.33,18.52,5.696363636363636,2.85,3.62,3.53,2.41,3.51,2.6,3.71,2.89,3.26,2.96,20.680000000000003,3.7600000000000007,3.66,3.37,4.02,2.93,3.85,2.85,2.1600000000000037,,True,15.773999999999997,15.556000000000001,0.0,2.759,6.51,0.8150498495352032,89.98564231738035,player history,3060.0,0.0062069866044776,0.0016647764570289,1.436567164179105,0.0,,,,34.0,3060.0,0.0,0.15192463,0.0,0.0044683714705882355,0.0,0.0,0.0,34.0,34.0,1.0,270.0,3.0,90.0,0.0,0.0,0.3979137564561784,0.3023979198869594,1,2,1.5720974480619654,1971.0,3.5,67.0,1.0050081070657415,12.3,0.9984810217456443,0,5.5
Ampadu,Ampadu (LEE),Leeds,MID,5.5,1.4,199598,Ethan Ampadu,LEE,False,Ampadu,False,31.16,18.830000000000002,5.665454545454545,3.01,3.63,3.0,3.31,3.18,2.7,3.06,3.01,2.98,3.28,19.28,3.505454545454546,3.18,3.49,3.03,3.41,3.43,2.74,0.4499999999999993,,True,21.723,2.021,7.4159999999999995,2.6431999999999998,8.575,0.8739447804944733,88.27199017199017,player history,3119.0,0.148091688089512,0.0580314330933222,11.607222924224512,0.0,,,,35.0,3119.0,2.49,2.1197355300000003,0.07184995190766272,0.06116582164155178,23.0,1.0,4.0,35.0,35.0,1.0,271.0,4.0,67.75,0.0,0.0,-0.0142035236369779,-0.0754441195474228,11,15,-1.013737187036834,1797.0,1001.0,7.5,1.5188598248684002,12.5,0.9692268750094524,0,5.5
Groß,Groß (BHA),Brighton,MID,5.5,13.3,60307,Pascal Groß,BHA,False,Groß,False,31.11,18.8,5.656363636363636,3.2,3.24,3.2,3.29,2.81,3.06,3.33,3.01,2.7,3.26,22.470000000000002,4.085454545454546,3.98,3.34,4.25,4.0,3.21,3.69,3.6700000000000017,,True,28.688999999999997,2.379,0.042,3.3409999999999997,9.2476,0.7009969289465413,88.2139240506329,player history,1636.0,0.2827430302996043,0.2061955651191478,4.5852176370830975,0.1,1.0,1.0,1.0,19.0,1636.0,1.4268,3.76745296,0.0784914425427873,0.2072559696821516,16.0,1.0,6.0,18.0,19.0,0.9473684210526315,175.0,2.0,87.5,0.0,0.0,0.0842682216689143,0.0973748541570488,9,3,0.0297333718288103,1842.0,101.0,15.0,1.3234673027835793,10.8,1.130590346257485,0,5.5
Bassey,Bassey (FUL),Fulham,DEF,4.5,0.8,232892,Calvin Bassey,FUL,False,Bassey,False,30.92,17.87,6.871111111111111,2.66,3.96,3.09,2.36,2.57,3.23,4.02,3.16,2.65,3.22,16.46,3.657777777777778,2.56,2.93,3.26,2.02,2.5,3.19,-1.4100000000000001,,True,15.895,10.719,4.306,3.0672,8.411800000000001,0.8442052783717285,89.7189349112426,player history,4069.0,0.0655665337202963,0.0219585777302595,8.854274383078732,0.0,,,,30.0,2532.0,1.7,0.3489067,0.06042654028436019,0.01240189691943128,13.0,1.0,1.0,28.0,32.0,0.875,180.0,2.0,90.0,0.0,0.0,-0.0437533840320386,-0.0184124304418098,12,10,-0.4710331570871442,1813.0,251.0,7.0,1.3248346722551338,12.0,1.0152557049594606,0,4.5
Muharemović,Muharemović (LEE),Leeds,DEF,5.0,3.4,522047,Tarik Muharemović,LEE,False,Muharemović,True,30.88,18.68,6.176,3.08,3.48,2.98,3.48,3.48,2.18,2.87,3.08,2.64,3.62,19.34,3.868,3.13,3.63,2.96,3.65,3.74,2.23,0.6600000000000001,,True,16.647,8.739,5.494000000000001,3.5543,8.4656,0.7070310116558413,87.5,positional fallback,0.0,0.1092948469717025,0.054907706709325,8.421520428158146,0.0,,,,,,,,,,,,,,,,290.0,4.0,72.5,0.0,0.0,-0.0142035236369779,-0.0754441195474228,11,15,-1.013737187036834,1797.0,1001.0,7.5,1.5188598248684002,12.5,0.9692268750094524,0,5.0
Mykolenko,Mykolenko (EVE),Everton,DEF,4.5,1.6,224967,Vitalii Mykolenko,EVE,False,Mykolenko,False,30.45,19.099999999999998,6.766666666666667,3.27,3.17,2.43,2.87,3.69,3.67,2.8,2.05,2.81,3.67,18.09,4.02,3.35,2.62,2.52,2.38,3.69,3.53,-1.009999999999998,,True,16.368999999999996,11.659,2.4219999999999997,2.8893999999999997,8.1118,0.8731836685148877,89.52872531418313,player history,4501.0,0.0827358017452568,0.0698408160679533,7.622265408106608,0.0,,,,34.0,2959.0,0.26,2.41586281,0.007908077053058465,0.0734801125042244,9.0,0.0,1.0,33.0,34.0,0.9705882352941176,74.0,1.0,74.0,0.0,0.05,-0.0485965292955978,-0.0016800106760029,14,8,-0.3604498186276618,1803.0,251.0,13.0,1.3469411290581967,14.0,0.8592747333873535,0,4.5
Rodon,Rodon (LEE),Leeds,DEF,4.5,3.6,214225,Joe Rodon,LEE,False,Rodon,False,30.43,18.479999999999997,6.762222222222222,3.03,3.41,2.96,3.41,3.43,2.24,2.84,3.09,2.57,3.45,18.509999999999998,4.113333333333333,3.01,3.47,2.84,3.48,3.56,2.15,0.030000000000001137,,True,14.948999999999998,8.457,7.024,3.0258,8.358,0.7574997578274706,89.5159151193634,player history,2952.0,0.0659900497688752,0.0256333183932344,9.277080123266565,0.0,,,,35.0,2952.0,1.4,0.57585956,0.042682926829268296,0.017556693902439028,18.0,2.0,0.0,33.0,35.0,0.9428571428571428,285.0,4.0,71.25,0.0,0.0,-0.0142035236369779,-0.0754441195474228,11,15,-1.013737187036834,1797.0,1001.0,7.5,1.5188598248684002,12.5,0.9692268750094524,0,4.5
Evanilson,Evanilson (BOU),Bournemouth,FWD,6.0,2.7,444102,Francisco Evanilson de Lima Barbosa,BOU,False,Evanilson,False,30.41,18.52,5.068333333333333,2.43,4.11,3.09,3.02,3.14,2.73,3.01,2.65,3.14,3.1,20.19,3.365,2.95,3.72,3.38,3.76,3.33,3.05,1.6700000000000017,,True,30.405,0.0,0.005,3.4834000000000005,10.582699999999999,0.7092829055432771,82.48591549295774,player history,3908.5,0.4314680797751127,0.0623770278490495,4.465664549732717,0.0,,,,36.0,2741.0,10.59,1.4818488,0.34771981028821597,0.04865610798978475,70.0,6.0,7.0,32.0,36.0,0.8888888888888888,61.0,2.0,61.0,0.0,0.0,0.1506897455710198,-0.0576312175215828,6,14,-0.3357978660576632,1872.0,251.0,15.0,1.5252296038761777,10.0,1.1669618261656498,0,6.0
Keane,Keane (EVE),Everton,DEF,5.0,1.5,106611,Michael Keane,EVE,False,Keane,False,30.39,18.71,6.078,3.25,2.41,2.6,3.02,3.74,3.69,2.91,2.16,2.96,3.66,7.59,1.518,1.49,1.02,1.03,1.01,1.5,1.54,-11.120000000000001,,True,14.809999999999999,9.117,6.463,3.3453000000000004,8.7194,0.656844395712588,88.7997512437811,player history,3111.0,0.0935174988601544,0.0102594314174429,11.32060434281322,0.0,,,,34.0,2588.0,2.34,0.50694892,0.08137557959814527,0.017629599227202475,26.0,3.0,1.0,29.0,34.0,0.8529411764705882,154.0,2.0,77.0,0.05,0.01,-0.0485965292955978,-0.0016800106760029,14,8,-0.3604498186276618,1803.0,251.0,13.0,1.3469411290581967,14.0,0.8592747333873535,0,5.0
M.Sangaré,M.Sangaré (BRE),Brentford,MID,5.6,6.8,513545,Mamadou Sangaré,BRE,False,M.Sangaré,True,30.38,18.11,5.425,3.16,3.48,2.97,2.73,3.01,2.76,3.05,3.54,3.02,2.66,20.369999999999997,3.6374999999999997,3.57,3.31,3.7,3.37,3.24,3.18,2.259999999999998,,True,26.403,2.2,1.7770000000000001,3.6551,9.4476,0.7380219620972498,83.1,positional fallback,0.0,0.2290683366041628,0.10719119226608,8.189865176177413,0.0,,,,,,,,,,,,,,,,71.0,1.0,71.0,0.11,0.09,0.1430094199147795,-0.010658247439459,7,9,-0.3895837925260162,1837.0,251.0,11.0,1.3527334738773589,13.0,0.9307068915414188,0,5.5
N.Williams,N.Williams (NFO),Nott'm Forest,DEF,5.0,9.4,215136,Neco Williams,NFO,False,N.Williams,False,30.37,19.36,6.074,3.12,3.34,3.34,2.78,3.76,3.02,2.51,3.38,2.63,2.5,20.3,4.0600000000000005,3.92,2.45,3.44,2.82,4.48,3.19,0.9400000000000013,,True,17.611,9.763,2.996,3.1994,8.8295,0.7096211056251934,89.27839851024208,player history,4498.0,0.1483205143158018,0.090057278912897,7.956693602961665,0.0,,2.0,1.0,37.0,3203.0,1.9600000000000002,3.70696048,0.055073368716827976,0.10416061292538245,42.0,2.0,3.0,36.0,37.0,0.972972972972973,90.0,1.0,90.0,0.0,0.0,-0.0456385418439161,0.0051716257511739,13,6,-0.1703073359666486,1822.0,151.0,12.0,1.395107616469235,11.5,1.058773755013881,0,5.0
E.Le Fée,E.Le Fée (SUN),Sunderland,MID,6.0,9.2,484420,Enzo Le Fée,SUN,False,E.Le Fée,False,30.21,18.22,5.035,3.2,4.03,2.88,2.64,2.51,2.96,2.83,3.1,3.08,2.96,23.15,3.858333333333333,4.38,4.33,3.79,3.34,3.24,4.07,4.93,,True,24.19,2.142,3.878,2.6405000000000003,8.4656,0.7502057057599717,86.76149870801034,player history,2930.0,0.2605197339422663,0.1843519725249231,9.635932787591557,0.0,2.0,2.0,1.0,36.0,2930.0,5.19,6.41073496,0.15941979522184302,0.19691677351535836,36.0,5.0,6.0,33.0,36.0,0.9166666666666666,45.0,2.0,45.0,0.0,0.0,-0.1595957595248902,0.0430015486157864,17,4,-1.090859547158444,1736.0,1001.0,5.0,1.3598200174861137,13.0,0.9373583103653522,0,6.0
Garner,Garner (EVE),Everton,MID,6.0,0.1,232928,James Garner,EVE,False,Garner,False,30.17,18.56,5.028333333333333,2.88,3.61,2.78,2.9,3.17,3.22,2.95,2.54,2.89,3.23,18.459999999999997,3.076666666666666,0.38,3.45,3.34,3.36,4.03,3.9,-0.10000000000000142,,True,20.986000000000004,2.179,7.005,2.8293,8.492500000000001,0.8264582890431815,88.45673624288425,player history,4210.0,0.1993872204134286,0.1389659587237988,11.703959986461584,0.0,3.0,1.0,1.0,38.0,3413.0,2.03,5.96926489,0.05353061822443597,0.1574080984764137,45.0,2.0,7.0,38.0,38.0,1.0,,,,,,-0.0485965292955978,-0.0016800106760029,14,8,-0.3604498186276618,1803.0,251.0,13.0,1.3469411290581967,14.0,0.8592747333873535,0,6.0
Cherki,Cherki (MCI),Man City,MID,7.5,9.9,466052,Rayan Cherki,MCI,False,Cherki,False,30.17,18.93,4.022666666666667,2.89,4.74,3.26,2.53,2.9,2.61,3.45,2.6,2.7,2.47,13.989999999999998,1.865333333333333,1.91,2.34,2.86,2.04,2.74,2.1,-4.940000000000001,,True,28.191,1.664,0.315,4.1076999999999995,11.180299999999999,0.225615526492749,81.73594470046083,player history,1772.0,0.580244705859375,0.3906358773655,7.132547669491525,0.0,,1.0,1.0,33.0,1772.0,4.15,8.603993710000001,0.21077878103837472,0.43699742319413093,52.0,4.0,13.0,19.0,34.0,0.5588235294117647,30.0,1.0,30.0,0.02,0.44,0.3979137564561784,0.3023979198869594,1,2,1.5720974480619654,1971.0,3.5,67.0,1.0050081070657415,12.3,0.9984810217456443,0,7.5
Richards,Richards (CRY),Crystal Palace,DEF,5.0,0.7,427623,Chris Richards,CRY,False,Richards,False,30.09,18.51,6.018,2.95,3.19,2.82,3.64,2.82,3.09,2.66,3.27,2.86,2.79,19.380000000000003,3.8760000000000003,3.16,2.72,3.04,4.02,3.05,3.39,0.870000000000001,,True,14.46,8.801,6.829,3.2872,8.514500000000002,0.7645270385538422,89.30614406779661,player history,3787.0,0.1130371114896093,0.0291191982409278,10.232689655172411,0.0,,,,33.0,2825.0,2.36,1.36936665,0.0751858407079646,0.04362584017699115,14.0,1.0,0.0,31.0,34.0,0.9117647058823529,90.0,1.0,90.0,0.0,0.01,-0.1171465215222359,0.0042638165422642,16,7,-0.2542419079126018,1804.0,151.0,7.5,1.3534243888033963,11.5,1.066056186213018,0,5.0
Wirtz,Wirtz (LIV),Liverpool,MID,7.5,11.9,494595,Florian Wirtz,LIV,False,Wirtz,False,30.09,19.299999999999997,4.012,3.16,4.37,3.33,3.07,2.81,2.56,2.74,2.89,2.41,2.74,25.12,3.3493333333333335,3.97,4.5,4.35,4.53,3.97,3.8,5.820000000000004,,True,28.07,1.631,0.389,3.6722,10.078,0.5601952785445357,82.31406727828747,player history,2374.0,0.4257468992804639,0.1982263500073251,6.913759188321772,0.0,4.0,2.0,3.0,33.0,2374.0,6.88,5.01774381,0.2608256107834878,0.19022617645324347,51.0,5.0,4.0,27.0,33.0,0.8181818181818182,177.0,3.0,59.0,0.0,0.0,0.2217904378795187,-0.0207728027571259,4,13,1.3549493323437265,1911.0,6.0,51.0,1.4367612878896527,9.9,1.2427165780373892,0,7.5
Foden,Foden (MCI),Man City,MID,7.0,4.2,209244,Phil Foden,MCI,False,Foden,False,30.0,18.790000000000003,4.285714285714286,2.86,4.71,3.25,2.47,2.93,2.57,3.45,2.58,2.67,2.51,21.84,3.12,4.34,3.51,4.22,2.94,3.93,2.9,3.049999999999997,,True,27.643,1.927,0.43,4.1176,11.1776,0.3663343887432565,84.00994623655913,player history,2967.5,0.4640032083757588,0.2256867698969924,7.159921141134175,0.0,,3.0,3.0,35.0,2078.0,6.03,4.85065922,0.2611645813282002,0.21008629923002886,54.0,7.0,5.0,23.0,36.0,0.6388888888888888,218.0,3.0,72.66666666666667,0.1,0.03,0.3979137564561784,0.3023979198869594,1,2,1.5720974480619654,1971.0,3.5,67.0,1.0050081070657415,12.3,0.9984810217456443,0,7.0
Dewsbury-Hall,Dewsbury-Hall (EVE),Everton,MID,6.5,4.3,215413,Kiernan Dewsbury-Hall,EVE,False,Dewsbury-Hall,False,29.86,18.56,4.593846153846154,2.82,3.54,2.7,2.82,3.34,3.34,2.9,2.21,2.82,3.38,25.5,3.923076923076923,4.6,3.87,3.83,3.65,4.93,4.62,6.940000000000001,,True,26.298,2.221,1.341,3.1893000000000002,9.3372,0.6323185559110427,87.53323863636362,player history,2758.5,0.316588657002658,0.1567918395315706,7.941051035397811,0.0,,,2.0,31.0,2629.0,4.32,5.36310801,0.1478889311525295,0.18359822019779384,39.0,8.0,7.0,30.0,31.0,0.967741935483871,154.0,2.0,77.0,0.54,0.08,-0.0485965292955978,-0.0016800106760029,14,8,-0.3604498186276618,1803.0,251.0,13.0,1.3469411290581967,14.0,0.8592747333873535,0,6.5
Mitchell,Mitchell (CRY),Crystal Palace,DEF,4.5,5.8,244723,Tyrick Mitchell,CRY,False,Mitchell,False,29.84,18.17,6.631111111111111,2.89,2.77,2.86,3.72,2.81,3.12,2.61,3.31,2.9,2.84,18.43,4.095555555555555,2.9,2.47,2.89,4.01,2.83,3.33,0.259999999999998,,True,16.546999999999997,9.833,3.46,3.0289,8.4656,0.8024599264163549,87.54258943781943,player history,4804.0,0.1233809572891433,0.0859921269288468,7.995763809822935,0.0,,,,38.0,3253.0,1.6,2.53814828,0.044266830617891176,0.07022236249615739,19.0,1.0,3.0,36.0,38.0,0.9473684210526315,180.0,3.0,60.0,0.08,0.49,-0.1171465215222359,0.0042638165422642,16,7,-0.2542419079126018,1804.0,151.0,7.5,1.3534243888033963,11.5,1.066056186213018,0,4.5
Thomas,Thomas (COV),Coventry,DEF,4.0,8.0,461102,Bobby Thomas,COV,False,Thomas,True,29.82,17.689999999999998,7.455,2.22,4.26,2.1,3.09,2.78,3.24,2.92,3.1,3.4,2.71,15.98,3.995,1.9,3.9,1.91,2.84,2.5,2.93,-1.7099999999999973,,True,13.978,7.46,8.382,3.1004,8.358,0.7889169308516427,87.5,positional fallback,0.0,0.0780161196265875,0.0391938534500658,8.421520428158146,0.0,,,,,,,,,,,,,,,,,,,,,-0.2513420068722135,-0.260770580087077,18,18,-1.3315882955947056,1661.0,1001.0,1.85,1.757725872128414,13.0,0.9031690971170778,1,4.0
Isak,Isak (LIV),Liverpool,FWD,9.0,16.7,219168,Alexander Isak,LIV,False,Isak,False,29.77,19.39,3.307777777777778,3.13,4.72,3.29,2.94,2.77,2.54,2.65,2.78,2.3,2.65,31.44,3.4933333333333336,4.94,5.67,5.46,5.72,4.94,4.71,12.05,,True,29.759999999999998,0.0,0.01,3.8244999999999996,11.2908,0.4843928135380287,81.16329966329967,player history,2078.5,0.5448900065567117,0.0785458382331189,4.179677163270707,0.0,2.0,,,15.0,694.0,2.59,0.10417487,0.335878962536023,0.013509709365994237,17.0,3.0,1.0,8.0,16.0,0.5,188.0,3.0,62.666666666666664,0.0,0.0,0.2217904378795187,-0.0207728027571259,4,13,1.3549493323437265,1911.0,6.0,51.0,1.4367612878896527,9.9,1.2427165780373892,0,9.0
Rayan,Rayan (BOU),Bournemouth,MID,6.5,2.8,499604,Rayan Vitor Simplício Rocha,BOU,False,Rayan,False,29.6,17.89,4.553846153846154,2.37,3.82,3.05,2.96,3.03,2.66,2.97,2.57,3.07,3.09,22.210000000000004,3.4169230769230774,3.25,4.23,3.73,4.19,3.62,3.19,4.320000000000004,,True,27.459,1.692,0.449,3.5892000000000004,9.2476,0.650644764315083,82.28181818181818,player history,1110.0,0.3469330288538682,0.1213773140192707,7.100286532951289,0.0,,,,15.0,1110.0,2.91,1.6985536700000001,0.23594594594594595,0.13772056783783784,28.0,5.0,2.0,13.0,15.0,0.8666666666666667,61.0,1.0,61.0,0.0,0.0,0.1506897455710198,-0.0576312175215828,6,14,-0.3357978660576632,1872.0,251.0,15.0,1.5252296038761777,10.0,1.1669618261656498,0,6.5
Aina,Aina (NFO),Nott'm Forest,DEF,4.5,3.6,159506,Ola Aina,NFO,False,Aina,False,29.57,18.76,6.571111111111112,3.14,3.19,3.2,2.66,3.61,2.96,2.5,3.37,2.49,2.45,18.54,4.12,3.59,2.21,3.15,2.58,4.1,2.91,-0.22000000000000242,,True,16.012,10.337,3.221,2.9668,8.311800000000002,0.8147366572123917,88.06592039800996,player history,3088.5,0.0813002090544624,0.0530952354772721,8.224353682381055,0.0,,,,18.0,1587.0,0.41000000000000003,0.82195307,0.023251417769376184,0.04661359565217391,12.0,0.0,2.0,18.0,18.0,1.0,90.0,1.0,90.0,0.0,0.0,-0.0456385418439161,0.0051716257511739,13,6,-0.1703073359666486,1822.0,151.0,12.0,1.395107616469235,11.5,1.058773755013881,0,4.5
Iwobi,Iwobi (FUL),Fulham,MID,5.5,1.0,153133,Alex Iwobi,FUL,False,Iwobi,False,29.4,17.119999999999997,5.345454545454545,2.78,3.23,2.85,2.61,2.74,2.91,3.63,2.94,2.63,3.07,24.68,4.487272727272727,4.08,4.06,4.67,3.52,3.95,4.4,7.560000000000002,,True,26.231,2.394,0.775,2.8701,8.7837,0.8321057610667324,84.58915187376725,player history,3917.0,0.2701057878747634,0.173143136401429,7.1853360488798375,0.0,3.0,1.0,1.0,29.0,2420.0,1.94,4.1760575,0.07214876033057852,0.155307923553719,38.0,4.0,3.0,29.0,29.0,1.0,151.0,3.0,75.5,0.0,0.0,-0.0437533840320386,-0.0184124304418098,12,10,-0.4710331570871442,1813.0,251.0,7.0,1.3248346722551338,12.0,1.0152557049594606,0,5.5
Kayode,Kayode (BRE),Brentford,DEF,4.5,6.2,607464,Michael Kayode,BRE,False,Kayode,False,29.15,17.24,6.477777777777778,3.06,3.4,3.13,2.38,2.68,2.59,2.7,3.66,3.04,2.51,17.360000000000003,3.8577777777777786,3.08,2.83,3.72,2.7,2.59,2.44,0.12000000000000455,,True,17.105,9.831,2.214,3.0496,8.4745,0.766682206021743,87.34682713347921,player history,3522.0,0.1106668014367185,0.0858425695372161,7.2684897671136195,0.0,,,,37.0,3258.0,1.18,2.69861855,0.032596685082872924,0.07454747375690607,9.0,1.0,2.0,37.0,37.0,1.0,62.0,1.0,62.0,0.14,0.03,0.1430094199147795,-0.010658247439459,7,9,-0.3895837925260162,1837.0,251.0,11.0,1.3527334738773589,13.0,0.9307068915414188,0,4.5
Xhaka,Xhaka (SUN),Sunderland,MID,5.5,4.6,84450,Granit Xhaka,SUN,False,Xhaka,False,29.1,17.400000000000002,5.290909090909091,3.11,3.39,2.8,2.66,2.58,2.86,2.79,2.98,2.99,2.95,18.61,3.3836363636363633,3.44,3.38,3.07,2.77,2.73,3.22,1.2099999999999973,,True,20.919000000000004,2.116,6.0649999999999995,2.4408000000000003,7.619400000000001,0.7789805014447327,88.0814323607427,player history,2901.0,0.164313561781197,0.1128930110119205,10.898422219324551,0.0,,1.0,2.0,34.0,2901.0,1.0,3.84343193,0.031023784901758014,0.11923780548086867,21.0,1.0,6.0,32.0,34.0,0.9411764705882353,,,,,,-0.1595957595248902,0.0430015486157864,17,4,-1.090859547158444,1736.0,1001.0,5.0,1.3598200174861137,13.0,0.9373583103653522,0,5.5
Branthwaite,Branthwaite (EVE),Everton,DEF,5.5,1.8,480455,Jarrad Branthwaite,EVE,False,Branthwaite,False,28.92,18.42,5.258181818181819,2.97,3.53,2.39,2.71,3.46,3.36,2.58,1.94,2.61,3.35,21.279999999999998,3.8690909090909087,3.85,3.15,2.99,2.92,4.24,4.13,2.859999999999996,,True,15.110000000000003,9.845,3.965,3.1249,8.4194,0.6708231162305646,88.64232209737827,player history,1933.0,0.0712224129751709,0.0219432067701924,9.226390008058017,0.0,,,,10.0,678.0,0.33999999999999997,0.11850949999999999,0.04513274336283186,0.015731349557522124,6.0,1.0,1.0,7.0,10.0,0.7,170.0,2.0,85.0,0.0,0.0,-0.0485965292955978,-0.0016800106760029,14,8,-0.3604498186276618,1803.0,251.0,13.0,1.3469411290581967,14.0,0.8592747333873535,0,5.5
O.Dango,O.Dango (BRE),Brentford,MID,6.5,1.2,533463,Dango Ouattara,BRE,False,O.Dango,False,28.72,17.59,4.418461538461538,2.93,4.24,2.72,2.52,2.78,2.4,2.76,3.32,2.74,2.3,23.84,3.667692307692308,4.23,3.83,4.5,3.87,3.85,3.56,6.25,,True,26.573,1.546,0.601,3.8018,10.3357,0.5075139393938928,84.09626865671642,player history,3274.0,0.453936282164884,0.1387325889780802,7.486691401839005,0.0,,,2.0,32.0,2271.0,7.69,3.7964915500000003,0.3047556142668428,0.15045541149273448,56.0,7.0,8.0,25.0,32.0,0.78125,90.0,2.0,90.0,0.26,0.08,0.1430094199147795,-0.010658247439459,7,9,-0.3895837925260162,1837.0,251.0,11.0,1.3527334738773589,13.0,0.9307068915414188,0,6.5
Robinson,Robinson (FUL),Fulham,DEF,4.5,1.7,169528,Antonee Robinson,FUL,False,Robinson,False,28.52,16.55,6.337777777777777,2.32,3.91,2.87,2.15,2.37,2.93,3.77,2.9,2.36,2.95,18.35,4.077777777777778,2.9,3.21,3.6,2.31,2.8,3.53,1.8000000000000007,,True,16.360999999999997,9.632,2.527,3.1393999999999997,8.6283,0.6621157878819357,87.32780612244899,player history,3070.5,0.1153806228036456,0.1087477312797739,8.03875963078801,0.0,2.0,,,24.0,1487.0,1.07,1.25446206,0.06476126429051783,0.07592574673839947,6.0,1.0,0.0,18.0,27.0,0.6666666666666666,119.0,2.0,59.5,0.0,0.0,-0.0437533840320386,-0.0184124304418098,12,10,-0.4710331570871442,1813.0,251.0,7.0,1.3248346722551338,12.0,1.0152557049594606,0,4.5
Vuskovic,Vuskovic (BHA),Brighton,DEF,5.0,2.5,610799,Luka Vušković,BHA,False,Vuskovic,True,28.52,17.92,5.704,2.94,3.52,3.0,3.08,2.45,2.93,3.25,2.42,2.02,2.91,13.64,2.728,2.68,1.82,2.74,2.48,1.8,2.12,-4.280000000000001,,True,15.677,9.09,3.753,3.647,8.411800000000001,0.6163269692227333,87.5,positional fallback,0.0,0.1092948469717025,0.054907706709325,8.421520428158146,0.0,,,,,,,,,,,,,0.0,2.0,0.0,111.0,2.0,55.5,0.0,0.0,0.0842682216689143,0.0973748541570488,9,3,0.0297333718288103,1842.0,101.0,15.0,1.3234673027835793,10.8,1.130590346257485,0,5.0
Pickford,Pickford (EVE),Everton,GK,5.5,8.7,111234,Jordan Pickford,EVE,False,Pickford,False,28.34,17.79,5.152727272727272,3.11,2.48,2.27,2.73,3.63,3.57,2.57,1.9,2.58,3.49,21.19,3.852727272727273,3.71,3.24,3.25,3.09,4.03,3.87,3.400000000000002,,True,15.512,12.828,0.0,2.5123,6.51,0.922204697747869,89.99090909090908,player history,5130.0,0.0070604967365967,0.0030980864652484,2.293918918918919,0.0,,,,38.0,3420.0,0.0,0.2369933,0.0,0.006236665789473684,0.0,0.0,0.0,38.0,38.0,1.0,90.0,2.0,45.0,0.0,0.0,-0.0485965292955978,-0.0016800106760029,14,8,-0.3604498186276618,1803.0,251.0,13.0,1.3469411290581967,14.0,0.8592747333873535,0,5.5
Rúben,Rúben (MCI),Man City,DEF,5.5,1.8,171314,Rúben dos Santos Gato Alves Dias,MCI,False,Rúben,False,28.26,17.32,5.138181818181819,2.55,4.27,3.09,2.08,3.01,2.32,3.22,2.41,2.78,2.53,19.31,3.5109090909090908,3.66,3.16,4.0,2.39,3.76,2.34,1.9899999999999984,,True,15.284000000000002,10.975999999999999,2.0,3.2922,8.6552,0.6561367743238896,89.4114077669903,player history,3273.5,0.075173681055652,0.0291512337309627,8.058037684603631,0.0,,,,26.0,2139.0,0.59,0.63497818,0.02482468443197756,0.026717174474053296,9.0,2.0,0.0,24.0,30.0,0.8,180.0,2.0,90.0,0.0,0.02,0.3979137564561784,0.3023979198869594,1,2,1.5720974480619654,1971.0,3.5,67.0,1.0050081070657415,12.3,0.9984810217456443,0,5.5
Shaw,Shaw (MUN),Man United,DEF,4.5,20.1,106760,Luke Shaw,MUN,False,Shaw,False,28.01,17.93,6.224444444444445,3.52,4.07,2.65,2.17,2.49,3.03,2.56,2.65,2.11,2.75,19.8,4.4,4.01,4.02,3.02,2.6,3.05,3.1,1.870000000000001,,True,15.904000000000002,9.712,2.394,3.0541,8.609399999999999,0.6828408812241752,86.52745995423342,player history,3394.0,0.0822877574382039,0.054238454051305,7.120447702060222,0.0,,,3.0,38.0,3220.0,0.72,1.8643960099999999,0.020124223602484472,0.05211044748447204,10.0,1.0,1.0,38.0,38.0,1.0,346.0,6.0,57.666666666666664,0.0,0.0,0.2911586787820938,0.036515569746031,3,5,1.2388665527515443,1915.0,7.0,34.0,1.2712178238678356,12.0,1.0271008142253517,0,4.5
Stach,Stach (LEE),Leeds,MID,6.0,1.7,466525,Anton Stach,LEE,False,Stach,False,27.69,16.71,4.615,2.6,3.56,2.52,2.99,2.81,2.23,2.73,2.64,2.62,3.0,22.88,3.813333333333333,3.72,4.21,3.53,4.15,4.23,3.04,6.169999999999998,,True,22.437,1.821,3.432,2.804,8.4149,0.7645825205081421,85.34159021406727,player history,2369.0,0.2786437734844163,0.1882476673555493,9.866721983093916,0.0,,1.0,1.0,29.0,2369.0,2.84,4.53156807,0.1078936260025327,0.17215750371464753,53.0,5.0,6.0,28.0,30.0,0.9333333333333333,168.0,4.0,42.0,0.0,0.0,-0.0142035236369779,-0.0754441195474228,11,15,-1.013737187036834,1797.0,1001.0,7.5,1.5188598248684002,12.5,0.9692268750094524,0,6.0
Hill,Hill (BOU),Bournemouth,DEF,5.5,0.9,463981,James Hill,BOU,False,Hill,False,27.58,16.63,5.014545454545455,2.1,4.37,2.68,2.61,2.56,2.31,2.97,2.2,2.86,2.93,19.910000000000004,3.6200000000000006,2.67,4.07,3.39,3.89,3.27,2.62,3.2800000000000047,,True,13.287999999999998,6.3309999999999995,7.961,3.1127,8.3607,0.5578002328632482,86.61057692307692,player history,2326.0,0.0907181304920451,0.0538030613742585,11.252997588147467,0.0,,,,30.0,2102.0,0.88,1.1119231,0.03767840152235966,0.04760850570884872,12.0,0.0,3.0,22.0,34.0,0.6470588235294118,90.0,1.0,90.0,0.0,0.0,0.1506897455710198,-0.0576312175215828,6,14,-0.3357978660576632,1872.0,251.0,15.0,1.5252296038761777,10.0,1.1669618261656498,0,5.5
Havertz,Havertz (ARS),Arsenal,FWD,7.5,7.1,219847,Kai Havertz,ARS,False,Havertz,False,27.48,16.79,3.664,2.88,4.44,2.52,2.23,2.11,2.61,2.23,2.53,2.32,3.61,19.869999999999997,2.649333333333333,4.21,2.9,3.18,3.12,2.99,3.47,3.0799999999999983,,True,27.449,0.0,0.031,3.9629,10.309999999999999,0.3635220687362503,82.32125603864735,player history,1514.0,0.5396477616709279,0.0877312620585141,4.8746104763318,0.0,,,,12.0,577.0,3.31,0.67085069,0.5162911611785095,0.10463875580589253,18.0,2.0,3.0,7.0,14.0,0.5,259.0,5.0,51.8,0.42,0.05,0.306541748174989,0.5456367033856973,2,1,1.7079738846388108,2064.0,2.5,101.0,0.7593381876414202,10.05,1.1953980873144028,0,7.5
Maguire,Maguire (MUN),Man United,DEF,5.0,17.4,95658,Harry Maguire,MUN,False,Maguire,False,27.42,17.7,5.484,3.21,4.57,2.47,2.16,2.34,2.95,2.4,2.56,2.09,2.68,20.439999999999998,4.087999999999999,4.52,4.24,3.21,2.72,2.98,2.77,2.7399999999999984,,True,15.161000000000001,7.715,4.5440000000000005,3.3386000000000005,8.8584,0.4503925681059881,85.61926605504588,player history,2527.5,0.097623589937477,0.0294353176694521,9.025465140770905,0.0,,,,23.0,1649.0,1.12,0.51855406,0.06112795633717405,0.028301919587628867,14.0,1.0,2.0,19.0,26.0,0.7307692307692307,343.0,5.0,68.6,0.0,0.0,0.2911586787820938,0.036515569746031,3,5,1.2388665527515443,1915.0,7.0,34.0,1.2712178238678356,12.0,1.0271008142253517,0,5.0
Watkins,Watkins (AVL),Aston Villa,FWD,8.0,9.0,178301,Ollie Watkins,AVL,False,Watkins,False,27.4,16.740000000000002,3.425,2.49,2.13,3.63,2.83,2.79,2.87,2.88,2.46,2.78,2.54,20.869999999999997,2.6087499999999997,2.83,2.94,4.07,3.89,3.13,4.01,4.1299999999999955,,True,27.398999999999997,0.0,0.001,3.4527,9.5119,0.607008950419186,81.80360531309297,player history,4138.0,0.5252230976441611,0.0549789636163495,3.191602680750966,0.0,2.0,,,37.0,2833.0,15.25,1.374547,0.4844687610307095,0.04366721849629368,82.0,16.0,4.0,33.0,37.0,0.8918918918918919,,,,,,0.0916761005372474,-0.0195020800368329,8,11,0.667472079995315,1921.0,26.0,26.0,1.4559886468855003,12.45,0.9473005095465162,0,8.0
Gakpo,Gakpo (LIV),Liverpool,MID,7.0,5.3,243298,Cody Gakpo,LIV,False,Gakpo,False,27.28,17.71,3.8971428571428572,2.75,4.53,3.02,2.63,2.48,2.3,2.41,2.56,2.13,2.46,25.580000000000002,3.6542857142857144,4.04,4.63,4.45,4.65,4.0,3.81,7.870000000000001,,True,25.726,1.475,0.079,3.4806,9.400400000000001,0.5263527212152722,81.55021186440678,player history,3705.0,0.4304611287061289,0.1596442052608714,5.304777594728172,0.0,3.0,,2.0,36.0,2736.0,8.4515,4.52184035,0.27800986842105263,0.14874474835526316,87.0,7.0,5.0,32.0,36.0,0.8888888888888888,132.0,2.0,66.0,0.0,0.0,0.2217904378795187,-0.0207728027571259,4,13,1.3549493323437265,1911.0,6.0,51.0,1.4367612878896527,9.9,1.2427165780373892,0,7.0
Davis,Davis (IPS),Ipswich,DEF,4.0,5.0,455084,Leif Davis,IPS,False,Davis,False,27.2,16.25,6.8,3.0,2.46,2.5,2.8,2.56,2.93,1.86,2.95,3.45,2.69,14.969999999999999,3.7424999999999997,3.27,1.68,2.19,2.38,2.38,3.07,-1.2800000000000011,,True,13.178999999999998,5.7940000000000005,8.227,3.0029,8.2132,0.6724886351801949,88.34541062801932,player history,1373.0,0.1704816830476809,0.1732090191743224,8.59,0.0,,2.0,2.0,,,,,,,,,,,,,136.0,2.0,68.0,0.0,0.0,-0.2918528340454071,-0.2856043837956666,19,19,-1.3315882955947056,1640.0,1001.0,1.85,1.8535840736204665,13.0,0.9266892410460464,1,4.0
Scott,Scott (BOU),Bournemouth,MID,6.0,1.5,503139,Alex Scott,BOU,False,Scott,False,27.2,16.57,4.533333333333333,2.33,3.7,2.7,2.65,2.74,2.45,2.68,2.44,2.74,2.77,21.86,3.643333333333333,3.42,4.02,3.68,3.95,3.58,3.21,5.289999999999999,,True,21.02,1.6219999999999999,4.558,2.8875,8.975,0.6033972492260133,81.478896882494,player history,3223.5,0.218917451499139,0.0944276723570587,11.745007951934973,0.0,,4.0,2.0,37.0,2848.0,3.78,2.96196818,0.11945224719101122,0.09360152254213483,44.0,3.0,2.0,34.0,37.0,0.918918918918919,90.0,1.0,90.0,0.0,0.0,0.1506897455710198,-0.0576312175215828,6,14,-0.3357978660576632,1872.0,251.0,15.0,1.5252296038761777,10.0,1.1669618261656498,0,6.0
Botman,Botman (NEW),Newcastle,DEF,5.0,0.5,220237,Sven Botman,NEW,False,Botman,False,27.14,17.09,5.428,2.28,3.93,2.42,2.37,3.38,2.71,2.63,2.49,2.63,2.3,19.29,3.8579999999999997,2.88,2.7,3.31,2.91,4.18,3.31,2.1999999999999993,,True,13.067999999999998,5.798,8.274000000000001,3.3052,8.765600000000001,0.5623099837445038,85.65884476534296,player history,2041.0,0.1297890545181609,0.0418619863400238,11.63854421418458,0.0,,,,26.0,1834.0,1.73,0.89313757,0.08489640130861506,0.043828997437295535,15.0,1.0,1.0,21.0,30.0,0.7,315.0,4.0,78.75,0.37,0.05,0.0770729134891279,-0.0857761118046507,10,16,0.4131237756486222,1838.0,34.0,11.0,1.387198849514487,10.0,1.1934362314133091,0,5.0
Dunk,Dunk (BHA),Brighton,DEF,4.5,1.1,83299,Lewis Dunk,BHA,False,Dunk,False,27.13,17.02,6.028888888888889,2.78,3.44,2.87,2.92,2.29,2.72,3.07,2.35,1.9,2.78,6.41,1.4244444444444444,1.14,0.8,1.28,1.16,0.86,1.17,-10.61,,True,13.559999999999999,8.754,4.816,3.0871,8.311800000000002,0.7346447519100412,89.37240663900414,player history,3878.5,0.0765044064557195,0.024389115279519,8.798249035861518,0.0,,3.0,,34.0,2837.0,1.68,0.55836235,0.053295734931265416,0.0177132927388086,24.0,1.0,1.0,31.0,34.0,0.9117647058823529,69.0,2.0,34.5,0.0,0.0,0.0842682216689143,0.0973748541570488,9,3,0.0297333718288103,1842.0,101.0,15.0,1.3234673027835793,10.8,1.130590346257485,0,4.5
Alderete,Alderete (SUN),Sunderland,DEF,5.0,0.5,201895,Omar Alderete,SUN,False,Alderete,False,27.11,16.46,5.422,3.06,3.86,2.47,2.34,1.94,2.79,2.31,2.88,2.91,2.56,14.950000000000001,2.99,0.75,3.43,2.83,2.52,2.2,3.22,-1.5099999999999998,,True,12.111,7.343,7.656,3.0541,8.358,0.6584463949790704,88.19482288828338,player history,2797.0,0.0859462161138291,0.0299029618444426,10.69032272543651,0.0,,,,35.0,2797.0,1.6600000000000001,0.90792976,0.0534143725420093,0.0292147580979621,24.0,1.0,1.0,32.0,35.0,0.9142857142857143,,,,,,-0.1595957595248902,0.0430015486157864,17,4,-1.090859547158444,1736.0,1001.0,5.0,1.3598200174861137,13.0,0.9373583103653522,0,5.0
O'Shea,O'Shea (IPS),Ipswich,DEF,4.0,3.5,216616,Dara O'Shea,IPS,False,O'Shea,False,27.02,15.989999999999998,6.755,3.02,2.34,2.42,2.75,2.6,2.86,1.85,2.95,3.48,2.75,16.55,4.1375,3.43,2.05,2.53,2.68,2.74,3.12,0.5600000000000023,,True,11.877999999999997,6.4030000000000005,8.739,2.8899999999999997,8.158000000000001,0.7796016826789007,88.80387931034483,player history,1561.5,0.066160448993067,0.0108648802917393,8.59,0.0,,,,,,,,,,,,,,,,136.0,3.0,68.0,0.0,0.0,-0.2918528340454071,-0.2856043837956666,19,19,-1.3315882955947056,1640.0,1001.0,1.85,1.8535840736204665,13.0,0.9266892410460464,1,4.0
Verbruggen,Verbruggen (BHA),Brighton,GK,4.5,21.6,489639,Bart Verbruggen,BHA,False,Verbruggen,False,26.94,16.810000000000002,5.986666666666667,2.86,2.53,2.96,3.07,2.47,2.92,3.28,2.25,1.89,2.71,19.36,4.302222222222222,3.33,2.86,3.5,3.45,2.97,3.25,2.549999999999997,,True,14.523000000000001,12.417,0.0,2.4713000000000003,6.51,0.8954165358783157,89.99076175040518,player history,5040.0,0.003419281635071,0.0014500659757388,2.412162162162162,0.0,,,,38.0,3420.0,0.0,0.11541955,0.0,0.0030373565789473685,0.0,0.0,0.0,38.0,38.0,1.0,180.0,2.0,90.0,0.0,0.0,0.0842682216689143,0.0973748541570488,9,3,0.0297333718288103,1842.0,101.0,15.0,1.3234673027835793,10.8,1.130590346257485,0,4.5
Hall,Hall (NEW),Newcastle,DEF,5.0,4.0,487838,Lewis Hall,NEW,False,Hall,False,26.87,16.63,5.3740000000000006,2.26,3.24,2.37,2.39,3.62,2.75,2.66,2.55,2.7,2.32,19.19,3.838,2.78,2.57,3.37,2.83,4.36,3.28,2.5600000000000023,,True,15.836,7.189,3.845,3.1139,8.5745,0.627841195097321,87.85626535626535,player history,3272.0,0.1570324299992188,0.1233876530000042,7.4224905197412445,0.0,,1.0,1.0,31.0,2176.0,1.05,2.79556879,0.04342830882352942,0.11562554738051471,23.0,1.0,2.0,24.0,34.0,0.7058823529411765,306.0,4.0,76.5,0.15000000000000002,0.5,0.0770729134891279,-0.0857761118046507,10,16,0.4131237756486222,1838.0,34.0,11.0,1.387198849514487,10.0,1.1934362314133091,0,5.0
Gonzalo,Gonzalo (FUL),Fulham,FWD,6.0,2.9,551466,Gonzalo García,FUL,False,Gonzalo,True,26.63,15.559999999999999,4.4383333333333335,2.51,3.19,2.39,2.35,2.5,2.62,3.23,2.64,2.36,2.85,19.66,3.276666666666667,3.38,3.24,3.7,2.82,3.13,3.39,4.100000000000001,,True,26.515,0.0,0.11499999999999999,3.9585,11.100800000000001,0.5189667926405378,81.5,positional fallback,0.0,0.3845094383407031,0.0543542296559633,4.432345205189561,0.1,1.0,,,,,,,,,,,,,,,164.0,2.0,82.0,0.0,0.0,-0.0437533840320386,-0.0184124304418098,12,10,-0.4710331570871442,1813.0,251.0,7.0,1.3248346722551338,12.0,1.0152557049594606,0,6.0
Leno,Leno (FUL),Fulham,GK,4.5,3.0,80201,Bernd Leno,FUL,False,Leno,False,26.58,15.12,5.906666666666666,2.24,3.04,2.87,1.91,2.21,2.85,3.61,2.79,2.29,2.76,19.25,4.277777777777778,3.13,3.29,3.49,2.83,3.1,3.41,4.130000000000001,,True,14.152999999999999,12.427,0.0,2.5003,6.51,0.9266530018827026,89.99090909090908,player history,5130.0,0.0024113547086247,0.0009370476443712,2.5304054054054053,0.0,,,,38.0,3420.0,0.0,0.04206731,0.0,0.0011070344736842104,0.0,0.0,0.0,38.0,38.0,1.0,180.0,2.0,90.0,0.0,0.0,-0.0437533840320386,-0.0184124304418098,12,10,-0.4710331570871442,1813.0,251.0,7.0,1.3248346722551338,12.0,1.0152557049594606,0,4.5
H. Wilson (LEE),H. Wilson (LEE),Leeds,MID,6.5,5.9,153682,Harry Wilson,LEE,True,Wilson,False,26.58,16.04,4.089230769230769,2.49,3.5,2.4,2.97,2.69,1.99,2.63,2.45,2.48,2.97,23.619999999999997,3.6338461538461533,3.82,4.38,3.63,4.38,4.49,2.92,7.579999999999998,,True,24.701999999999998,1.654,0.224,3.0115000000000003,8.758000000000001,0.5585171538344879,82.17645631067961,player history,3252.5,0.3582144350211054,0.1433404601630636,6.26529087683257,0.0,,,,36.0,2674.0,5.85,4.79353353,0.19689603590127147,0.16133807692595364,72.0,10.0,9.0,32.0,36.0,0.8888888888888888,222.0,4.0,55.5,0.0,0.0,-0.0142035236369779,-0.0754441195474228,11,15,-1.013737187036834,1797.0,1001.0,7.5,1.5188598248684002,12.5,0.9692268750094524,0,6.5
O'Brien,O'Brien (EVE),Everton,DEF,5.0,0.5,512462,Jake O'Brien,EVE,False,O'Brien,False,26.54,16.509999999999998,5.308,2.9,2.1,2.18,2.63,3.35,3.35,2.53,1.77,2.48,3.26,6.42,1.284,1.24,0.83,0.86,0.83,1.31,1.35,-10.089999999999998,,True,14.693999999999999,10.038,1.808,2.9698,7.9194,0.7941066768458434,87.24601593625498,player history,3902.5,0.0796653430698759,0.0391494407944977,7.733005789774117,0.0,,,,37.0,3118.0,1.6800000000000002,1.10437212,0.04849262347658756,0.0318773222578576,13.0,1.0,3.0,35.0,37.0,0.9459459459459459,83.0,2.0,41.5,0.0,0.0,-0.0485965292955978,-0.0016800106760029,14,8,-0.3604498186276618,1803.0,251.0,13.0,1.3469411290581967,14.0,0.8592747333873535,0,5.0
Jacquet,Jacquet (LIV),Liverpool,DEF,5.0,2.4,606702,Jeremy Jacquet,LIV,False,Jacquet,True,26.34,16.7,5.268,2.72,3.73,3.06,2.81,2.26,2.12,2.22,2.68,2.17,2.56,14.229999999999999,2.8459999999999996,2.43,2.69,2.54,2.53,2.12,1.92,-2.4700000000000006,,True,14.11,7.6339999999999995,4.596,3.604,8.3607,0.5820686073683479,87.5,positional fallback,0.0,0.1092948469717025,0.054907706709325,8.421520428158146,0.0,,,,,,,,,,,,,,,,45.0,1.0,45.0,0.0,0.0,0.2217904378795187,-0.0207728027571259,4,13,1.3549493323437265,1911.0,6.0,51.0,1.4367612878896527,9.9,1.2427165780373892,0,5.0
Hume,Hume (SUN),Sunderland,DEF,4.5,6.6,487676,Trai Hume,SUN,False,Hume,False,26.33,15.6,5.851111111111111,3.12,3.33,2.31,2.26,1.77,2.81,2.29,2.92,3.01,2.51,13.79,3.0644444444444443,3.14,3.04,2.14,1.84,1.42,2.21,-1.8100000000000005,,True,15.310999999999998,8.872,2.147,2.9401,7.958,0.6590270042558944,88.72015915119364,player history,3032.0,0.1247281592292258,0.0724113872334579,6.853791172044809,0.0,,,3.0,38.0,3032.0,2.25,2.01507378,0.06678759894459102,0.05981419531662269,34.0,2.0,1.0,34.0,38.0,0.8947368421052632,45.0,3.0,45.0,0.0,0.0,-0.1595957595248902,0.0430015486157864,17,4,-1.090859547158444,1736.0,1001.0,5.0,1.3598200174861137,13.0,0.9373583103653522,0,4.5
F.Kadıoğlu,F.Kadıoğlu (BHA),Brighton,DEF,4.5,2.4,231416,Ferdi Kadıoğlu,BHA,False,F.Kadıoğlu,False,26.3,16.52,5.844444444444445,2.65,3.15,2.84,2.96,2.19,2.73,3.07,2.19,1.8,2.72,17.15,3.811111111111111,3.13,2.11,3.44,3.27,2.29,2.91,0.629999999999999,,True,16.050000000000004,9.405,0.845,3.1337,8.180800000000001,0.6894216106605299,87.6990632318501,player history,3324.0,0.1485062497804991,0.0782091847086935,5.89476229175132,0.0,,,3.0,37.0,3130.0,2.0100000000000002,3.28485761,0.05779552715654952,0.0944527747284345,28.0,1.0,2.0,34.0,38.0,0.8947368421052632,138.0,2.0,69.0,0.0,0.0,0.0842682216689143,0.0973748541570488,9,3,0.0297333718288103,1842.0,101.0,15.0,1.3234673027835793,10.8,1.130590346257485,0,4.5
Kelleher,Kelleher (BRE),Brentford,GK,5.0,6.3,200720,Caoimhín Kelleher,BRE,False,Kelleher,False,25.99,15.16,5.1979999999999995,2.77,2.72,2.9,2.08,2.37,2.32,2.33,3.32,2.82,2.37,19.99,3.9979999999999998,3.43,3.28,3.78,3.21,3.2,3.09,4.829999999999998,,True,14.786999999999999,11.203,0.0,2.5698,6.51,0.8756299251508377,89.98805031446541,player history,3780.0,0.0073018833333333,0.0027440144401742,2.301038062283737,0.0,,,,37.0,3330.0,0.0,0.2522586,0.0,0.0068178,0.0,0.0,0.0,37.0,37.0,1.0,90.0,1.0,90.0,0.0,0.0,0.1430094199147795,-0.010658247439459,7,9,-0.3895837925260162,1837.0,251.0,11.0,1.3527334738773589,13.0,0.9307068915414188,0,5.0
Mosquera,Mosquera (ARS),Arsenal,DEF,5.5,6.0,500040,Cristhian Mosquera,ARS,False,Mosquera,False,25.94,16.24,4.716363636363637,2.61,4.39,2.25,2.36,2.19,2.44,2.27,2.49,2.1,2.84,20.99,3.816363636363636,4.47,3.28,3.29,3.71,3.27,2.97,4.75,,True,13.379000000000003,8.554,4.007,3.2079,8.411800000000001,0.1879182573726525,85.38321167883211,player history,986.0,0.0788950555925848,0.048914156094966,9.8447927515101,0.0,,,,23.0,986.0,0.1,0.63103226,0.009127789046653144,0.05759929350912779,1.0,0.0,0.0,9.0,31.0,0.2903225806451613,320.0,5.0,64.0,0.0,0.0,0.306541748174989,0.5456367033856973,2,1,1.7079738846388108,2064.0,2.5,101.0,0.7593381876414202,10.05,1.1953980873144028,0,5.5
Bijol,Bijol (LEE),Leeds,DEF,5.0,0.8,434752,Jaka Bijol,LEE,False,Bijol,False,25.94,15.979999999999999,5.188000000000001,2.5,3.59,2.39,2.77,2.88,1.85,2.36,2.52,2.24,2.83,20.02,4.004,3.33,3.8,3.07,3.7,3.77,2.35,4.040000000000001,,True,12.234000000000002,6.787,6.9190000000000005,3.0204999999999997,8.358,0.6187096298147465,85.68352059925093,player history,1888.0,0.0866005267969339,0.0356801399566048,10.768390299070118,0.0,,,,26.0,1888.0,0.9,0.81640315,0.04290254237288136,0.03891752304025423,12.0,1.0,3.0,21.0,34.0,0.6176470588235294,122.0,3.0,40.666666666666664,0.0,0.0,-0.0142035236369779,-0.0754441195474228,11,15,-1.013737187036834,1797.0,1001.0,7.5,1.5188598248684002,12.5,0.9692268750094524,0,5.0
Mateta,Mateta (CRY),Crystal Palace,FWD,6.5,5.4,231747,Jean-Philippe Mateta,CRY,False,Mateta,False,25.91,15.06,3.9861538461538464,2.54,1.87,2.5,3.02,2.48,2.65,2.33,3.0,2.72,2.79,14.440000000000001,2.221538461538462,1.19,2.32,2.47,3.13,2.46,2.87,-0.6199999999999992,,True,25.876,0.0,0.034,3.5349000000000004,9.6846,0.5322352461607807,82.99882903981265,player history,3537.0,0.4957639693215339,0.0538082657594363,5.032471106219042,0.1,1.0,,,32.0,2210.0,14.55,1.30322672,0.5925339366515837,0.053072581357466064,62.0,12.0,0.0,25.0,32.0,0.78125,0.0,1.0,0.0,0.0,0.0,-0.1171465215222359,0.0042638165422642,16,7,-0.2542419079126018,1804.0,151.0,7.5,1.3534243888033963,11.5,1.066056186213018,0,6.5
Lammens,Lammens (MUN),Man United,GK,5.0,15.9,465247,Senne Lammens,MUN,False,Lammens,False,25.88,16.5,5.176,3.33,3.47,2.53,1.99,2.34,2.84,2.38,2.47,1.88,2.65,22.150000000000002,4.430000000000001,4.11,4.17,3.51,3.27,3.56,3.53,5.650000000000002,,True,13.838999999999999,12.041,0.0,2.5318,6.51,0.8043315619449173,89.98488063660477,player history,2880.0,0.0034691568897637,4.56e-05,1.18503937007874,0.0,,,,32.0,2880.0,0.0,0.04016655,0.0,0.0012552046875,0.0,0.0,0.0,32.0,35.0,0.9142857142857143,151.0,2.0,75.5,0.0,0.0,0.2911586787820938,0.036515569746031,3,5,1.2388665527515443,1915.0,7.0,34.0,1.2712178238678356,12.0,1.0271008142253517,0,5.0
Pedro Porro,Pedro Porro (TOT),Tottenham,DEF,5.5,13.9,441164,Pedro Porro Sauceda,TOT,False,Pedro Porro,False,25.85,15.49,4.7,2.26,3.42,2.49,2.76,2.65,1.91,3.09,2.03,2.86,2.39,17.26,3.1381818181818186,0.73,3.68,3.08,3.79,3.45,2.53,1.7700000000000014,,True,14.004000000000001,6.3580000000000005,5.488,3.1319,8.601400000000002,0.5072076669875898,87.78599605522682,player history,4097.0,0.1753053927467414,0.1495933893645004,8.020318187946609,0.0,,1.0,1.0,34.0,2793.0,1.04,4.0951713000000005,0.03351235230934479,0.13196040708915147,32.0,1.0,3.0,32.0,34.0,0.9411764705882353,,,,,,-0.0511239337666682,-0.1320343685467415,15,17,0.4131043967098503,1777.0,41.0,17.0,1.5616840436848023,10.0,1.2135919166562028,0,5.5
D. Henderson (CRY),D. Henderson (CRY),Crystal Palace,GK,5.0,1.9,172649,Dean Henderson,CRY,True,Henderson,False,25.77,15.69,5.154,2.63,2.0,2.5,3.26,2.45,2.85,2.35,2.83,2.51,2.4,19.38,3.876,3.12,2.96,3.15,3.75,3.06,3.34,3.6899999999999995,,True,13.929,11.841,0.0,2.5332,6.51,0.9048695129945808,89.99076175040518,player history,5040.0,0.0038559857582938,0.0023462308622654,1.9377162629757787,0.0,,,,37.0,3330.0,0.0,0.13174657,0.0,0.0035607181081081084,0.0,0.0,0.0,37.0,37.0,1.0,61.0,1.0,61.0,0.0,0.0,-0.1171465215222359,0.0042638165422642,16,7,-0.2542419079126018,1804.0,151.0,7.5,1.3534243888033963,11.5,1.066056186213018,0,5.0
Tielemans,Tielemans (MUN),Man United,MID,6.0,2.4,166989,Youri Tielemans,MUN,False,Tielemans,False,25.77,16.29,4.295,2.93,4.01,2.31,2.15,2.22,2.67,2.28,2.48,2.22,2.5,21.04,3.5066666666666664,3.61,3.91,3.39,3.23,3.34,3.56,4.75,,True,20.934,1.8599999999999999,2.976,3.0436,8.832,0.5852055079362211,86.65094786729857,player history,3373.0,0.2319020795104709,0.1627090875234874,9.59105675520734,0.0,3.0,,,25.0,1857.0,1.15,3.2928978,0.05573505654281098,0.15959116962843295,23.0,0.0,4.0,21.0,25.0,0.84,144.0,3.0,48.0,0.0,0.0,0.2911586787820938,0.036515569746031,3,5,1.2388665527515443,1915.0,7.0,34.0,1.2712178238678356,12.0,1.0271008142253517,0,6.0
Schär,Schär (NEW),Newcastle,DEF,5.0,0.3,119471,Fabian Schär,NEW,False,Schär,False,25.71,15.5,5.142,2.35,2.1,2.44,2.38,3.5,2.73,2.64,2.52,2.71,2.34,4.04,0.808,0.72,0.6,0.62,0.56,0.84,0.7,-11.46,,True,12.859,5.521,7.33,3.3572,8.7194,0.6063530705260398,88.55504587155963,player history,2557.5,0.1377601254168183,0.0274370917450638,10.682911944202267,0.0,,2.0,,16.0,1089.0,0.99,0.6186555300000001,0.08181818181818182,0.051128556198347115,17.0,0.0,0.0,11.0,19.0,0.5789473684210527,126.0,3.0,42.0,0.0,0.02,0.0770729134891279,-0.0857761118046507,10,16,0.4131237756486222,1838.0,34.0,11.0,1.387198849514487,10.0,1.1934362314133091,0,5.0
Cash,Cash (AVL),Aston Villa,DEF,4.5,8.1,199796,Matty Cash,AVL,False,Cash,False,25.32,16.13,5.626666666666667,2.44,2.01,3.57,2.82,2.69,2.6,2.5,2.05,2.74,1.91,19.48,4.328888888888889,2.86,2.55,4.14,3.7,2.62,3.61,3.3500000000000014,,True,15.511000000000003,8.568,1.241,2.9194,7.8297,0.7454386441406831,87.62450199203188,player history,4054.5,0.1129887859562762,0.0816508190896227,6.3304258357130845,0.0,,,1.0,35.0,3016.0,1.12,3.11795389,0.033421750663129975,0.09304239061671087,29.0,3.0,3.0,34.0,35.0,0.9714285714285714,214.0,3.0,71.33333333333333,0.0,0.0,0.0916761005372474,-0.0195020800368329,8,11,0.667472079995315,1921.0,26.0,26.0,1.4559886468855003,12.45,0.9473005095465162,0,4.5
Bogle,Bogle (LEE),Leeds,DEF,4.5,0.6,226182,Jayden Bogle,LEE,False,Bogle,False,25.27,15.45,5.615555555555556,2.46,3.26,2.35,2.84,2.88,1.66,2.25,2.55,2.15,2.87,16.71,3.7133333333333334,2.72,3.22,2.51,3.19,3.29,1.78,1.2600000000000016,,True,15.742999999999999,7.455,2.072,3.157,8.478200000000001,0.7523293917632091,87.1049046321526,player history,2795.0,0.1613509731551763,0.0835939245336386,7.138113631259825,0.0,,,,34.0,2795.0,2.08,3.15091971,0.06697674418604652,0.10146074200357781,18.0,1.0,5.0,32.0,34.0,0.9411764705882353,283.0,4.0,70.75,0.0,0.0,-0.0142035236369779,-0.0754441195474228,11,15,-1.013737187036834,1797.0,1001.0,7.5,1.5188598248684002,12.5,0.9692268750094524,0,4.5
Wissa,Wissa (NEW),Newcastle,FWD,6.0,2.7,216646,Yoane Wissa,NEW,False,Wissa,False,25.19,16.62,4.198333333333333,2.27,4.45,2.29,2.11,3.16,2.34,2.27,2.02,2.25,2.04,19.75,3.2916666666666665,3.21,2.96,3.46,2.94,4.0,3.18,3.129999999999999,,True,25.174000000000003,0.0,0.016,3.4715000000000003,8.4238,0.3652483476003771,82.99809160305344,player history,1980.5,0.5915403867479699,0.0639800225741407,4.201614179458775,0.0,3.0,,,23.0,517.0,3.0100000000000002,0.5573479299999999,0.5239845261121857,0.09702381760154738,13.0,1.0,1.0,4.0,23.0,0.17391304347826086,180.0,3.0,60.0,2.12,0.62,0.0770729134891279,-0.0857761118046507,10,16,0.4131237756486222,1838.0,34.0,11.0,1.387198849514487,10.0,1.1934362314133091,0,6.0
White,White (ARS),Arsenal,DEF,5.5,5.9,198869,Benjamin White,ARS,False,White,False,25.15,15.67,4.572727272727272,2.55,4.33,2.06,2.19,2.06,2.48,2.12,2.39,1.99,2.98,20.06,3.647272727272727,4.66,3.05,3.07,3.29,2.86,3.13,4.389999999999999,,True,14.245999999999999,9.611,1.293,3.3234000000000004,8.791,0.2870586357166368,85.84635416666667,player history,1298.0,0.1307003966146275,0.0925087748652026,6.909008297115763,0.0,,,,17.0,699.0,0.34,0.69370615,0.04377682403433477,0.08931838841201717,5.0,0.0,1.0,9.0,29.0,0.3103448275862069,303.0,5.0,60.6,0.0,0.07,0.306541748174989,0.5456367033856973,2,1,1.7079738846388108,2064.0,2.5,101.0,0.7593381876414202,10.05,1.1953980873144028,0,5.5
Barnes,Barnes (NEW),Newcastle,MID,6.0,1.1,201666,Harvey Barnes,NEW,False,Barnes,False,25.05,16.27,4.175,2.32,3.87,2.27,2.14,3.22,2.45,2.35,2.08,2.32,2.01,19.02,3.17,3.2,2.89,3.31,2.81,3.81,3.0,2.75,,True,23.867,1.127,0.056,3.3358,9.3871,0.3612288906174958,81.06024464831805,player history,2828.5,0.4625816206315696,0.1402312547521854,5.238124350431009,0.0,,,,37.0,1951.0,6.75,2.71826218,0.3113787801127627,0.1253939498718606,57.0,7.0,1.0,19.0,38.0,0.5,348.0,5.0,69.6,1.8499999999999999,0.9199999999999999,0.0770729134891279,-0.0857761118046507,10,16,0.4131237756486222,1838.0,34.0,11.0,1.387198849514487,10.0,1.1934362314133091,0,6.0
Justin,Justin (LEE),Leeds,DEF,4.5,0.9,220627,James Justin,LEE,False,Justin,False,24.97,15.379999999999999,5.5488888888888885,2.41,3.41,2.34,2.73,2.7,1.79,2.18,2.46,2.16,2.8,16.310000000000002,3.624444444444445,2.97,3.33,2.52,2.96,2.96,1.57,0.9300000000000033,,True,13.294999999999998,6.923,4.752,3.0463,8.311800000000002,0.577562335396621,87.33213429256594,player history,3353.0,0.1111701538993542,0.0479048988491087,9.164923829227009,0.0,,,,30.0,1893.0,1.83,1.17172079,0.08700475435816164,0.055707803011093494,21.0,2.0,1.0,21.0,36.0,0.5833333333333334,283.0,4.0,70.75,0.0,0.0,-0.0142035236369779,-0.0754441195474228,11,15,-1.013737187036834,1797.0,1001.0,7.5,1.5188598248684002,12.5,0.9692268750094524,0,4.5
Roefs,Roefs (SUN),Sunderland,GK,5.0,4.1,498016,Robin Roefs,SUN,False,Roefs,False,24.86,14.65,4.9719999999999995,3.09,2.84,2.23,2.15,1.62,2.72,2.12,2.84,2.84,2.39,19.369999999999997,3.8739999999999997,3.51,3.62,3.09,3.0,2.81,3.34,4.719999999999997,,True,13.782,11.078,0.0,2.4704,6.51,0.8664351538526669,89.98599508599509,player history,3150.0,0.0060330715636363,0.0068524490406948,2.8,0.0,,,,35.0,3150.0,0.0,0.15129924,0.0,0.004322835428571429,0.0,0.0,0.0,35.0,35.0,1.0,,,,,,-0.1595957595248902,0.0430015486157864,17,4,-1.090859547158444,1736.0,1001.0,5.0,1.3598200174861137,13.0,0.9373583103653522,0,5.0
Dalot,Dalot (MUN),Man United,DEF,5.0,2.6,216051,Diogo Dalot Teixeira,MUN,False,Dalot,False,24.82,16.189999999999998,4.964,3.0,4.39,2.22,1.83,2.12,2.63,2.14,2.28,1.82,2.39,20.43,4.086,4.22,4.12,3.13,2.73,3.12,3.11,4.240000000000002,,True,15.247,7.715,1.858,3.2359,8.883799999999999,0.5372285970736791,87.77720739219713,player history,4015.5,0.1462406308681045,0.0881284033128202,6.9503458474455,0.0,,,,35.0,2609.0,1.9,2.52008647,0.06554235339210425,0.0869328410502108,24.0,1.0,6.0,30.0,35.0,0.8571428571428571,134.0,3.0,44.666666666666664,0.0,0.0,0.2911586787820938,0.036515569746031,3,5,1.2388665527515443,1915.0,7.0,34.0,1.2712178238678356,12.0,1.0271008142253517,0,5.0
Ødegaard,Ødegaard (ARS),Arsenal,MID,6.5,10.8,184029,Martin Ødegaard,ARS,False,Ødegaard,False,24.51,15.01,3.770769230769231,2.54,3.83,2.2,2.09,2.0,2.35,2.1,2.22,2.1,3.06,22.919999999999998,3.526153846153846,4.7,3.36,3.66,3.66,3.48,4.06,7.909999999999998,,True,21.877000000000002,2.169,0.46399999999999997,3.2453000000000003,9.299900000000001,0.3239157170775149,86.08316498316499,player history,2527.0,0.3439484486193535,0.2383694218956358,7.102360918225635,0.0,3.0,,4.0,26.0,1363.0,1.25,3.36423003,0.08253851797505503,0.22214284864269992,22.0,1.0,7.0,16.0,25.0,0.64,162.0,3.0,54.0,0.85,0.09,0.306541748174989,0.5456367033856973,2,1,1.7079738846388108,2064.0,2.5,101.0,0.7593381876414202,10.05,1.1953980873144028,0,6.5
Sels,Sels (NFO),Nott'm Forest,GK,5.0,1.6,85633,Matz Sels,NFO,False,Sels,False,24.12,15.360000000000001,4.824,2.58,2.32,2.67,2.24,3.08,2.47,2.07,2.77,1.96,1.94,19.29,3.8579999999999997,3.45,2.83,3.22,2.98,3.73,3.08,3.929999999999998,,True,13.419,10.701,0.0,2.5387999999999997,6.51,0.824803097417708,89.98938547486033,player history,4377.0,0.0058550714658508,0.0023305433135986,2.211146988628387,0.0,,,,31.0,2667.0,0.0,0.09413052,0.0,0.003176507986501687,0.0,0.0,0.0,30.0,34.0,0.8823529411764706,90.0,1.0,90.0,0.0,0.0,-0.0456385418439161,0.0051716257511739,13,6,-0.1703073359666486,1822.0,151.0,12.0,1.395107616469235,11.5,1.058773755013881,0,5.0
Fernandes,Fernandes (TOT),Tottenham,MID,6.0,1.7,551226,Mateus Fernandes,TOT,False,Fernandes,False,23.62,14.47,3.936666666666667,2.21,3.33,2.23,2.31,2.29,2.1,2.49,2.11,2.32,2.23,22.000000000000004,3.6666666666666674,3.73,3.91,3.49,3.91,3.68,3.28,7.530000000000003,,True,16.648000000000003,1.389,5.583,2.6452,8.0821,0.5731209047701777,86.17001795332136,player history,4476.5,0.1843512838947569,0.1004013649470014,10.712036609429449,0.0,,,,36.0,3017.0,1.94,3.0223621,0.057872058336095454,0.09015995657938349,28.0,3.0,4.0,35.0,36.0,0.9722222222222222,73.0,2.0,36.5,0.0,0.0,-0.0511239337666682,-0.1320343685467415,15,17,0.4131043967098503,1777.0,41.0,17.0,1.5616840436848023,10.0,1.2135919166562028,0,6.0
Ajer,Ajer (BRE),Brentford,DEF,4.5,3.8,191866,Kristoffer Ajer,BRE,False,Ajer,False,23.57,14.35,5.237777777777778,2.37,3.69,2.34,1.84,2.11,2.0,2.12,2.77,2.37,1.96,17.23,3.828888888888889,3.32,2.99,3.58,2.7,2.44,2.2,2.880000000000001,,True,12.62,6.716,4.234,3.0107,8.411800000000001,0.4064328804190805,86.03211009174314,player history,2525.5,0.0825199016806928,0.0307890373846545,9.902817085099445,0.0,,,,32.0,1805.0,0.76,0.70782828,0.03789473684210526,0.03529337684210526,10.0,0.0,2.0,20.0,35.0,0.5714285714285714,71.0,1.0,71.0,0.0,0.0,0.1430094199147795,-0.010658247439459,7,9,-0.3895837925260162,1837.0,251.0,11.0,1.3527334738773589,13.0,0.9307068915414188,0,4.5
Wharton,Wharton (CRY),Crystal Palace,MID,5.5,0.9,496221,Adam Wharton,CRY,False,Wharton,False,23.54,14.49,4.28,2.18,3.05,2.21,2.61,2.18,2.26,2.09,2.46,2.23,2.29,18.76,3.410909090909091,3.16,2.93,2.96,3.57,2.95,3.19,4.270000000000001,,True,18.683999999999997,1.658,3.198,2.6847000000000003,8.1297,0.6122854564262221,83.0016990291262,player history,3215.0,0.2840103736639556,0.2128094326821716,10.385625364715038,0.0,,,1.0,34.0,2552.0,1.51,7.4305261400000004,0.053252351097178685,0.26204833565830726,30.0,1.0,6.0,29.0,34.0,0.8529411764705882,61.0,1.0,61.0,0.03,0.02,-0.1171465215222359,0.0042638165422642,16,7,-0.2542419079126018,1804.0,151.0,7.5,1.3534243888033963,11.5,1.066056186213018,0,5.5
Sessegnon,Sessegnon (FUL),Fulham,DEF,4.5,0.4,184349,Ryan Sessegnon,FUL,False,Sessegnon,False,23.52,13.19,5.226666666666667,2.14,2.07,2.41,1.9,2.09,2.58,3.32,2.48,2.02,2.51,8.46,1.8800000000000001,1.42,1.28,1.54,1.06,1.36,1.8,-4.729999999999999,,True,14.591,5.884,3.045,3.4061,9.2117,0.4564401688516291,83.92446808510638,player history,2106.0,0.2105478741486068,0.0902522193995397,10.3828185829224,0.0,,,,28.0,1816.0,1.6,1.69202543,0.07929515418502203,0.08385588584801762,16.0,3.0,3.0,19.0,27.0,0.7037037037037037,61.0,1.0,61.0,0.0,0.0,-0.0437533840320386,-0.0184124304418098,12,10,-0.4710331570871442,1813.0,251.0,7.0,1.3248346722551338,12.0,1.0152557049594606,0,4.5
Tete,Tete (FUL),Fulham,DEF,4.5,0.3,167074,Kenny Tete,FUL,False,Tete,False,23.36,13.060000000000002,5.191111111111111,2.06,2.06,2.41,1.86,2.12,2.55,3.2,2.49,2.07,2.53,3.78,0.84,0.72,0.6,0.68,0.47,0.58,0.73,-9.280000000000003,,True,13.110000000000001,7.333,2.917,3.1504000000000003,8.4745,0.6043150665422345,87.77377521613833,player history,2680.5,0.1137355720874973,0.0557061230454962,9.024748966331954,0.0,,,,26.0,1791.0,0.94,1.45343405,0.04723618090452261,0.07303688693467338,16.0,1.0,0.0,21.0,28.0,0.75,15.0,1.0,15.0,0.0,0.0,-0.0437533840320386,-0.0184124304418098,12,10,-0.4710331570871442,1813.0,251.0,7.0,1.3248346722551338,12.0,1.0152557049594606,0,4.5
A.Becker,A.Becker (LIV),Liverpool,GK,5.5,3.7,116535,Alisson Becker,LIV,False,A.Becker,False,23.33,14.510000000000002,4.241818181818181,2.42,2.78,2.96,2.62,1.9,1.83,1.88,2.52,1.98,2.44,21.61,3.929090909090909,3.43,3.79,3.83,3.91,3.4,3.25,7.099999999999998,,True,13.460999999999999,9.869,0.0,2.505,6.51,0.848239229075713,89.8671772428884,player history,3594.5,0.0051795839707122,0.0007397372392717,2.080188679245283,0.0,,,,26.0,2340.0,0.0,0.04335076,0.0,0.0016673369230769232,0.0,0.0,0.0,26.0,26.0,1.0,45.0,1.0,45.0,0.0,0.0,0.2217904378795187,-0.0207728027571259,4,13,1.3549493323437265,1911.0,6.0,51.0,1.4367612878896527,9.9,1.2427165780373892,0,5.5
Van de Ven,Van de Ven (TOT),Tottenham,DEF,5.0,4.4,491279,Micky van de Ven,TOT,False,Van de Ven,False,23.12,13.91,4.6240000000000006,1.93,3.24,2.24,2.43,2.35,1.72,2.77,1.77,2.55,2.12,7.49,1.498,0.0,0.0,0.0,1.99,3.1,2.4,-6.42,,True,12.218,6.2170000000000005,4.685,3.0088999999999997,8.311800000000002,0.5443495266457604,88.90837104072398,player history,3550.0,0.0914193071215971,0.016628123367627,7.617863842914912,0.0,,,,35.0,3041.0,2.52,0.37635224,0.07458073002301874,0.011138343176586648,16.0,4.0,1.0,35.0,36.0,0.9722222222222222,,,,,,-0.0511239337666682,-0.1320343685467415,15,17,0.4131043967098503,1777.0,41.0,17.0,1.5616840436848023,10.0,1.2135919166562028,0,5.0
Gravenberch,Gravenberch (LIV),Liverpool,MID,6.0,2.0,441266,Ryan Gravenberch,LIV,False,Gravenberch,False,22.94,14.4,3.8233333333333337,2.35,3.08,2.48,2.31,2.12,2.06,2.11,2.25,2.02,2.16,19.840000000000003,3.306666666666667,3.25,3.5,3.43,3.46,3.19,3.01,5.440000000000003,,True,19.125000000000004,1.734,2.081,2.3738,7.4925,0.7582213604273034,86.757848324515,player history,4575.0,0.1385058192570194,0.080122904262812,8.875491813681938,0.0,,,,36.0,2991.0,1.9,2.26216599,0.05717151454363089,0.06806918726178536,38.0,5.0,5.0,34.0,36.0,0.9444444444444444,194.0,3.0,64.66666666666667,0.0,0.0,0.2217904378795187,-0.0207728027571259,4,13,1.3549493323437265,1911.0,6.0,51.0,1.4367612878896527,9.9,1.2427165780373892,0,6.0
Kluivert,Kluivert (BOU),Bournemouth,MID,6.0,1.2,222683,Justin Kluivert,BOU,False,Kluivert,False,22.93,14.069999999999999,3.8216666666666668,1.81,3.46,2.28,2.24,2.28,2.0,2.23,1.99,2.27,2.37,22.189999999999998,3.698333333333333,3.13,4.21,3.7,4.23,3.65,3.27,8.12,,True,21.424,1.29,0.216,2.9964,8.558000000000002,0.432979387095499,77.43510638297872,player history,2123.0,0.3436811328625933,0.1568436349965732,6.830917874396135,0.0,2.0,2.0,3.0,21.0,945.0,2.33,1.54783234,0.2219047619047619,0.1474126038095238,17.0,2.0,0.0,10.0,21.0,0.47619047619047616,46.0,1.0,46.0,0.0,0.0,0.1506897455710198,-0.0576312175215828,6,14,-0.3357978660576632,1872.0,251.0,15.0,1.5252296038761777,10.0,1.1669618261656498,0,6.0
Silva,Silva (BOU),Bournemouth,DEF,5.0,0.3,483067,António João Pereira de Albuquerque Tavares da Silva,BOU,False,Silva,True,22.91,13.979999999999999,4.582,1.59,4.11,2.26,2.15,2.09,1.78,2.45,1.67,2.32,2.48,15.940000000000001,3.188,2.16,3.34,2.72,3.14,2.57,2.01,1.9600000000000026,,True,12.556999999999999,6.041,4.312,3.5037999999999996,8.3656,0.4226128778959441,87.5,positional fallback,0.0,0.1092948469717025,0.054907706709325,8.421520428158146,0.0,,,,,,,,,,,,,,,,,,,,,0.1506897455710198,-0.0576312175215828,6,14,-0.3357978660576632,1872.0,251.0,15.0,1.5252296038761777,10.0,1.1669618261656498,0,5.0
Aaronson,Aaronson (LEE),Leeds,MID,5.5,0.9,427637,Brenden Aaronson,LEE,False,Aaronson,False,22.66,13.9,4.12,2.1,3.25,2.07,2.47,2.25,1.76,2.18,2.11,2.1,2.38,15.25,2.772727272727273,2.69,2.97,2.35,2.65,2.69,1.9,1.3499999999999996,,True,20.432,1.558,0.67,2.7386,8.374500000000001,0.5785814227575481,79.54510385756676,player history,2449.0,0.2942329371415612,0.1282005507962829,8.00080632968805,0.0,,3.0,,37.0,2449.0,4.51,3.60026059,0.1657411188240098,0.1323084741118824,41.0,4.0,8.0,30.0,38.0,0.7894736842105263,176.0,4.0,44.0,0.0,0.0,-0.0142035236369779,-0.0754441195474228,11,15,-1.013737187036834,1797.0,1001.0,7.5,1.5188598248684002,12.5,0.9692268750094524,0,5.5
Wood,Wood (NFO),Nott'm Forest,FWD,6.0,1.7,60689,Chris Wood,NFO,False,Wood,False,22.54,13.790000000000001,3.7566666666666664,2.36,1.78,2.53,2.23,2.72,2.17,1.95,2.47,2.23,2.09,13.599999999999998,2.266666666666666,2.42,1.92,2.32,2.04,2.69,2.21,-0.19000000000000306,,True,22.54,0.0,0.0,3.2714,8.2686,0.575681358188194,81.1460843373494,player history,2384.0,0.4096660274860739,0.0440912910309989,3.450735621934909,0.1,1.0,,,15.0,896.0,4.26,0.31730943,0.42790178571428567,0.03187259899553571,22.0,3.0,0.0,11.0,15.0,0.7333333333333333,10.0,2.0,10.0,0.0,0.0,-0.0456385418439161,0.0051716257511739,13,6,-0.1703073359666486,1822.0,151.0,12.0,1.395107616469235,11.5,1.058773755013881,0,6.0
Bruno G.,Bruno G. (ARS),Arsenal,MID,7.0,3.2,208706,Bruno Guimarães Rodriguez Moura,ARS,False,Bruno G.,False,22.31,12.969999999999999,3.187142857142857,2.52,1.86,2.15,2.13,1.95,2.36,2.02,2.24,2.07,3.03,16.59,2.37,3.66,2.45,2.57,2.6,2.48,2.83,3.620000000000001,,True,19.230999999999998,2.343,0.736,3.309,9.2372,0.5424905234029245,86.9955512572534,player history,4097.0,0.2938044051435673,0.1567229246735482,7.4743615523828675,0.0,4.0,,5.0,29.0,2456.0,5.6521,4.5495483,0.20712092833876222,0.16671797516286643,42.0,9.0,7.0,27.0,30.0,0.9,90.0,2.0,45.0,0.04,0.01,0.306541748174989,0.5456367033856973,2,1,1.7079738846388108,2064.0,2.5,101.0,0.7593381876414202,10.05,1.1953980873144028,0,7.0
Struijk,Struijk (BHA),Brighton,DEF,5.0,0.2,222694,Pascal Struijk,BHA,False,Struijk,False,22.31,13.64,4.462,2.38,1.91,2.45,2.58,1.96,2.36,2.63,2.05,1.64,2.36,10.639999999999999,2.1279999999999997,0.5,1.58,2.44,2.27,1.7,2.15,-3.0000000000000018,,True,11.887999999999998,6.871,3.551,3.1601,8.311800000000002,0.6923244982070561,89.40981432360743,player history,2935.0,0.1173926860873306,0.0333906434302226,9.704009464400944,0.0,,,,34.0,2935.0,3.08,0.77998887,0.09444633730834752,0.023917886984667798,31.0,0.0,1.0,33.0,36.0,0.9166666666666666,,,,,,0.0842682216689143,0.0973748541570488,9,3,0.0297333718288103,1842.0,101.0,15.0,1.3234673027835793,10.8,1.130590346257485,0,5.0
E. Martinez (AVL),E. Martinez (AVL),Aston Villa,GK,5.0,4.2,98980,Emiliano Martínez Romero,AVL,True,Martinez,False,22.22,14.23,4.444,2.28,1.83,3.12,2.48,2.29,2.23,2.16,1.8,2.43,1.6,9.04,1.8079999999999998,1.33,1.33,1.71,1.62,1.38,1.67,-5.190000000000001,,True,12.424999999999999,9.795,0.0,2.4267,6.51,0.7551896887210209,89.98938547486033,player history,4432.5,0.0038733353702468,0.0030907820699676,2.179640718562874,0.0,,,,32.0,2835.0,0.0,0.11164749,0.0,0.003544364761904762,0.0,0.0,1.0,32.0,32.0,1.0,,,,,,0.0916761005372474,-0.0195020800368329,8,11,0.667472079995315,1921.0,26.0,26.0,1.4559886468855003,12.45,0.9473005095465162,0,5.0
Greaves,Greaves (IPS),Ipswich,DEF,4.0,1.5,449429,Jacob Greaves,IPS,False,Greaves,False,21.98,13.209999999999999,5.495,2.38,2.21,1.98,2.2,2.1,2.34,1.5,2.35,2.76,2.17,14.71,3.6775,3.17,1.86,2.26,2.36,2.39,2.67,1.5000000000000018,,True,9.887,4.969,7.124,2.7960000000000003,8.158000000000001,0.6923464968100435,89.19491525423729,player history,1102.5,0.0744708423326133,0.0210847700534759,8.59,0.0,,,,,,,,,,,,,,,,126.0,2.0,63.0,0.0,0.0,-0.2918528340454071,-0.2856043837956666,19,19,-1.3315882955947056,1640.0,1001.0,1.85,1.8535840736204665,13.0,0.9266892410460464,1,4.0
Castagne,Castagne (FUL),Fulham,DEF,4.5,0.4,166477,Timothy Castagne,FUL,False,Castagne,False,21.93,12.989999999999998,4.873333333333333,1.73,3.53,2.13,1.61,1.79,2.2,2.78,2.18,1.78,2.19,13.489999999999998,2.9977777777777774,2.29,2.38,2.63,1.67,2.04,2.48,0.5,,True,13.201,7.051,1.678,2.8904,7.7208,0.4790717472265483,88.06475903614458,player history,2659.5,0.1108167899092252,0.0674118976846413,7.741237312090454,0.0,,,,33.0,1838.0,1.42,1.39313667,0.06953210010881393,0.06821670310119696,13.0,0.0,2.0,20.0,38.0,0.5263157894736842,165.0,2.0,82.5,0.0,0.0,-0.0437533840320386,-0.0184124304418098,12,10,-0.4710331570871442,1813.0,251.0,7.0,1.3248346722551338,12.0,1.0152557049594606,0,4.5
Eze,Eze (ARS),Arsenal,MID,6.5,1.9,232413,Eberechi Eze,ARS,False,Eze,False,21.79,12.67,3.352307692307692,2.48,1.83,2.17,2.02,1.9,2.27,1.95,2.19,1.99,2.98,4.4,0.676923076923077,1.07,0.61,0.63,0.65,0.65,0.79,-8.27,,True,20.026,1.647,0.11699999999999999,3.4965,9.4999,0.3531134565529539,81.44424083769634,player history,3185.0,0.3956976768753751,0.1351197976255495,6.183076439131803,0.0,,3.0,,33.0,1885.0,5.1,2.64200545,0.24350132625994694,0.12614349628647217,60.0,7.0,3.0,22.0,37.0,0.5945945945945946,38.0,2.0,19.0,0.0,0.0,0.306541748174989,0.5456367033856973,2,1,1.7079738846388108,2064.0,2.5,101.0,0.7593381876414202,10.05,1.1953980873144028,0,6.5
De Cuyper,De Cuyper (BHA),Brighton,DEF,4.6,6.1,465730,Maxim De Cuyper,BHA,False,De Cuyper,False,21.78,13.89,4.734782608695653,2.1,3.45,2.21,2.31,1.73,2.09,2.34,1.85,1.55,2.17,19.09,4.15,3.91,2.57,3.99,3.53,2.36,2.73,5.199999999999999,,True,16.029,5.3260000000000005,0.425,3.0529,8.1973,0.2100164385615085,82.35875706214689,player history,1404.0,0.3222079785201149,0.2345052653012259,5.947485632183907,0.0,,4.0,2.0,34.0,1404.0,1.82,4.11590723,0.11666666666666667,0.2638402070512821,13.0,2.0,3.0,17.0,36.0,0.4722222222222222,96.0,2.0,48.0,0.0,0.0,0.0842682216689143,0.0973748541570488,9,3,0.0297333718288103,1842.0,101.0,15.0,1.3234673027835793,10.8,1.130590346257485,0,4.5
Barry,Barry (EVE),Everton,FWD,5.5,2.2,586309,Thierno Barry,EVE,False,Barry,False,21.75,13.86,3.9545454545454546,1.97,3.33,1.98,1.97,2.28,2.33,2.04,1.54,1.98,2.31,16.08,2.9236363636363634,3.11,2.51,2.46,2.33,2.97,2.7,2.219999999999999,,True,21.747,0.0,0.003,2.8566,7.353,0.3705807500018568,79.13157894736842,player history,1898.0,0.4124708255723758,0.0367759581632415,3.710121356186664,0.0,2.0,,,38.0,1898.0,8.2,0.46628352,0.3888303477344573,0.022110388198103268,38.0,8.0,0.0,21.0,38.0,0.5526315789473685,181.0,4.0,60.333333333333336,0.28,0.13,-0.0485965292955978,-0.0016800106760029,14,8,-0.3604498186276618,1803.0,251.0,13.0,1.3469411290581967,14.0,0.8592747333873535,0,5.5
Amenda,Amenda (COV),Coventry,DEF,4.0,0.9,539142,Aurèle Amenda,COV,False,Amenda,True,21.72,13.320000000000002,5.43,1.57,4.04,1.44,2.12,1.93,2.22,1.96,2.18,2.34,1.93,16.43,4.1075,1.93,4.0,1.96,2.93,2.58,3.03,3.1099999999999977,,True,10.276,5.631,5.813,2.9634,8.011800000000001,0.5200857178054814,87.5,positional fallback,0.0,0.0780161196265875,0.0391938534500658,8.421520428158146,0.0,,,,,,,,,,,,,,,,90.0,1.0,90.0,0.0,0.0,-0.2513420068722135,-0.260770580087077,18,18,-1.3315882955947056,1661.0,1001.0,1.85,1.757725872128414,13.0,0.9031690971170778,1,4.0
Rashford,Rashford (MUN),Man United,MID,7.0,1.7,176297,Marcus Rashford,MUN,False,Rashford,False,21.7,14.3,3.1,2.31,4.77,1.81,1.68,1.68,2.05,1.71,1.97,1.78,1.94,0.77,0.11,0.14,0.12,0.11,0.12,0.13,0.15,-13.530000000000001,,True,20.058999999999997,1.036,0.605,3.3374,9.1239,0.2458741871829458,78.63543307086614,player history,713.0,0.3990963463788844,0.1859043890805764,8.4,0.0,,,,,,,,,,,,,,,,29.0,1.0,29.0,0.0,0.0,0.2911586787820938,0.036515569746031,3,5,1.2388665527515443,1915.0,7.0,34.0,1.2712178238678356,12.0,1.0271008142253517,0,7.0
Reinildo,Reinildo (SUN),Sunderland,DEF,4.5,0.5,434399,Reinildo Mandava,SUN,False,Reinildo,False,21.5,13.090000000000002,4.777777777777778,2.41,3.2,1.91,1.86,1.48,2.23,1.83,2.28,2.28,2.02,15.329999999999998,3.4066666666666663,3.21,3.08,2.4,2.12,1.76,2.76,2.2399999999999967,,True,10.884,6.86,3.756,2.683,8.1118,0.6349959260557395,87.70599250936328,player history,1966.0,0.0491612245717409,0.0292429790984769,8.612544040821286,0.0,,,,25.0,1966.0,0.13999999999999999,0.67316203,0.006408952187182095,0.030816166174974565,4.0,0.0,2.0,23.0,25.0,0.92,45.0,1.0,45.0,0.0,0.0,-0.1595957595248902,0.0430015486157864,17,4,-1.090859547158444,1736.0,1001.0,5.0,1.3598200174861137,13.0,0.9373583103653522,0,4.5
Damsgaard,Damsgaard (BRE),Brentford,MID,5.5,0.6,440089,Mikkel Damsgaard,BRE,False,Damsgaard,False,21.46,12.559999999999999,3.901818181818182,2.3,1.8,2.12,2.06,2.26,2.02,2.24,2.56,2.16,1.95,8.17,1.4854545454545454,1.27,1.25,1.46,1.36,1.39,1.44,-4.389999999999999,,True,17.982000000000003,1.301,2.177,2.903,8.3656,0.5127604204458496,82.36398210290828,player history,3509.0,0.3226242149653376,0.213763622127747,10.252026788861471,0.0,,3.0,3.0,33.0,2046.0,2.6100000000000003,5.26929202,0.11480938416422289,0.23178703900293254,29.0,4.0,4.0,24.0,35.0,0.6857142857142857,19.0,1.0,19.0,0.0,0.01,0.1430094199147795,-0.010658247439459,7,9,-0.3895837925260162,1837.0,251.0,11.0,1.3527334738773589,13.0,0.9307068915414188,0,5.5
Araujo,Araujo (LIV),Liverpool,DEF,5.5,2.7,445087,Ronald Araujo,LIV,False,Araujo,True,21.43,13.02,3.8963636363636365,2.23,1.98,2.62,2.37,1.94,1.88,1.99,2.35,1.87,2.2,10.47,1.9036363636363638,1.7,1.94,1.8,1.86,1.61,1.56,-2.549999999999999,,True,12.222999999999999,5.442,3.765,3.7196,8.411800000000001,0.4366734450661373,87.5,positional fallback,0.0,0.1284988437474404,0.0645554389842239,8.421520428158146,0.0,,,,,,,,,,,,,,,,45.0,1.0,45.0,0.0,0.0,0.2217904378795187,-0.0207728027571259,4,13,1.3549493323437265,1911.0,6.0,51.0,1.4367612878896527,9.9,1.2427165780373892,0,5.5
Jay Dasilva (COV),Jay Dasilva (COV),Coventry,DEF,4.0,0.9,173878,Jay Dasilva,COV,True,Dasilva,True,21.4,13.14,5.35,1.51,3.99,1.47,2.08,1.86,2.23,1.92,2.17,2.24,1.92,15.53,3.8825,1.68,3.98,1.72,2.81,2.41,2.93,2.389999999999999,,True,9.966000000000001,5.537,5.896999999999999,2.872,7.958000000000001,0.5200857178054814,87.5,positional fallback,0.0,0.0780161196265875,0.0391938534500658,8.421520428158146,0.0,,,,,,,,,,,,,,,,90.0,1.0,90.0,0.0,0.0,-0.2513420068722135,-0.260770580087077,18,18,-1.3315882955947056,1661.0,1001.0,1.85,1.757725872128414,13.0,0.9031690971170778,1,4.0
Diop,Diop (IPS),Ipswich,DEF,4.0,17.5,219924,Issa Diop,IPS,False,Diop,False,21.39,12.849999999999998,5.3475,2.34,2.11,1.98,2.13,2.03,2.26,1.49,2.29,2.65,2.11,16.669999999999998,4.1674999999999995,3.5,2.02,2.54,2.69,2.74,3.18,3.8200000000000003,,True,10.644000000000002,4.568,6.178,2.758,8.1118,0.3276705556218161,88.51449275362319,player history,1479.5,0.0783741395550109,0.0104866054454934,8.26928673664122,0.0,,,,20.0,812.0,0.8,0.05284437,0.08866995073891626,0.005857134605911331,2.0,1.0,0.0,8.0,24.0,0.3333333333333333,134.0,2.0,67.0,0.0,0.0,-0.2918528340454071,-0.2856043837956666,19,19,-1.3315882955947056,1640.0,1001.0,1.85,1.8535840736204665,13.0,0.9266892410460464,1,4.0
D. Gomez (BHA),D. Gomez (BHA),Brighton,MID,5.0,3.8,514254,Diego Gómez Amarilla,BHA,True,Gomez,False,21.37,13.450000000000001,4.274,2.05,3.38,2.07,2.25,1.72,1.98,2.14,1.96,1.67,2.17,21.43,4.286,4.06,3.32,4.11,3.75,2.98,3.21,7.979999999999999,,True,19.372000000000003,1.467,0.531,2.7941,8.437700000000001,0.3995661274504538,80.16840390879479,player history,2373.0,0.330111253114805,0.0893261990564368,7.659683771904789,0.0,,5.0,,32.0,2117.0,6.3408,1.60575303,0.2695663675011809,0.06826536263580539,40.0,5.0,1.0,26.0,32.0,0.8125,126.0,2.0,63.0,0.0,0.0,0.0842682216689143,0.0973748541570488,9,3,0.0297333718288103,1842.0,101.0,15.0,1.3234673027835793,10.8,1.130590346257485,0,5.0
Petrović,Petrović (BOU),Bournemouth,GK,4.5,3.3,457569,Đorđe Petrović,BOU,False,Petrović,False,21.34,12.04,4.742222222222222,1.43,2.63,2.21,2.13,2.02,1.62,2.72,1.51,2.5,2.55,18.2,4.044444444444444,2.77,3.41,3.01,3.27,2.97,2.77,6.16,,True,12.343,8.997,0.0,2.3133,6.51,0.8856513961649343,89.98695652173913,player history,3420.0,0.0026214930405405,3.849350649350649e-05,2.3175675675675675,0.0,,,,38.0,3420.0,0.0,0.02513742,0.0,0.0006615110526315789,0.0,0.0,0.0,38.0,38.0,1.0,90.0,1.0,90.0,0.0,0.0,0.1506897455710198,-0.0576312175215828,6,14,-0.3357978660576632,1872.0,251.0,15.0,1.5252296038761777,10.0,1.1669618261656498,0,4.5
McGinn,McGinn (AVL),Aston Villa,MID,5.5,3.0,122806,John McGinn,AVL,False,McGinn,False,21.33,13.04,3.878181818181818,2.01,1.81,2.63,2.22,2.17,2.2,2.2,1.97,2.18,1.95,18.93,3.441818181818182,3.03,2.68,3.56,3.41,2.8,3.45,5.890000000000001,,True,19.451999999999998,1.6420000000000001,0.236,2.5407,8.1849,0.5819064593175483,79.6451388888889,player history,3251.0,0.2669252230938445,0.1436635063965663,6.6383412644459545,0.0,,,2.0,30.0,2136.0,2.97,3.74375461,0.12514044943820224,0.1577424695224719,26.0,5.0,4.0,28.0,30.0,0.9333333333333333,117.0,3.0,58.5,0.0,0.0,0.0916761005372474,-0.0195020800368329,8,11,0.667472079995315,1921.0,26.0,26.0,1.4559886468855003,12.45,0.9473005095465162,0,5.5
Mendy,Mendy (HUL),Hull,DEF,4.0,2.3,606930,Nobel Mendy,HUL,False,Mendy,True,21.25,12.78,5.3125,1.79,2.77,2.13,1.74,2.01,2.34,2.02,2.16,2.75,1.54,12.469999999999999,3.1174999999999997,1.41,2.53,2.3,1.56,2.09,2.58,-0.3100000000000005,,True,8.504,3.722,9.024,2.6734999999999998,7.729900000000001,0.6009328101868082,87.5,positional fallback,0.0,0.0780161196265875,0.0391938534500658,8.421520428158146,0.0,,,,,,,,,,,,,,,,30.0,1.0,30.0,0.0,0.0,-0.4519100791990885,-0.454055750336764,20,20,-1.5007189863388086,1533.0,1001.0,1.26,2.241860660354812,13.5,0.876626488060625,1,4.0
Berge,Berge (FUL),Fulham,MID,5.0,0.4,207189,Sander Berge,FUL,False,Berge,False,21.16,12.7,4.232,1.98,2.74,2.04,1.91,1.96,2.07,2.34,2.07,1.93,2.12,14.669999999999998,2.9339999999999997,2.43,2.44,2.64,2.28,2.38,2.5,1.9699999999999989,,True,17.019000000000002,2.229,1.912,2.0567,5.811999999999999,0.7146225521820181,85.9189134808853,player history,4017.5,0.0906152929094006,0.0494486755481817,8.645127670661802,0.0,,,,37.0,2904.0,1.54,1.24117439,0.04772727272727273,0.038466148450413226,15.0,0.0,3.0,35.0,37.0,0.9459459459459459,165.0,2.0,82.5,0.0,0.0,-0.0437533840320386,-0.0184124304418098,12,10,-0.4710331570871442,1813.0,251.0,7.0,1.3248346722551338,12.0,1.0152557049594606,0,5.0
Gyökeres,Gyökeres (ARS),Arsenal,FWD,7.4,7.5,224117,Viktor Gyökeres,ARS,False,Gyökeres,False,20.84,12.09,2.816216216216216,2.37,1.89,2.0,1.87,1.75,2.21,1.82,2.09,1.92,2.91,9.04,1.2216216216216214,2.09,1.27,1.35,1.36,1.35,1.62,-3.0500000000000007,,True,20.839,0.0,0.001,3.3116,8.2511,0.3137592675809817,80.01985559566788,player history,2217.0,0.4707114514737362,0.0675524447318832,3.6357648608595423,0.0,2.0,,,36.0,2217.0,12.34,1.84252688,0.5009472259810555,0.07479811420838972,54.0,14.0,1.0,26.0,36.0,0.7222222222222222,201.0,5.0,40.2,0.0,0.0,0.306541748174989,0.5456367033856973,2,1,1.7079738846388108,2064.0,2.5,101.0,0.7593381876414202,10.05,1.1953980873144028,0,7.5
Khusanov,Khusanov (MCI),Man City,DEF,5.5,1.8,578153,Abdukodir Khusanov,MCI,False,Khusanov,False,20.8,13.2,3.7818181818181817,1.84,3.96,2.13,1.55,2.1,1.62,2.22,1.73,1.89,1.77,16.01,2.910909090909091,3.23,2.68,3.3,1.96,3.02,1.82,2.8100000000000023,,True,11.842,7.6129999999999995,1.345,2.9266,7.340000000000001,0.3385243580184049,87.73648648648648,player history,1679.0,0.0775801851311146,0.0375332839305566,8.05659232406021,0.0,,,,24.0,1427.0,0.6900000000000001,0.56335939,0.043517869656622285,0.03553072536790469,6.0,0.0,0.0,15.0,30.0,0.5,180.0,2.0,90.0,0.0,0.02,0.3979137564561784,0.3023979198869594,1,2,1.5720974480619654,1971.0,3.5,67.0,1.0050081070657415,12.3,0.9984810217456443,0,5.5
Brobbey,Brobbey (SUN),Sunderland,FWD,6.0,13.3,441264,Brian Brobbey,SUN,False,Brobbey,False,20.78,12.469999999999999,3.4633333333333334,2.19,2.76,1.99,1.77,1.76,2.0,1.95,2.1,2.16,2.1,19.6,3.266666666666667,3.66,3.69,3.16,2.86,2.74,3.49,7.130000000000003,,True,20.773,0.0,0.007,2.4228,7.353,0.4812841007459703,79.94569288389513,player history,1920.0,0.3323614599814127,0.0454454302065057,3.674721189591079,0.0,,,,31.0,1920.0,6.04,0.67478407,0.283125,0.03163050328125,36.0,7.0,2.0,22.0,33.0,0.6666666666666666,0.0,1.0,,0.0,0.0,-0.1595957595248902,0.0430015486157864,17,4,-1.090859547158444,1736.0,1001.0,5.0,1.3598200174861137,13.0,0.9373583103653522,0,6.0
Sánchez,Sánchez (CHE),Chelsea,GK,5.0,2.4,215059,Robert Lynch Sánchez,CHE,False,Sánchez,False,20.73,12.56,4.146,1.98,2.6,1.45,2.88,1.62,2.03,1.98,2.32,1.75,2.11,20.740000000000002,4.148000000000001,3.38,3.51,2.85,4.22,3.21,3.57,8.180000000000001,,True,11.595,9.135,0.0,2.4225000000000003,6.51,0.726436308555627,89.55888689407541,player history,4480.0,0.0029660179095713,0.0053169203994653,2.338198498748957,0.0,,,,36.0,3040.0,0.0,0.064639,0.0,0.0019136546052631578,0.0,0.0,1.0,35.0,36.0,0.9722222222222222,196.0,3.0,65.33333333333333,0.0,0.0,0.1836375664015244,-0.0207718609867338,5,12,0.852585347922589,1831.0,15.0,21.0,1.3863447699183449,11.0,1.0737940848414846,0,5.0
Egan,Egan (HUL),Hull,DEF,4.0,1.9,108416,John Egan,HUL,False,Egan,True,20.62,12.5,5.155,1.73,2.8,2.09,1.63,1.97,2.28,1.98,2.08,2.66,1.4,7.1,1.775,1.18,1.39,1.28,0.89,1.09,1.27,-5.4,,True,8.283999999999999,3.745,8.591000000000001,2.668,7.522200000000001,0.5753981461737526,87.5,positional fallback,0.0,0.0780161196265875,0.0391938534500658,8.421520428158146,0.0,,,,,,,,,,,,,,,,60.0,1.0,60.0,0.0,0.0,-0.4519100791990885,-0.454055750336764,20,20,-1.5007189863388086,1533.0,1001.0,1.26,2.241860660354812,13.5,0.876626488060625,1,4.0
Diomande,Diomande (NFO),Nott'm Forest,DEF,5.5,0.8,568420,Ousmane Diomande,NFO,False,Diomande,True,20.58,13.510000000000002,3.7418181818181817,2.02,3.15,2.13,1.8,2.45,1.96,1.6,2.24,1.64,1.58,18.1,3.290909090909091,3.47,2.27,3.07,2.56,3.89,2.84,4.59,,True,11.674999999999997,5.938000000000001,2.967,3.3920000000000003,8.4194,0.3558119655054844,87.5,positional fallback,0.0,0.1284988437474404,0.0645554389842239,8.421520428158146,0.0,,,,,,,,,,,,,,,,,,,,,-0.0456385418439161,0.0051716257511739,13,6,-0.1703073359666486,1822.0,151.0,12.0,1.395107616469235,11.5,1.058773755013881,0,5.5
Beto,Beto (EVE),Everton,FWD,5.5,2.5,486385,Norberto Bercique Gomes Betuncal,EVE,False,Beto,False,20.57,12.56,3.74,1.99,1.83,1.92,2.04,2.35,2.43,2.08,1.54,2.0,2.39,9.37,1.7036363636363634,1.65,1.26,1.34,1.35,1.84,1.93,-3.1900000000000013,,True,20.56,0.0,0.01,2.968,7.7157,0.3149384392866056,77.08922558922559,player history,2315.0,0.5023413721237768,0.0382843987538431,5.071918566054437,0.0,4.0,,,37.0,1551.0,8.9,0.224228,0.5164410058027079,0.01301129593810445,43.0,9.0,1.0,17.0,37.0,0.4594594594594595,89.0,3.0,44.5,0.0,0.0,-0.0485965292955978,-0.0016800106760029,14,8,-0.3604498186276618,1803.0,251.0,13.0,1.3469411290581967,14.0,0.8592747333873535,0,5.5
L. Martinez (MUN),L. Martinez (MUN),Man United,DEF,5.0,1.3,221820,Lisandro Martínez,MUN,True,Martinez,False,20.55,13.469999999999999,4.11,2.38,4.05,1.77,1.51,1.68,2.08,1.78,1.88,1.49,1.94,17.93,3.586,1.4,4.04,3.2,2.8,3.2,3.29,4.460000000000001,,True,11.894000000000002,6.417,2.239,2.9375,7.956999999999999,0.4389011631758579,88.54693140794224,player history,2106.0,0.0922411101651186,0.0452389386417136,7.539600106166505,0.0,,,,18.0,1229.0,0.16,0.62233245,0.011716842961757528,0.045573572416598866,5.0,0.0,0.0,13.0,19.0,0.6842105263157895,29.0,1.0,29.0,0.0,0.0,0.2911586787820938,0.036515569746031,3,5,1.2388665527515443,1915.0,7.0,34.0,1.2712178238678356,12.0,1.0271008142253517,0,5.0
Wieffer,Wieffer (BHA),Brighton,DEF,5.0,0.4,467779,Mats Wieffer,BHA,False,Wieffer,False,20.52,12.440000000000001,4.104,2.16,1.71,2.21,2.33,1.91,2.12,2.4,1.87,1.62,2.18,20.5,4.1,3.73,2.59,4.11,3.87,2.75,3.45,8.059999999999999,,True,11.184,4.675,4.661,3.0239000000000003,8.358,0.387021158623589,85.45102739726028,player history,2405.0,0.1822525960634758,0.0920015689723839,12.004123196101707,0.0,,,,26.0,1901.0,1.93,1.68413407,0.09137296159915832,0.07973280710152551,18.0,2.0,4.0,23.0,26.0,0.8846153846153846,137.0,2.0,68.5,0.0,0.0,0.0842682216689143,0.0973748541570488,9,3,0.0297333718288103,1842.0,101.0,15.0,1.3234673027835793,10.8,1.130590346257485,0,5.0
R. James (CHE),R. James (CHE),Chelsea,DEF,5.5,10.1,225796,Reece James,CHE,True,James,False,20.38,12.91,3.705454545454545,1.81,3.49,1.42,2.68,1.6,1.91,1.73,2.2,1.73,1.81,10.690000000000001,1.9436363636363638,3.36,2.7,0.75,1.55,1.04,1.29,-2.219999999999999,,True,13.34,5.133,1.907,2.9859999999999998,8.389700000000001,0.2577111636514186,87.16329966329965,player history,2489.0,0.1654484194801967,0.1250107182762719,7.57851698274285,0.0,,1.0,1.0,31.0,1957.0,0.98,3.04820404,0.04506898313745529,0.1401831188553909,22.0,2.0,6.0,20.0,32.0,0.625,62.0,1.0,62.0,0.0,0.0,0.1836375664015244,-0.0207718609867338,5,12,0.852585347922589,1831.0,15.0,21.0,1.3863447699183449,11.0,1.0737940848414846,0,5.5
Slater,Slater (HUL),Hull,MID,4.5,3.6,243413,Regan Slater,HUL,False,Slater,True,20.32,12.58,4.515555555555555,1.91,2.88,1.95,1.88,1.94,2.02,1.87,1.95,2.21,1.71,15.970000000000002,3.5488888888888894,2.71,2.78,2.72,2.42,2.63,2.71,3.3900000000000023,,True,17.797,0.945,1.5779999999999998,2.3064,5.8597,0.6798009336648319,83.1,positional fallback,0.0,0.1780987351903563,0.0833402645216931,8.189865176177413,0.0,,,2.0,,,,,,,,,,,,,176.0,2.0,88.0,0.0,0.0,-0.4519100791990885,-0.454055750336764,20,20,-1.5007189863388086,1533.0,1001.0,1.26,2.241860660354812,13.5,0.876626488060625,1,4.5
Dedić,Dedić (NEW),Newcastle,DEF,4.5,0.3,463726,Amar Dedic,NEW,False,Dedić,True,20.21,12.91,4.4911111111111115,1.59,3.36,1.71,1.7,2.59,1.96,1.94,1.82,1.92,1.62,0.0,0.0,0.0,0.0,0.0,0.0,0.0,0.0,-12.91,,True,11.146,5.4190000000000005,3.645,3.3604999999999996,8.3194,0.4089708822765646,87.5,positional fallback,0.0,0.0925743273925264,0.0465076273778755,8.421520428158146,0.0,,,,,,,,,,,,,,,,,,,,,0.0770729134891279,-0.0857761118046507,10,16,0.4131237756486222,1838.0,34.0,11.0,1.387198849514487,10.0,1.1934362314133091,0,4.5
Kerkez,Kerkez (LIV),Liverpool,DEF,5.5,3.6,544877,Milos Kerkez,LIV,False,Kerkez,False,20.19,12.790000000000001,3.6709090909090913,2.01,3.07,2.33,2.11,1.72,1.55,1.7,2.06,1.7,1.94,19.549999999999997,3.5545454545454542,3.05,3.63,3.61,3.7,2.93,2.63,6.759999999999996,,True,11.879000000000001,6.166,2.145,2.6887999999999996,7.4387,0.4975190622761865,86.34696016771488,player history,3922.0,0.0913967191450553,0.0665153894253674,6.4945603294143135,0.0,,,,37.0,2251.0,1.5899999999999999,0.73313757,0.06357174589071522,0.029312475033318523,9.0,2.0,1.0,27.0,38.0,0.7105263157894737,280.0,5.0,56.0,0.0,0.0,0.2217904378795187,-0.0207728027571259,4,13,1.3549493323437265,1911.0,6.0,51.0,1.4367612878896527,9.9,1.2427165780373892,0,5.5
Sadiki,Sadiki (SUN),Sunderland,MID,5.0,0.3,577669,Noah Sadiki,SUN,False,Sadiki,False,20.18,12.2,4.036,2.11,2.63,1.9,1.83,1.77,1.96,1.89,2.06,2.05,1.98,13.630000000000003,2.7260000000000004,2.48,2.42,2.24,2.12,2.07,2.3,1.4300000000000033,,True,17.069,1.9100000000000001,1.201,2.0157,5.6389,0.8602718242210289,86.94237726098191,player history,2891.0,0.1129789631512403,0.0541414123583021,7.800497013558879,0.0,,,,33.0,2891.0,1.45,1.50618806,0.0451400899342788,0.046889285852646144,18.0,0.0,2.0,33.0,33.0,1.0,,,,,,-0.1595957595248902,0.0430015486157864,17,4,-1.090859547158444,1736.0,1001.0,5.0,1.3598200174861137,13.0,0.9373583103653522,0,5.0
Hincapie,Hincapie (ARS),Arsenal,DEF,5.5,1.6,448104,Piero Hincapié,ARS,False,Hincapie,False,20.14,11.81,3.661818181818182,2.27,1.62,1.89,2.0,1.87,2.16,1.91,2.12,1.78,2.53,7.3,1.3272727272727272,1.83,1.05,1.02,1.14,1.05,1.21,-4.510000000000001,,True,10.527,6.995,2.6180000000000003,3.1818,8.520700000000001,0.3293357130117776,88.17510548523207,player history,1787.0,0.1034180889341837,0.0723933094723784,8.825018081399172,0.0,,,,28.0,1787.0,0.36,1.66521542,0.01813094571908226,0.0838664733072188,3.0,1.0,2.0,20.0,30.0,0.6666666666666666,199.0,5.0,39.8,0.0,0.07,0.306541748174989,0.5456367033856973,2,1,1.7079738846388108,2064.0,2.5,101.0,0.7593381876414202,10.05,1.1953980873144028,0,5.5
Lewis-Potter,Lewis-Potter (BRE),Brentford,MID,5.5,0.8,249231,Keane Lewis-Potter,BRE,False,Lewis-Potter,False,20.03,12.28,3.641818181818182,1.99,3.02,1.85,1.74,1.9,1.78,1.95,2.19,1.91,1.7,18.409999999999997,3.3472727272727267,3.27,3.01,3.36,3.03,2.93,2.81,6.129999999999997,,True,18.521,1.489,0.02,2.582,8.4476,0.4899547221807532,84.64366515837104,player history,3510.5,0.2314380395438796,0.1079270108587399,4.729604141291108,0.0,,1.0,,36.0,1960.0,3.0300000000000002,2.50781805,0.1391326530612245,0.11515491045918368,31.0,3.0,4.0,21.0,37.0,0.5675675675675675,79.0,1.0,79.0,0.12,0.19,0.1430094199147795,-0.010658247439459,7,9,-0.3895837925260162,1837.0,251.0,11.0,1.3527334738773589,13.0,0.9307068915414188,0,5.5
Jensen,Jensen (BRE),Brentford,MID,5.5,0.2,207283,Mathias Jensen,BRE,False,Jensen,False,19.72,12.26,3.5854545454545454,1.9,3.31,1.78,1.72,1.86,1.69,1.91,2.12,1.83,1.59,17.759999999999998,3.2290909090909086,3.15,2.87,3.32,2.88,2.87,2.67,5.499999999999998,,True,17.558999999999997,1.157,1.004,2.6395,7.9014,0.4074112626614689,81.35426136363637,player history,2665.0,0.3077452591805197,0.1958078025176166,8.778098296413216,0.0,3.0,2.0,1.0,36.0,2239.0,2.26,6.01944446,0.09084412684234033,0.24196069736489506,29.0,3.0,2.0,26.0,38.0,0.6842105263157895,71.0,1.0,71.0,0.0,0.19,0.1430094199147795,-0.010658247439459,7,9,-0.3895837925260162,1837.0,251.0,11.0,1.3527334738773589,13.0,0.9307068915414188,0,5.5
Kusi-Asare,Kusi-Asare (FUL),Fulham,FWD,4.5,7.1,631786,Jonah Kusi-Asare,FUL,False,Kusi-Asare,True,19.57,11.18,4.348888888888889,1.96,1.57,1.88,1.78,1.94,2.05,2.5,2.0,1.73,2.17,0.41,0.0911111111111111,0.05,0.05,0.06,0.06,0.08,0.11,-10.77,,True,19.442,0.0,0.128,3.3215000000000003,7.8884,0.4476975961996176,81.5,positional fallback,0.0,0.3429617781434363,0.0484810550629663,4.432345205189561,0.0,,,,10.0,49.0,0.0,0.07167854,0.0,0.13165446122448982,0.0,0.0,0.0,0.0,18.0,0.0,,,,,,-0.0437533840320386,-0.0184124304418098,12,10,-0.4710331570871442,1813.0,251.0,7.0,1.3248346722551338,12.0,1.0152557049594606,0,4.5
Frimpong,Frimpong (LIV),Liverpool,DEF,5.5,3.5,216094,Jeremie Frimpong,LIV,False,Frimpong,False,19.49,12.79,3.5436363636363635,1.88,3.94,2.03,1.93,1.57,1.44,1.55,1.9,1.44,1.8,20.98,3.8145454545454545,3.23,3.92,3.87,4.02,3.12,2.82,8.190000000000001,,True,14.644999999999998,4.724,0.121,2.6822,7.132,0.271006202399309,81.51273885350318,player history,1032.0,0.1741999358524788,0.1378745511324025,3.953053204353084,0.0,,,,21.0,1032.0,0.5048,1.76783518,0.04402325581395349,0.15417167267441861,10.0,0.0,5.0,12.0,23.0,0.5217391304347826,336.0,5.0,67.2,0.0,0.0,0.2217904378795187,-0.0207728027571259,4,13,1.3549493323437265,1911.0,6.0,51.0,1.4367612878896527,9.9,1.2427165780373892,0,5.5
Smith Rowe,Smith Rowe (FUL),Fulham,MID,5.5,0.4,209289,Emile Smith Rowe,FUL,False,Smith Rowe,False,19.46,11.090000000000002,3.5381818181818185,1.92,1.59,1.87,1.82,1.92,1.97,2.52,1.99,1.78,2.08,9.35,1.7,1.62,1.38,1.63,1.34,1.55,1.83,-1.740000000000002,,True,17.819000000000003,1.343,0.298,2.7341,8.358,0.4142078487802157,77.29751381215469,player history,2939.5,0.280645258037076,0.076644969077801,7.216584697752599,0.0,,,,37.0,1909.0,4.83,1.10180849,0.22771084337349398,0.05194487380827658,36.0,3.0,1.0,21.0,36.0,0.5833333333333334,61.0,1.0,61.0,0.0,0.0,-0.0437533840320386,-0.0184124304418098,12,10,-0.4710331570871442,1813.0,251.0,7.0,1.3248346722551338,12.0,1.0152557049594606,0,5.5
Elanga,Elanga (NEW),Newcastle,MID,6.0,1.6,449434,Anthony Elanga,NEW,False,Elanga,False,19.41,12.43,3.235,1.73,3.05,1.78,1.71,2.32,1.84,1.83,1.69,1.82,1.64,11.61,1.9349999999999998,1.98,1.8,1.9,1.72,2.25,1.96,-0.8200000000000003,,True,18.328000000000003,1.063,0.019,2.492,8.0641,0.3202626959416444,79.55117845117844,player history,2555.5,0.2831427320640163,0.1440380179699262,4.852717115286948,0.0,,,4.0,34.0,1302.0,1.6500000000000001,1.65100657,0.11405529953917051,0.11412487811059908,16.0,0.0,1.0,14.0,34.0,0.4117647058823529,248.0,4.0,62.0,0.1,0.27,0.0770729134891279,-0.0857761118046507,10,16,0.4131237756486222,1838.0,34.0,11.0,1.387198849514487,10.0,1.1934362314133091,0,6.0
Palacios,Palacios (FUL),Fulham,MID,5.5,0.2,571779,César Palacios,FUL,False,Palacios,True,19.14,11.600000000000001,3.48,1.68,3.13,1.67,1.59,1.72,1.81,2.17,1.86,1.64,1.87,11.319999999999999,2.058181818181818,2.05,1.78,2.03,1.62,1.82,2.02,-0.2800000000000029,,True,16.164,1.648,1.328,3.1498,8.342400000000001,0.3905363328613148,83.1,positional fallback,0.0,0.2239376353783467,0.1047903105479461,8.189865176177413,0.0,,,,,,,,,,,,,,,,119.0,2.0,59.5,0.0,0.0,-0.0437533840320386,-0.0184124304418098,12,10,-0.4710331570871442,1813.0,251.0,7.0,1.3248346722551338,12.0,1.0152557049594606,0,5.5
Anthony,Anthony (BRE),Brentford,MID,6.0,0.2,444180,Jaidon Anthony,BRE,False,Anthony,False,19.13,11.15,3.188333333333333,2.05,1.54,1.92,1.82,2.01,1.81,2.0,2.25,1.97,1.76,7.619999999999999,1.2699999999999998,1.19,1.16,1.38,1.26,1.3,1.33,-3.530000000000001,,True,17.14,1.296,0.694,2.8626,8.458000000000002,0.5585556178516548,83.88431372549019,player history,2717.0,0.2700889385146645,0.108497523235499,7.773838574520004,0.0,,,,37.0,2717.0,5.12,3.0340661200000003,0.16959882223040118,0.10050274228928967,51.0,8.0,4.0,32.0,38.0,0.8421052631578947,19.0,1.0,19.0,0.0,0.01,0.1430094199147795,-0.010658247439459,7,9,-0.3895837925260162,1837.0,251.0,11.0,1.3527334738773589,13.0,0.9307068915414188,0,6.0
Cook,Cook (BOU),Bournemouth,MID,5.0,0.2,155408,Lewis Cook,BOU,False,Cook,False,19.12,11.24,3.8240000000000003,1.79,1.67,1.97,1.94,1.98,1.89,2.01,1.87,2.0,1.99,9.41,1.8820000000000001,1.73,1.73,1.59,1.61,1.46,1.29,-1.83,,True,13.361,1.047,4.712,2.3577,5.738899999999999,0.4990801648104849,88.28855218855219,player history,2361.0,0.1354848591199875,0.1087243638013934,12.808950477055886,0.0,,,5.0,18.0,872.0,0.07,0.55772601,0.007224770642201836,0.05756346433486239,3.0,0.0,1.0,8.0,19.0,0.42105263157894735,46.0,1.0,46.0,0.0,0.0,0.1506897455710198,-0.0576312175215828,6,14,-0.3357978660576632,1872.0,251.0,15.0,1.5252296038761777,10.0,1.1669618261656498,0,5.0
Bobb,Bobb (FUL),Fulham,MID,5.5,0.3,477555,Oscar Bobb,FUL,False,Bobb,False,19.07,11.589999999999998,3.4672727272727273,1.66,3.1,1.72,1.63,1.7,1.78,2.18,1.78,1.61,1.9,17.32,3.149090909090909,3.0,2.85,3.22,2.5,2.76,2.99,5.730000000000002,,True,17.726,1.143,0.201,2.5522,7.774500000000001,0.3264927254760552,76.92165605095542,player history,1037.0,0.3007705733607791,0.1851064521601721,7.12008072653885,0.0,,,2.0,23.0,1030.0,1.48,2.10741927,0.12932038834951456,0.1841434313592233,11.0,0.0,2.0,12.0,27.0,0.4444444444444444,172.0,2.0,86.0,0.0,0.0,-0.0437533840320386,-0.0184124304418098,12,10,-0.4710331570871442,1813.0,251.0,7.0,1.3248346722551338,12.0,1.0152557049594606,0,5.5
Canvot,Canvot (CRY),Crystal Palace,DEF,5.0,0.3,651426,Jaydee Canvot,CRY,False,Canvot,False,18.96,12.089999999999998,3.7920000000000003,1.7,3.1,1.67,2.07,1.69,1.86,1.58,1.92,1.67,1.69,21.119999999999997,4.223999999999999,3.47,2.98,3.32,4.39,3.29,3.67,9.03,,True,9.917000000000002,4.647,4.396,2.8438,8.358,0.431573333312646,87.3984771573604,player history,1331.0,0.1181230886327702,0.0219564854325256,11.06430057418657,0.0,,,,22.0,1331.0,1.4700000000000002,0.31172247000000003,0.09939894815927874,0.021078153493613826,7.0,0.0,0.0,14.0,34.0,0.4117647058823529,180.0,3.0,60.0,0.49,0.04,-0.1171465215222359,0.0042638165422642,16,7,-0.2542419079126018,1804.0,151.0,7.5,1.3534243888033963,11.5,1.066056186213018,0,5.0
Colwill,Colwill (CHE),Chelsea,DEF,5.0,1.6,460028,Levi Samuels Colwill,CHE,False,Colwill,False,18.92,11.81,3.7840000000000003,1.68,2.96,1.21,2.67,1.47,1.82,1.64,2.07,1.58,1.81,19.73,3.946,3.18,3.47,2.12,4.43,2.96,3.57,7.92,,True,11.799000000000001,6.369,0.752,2.7963,7.119400000000001,0.5943467217313286,89.41468253968253,player history,1799.5,0.0881426878305494,0.0382018970890989,5.425263157894737,0.0,,,,3.0,225.0,0.0,0.11368988,0.0,0.045475952,0.0,0.0,0.0,2.0,3.0,0.6666666666666666,76.0,1.0,76.0,0.0,0.0,0.1836375664015244,-0.0207718609867338,5,12,0.852585347922589,1831.0,15.0,21.0,1.3863447699183449,11.0,1.0737940848414846,0,5.0
Aït-Nouri,Aït-Nouri (MCI),Man City,DEF,5.5,0.8,448514,Rayan Aït-Nouri,MCI,False,Aït-Nouri,False,18.92,11.14,3.4400000000000004,1.84,1.72,2.27,1.54,2.11,1.66,2.39,1.71,1.92,1.75,4.0,0.7272727272727273,0.82,0.58,0.77,0.5,0.78,0.55,-7.140000000000001,,True,12.141000000000002,6.295,0.484,3.1938,8.3373,0.3877124714304358,84.83187134502924,player history,2534.5,0.1949508774453929,0.1327345953989697,6.98326840054754,0.0,,,,22.0,971.0,0.59,1.90410851,0.05468589083419155,0.17648791544799175,9.0,0.0,2.0,12.0,26.0,0.46153846153846156,58.0,4.0,19.333333333333332,0.0,0.0,0.3979137564561784,0.3023979198869594,1,2,1.5720974480619654,1971.0,3.5,67.0,1.0050081070657415,12.3,0.9984810217456443,0,5.5
Janelt,Janelt (BRE),Brentford,MID,5.0,0.3,204580,Vitaly Janelt,BRE,False,Janelt,False,18.82,11.780000000000001,3.7640000000000002,1.77,3.19,1.77,1.65,1.73,1.67,1.74,1.93,1.76,1.61,15.78,3.1559999999999997,2.73,2.57,2.87,2.61,2.51,2.49,3.9999999999999982,,True,14.902,1.2510000000000001,2.667,2.4381999999999997,6.9194,0.4400133112753957,82.15637982195845,player history,2567.0,0.1797825220039673,0.1102935684298181,10.831370701837024,0.0,,,4.0,27.0,1434.0,0.9,2.23115071,0.056485355648535567,0.14003037928870293,12.0,1.0,4.0,15.0,28.0,0.5357142857142857,90.0,1.0,90.0,0.0,0.05,0.1430094199147795,-0.010658247439459,7,9,-0.3895837925260162,1837.0,251.0,11.0,1.3527334738773589,13.0,0.9307068915414188,0,5.0
Merino,Merino (ARS),Arsenal,MID,6.0,0.6,195384,Mikel Merino Zazón,ARS,False,Merino,False,18.75,10.909999999999998,3.125,2.14,1.69,1.89,1.68,1.57,1.94,1.73,1.88,1.72,2.5,2.55,0.425,0.61,0.35,0.36,0.38,0.38,0.47,-8.36,,True,17.209000000000003,0.839,0.702,3.1696,8.6849,0.2070788723052563,84.3626728110599,player history,1814.5,0.3890989125474791,0.099525404102873,9.512565869477095,0.0,,,,22.0,1024.0,3.43,1.38509032,0.30146484375,0.12173645390625,22.0,4.0,3.0,10.0,24.0,0.4166666666666667,28.0,2.0,14.0,0.0,0.0,0.306541748174989,0.5456367033856973,2,1,1.7079738846388108,2064.0,2.5,101.0,0.7593381876414202,10.05,1.1953980873144028,0,6.0
Neto,Neto (CHE),Chelsea,MID,6.5,1.3,247632,Pedro Lomba Neto,CHE,False,Neto,False,18.74,11.209999999999999,2.883076923076923,1.8,1.55,1.45,2.64,1.75,2.02,1.7,2.11,1.93,1.78,21.45,3.3,3.43,3.76,2.68,4.49,3.29,3.8,10.24,,True,17.628,1.098,0.014,2.9419,8.6268,0.4134022446157628,83.89014989293361,player history,3763.0,0.370865145483971,0.2148116654363771,4.716864900725016,0.0,,4.0,2.0,34.0,2629.0,4.68,7.128563,0.16021300874857358,0.24403600988969187,43.0,5.0,7.0,30.0,34.0,0.8823529411764706,135.0,3.0,45.0,0.0,0.0,0.1836375664015244,-0.0207718609867338,5,12,0.852585347922589,1831.0,15.0,21.0,1.3863447699183449,11.0,1.0737940848414846,0,6.5
George,George (EVE),Everton,MID,5.5,0.3,550615,Tyrique George,EVE,False,George,False,18.62,11.98,3.3854545454545457,1.66,3.13,1.63,1.7,1.89,1.97,1.71,1.38,1.71,1.84,6.85,1.2454545454545454,1.43,1.0,1.01,0.98,1.24,1.19,-5.130000000000001,,True,17.615,0.806,0.199,2.4096,7.2149,0.1493630934497097,78.19146341463414,player history,440.0,0.3476065020415225,0.2037310695155709,7.207678883071552,0.0,,,,17.0,351.0,0.62,1.18200886,0.15897435897435896,0.3030791948717949,10.0,0.0,0.0,1.0,21.0,0.047619047619047616,117.0,2.0,58.5,0.14,0.31,-0.0485965292955978,-0.0016800106760029,14,8,-0.3604498186276618,1803.0,251.0,13.0,1.3469411290581967,14.0,0.8592747333873535,0,5.5
O'Nien,O'Nien (SUN),Sunderland,DEF,4.0,3.5,167512,Luke O'Nien,SUN,False,O'Nien,False,18.61,10.77,4.6525,2.23,1.66,1.76,1.67,1.38,2.07,1.71,2.15,2.16,1.82,10.7,2.675,2.68,2.27,1.68,1.44,1.13,1.5,-0.07000000000000028,,True,10.747,5.485,2.378,2.6936999999999998,7.619400000000001,0.2343153154587625,86.81623931623932,player history,565.0,0.072640348174305,0.0336546444254918,8.051044327573253,0.0,,,,19.0,565.0,0.15000000000000002,0.14590717,0.023893805309734516,0.023241850088495577,4.0,0.0,1.0,5.0,29.0,0.1724137931034483,45.0,1.0,45.0,0.0,0.0,-0.1595957595248902,0.0430015486157864,17,4,-1.090859547158444,1736.0,1001.0,5.0,1.3598200174861137,13.0,0.9373583103653522,0,4.0
Šeško,Šeško (MUN),Man United,FWD,7.0,1.7,485711,Benjamin Sesko,MUN,False,Šeško,False,18.55,11.309999999999999,2.65,2.31,2.0,1.67,1.6,1.62,2.11,1.71,1.95,1.67,1.91,10.76,1.5371428571428571,1.97,1.83,1.56,1.61,1.77,2.02,-0.5499999999999989,,True,18.546,0.0,0.004,3.1443,7.7884,0.2119594715420905,84.08883248730965,player history,1630.0,0.5037889120481928,0.0324828364556892,3.756909992912828,0.0,,,,30.0,1630.0,9.2,0.2832723,0.5079754601226993,0.015640801840490798,61.0,11.0,2.0,17.0,31.0,0.5483870967741935,,,,,,0.2911586787820938,0.036515569746031,3,5,1.2388665527515443,1915.0,7.0,34.0,1.2712178238678356,12.0,1.0271008142253517,0,7.0
Ayari,Ayari (BHA),Brighton,MID,5.5,0.7,509416,Yasin Ayari,BHA,False,Ayari,False,18.54,11.76,3.3709090909090906,1.74,3.2,1.75,1.8,1.57,1.7,1.79,1.69,1.53,1.77,17.25,3.1363636363636362,3.39,2.77,3.28,2.96,2.4,2.45,5.49,,True,14.999,1.29,2.251,2.3904,7.0402000000000005,0.4216937635511231,85.10138121546962,player history,2904.0,0.2134208684601354,0.0840645552292453,10.183315786214155,0.0,,2.0,4.0,30.0,1921.0,2.71,1.18389803,0.12696512233211868,0.05546633144195731,41.0,3.0,4.0,20.0,31.0,0.6451612903225806,175.0,2.0,87.5,0.0,0.0,0.0842682216689143,0.0973748541570488,9,3,0.0297333718288103,1842.0,101.0,15.0,1.3234673027835793,10.8,1.130590346257485,0,5.5
Awoniyi,Awoniyi (COV),Coventry,FWD,5.5,0.8,210156,Taiwo Awoniyi,COV,False,Awoniyi,False,18.44,12.030000000000001,3.352727272727273,1.28,4.58,1.37,1.53,1.47,1.8,1.61,1.67,1.67,1.45,9.84,1.789090909090909,0.7,2.22,1.42,1.82,1.69,1.99,-2.1900000000000013,,True,18.432000000000002,0.0,0.008,2.2584,6.9884,0.094309276609597,80.58045977011494,player history,680.0,0.6205021833378016,0.0804658743851702,4.797029702970297,0.0,5.0,,,19.0,480.0,3.58,0.83753379,0.67125,0.157037585625,15.0,4.0,2.0,3.0,25.0,0.12,0.0,1.0,,0.0,0.0,-0.2513420068722135,-0.260770580087077,18,18,-1.3315882955947056,1661.0,1001.0,1.85,1.757725872128414,13.0,0.9031690971170778,1,5.5
Brooks,Brooks (BOU),Bournemouth,MID,5.0,0.1,111317,David Brooks,BOU,False,Brooks,False,18.31,10.83,3.662,1.53,1.75,1.97,1.87,1.98,1.73,1.9,1.68,1.94,1.97,7.079999999999999,1.416,1.22,1.33,1.19,1.27,1.1,0.97,-3.750000000000001,,True,17.761999999999997,0.474,0.074,2.887,7.9879999999999995,0.216155521748033,73.04930875576036,player history,1662.5,0.5417866282755014,0.2085880879446938,7.434640522875818,0.0,,3.0,4.0,33.0,1188.0,5.78,3.12780283,0.4378787878787879,0.23695475984848485,48.0,1.0,3.0,13.0,33.0,0.3939393939393939,,,,,,0.1506897455710198,-0.0576312175215828,6,14,-0.3357978660576632,1872.0,251.0,15.0,1.5252296038761777,10.0,1.1669618261656498,0,5.0
J. King (FUL),J. King (FUL),Fulham,MID,5.5,0.4,577725,Josh King,FUL,True,King,False,18.31,11.14,3.3290909090909087,1.63,2.89,1.65,1.56,1.65,1.76,2.11,1.77,1.54,1.76,16.43,2.9872727272727273,2.91,2.74,3.07,2.37,2.59,2.75,5.289999999999999,,True,16.929,1.15,0.23099999999999998,2.3468,7.4168,0.2844099427483961,71.80572916666667,player history,1353.0,0.2430950205077643,0.0909314169508816,7.680306905370844,0.0,,,,33.0,1290.0,2.41,0.63422142,0.16813953488372094,0.04424800604651163,23.0,1.0,3.0,16.0,35.0,0.45714285714285713,,,,,,-0.0437533840320386,-0.0184124304418098,12,10,-0.4710331570871442,1813.0,251.0,7.0,1.3248346722551338,12.0,1.0152557049594606,0,5.5
Giles,Giles (HUL),Hull,DEF,4.0,0.9,232351,Ryan Giles,HUL,False,Giles,True,18.24,11.25,4.56,1.46,2.78,1.85,1.45,1.74,1.97,1.64,1.77,2.32,1.24,11.85,2.9625,1.84,2.36,2.13,1.35,1.84,2.33,0.5999999999999996,,True,7.344999999999998,3.3970000000000002,7.498,2.5899,7.452800000000001,0.4833965073851279,87.5,positional fallback,0.0,0.0780161196265875,0.0391938534500658,8.421520428158146,0.0,,1.0,1.0,,,,,,,,,,,,,150.0,2.0,75.0,0.0,0.0,-0.4519100791990885,-0.454055750336764,20,20,-1.5007189863388086,1533.0,1001.0,1.26,2.241860660354812,13.5,0.876626488060625,1,4.0
Reed,Reed (FUL),Fulham,MID,4.5,1.5,153366,Harrison Reed,FUL,False,Reed,True,18.22,10.39,4.0488888888888885,1.74,1.48,1.82,1.69,1.75,1.91,2.26,1.9,1.7,1.97,2.7800000000000002,0.6177777777777779,0.51,0.4,0.46,0.41,0.46,0.54,-7.61,,True,15.084999999999999,1.569,1.566,2.9277,7.267100000000001,0.4341616686666345,83.1,positional fallback,0.0,0.1780987351903563,0.0833402645216931,8.189865176177413,0.0,,,,15.0,89.0,0.13,0.46397595,0.13146067415730336,0.4691891629213483,1.0,1.0,0.0,1.0,28.0,0.03571428571428571,15.0,1.0,15.0,0.0,0.0,-0.0437533840320386,-0.0184124304418098,12,10,-0.4710331570871442,1813.0,251.0,7.0,1.3248346722551338,12.0,1.0152557049594606,0,4.5
Buendía,Buendía (AVL),Aston Villa,MID,6.0,1.3,195546,Emiliano Buendía Stati,AVL,False,Buendía,False,18.22,10.950000000000001,3.0366666666666666,1.77,1.41,2.16,1.87,1.85,1.89,1.9,1.75,1.87,1.74,22.37,3.7283333333333335,3.77,3.18,4.26,4.0,3.27,3.89,11.42,,True,17.321,0.743,0.156,2.6147,8.0745,0.2100249211649127,77.18212560386473,player history,1797.5,0.295342994850319,0.1292566034929568,7.406318883174137,0.1,1.0,1.0,3.0,36.0,1753.0,3.4166,2.25066876,0.17541015402167712,0.11555059235596121,48.0,6.0,2.0,21.0,37.0,0.5675675675675675,169.0,3.0,84.5,0.0,0.0,0.0916761005372474,-0.0195020800368329,8,11,0.667472079995315,1921.0,26.0,26.0,1.4559886468855003,12.45,0.9473005095465162,0,6.0
Meunier,Meunier (SUN),Sunderland,DEF,4.5,0.3,93605,Thomas Meunier,SUN,False,Meunier,True,18.21,10.459999999999999,4.046666666666667,2.2,1.62,1.69,1.6,1.33,2.02,1.69,2.09,2.11,1.85,6.32,1.4044444444444446,1.63,1.17,0.92,0.83,0.7,1.07,-4.139999999999999,,True,9.39,5.697,3.123,3.0149999999999997,7.9117999999999995,0.380883502792675,87.5,positional fallback,0.0,0.0925743273925264,0.0465076273778755,8.421520428158146,0.0,,,,,,,,,,,,,,,,,,,,,-0.1595957595248902,0.0430015486157864,17,4,-1.090859547158444,1736.0,1001.0,5.0,1.3598200174861137,13.0,0.9373583103653522,0,4.5
Okafor,Okafor (LEE),Leeds,MID,6.0,0.5,435997,Noah Okafor,LEE,False,Okafor,False,18.2,10.65,3.033333333333333,1.82,1.58,1.69,2.15,1.93,1.48,1.86,1.79,1.82,2.09,8.870000000000001,1.4783333333333335,1.51,1.8,1.25,1.51,1.59,1.21,-1.7799999999999994,,True,17.046,0.996,0.158,2.7747,8.358,0.4240168392175324,75.55569620253165,player history,1553.0,0.3629404085623757,0.0979482251805631,6.916955272271756,0.0,,,,28.0,1553.0,5.32,1.34105442,0.3083065035415325,0.07771725550547327,34.0,8.0,3.0,18.0,28.0,0.6428571428571429,68.0,2.0,34.0,0.0,0.0,-0.0142035236369779,-0.0754441195474228,11,15,-1.013737187036834,1797.0,1001.0,7.5,1.5188598248684002,12.5,0.9692268750094524,0,6.0
Ajayi,Ajayi (HUL),Hull,DEF,4.0,1.5,146426,Semi Ajayi,HUL,False,Ajayi,True,18.15,10.64,4.5375,1.61,1.45,1.99,1.54,1.93,2.12,1.8,1.91,2.48,1.3,12.290000000000001,3.0725000000000002,2.01,2.48,2.2,1.47,1.91,2.22,1.6500000000000004,,True,7.21,3.1519999999999997,7.787999999999999,2.6038,7.3222000000000005,0.5446643255212626,87.5,positional fallback,0.0,0.0780161196265875,0.0391938534500658,8.421520428158146,0.0,,,,,,,,,,,,,,,,150.0,2.0,75.0,0.0,0.0,-0.4519100791990885,-0.454055750336764,20,20,-1.5007189863388086,1533.0,1001.0,1.26,2.241860660354812,13.5,0.876626488060625,1,4.0
Brennan Johnson (EVE),Brennan Johnson (EVE),Everton,MID,6.0,0.2,242898,Brennan Johnson,EVE,True,Johnson,False,18.13,10.95,3.0216666666666665,1.77,1.54,1.68,1.78,2.09,2.09,1.85,1.44,1.82,2.07,5.260000000000001,0.8766666666666668,1.08,0.74,0.76,0.74,0.98,0.96,-5.689999999999999,,True,16.893,1.0979999999999999,0.139,2.7117,8.279,0.3488316645484756,82.16366459627329,player history,2799.5,0.3134393644787298,0.0816252756074408,6.742331288343559,0.0,,,,36.0,1710.0,2.45,1.26587427,0.12894736842105264,0.06662496157894737,22.0,2.0,1.0,19.0,37.0,0.5135135135135135,90.0,2.0,45.0,0.15000000000000002,0.18,-0.0485965292955978,-0.0016800106760029,14,8,-0.3604498186276618,1803.0,251.0,13.0,1.3469411290581967,14.0,0.8592747333873535,0,6.0
Woltemade,Woltemade (NEW),Newcastle,FWD,6.0,1.6,470313,Nick Woltemade,NEW,False,Woltemade,False,18.13,11.129999999999999,3.0216666666666665,1.84,1.57,1.83,1.74,2.28,1.87,1.85,1.69,1.77,1.68,5.26,0.8766666666666666,0.94,0.82,0.81,0.76,1.0,0.93,-5.869999999999999,,True,18.119999999999997,0.0,0.01,2.8021000000000003,7.7157,0.4227591868497451,77.249063670412,player history,1896.0,0.360796810255447,0.0748981047475517,4.9361382419233655,0.1,1.0,,,34.0,1896.0,6.65,1.48705818,0.31566455696202533,0.07058820474683544,32.0,8.0,4.0,24.0,34.0,0.7058823529411765,198.0,3.0,66.0,0.11,0.04,0.0770729134891279,-0.0857761118046507,10,16,0.4131237756486222,1838.0,34.0,11.0,1.387198849514487,10.0,1.1934362314133091,0,6.0
Caicedo,Caicedo (CHE),Chelsea,MID,5.5,3.4,486672,Moisés Caicedo Corozo,CHE,False,Caicedo,False,18.09,10.709999999999999,3.289090909090909,1.77,1.47,1.65,2.18,1.79,1.85,1.78,1.94,1.83,1.82,18.540000000000003,3.3709090909090915,2.98,3.16,2.55,3.6,2.97,3.28,7.830000000000004,,True,12.982999999999999,1.219,3.888,2.4279,6.2016,0.47464099248908,87.35493716337524,player history,4474.0,0.1238479760244576,0.0710503864884365,11.37122844827586,0.0,,,,34.0,2796.0,1.42,2.2952546799999998,0.04570815450643777,0.07388158841201715,24.0,3.0,1.0,32.0,34.0,0.9411764705882353,227.0,3.0,75.66666666666667,0.0,0.0,0.1836375664015244,-0.0207718609867338,5,12,0.852585347922589,1831.0,15.0,21.0,1.3863447699183449,11.0,1.0737940848414846,0,5.5
Igor Jesus,Igor Jesus (NFO),Nott'm Forest,FWD,6.0,4.0,482973,Igor Jesus Maciel da Cruz,NFO,False,Igor Jesus,False,18.06,11.590000000000002,3.01,1.73,2.83,1.82,1.66,1.98,1.57,1.46,1.8,1.65,1.57,18.04,3.0066666666666664,3.28,2.61,3.08,2.72,3.5,2.85,6.4499999999999975,,True,18.041,0.0,0.019,2.2692,7.253,0.4382415304221188,79.00841750841751,player history,2293.0,0.2967359512506,0.0469045881655223,4.80934350167991,0.0,3.0,,,37.0,2293.0,6.56,1.26189813,0.2574792847797645,0.049529364020933275,68.0,6.0,6.0,28.0,37.0,0.7567567567567568,90.0,4.0,90.0,0.0,0.0,-0.0456385418439161,0.0051716257511739,13,6,-0.1703073359666486,1822.0,151.0,12.0,1.395107616469235,11.5,1.058773755013881,0,6.0
Yarmoliuk,Yarmoliuk (BRE),Brentford,MID,5.0,1.2,508395,Yehor Yarmoliuk,BRE,False,Yarmoliuk,False,18.03,10.63,3.6060000000000003,1.89,1.59,1.82,1.74,1.83,1.76,1.83,2.0,1.81,1.77,4.97,0.994,0.75,0.76,0.86,0.84,0.84,0.92,-5.660000000000001,,True,13.779000000000002,1.276,2.975,2.2267,5.4239,0.4574609037304867,83.48744075829383,player history,3373.0,0.1088358880582266,0.0499230144901525,11.080699774266368,0.0,,,,37.0,2652.0,1.22,1.40322389,0.041402714932126695,0.047620720248868785,16.0,1.0,3.0,30.0,37.0,0.8108108108108109,19.0,1.0,19.0,0.0,0.02,0.1430094199147795,-0.010658247439459,7,9,-0.3895837925260162,1837.0,251.0,11.0,1.3527334738773589,13.0,0.9307068915414188,0,5.0
Enes Ünal,Enes Ünal (BOU),Bournemouth,FWD,5.5,0.0,168636,Enes Ünal,BOU,False,Enes Ünal,False,18.01,10.56,3.274545454545455,1.49,1.68,1.89,1.87,1.91,1.72,1.86,1.69,1.93,1.96,0.0,0.0,0.0,0.0,0.0,0.0,0.0,0.0,-10.56,,True,18.005000000000003,0.0,0.005,2.2999,6.353,0.01,78.73880597014926,player history,379.5,0.6311169094931393,0.0740460609913189,6.474511672224869,0.0,,,,25.0,214.0,2.0,0.07099639,0.8411214953271028,0.029858294859813086,15.0,1.0,0.0,0.0,27.0,0.0,1.0,1.0,1.0,0.0,0.0,0.1506897455710198,-0.0576312175215828,6,14,-0.3357978660576632,1872.0,251.0,15.0,1.5252296038761777,10.0,1.1669618261656498,0,5.5
Adams,Adams (BOU),Bournemouth,MID,5.0,0.2,200785,Tyler Adams,BOU,False,Adams,False,17.92,10.510000000000002,3.5840000000000005,1.67,1.59,1.86,1.82,1.84,1.73,1.9,1.72,1.9,1.91,15.079999999999998,3.0159999999999996,1.52,2.88,2.69,2.86,2.67,2.46,4.569999999999997,,True,13.740000000000002,1.145,3.035,2.2965,5.7812,0.5587482876271426,83.51298342541436,player history,2751.5,0.1034031175747364,0.0455590716932904,11.19405953722734,0.0,,,,26.0,1769.0,0.61,0.64727645,0.03103448275862069,0.032930966930469194,10.0,2.0,2.0,21.0,26.0,0.8076923076923077,,,,,,0.1506897455710198,-0.0576312175215828,6,14,-0.3357978660576632,1872.0,251.0,15.0,1.5252296038761777,10.0,1.1669618261656498,0,5.0
Mac Allister,Mac Allister (LIV),Liverpool,MID,5.5,1.6,243016,Alexis Mac Allister,LIV,False,Mac Allister,False,17.89,11.01,3.252727272727273,1.96,1.56,2.08,1.89,1.83,1.69,1.74,1.85,1.56,1.75,17.36,3.1563636363636363,1.5,2.35,3.49,3.63,3.27,3.12,6.35,,True,16.176000000000002,1.16,0.554,2.5693,8.084900000000001,0.5223535836864864,83.90589430894309,player history,3957.5,0.2281935941320615,0.1109954290210582,7.609267788325971,0.0,5.0,,,37.0,2654.0,3.8810000000000002,1.72900912,0.13160889223813113,0.05863256247174077,52.0,2.0,5.0,31.0,37.0,0.8378378378378378,69.0,1.0,69.0,0.0,0.0,0.2217904378795187,-0.0207728027571259,4,13,1.3549493323437265,1911.0,6.0,51.0,1.4367612878896527,9.9,1.2427165780373892,0,5.5
Pope,Pope (NEW),Newcastle,GK,5.0,1.3,98747,Nick Pope,NEW,False,Pope,False,17.88,10.729999999999999,3.5759999999999996,1.43,1.49,1.52,1.65,2.69,1.95,1.88,1.74,1.99,1.54,0.0,0.0,0.0,0.0,0.0,0.0,0.0,0.0,-10.729999999999999,,True,10.346,7.534,0.0,2.3478000000000003,6.51,0.7147976151428521,89.6880085653105,player history,3676.0,0.0059121189293753,0.0006622523893292,3.886905975933102,0.0,,,,32.0,2416.0,0.16,0.02110058,0.005960264900662252,0.0007860315397350994,0.0,0.0,1.0,27.0,33.0,0.8181818181818182,114.0,2.0,57.0,0.0,0.0,0.0770729134891279,-0.0857761118046507,10,16,0.4131237756486222,1838.0,34.0,11.0,1.387198849514487,10.0,1.1934362314133091,0,5.0
Matheus N.,Matheus N. (MCI),Man City,DEF,6.0,1.6,465351,Matheus Nunes,MCI,False,Matheus N.,False,17.69,10.36,2.9483333333333337,1.74,1.61,2.07,1.44,1.98,1.52,2.19,1.64,1.86,1.63,10.32,1.72,0.46,1.91,2.48,1.53,2.39,1.55,-0.03999999999999915,,True,10.353000000000002,6.596,0.741,2.9018,7.119400000000001,0.3816520559307431,88.7751677852349,player history,3697.5,0.1155874096247704,0.0945269799554979,7.242491309895719,0.0,5.0,,,35.0,2861.0,0.33999999999999997,2.15766212,0.010695560992659909,0.06787472590003495,7.0,1.0,8.0,32.0,37.0,0.8648648648648649,90.0,1.0,90.0,0.0,0.0,0.3979137564561784,0.3023979198869594,1,2,1.5720974480619654,1971.0,3.5,67.0,1.0050081070657415,12.3,0.9984810217456443,0,6.0
Ngumoha,Ngumoha (LIV),Liverpool,MID,6.0,1.1,611922,Rio Ngumoha,LIV,False,Ngumoha,False,17.64,10.870000000000001,2.94,1.97,1.67,1.99,1.85,1.76,1.63,1.69,1.83,1.53,1.72,15.5,2.5833333333333335,2.81,3.01,2.68,2.68,2.28,2.04,4.629999999999999,,True,16.962,0.603,0.075,2.7046,7.5782,0.1442945664256629,77.81962616822429,player history,547.0,0.4367006641599019,0.2768292200228308,6.175524582631337,0.0,,,,22.0,547.0,1.3329,2.03570101,0.2193071297989031,0.3349416652650823,16.0,2.0,1.0,5.0,37.0,0.13513513513513514,228.0,5.0,45.6,0.0,0.0,0.2217904378795187,-0.0207728027571259,4,13,1.3549493323437265,1911.0,6.0,51.0,1.4367612878896527,9.9,1.2427165780373892,0,6.0
Tonali,Tonali (TOT),Tottenham,MID,5.5,3.9,432422,Sandro Tonali,TOT,False,Tonali,False,17.62,11.0,3.2036363636363636,1.59,3.06,1.58,1.66,1.65,1.46,1.88,1.51,1.66,1.57,19.470000000000002,3.5400000000000005,3.29,3.46,3.09,3.46,3.26,2.91,8.470000000000002,,True,14.933,1.167,1.52,2.2993,6.4136,0.3907993939205036,85.03576017130621,player history,3849.5,0.2003677195992781,0.1027314986401246,9.031705646345044,0.0,,5.0,2.0,35.0,2534.0,1.74,2.93174857,0.06179952644041042,0.10412682371744278,37.0,0.0,2.0,31.0,35.0,0.8857142857142857,135.0,3.0,67.5,0.0,0.0,-0.0511239337666682,-0.1320343685467415,15,17,0.4131043967098503,1777.0,41.0,17.0,1.5616840436848023,10.0,1.2135919166562028,0,5.5
Gusto,Gusto (CHE),Chelsea,DEF,5.0,1.2,482609,Malo Gusto,CHE,False,Gusto,False,17.59,11.3,3.518,1.61,3.18,1.19,2.29,1.37,1.66,1.44,1.82,1.49,1.53,4.85,0.97,0.84,0.98,0.51,1.03,0.68,0.81,-6.450000000000001,,True,12.397,4.532,0.661,2.777,7.3103,0.2924599000736436,85.04641909814325,player history,3184.0,0.1723281923963502,0.1102431898250409,6.348395996754125,0.0,,,,34.0,2255.0,1.55,2.99870932,0.06186252771618625,0.11968241188470066,11.0,2.0,3.0,26.0,35.0,0.7428571428571429,28.0,1.0,28.0,0.0,0.0,0.1836375664015244,-0.0207718609867338,5,12,0.852585347922589,1831.0,15.0,21.0,1.3863447699183449,11.0,1.0737940848414846,0,5.0
Zubimendi,Zubimendi (ARS),Arsenal,MID,5.5,1.0,481655,Martín Zubimendi Ibáñez,ARS,False,Zubimendi,False,17.57,10.28,3.194545454545455,1.98,1.45,1.75,1.69,1.6,1.81,1.61,1.75,1.68,2.26,2.5,0.45454545454545453,0.5,0.33,0.34,0.38,0.41,0.54,-7.779999999999999,,True,14.879,2.123,0.568,2.5637,7.7387,0.5326720317407353,85.64111405835543,player history,2991.0,0.1666093244320345,0.0613878827923463,7.516182256631552,0.0,,,,38.0,2991.0,2.9054,2.18848032,0.08742427281845537,0.06585196549648947,26.0,5.0,1.0,34.0,38.0,0.8947368421052632,15.0,1.0,15.0,0.0,0.0,0.306541748174989,0.5456367033856973,2,1,1.7079738846388108,2064.0,2.5,101.0,0.7593381876414202,10.05,1.1953980873144028,0,5.5
J.Murphy,J.Murphy (NEW),Newcastle,MID,6.0,0.2,114243,Jacob Murphy,NEW,False,J.Murphy,False,17.56,10.799999999999999,2.9266666666666663,1.72,1.58,1.73,1.64,2.29,1.84,1.77,1.62,1.76,1.61,8.77,1.4616666666666667,1.6,1.39,1.41,1.26,1.68,1.43,-2.0299999999999994,,True,16.667,0.859,0.034,2.6854,8.258,0.4202426090124312,75.24986376021799,player history,2795.5,0.3634485454610773,0.1686056575963065,5.69358772055659,0.0,,,2.0,34.0,1606.0,3.06,2.68960942,0.17148194271481942,0.1507253099626401,42.0,3.0,2.0,19.0,36.0,0.5277777777777778,331.0,5.0,66.2,0.5800000000000001,1.7,0.0770729134891279,-0.0857761118046507,10,16,0.4131237756486222,1838.0,34.0,11.0,1.387198849514487,10.0,1.1934362314133091,0,6.0
C. Wilson (BRE),C. Wilson (BRE),Brentford,FWD,5.5,0.4,75115,Callum Wilson,BRE,True,Wilson,False,17.4,10.28,3.1636363636363636,1.84,1.66,1.72,1.66,1.79,1.61,1.8,2.04,1.77,1.52,1.6600000000000001,0.3018181818181818,0.23,0.24,0.29,0.28,0.3,0.32,-8.62,,True,17.4,0.0,0.0,2.5082,6.858,0.1186292096306656,76.9421768707483,player history,1412.5,0.5119862308480636,0.0442670615735461,3.397424589874757,0.0,,,,34.0,1234.0,7.65,0.54956616,0.5579416531604539,0.040081810696920586,38.0,7.0,2.0,11.0,37.0,0.2972972972972973,19.0,2.0,19.0,0.0,0.0,0.1430094199147795,-0.010658247439459,7,9,-0.3895837925260162,1837.0,251.0,11.0,1.3527334738773589,13.0,0.9307068915414188,0,5.5
L.Miley,L.Miley (NEW),Newcastle,MID,5.5,0.1,547719,Lewis Miley,NEW,False,L.Miley,False,17.34,11.349999999999998,3.152727272727273,1.53,3.22,1.54,1.47,1.96,1.63,1.55,1.46,1.55,1.44,13.219999999999999,2.4036363636363633,2.34,2.15,2.18,1.99,2.44,2.12,1.870000000000001,,True,15.174,0.849,1.317,2.4344,7.1387,0.363843988858001,86.72971698113207,player history,1645.0,0.2299894512135068,0.1004531633136752,9.14987453425595,0.0,,,3.0,24.0,1493.0,1.48,2.1322223,0.08921634293369056,0.12853315941058271,12.0,1.0,4.0,15.0,28.0,0.5357142857142857,135.0,3.0,45.0,0.0,0.14,0.0770729134891279,-0.0857761118046507,10,16,0.4131237756486222,1838.0,34.0,11.0,1.387198849514487,10.0,1.1934362314133091,0,5.5
Kamada,Kamada (CRY),Crystal Palace,MID,5.0,0.3,209400,Daichi Kamada,CRY,False,Kamada,False,17.03,10.690000000000001,3.406,1.56,2.65,1.53,1.81,1.52,1.62,1.49,1.68,1.58,1.6,15.43,3.086,2.66,2.47,2.45,2.86,2.44,2.55,4.739999999999998,,True,14.182000000000002,1.106,1.742,2.1881,6.1373999999999995,0.4131043802667706,83.3183734939759,player history,2676.0,0.2180538758818589,0.12007710600743,9.611705120990434,0.0,,,4.0,28.0,1899.0,1.6500000000000001,3.26084233,0.07819905213270142,0.154542290521327,19.0,0.0,2.0,22.0,28.0,0.7857142857142857,90.0,1.0,90.0,0.0,0.23,-0.1171465215222359,0.0042638165422642,16,7,-0.2542419079126018,1804.0,151.0,7.5,1.3534243888033963,11.5,1.066056186213018,0,5.0
Christie,Christie (BOU),Bournemouth,MID,5.0,0.0,158499,Ryan Christie,BOU,False,Christie,False,17.02,10.78,3.404,1.39,3.13,1.6,1.6,1.59,1.47,1.59,1.41,1.62,1.62,4.0,0.8,0.0,0.83,0.79,0.84,0.78,0.76,-6.779999999999999,,True,14.892999999999999,0.8200000000000001,1.307,2.2977,6.9029,0.3163386882055842,77.74484126984127,player history,2043.5,0.2379137226557676,0.1163157908079555,10.493400377121308,0.0,,,6.0,26.0,978.0,1.9100000000000001,0.79945063,0.17576687116564418,0.0735690763803681,25.0,2.0,1.0,9.0,27.0,0.3333333333333333,,,,,,0.1506897455710198,-0.0576312175215828,6,14,-0.3357978660576632,1872.0,251.0,15.0,1.5252296038761777,10.0,1.1669618261656498,0,5.0
Trafford,Trafford (LEE),Leeds,GK,5.0,3.8,432720,James Trafford,LEE,False,Trafford,False,16.94,10.42,3.3880000000000003,1.66,2.21,1.64,1.85,1.96,1.1,1.46,1.79,1.37,1.9,18.92,3.7840000000000003,3.09,3.31,3.01,3.36,3.41,2.74,8.500000000000002,,True,9.886000000000001,7.054,0.0,2.4217,6.51,0.1986133920585862,89.94123711340205,player history,360.0,0.0104514134482758,0.0052789996551724,4.948275862068965,0.0,,,,18.0,360.0,0.0,0.00088314,0.0,0.000220785,0.0,0.0,0.0,4.0,38.0,0.10526315789473684,135.0,2.0,67.5,0.0,0.0,-0.0142035236369779,-0.0754441195474228,11,15,-1.013737187036834,1797.0,1001.0,7.5,1.5188598248684002,12.5,0.9692268750094524,0,5.0
Carvalho,Carvalho (BRE),Brentford,MID,5.0,0.0,244858,Fábio Freitas Gouveia Carvalho,BRE,False,Carvalho,False,16.94,9.99,3.3880000000000003,1.74,1.67,1.64,1.61,1.74,1.59,1.81,1.94,1.71,1.48,0.8300000000000001,0.166,0.0,0.16,0.18,0.16,0.17,0.16,-9.16,,True,16.618000000000002,0.179,0.143,2.4715,7.358,0.1187020796625456,83.67926829268292,player history,323.0,0.4321875644628098,0.1089966755291271,8.15294117647059,0.0,,,,6.0,100.0,0.7000000000000001,0.03116271,0.63,0.028046439,2.0,1.0,0.0,1.0,10.0,0.1,,,,,,0.1430094199147795,-0.010658247439459,7,9,-0.3895837925260162,1837.0,251.0,11.0,1.3527334738773589,13.0,0.9307068915414188,0,5.0
Yeremy,Yeremy (CRY),Crystal Palace,MID,5.5,0.2,488024,Yéremy Pino Santos,CRY,False,Yeremy,False,16.83,10.64,3.0599999999999996,1.46,2.89,1.45,1.77,1.5,1.57,1.39,1.72,1.48,1.59,6.3,1.1454545454545455,0.9,0.84,0.95,1.23,1.05,1.33,-4.340000000000001,,True,15.587999999999997,0.861,0.381,2.5617,7.3693,0.3164271543455256,81.20121457489878,player history,2074.0,0.4417463340167267,0.2495042373297145,7.4276919502845855,0.0,,1.0,2.0,36.0,2074.0,4.55,6.36585457,0.19744455159112825,0.2762424837512054,44.0,2.0,2.0,26.0,36.0,0.7222222222222222,0.0,1.0,0.0,0.0,0.0,-0.1171465215222359,0.0042638165422642,16,7,-0.2542419079126018,1804.0,151.0,7.5,1.3534243888033963,11.5,1.066056186213018,0,5.5
Pau,Pau (AVL),Aston Villa,DEF,4.5,0.4,244954,Pau Torres,AVL,False,Pau,False,16.77,10.63,3.7266666666666666,1.64,1.4,2.27,1.91,1.75,1.66,1.63,1.42,1.81,1.28,16.85,3.744444444444445,2.64,2.31,3.54,3.1,2.3,2.96,6.220000000000001,,True,9.61,5.192,1.968,2.6974,7.275499999999999,0.5158729278979475,88.49423631123919,player history,2683.0,0.0755395568781714,0.0104866283918761,7.91476649781417,0.0,,,,27.0,1673.0,1.26,0.37423051,0.06778242677824269,0.02013194614465033,9.0,0.0,2.0,18.0,32.0,0.5625,190.0,3.0,63.333333333333336,0.0,0.0,0.0916761005372474,-0.0195020800368329,8,11,0.667472079995315,1921.0,26.0,26.0,1.4559886468855003,12.45,0.9473005095465162,0,4.5
Estêvão,Estêvão (CHE),Chelsea,MID,6.5,1.2,624773,Estêvão Almeida de Oliveira Gonçalves,CHE,False,Estêvão,False,16.74,10.110000000000001,2.575384615384615,1.58,1.49,1.32,2.32,1.58,1.82,1.51,1.88,1.7,1.54,7.6,1.169230769230769,1.27,1.48,0.93,1.5,1.13,1.29,-2.5100000000000016,,True,16.287999999999997,0.422,0.03,2.6728,7.5849,0.1035010892665934,76.50944881889764,player history,839.0,0.4575615548699404,0.1921213500262926,6.393327889886853,0.0,3.0,,5.0,23.0,839.0,2.8707,2.19862573,0.3079415971394517,0.23584781370679378,26.0,2.0,5.0,12.0,25.0,0.48,154.0,5.0,38.5,0.0,0.0,0.1836375664015244,-0.0207718609867338,5,12,0.852585347922589,1831.0,15.0,21.0,1.3863447699183449,11.0,1.0737940848414846,0,6.5
J.Ramsey,J.Ramsey (NEW),Newcastle,MID,5.0,0.4,232653,Jacob Ramsey,NEW,False,J.Ramsey,False,16.63,10.64,3.3259999999999996,1.47,2.87,1.47,1.46,1.82,1.55,1.52,1.47,1.57,1.43,17.64,3.528,2.89,2.74,3.05,2.67,3.46,2.83,7.0,,True,14.703999999999999,0.9199999999999999,1.006,2.1338,6.0104999999999995,0.3296296559877834,80.06139705882353,player history,2255.0,0.1929983455991344,0.1121141556157066,9.114725893485572,0.0,,,,29.0,1441.0,1.2,1.43067368,0.07494795281054822,0.08935505287994447,15.0,2.0,3.0,15.0,33.0,0.45454545454545453,374.0,5.0,74.8,0.1,0.33,0.0770729134891279,-0.0857761118046507,10,16,0.4131237756486222,1838.0,34.0,11.0,1.387198849514487,10.0,1.1934362314133091,0,5.0
Muniz,Muniz (FUL),Fulham,FWD,5.5,0.6,244042,Rodrigo Muniz Carvalho,FUL,False,Muniz,False,16.56,9.55,3.0109090909090908,1.61,1.49,1.59,1.52,1.65,1.69,2.09,1.65,1.49,1.77,3.99,0.7254545454545455,0.74,0.57,0.68,0.56,0.66,0.78,-5.5600000000000005,,True,16.551,0.0,0.009000000000000001,2.4308,7.353,0.2422977356110326,77.64010989010988,player history,1462.5,0.4033439014956522,0.0417619935019259,4.729940680611927,0.0,,,,21.0,987.0,3.33,0.14295512,0.30364741641337384,0.013035421276595743,28.0,1.0,1.0,10.0,21.0,0.47619047619047616,0.0,1.0,,0.0,0.0,-0.0437533840320386,-0.0184124304418098,12,10,-0.4710331570871442,1813.0,251.0,7.0,1.3248346722551338,12.0,1.0152557049594606,0,5.5
Horníček,Horníček (NEW),Newcastle,GK,5.0,0.7,470551,Lukás Hornícek,NEW,False,Horníček,True,16.52,10.3,3.304,1.24,2.32,1.35,1.41,2.27,1.71,1.64,1.58,1.69,1.32,19.900000000000002,3.9800000000000004,3.06,2.97,3.38,3.11,4.01,3.37,9.600000000000001,,True,9.552,6.968,0.0,2.3125999999999998,6.51,0.542627908416503,89.9,positional fallback,0.0,0.0032309505268729,0.0030029169843174,2.7050330449672813,0.0,,,,,,,,,,,,,,,,270.0,3.0,90.0,0.0,0.0,0.0770729134891279,-0.0857761118046507,10,16,0.4131237756486222,1838.0,34.0,11.0,1.387198849514487,10.0,1.1934362314133091,0,5.0
Emersonn,Emersonn (IPS),Ipswich,FWD,5.5,1.3,543968,Emersonn Correia da Silva,IPS,False,Emersonn,True,16.45,10.140000000000002,2.9909090909090907,1.52,2.63,1.56,1.41,1.46,1.56,1.31,1.54,1.77,1.67,18.369999999999997,3.3399999999999994,3.57,2.65,2.95,3.01,2.88,3.31,8.229999999999995,,True,16.372,0.0,0.078,2.6299,7.353,0.3732562703373475,81.5,positional fallback,0.0,0.3701570008907115,0.0523253700143218,4.432345205189561,0.0,2.0,,,,,,,,,,,,,,,92.0,3.0,46.0,0.0,0.0,-0.2918528340454071,-0.2856043837956666,19,19,-1.3315882955947056,1640.0,1001.0,1.85,1.8535840736204665,13.0,0.9266892410460464,1,5.5
Andrey Santos,Andrey Santos (MUN),Man United,MID,5.0,1.0,532605,Andrey Nascimento dos Santos,MUN,False,Andrey Santos,False,16.44,10.86,3.2880000000000003,1.69,3.69,1.36,1.27,1.33,1.52,1.33,1.46,1.31,1.48,16.43,3.286,3.28,3.09,2.64,2.45,2.49,2.48,5.57,,True,14.885000000000002,0.887,0.6679999999999999,2.4922,6.932899999999999,0.1717639595035061,80.33952095808382,player history,1247.0,0.2175194074984688,0.0603731703131192,9.095283926852744,0.0,,,,32.0,1247.0,1.9299999999999997,0.85893541,0.13929430633520445,0.061992130633520444,10.0,1.0,0.0,13.0,37.0,0.35135135135135137,359.0,6.0,59.833333333333336,0.0,0.0,0.2911586787820938,0.036515569746031,3,5,1.2388665527515443,1915.0,7.0,34.0,1.2712178238678356,12.0,1.0271008142253517,0,5.0
A.García,A.García (AVL),Aston Villa,DEF,4.0,1.7,606798,Andrés García,AVL,False,A.García,True,16.41,10.31,4.1025,1.58,1.36,2.29,1.8,1.63,1.65,1.63,1.39,1.77,1.3,0.18,0.045,0.04,0.02,0.03,0.03,0.02,0.04,-10.13,,True,9.075000000000001,4.943,2.392,2.9756,7.365600000000001,0.3542539732848472,87.5,positional fallback,0.0,0.0780161196265875,0.0391938534500658,8.421520428158146,0.0,,,,8.0,83.0,0.0,0.014737730000000001,0.0,0.015980671084337348,0.0,0.0,0.0,1.0,15.0,0.06666666666666667,,,,,,0.0916761005372474,-0.0195020800368329,8,11,0.667472079995315,1921.0,26.0,26.0,1.4559886468855003,12.45,0.9473005095465162,0,4.0
Wan-Bissaka,Wan-Bissaka (AVL),Aston Villa,DEF,4.5,0.0,214590,Aaron Wan-Bissaka,AVL,False,Wan-Bissaka,False,16.4,10.4,3.644444444444444,1.6,1.39,2.24,1.85,1.73,1.59,1.64,1.3,1.79,1.26,,,,,,,,,,,False,9.126999999999999,5.423,1.8499999999999999,2.5466,6.684900000000001,0.6232892921019698,88.13311688311688,player history,3657.0,0.0787154503233329,0.0714099329109699,7.966981460023175,0.0,,,,29.0,2080.0,0.0,1.08439449,0.0,0.046920915432692306,0.0,0.0,3.0,23.0,30.0,0.7666666666666667,,,,,,0.0916761005372474,-0.0195020800368329,8,11,0.667472079995315,1921.0,26.0,26.0,1.4559886468855003,12.45,0.9473005095465162,0,
Targett,Targett (HUL),Hull,DEF,4.0,2.4,169359,Matt Targett,HUL,False,Targett,True,16.28,9.52,4.07,1.48,1.34,1.73,1.43,1.64,1.9,1.6,1.72,2.21,1.24,3.9599999999999995,0.9899999999999999,0.58,0.72,0.7,0.49,0.63,0.84,-5.5600000000000005,,True,6.711000000000002,2.706,6.8629999999999995,2.5888,7.3222000000000005,0.4424392617891799,87.5,positional fallback,0.0,0.0780161196265875,0.0391938534500658,8.421520428158146,0.0,,,,,,,,,,,,,,,,30.0,1.0,30.0,0.0,0.0,-0.4519100791990885,-0.454055750336764,20,20,-1.5007189863388086,1533.0,1001.0,1.26,2.241860660354812,13.5,0.876626488060625,1,4.0
George Hemmings,George Hemmings (AVL),Aston Villa,MID,4.5,0.7,577285,George Hemmings,AVL,False,George Hemmings,True,16.26,9.93,3.6133333333333337,1.55,1.44,1.96,1.67,1.67,1.64,1.66,1.5,1.68,1.5,2.65,0.5888888888888889,0.75,0.38,0.46,0.39,0.31,0.36,-7.279999999999999,,True,13.933000000000002,1.186,1.141,2.7487000000000004,7.1402,0.4055198051609464,83.1,positional fallback,0.0,0.1780987351903563,0.0833402645216931,8.189865176177413,0.0,,,,3.0,25.0,0.04,0.00926846,0.144,0.033366455999999996,1.0,0.0,0.0,0.0,12.0,0.0,227.0,5.0,75.66666666666667,0.0,0.0,0.0916761005372474,-0.0195020800368329,8,11,0.667472079995315,1921.0,26.0,26.0,1.4559886468855003,12.45,0.9473005095465162,0,4.5
McBurnie,McBurnie (HUL),Hull,FWD,5.5,1.9,169432,Oli McBurnie,HUL,False,McBurnie,True,16.21,10.239999999999998,2.9472727272727273,1.51,2.66,1.52,1.48,1.53,1.54,1.46,1.53,1.69,1.29,22.11,4.02,3.61,3.97,3.86,3.24,3.55,3.88,11.870000000000001,,True,16.145,0.0,0.065,2.6622,7.353,0.4294735513035075,81.5,positional fallback,0.0,0.3701570008907115,0.0523253700143218,4.432345205189561,0.1,1.0,,,,,,,,,,,,,,,176.0,4.0,88.0,0.0,0.0,-0.4519100791990885,-0.454055750336764,20,20,-1.5007189863388086,1533.0,1001.0,1.26,2.241860660354812,13.5,0.876626488060625,1,5.5
Maeda,Maeda (IPS),Ipswich,MID,5.5,0.4,442967,Daizen Maeda,IPS,False,Maeda,True,16.17,10.059999999999999,2.9400000000000004,1.52,2.67,1.46,1.44,1.44,1.53,1.3,1.52,1.75,1.55,18.0,3.272727272727273,3.47,2.61,2.88,2.94,2.86,3.24,7.940000000000001,,True,14.001000000000001,0.955,1.214,2.5446999999999997,5.9224,0.3827597841877668,83.1,positional fallback,0.0,0.2239376353783467,0.1047903105479461,8.189865176177413,0.0,,,,,,,,,,,,,,,,92.0,2.0,46.0,0.0,0.0,-0.2918528340454071,-0.2856043837956666,19,19,-1.3315882955947056,1640.0,1001.0,1.85,1.8535840736204665,13.0,0.9266892410460464,1,5.5
Lukić,Lukić (IPS),Ipswich,MID,5.0,0.1,212314,Saša Lukić,IPS,False,Lukić,False,16.12,10.030000000000001,3.224,1.51,2.6,1.52,1.46,1.45,1.49,1.34,1.54,1.66,1.56,15.639999999999999,3.1279999999999997,2.94,2.42,2.59,2.56,2.55,2.58,5.609999999999998,,True,13.614,0.903,1.603,1.9734000000000003,5.4916,0.5123825815731162,85.35,player history,2907.5,0.1813381912113653,0.0980566777380979,9.316002700877783,0.0,,,4.0,28.0,1730.0,2.25,1.94825183,0.1170520231213873,0.10135414144508671,18.0,1.0,4.0,19.0,28.0,0.6785714285714286,,,,,,-0.2918528340454071,-0.2856043837956666,19,19,-1.3315882955947056,1640.0,1001.0,1.85,1.8535840736204665,13.0,0.9266892410460464,1,5.0
Solanke,Solanke (TOT),Tottenham,FWD,6.0,1.4,154566,Dominic Solanke-Mitchell,TOT,False,Solanke,False,16.05,10.239999999999998,2.6750000000000003,1.37,3.31,1.35,1.44,1.45,1.32,1.63,1.36,1.44,1.36,14.82,2.47,0.86,2.95,2.67,2.95,2.85,2.54,4.580000000000002,,True,15.947000000000001,0.0,0.10300000000000001,2.7867,7.553,0.321052015857559,85.78191489361701,player history,2100.0,0.3714299780172413,0.0420437523142712,5.932431036264077,0.1,1.0,,,16.0,997.0,2.43,0.37354224999999996,0.21935807422266804,0.03371996238716148,20.0,3.0,0.0,11.0,16.0,0.6875,45.0,1.0,45.0,0.0,0.0,-0.0511239337666682,-0.1320343685467415,15,17,0.4131043967098503,1777.0,41.0,17.0,1.5616840436848023,10.0,1.2135919166562028,0,6.0
Enciso,Enciso (IPS),Ipswich,MID,5.5,0.4,474120,Julio Enciso,IPS,False,Enciso,False,16.04,10.0,2.916363636363636,1.45,2.76,1.48,1.44,1.4,1.47,1.28,1.51,1.68,1.56,16.669999999999998,3.0309090909090908,3.27,2.32,2.61,2.71,2.63,3.13,6.669999999999998,,True,14.858999999999998,0.637,0.544,2.199,6.1836,0.3153211185963679,81.62232142857142,player history,582.0,0.2973427812223206,0.1266167393751759,8.4,0.0,,,,,,,,,,,,,,,,,,,,,-0.2918528340454071,-0.2856043837956666,19,19,-1.3315882955947056,1640.0,1001.0,1.85,1.8535840736204665,13.0,0.9266892410460464,1,5.5
Garnacho,Garnacho (AVL),Aston Villa,MID,6.0,0.6,493105,Alejandro Garnacho Ferreyra,AVL,False,Garnacho,False,16.04,9.799999999999999,2.6733333333333333,1.48,1.33,1.98,1.65,1.67,1.69,1.61,1.43,1.69,1.5,16.85,2.8083333333333336,2.11,2.46,3.32,3.15,2.57,3.24,7.0500000000000025,,True,15.337,0.654,0.049,2.6556,7.7886,0.2301223239176688,82.60595238095239,player history,2358.5,0.4369435443816862,0.1875066387381844,5.84800902229548,0.0,,,,28.0,1261.0,3.41,3.71082066,0.24337827121332278,0.2648484214115781,33.0,1.0,4.0,14.0,33.0,0.42424242424242425,,,,,,0.0916761005372474,-0.0195020800368329,8,11,0.667472079995315,1921.0,26.0,26.0,1.4559886468855003,12.45,0.9473005095465162,0,6.0
Zirkzee,Zirkzee (MUN),Man United,FWD,5.5,0.6,458249,Joshua Zirkzee,MUN,False,Zirkzee,False,16.03,9.780000000000001,2.9145454545454546,1.99,1.8,1.48,1.36,1.42,1.73,1.47,1.66,1.47,1.65,1.54,0.28,0.28,0.24,0.22,0.24,0.26,0.3,-8.240000000000002,,True,16.013,0.0,0.017,2.3922,6.453,0.0889970840068705,81.8061224489796,player history,1303.0,0.4502940562135182,0.0798404520238051,5.815225212260756,0.0,,,,28.0,607.0,2.94,0.46408895,0.4359143327841845,0.06881055271828665,25.0,2.0,1.0,5.0,35.0,0.14285714285714285,210.0,6.0,35.0,0.0,0.0,0.2911586787820938,0.036515569746031,3,5,1.2388665527515443,1915.0,7.0,34.0,1.2712178238678356,12.0,1.0271008142253517,0,5.5
Grimes,Grimes (COV),Coventry,MID,5.0,0.2,168144,Matt Grimes,COV,False,Grimes,True,15.98,10.24,3.196,1.19,3.54,1.25,1.38,1.35,1.53,1.43,1.45,1.48,1.36,17.990000000000002,3.5980000000000003,2.81,3.57,2.78,2.98,2.86,2.99,7.750000000000002,,True,13.802999999999999,1.056,1.121,2.6776,5.3985,0.3911100169568453,83.1,positional fallback,0.0,0.1998266067467193,0.0935076953070113,8.189865176177413,0.0,3.0,,1.0,,,,,,,,,,,,,90.0,1.0,90.0,0.0,0.0,-0.2513420068722135,-0.260770580087077,18,18,-1.3315882955947056,1661.0,1001.0,1.85,1.757725872128414,13.0,0.9031690971170778,1,5.0
Coyle,Coyle (HUL),Hull,DEF,4.0,0.6,193278,Lewie Coyle,HUL,False,Coyle,True,15.92,9.99,3.98,1.34,2.68,1.58,1.22,1.5,1.67,1.43,1.49,1.92,1.09,13.37,3.3425,2.04,2.65,2.39,1.51,2.1,2.68,3.379999999999999,,True,6.582999999999999,2.804,6.533,2.4626,7.042500000000001,0.4413552267520362,87.5,positional fallback,0.0,0.0780161196265875,0.0391938534500658,8.421520428158146,0.0,,,,,,,,,,,,,,,,168.0,2.0,84.0,0.0,0.0,-0.4519100791990885,-0.454055750336764,20,20,-1.5007189863388086,1533.0,1001.0,1.26,2.241860660354812,13.5,0.876626488060625,1,4.0
Welbeck,Welbeck (CHE),Chelsea,FWD,6.0,1.0,50175,Danny Welbeck,CHE,False,Welbeck,False,15.91,9.53,2.651666666666667,1.5,1.38,1.18,2.27,1.46,1.74,1.47,1.81,1.63,1.46,3.1999999999999997,0.5333333333333333,0.52,0.63,0.4,0.61,0.48,0.56,-6.33,,True,15.9,0.0,0.01,2.8722000000000003,7.7884,0.3293210636957475,81.60538641686183,player history,3310.0,0.4471031558059528,0.0607564598669609,4.51390771566448,0.0,,,,37.0,2249.0,12.43,1.42461689,0.4974210760337928,0.057010013383726105,56.0,13.0,1.0,26.0,37.0,0.7027027027027027,103.0,2.0,51.5,0.0,0.0,0.1836375664015244,-0.0207718609867338,5,12,0.852585347922589,1831.0,15.0,21.0,1.3863447699183449,11.0,1.0737940848414846,0,6.0
Ouattara,Ouattara (IPS),Ipswich,DEF,4.0,1.0,572584,Abdoul Ouattara,IPS,False,Ouattara,True,15.84,9.21,3.96,1.85,0.9,1.48,1.66,1.56,1.76,1.1,1.79,2.07,1.67,1.94,0.485,0.41,0.2,0.25,0.3,0.32,0.46,-7.270000000000001,,True,7.399,3.786,4.655,2.7937000000000003,7.676,0.32984032128079,87.5,positional fallback,0.0,0.0780161196265875,0.0391938534500658,8.421520428158146,0.0,,,,,,,,,,,,,,,,,,,,,-0.2918528340454071,-0.2856043837956666,19,19,-1.3315882955947056,1640.0,1001.0,1.85,1.8535840736204665,13.0,0.9266892410460464,1,4.0
Strand Larsen,Strand Larsen (CRY),Crystal Palace,FWD,6.0,0.5,247412,Jørgen Strand Larsen,CRY,False,Strand Larsen,False,15.78,9.830000000000002,2.63,1.43,2.5,1.4,1.61,1.43,1.46,1.36,1.59,1.48,1.52,13.49,2.2483333333333335,2.34,2.12,2.16,2.58,2.06,2.23,3.6599999999999984,,True,15.777,0.0,0.003,2.1397,7.253,0.4728067853139853,80.98495370370371,player history,3600.5,0.2787350219183974,0.039837671546292,3.85707449353964,0.0,,,,36.0,2301.0,5.37,1.10552807,0.21003911342894394,0.04324099361147327,44.0,4.0,1.0,26.0,36.0,0.7222222222222222,61.0,1.0,61.0,0.21,0.0,-0.1171465215222359,0.0042638165422642,16,7,-0.2542419079126018,1804.0,151.0,7.5,1.3534243888033963,11.5,1.066056186213018,0,6.0
Martinelli,Martinelli (ARS),Arsenal,MID,6.4,0.2,444145,Gabriel Martinelli Silva,ARS,False,Martinelli,False,15.76,9.25,2.4625,1.81,1.43,1.56,1.43,1.38,1.64,1.42,1.59,1.41,2.09,1.91,0.29843749999999997,0.35,0.23,0.26,0.29,0.32,0.46,-7.34,,True,15.112,0.573,0.075,2.7315,7.6579999999999995,0.1587417843576794,80.67543103448276,player history,2215.0,0.4271075748860203,0.1389429104143759,7.010339734121122,0.0,,,,33.0,1065.0,3.92,1.23491016,0.3312676056338028,0.10435860507042254,29.0,1.0,5.0,11.0,36.0,0.3055555555555556,105.0,3.0,35.0,0.0,0.0,0.306541748174989,0.5456367033856973,2,1,1.7079738846388108,2064.0,2.5,101.0,0.7593381876414202,10.05,1.1953980873144028,0,6.5
W. Hughes (CRY),W. Hughes (CRY),Crystal Palace,MID,4.5,11.2,108413,Will Hughes,CRY,True,Hughes,False,15.76,9.399999999999999,3.502222222222222,1.6,1.28,1.56,1.76,1.58,1.62,1.49,1.66,1.59,1.61,4.29,0.9533333333333334,0.68,0.62,0.66,0.8,0.71,0.82,-5.1099999999999985,,True,13.77,1.129,0.861,1.9777999999999998,5.403499999999999,0.2683202165866147,82.16620209059234,player history,2619.0,0.180723583012409,0.1175529691771216,8.511013215859032,0.0,,,3.0,34.0,1560.0,1.08,1.93144305,0.062307692307692314,0.11142940673076923,17.0,0.0,1.0,19.0,37.0,0.5135135135135135,149.0,3.0,49.666666666666664,0.04,0.27,-0.1171465215222359,0.0042638165422642,16,7,-0.2542419079126018,1804.0,151.0,7.5,1.3534243888033963,11.5,1.066056186213018,0,4.5
Mings,Mings (AVL),Aston Villa,DEF,4.5,0.4,149484,Tyrone Mings,AVL,False,Mings,False,15.75,9.93,3.5,1.52,1.36,2.08,1.73,1.62,1.62,1.58,1.33,1.67,1.25,5.620000000000001,1.2488888888888892,1.32,0.75,1.12,0.91,0.66,0.86,-4.309999999999999,,True,9.168999999999999,4.405,2.176,2.7369,7.6557,0.454627717717333,88.35603112840467,player history,1882.5,0.1090196178932451,0.0310865148382657,8.698318554458758,0.0,,,,20.0,1322.0,1.32,0.42612537,0.08986384266263238,0.029010047881996976,9.0,0.0,1.0,15.0,23.0,0.6521739130434783,34.0,2.0,17.0,0.0,0.0,0.0916761005372474,-0.0195020800368329,8,11,0.667472079995315,1921.0,26.0,26.0,1.4559886468855003,12.45,0.9473005095465162,0,4.5
Nketiah,Nketiah (CRY),Crystal Palace,FWD,5.5,0.5,205533,Eddie Nketiah,CRY,False,Nketiah,False,15.74,9.350000000000001,2.861818181818182,1.53,1.32,1.54,1.82,1.53,1.61,1.44,1.74,1.58,1.62,6.27,1.14,1.19,1.0,1.0,1.19,0.93,0.96,-3.080000000000002,,True,15.682,0.0,0.058,2.2342,6.553,0.1754081565518404,78.32377049180327,player history,927.0,0.5042643751224289,0.0933675699938672,6.543408360128618,0.0,,,,12.0,414.0,1.79,0.4750561,0.3891304347826087,0.10327306521739131,15.0,2.0,0.0,2.0,12.0,0.16666666666666666,133.0,3.0,44.333333333333336,2.16,0.35000000000000003,-0.1171465215222359,0.0042638165422642,16,7,-0.2542419079126018,1804.0,151.0,7.5,1.3534243888033963,11.5,1.066056186213018,0,5.5
B. Kamara (AVL),B. Kamara (AVL),Aston Villa,MID,5.0,0.4,226944,Boubacar Kamara,AVL,True,Kamara,False,15.69,9.54,3.138,1.53,1.43,1.81,1.61,1.58,1.58,1.59,1.47,1.62,1.48,15.43,3.086,2.66,2.32,2.85,2.66,2.34,2.6,5.890000000000001,,True,12.789,1.264,1.637,2.0042,5.025399999999999,0.594643841737817,85.24583333333332,player history,2272.5,0.1129863417170495,0.0671320575577296,9.272076372315038,0.0,,,,18.0,1410.0,0.5,0.85498945,0.03191489361702128,0.05457379468085107,7.0,1.0,3.0,17.0,18.0,0.9444444444444444,161.0,3.0,53.666666666666664,0.0,0.0,0.0916761005372474,-0.0195020800368329,8,11,0.667472079995315,1921.0,26.0,26.0,1.4559886468855003,12.45,0.9473005095465162,0,5.0
Grealish,Grealish (MCI),Man City,MID,6.5,0.2,114283,Jack Grealish,MCI,False,Grealish,False,15.69,9.36,2.413846153846154,1.62,1.35,1.83,1.44,1.63,1.49,1.84,1.47,1.55,1.46,5.699999999999999,0.8769230769230768,1.39,0.95,1.06,0.74,0.93,0.63,-3.66,,True,14.043000000000001,1.056,0.591,2.7984,7.8671999999999995,0.3851856110599853,86.31139705882353,player history,1984.5,0.3138536178464876,0.204922132104198,7.646390801334374,0.0,,,,20.0,1627.0,2.15,3.55841635,0.11893054701905346,0.19683925722188075,26.0,2.0,6.0,18.0,20.0,0.9,45.0,1.0,45.0,0.0,0.09,0.3979137564561784,0.3023979198869594,1,2,1.5720974480619654,1971.0,3.5,67.0,1.0050081070657415,12.3,0.9984810217456443,0,6.5
Hutchinson,Hutchinson (NFO),Nott'm Forest,MID,5.5,0.2,503301,Omari Hutchinson,NFO,False,Hutchinson,False,15.66,9.58,2.847272727272727,1.62,1.33,1.7,1.54,1.82,1.57,1.41,1.71,1.49,1.48,5.94,1.08,0.96,0.83,0.99,0.92,1.19,1.05,-3.6399999999999997,,True,14.045,1.079,0.536,2.2611999999999997,6.646299999999999,0.3883745961383766,84.13835227272727,player history,2971.0,0.2660748506490191,0.1565567055323844,7.202743902439025,0.0,,,4.0,32.0,1676.0,1.94,4.16660439,0.10417661097852028,0.22374367249403337,25.0,1.0,7.0,17.0,36.0,0.4722222222222222,,,,,,-0.0456385418439161,0.0051716257511739,13,6,-0.1703073359666486,1822.0,151.0,12.0,1.395107616469235,11.5,1.058773755013881,0,5.5
McNeil,McNeil (CRY),Crystal Palace,MID,5.5,0.2,433154,Dwight McNeil,CRY,False,McNeil,False,15.61,9.85,2.838181818181818,1.38,2.66,1.38,1.62,1.37,1.44,1.31,1.55,1.45,1.45,17.229999999999997,3.1327272727272724,3.03,2.74,2.78,3.33,2.61,2.74,7.379999999999997,,True,13.474,0.9309999999999999,1.205,2.3034,6.2886,0.3506438239408209,83.12182539682539,player history,1846.5,0.2908186218489009,0.1824777766400008,8.55361596009975,0.0,,,,26.0,1161.0,1.3900000000000001,1.95585139,0.10775193798449613,0.15161638682170542,24.0,0.0,3.0,14.0,36.0,0.3888888888888889,77.0,2.0,77.0,0.0,0.01,-0.1171465215222359,0.0042638165422642,16,7,-0.2542419079126018,1804.0,151.0,7.5,1.3534243888033963,11.5,1.066056186213018,0,5.5
Madueke,Madueke (ARS),Arsenal,MID,6.5,0.3,248857,Noni Madueke,ARS,False,Madueke,False,15.5,9.0,2.3846153846153846,1.76,1.35,1.53,1.42,1.34,1.6,1.42,1.56,1.41,2.12,15.24,2.3446153846153845,3.76,2.36,2.41,2.33,2.16,2.22,6.24,,True,14.516,0.9470000000000001,0.037,2.7857,7.858,0.2415068864442412,76.28262411347518,player history,2228.0,0.3959532912986445,0.1625267142637923,5.997305792546027,0.0,,,6.0,29.0,1205.0,1.27,2.6768435200000003,0.09485477178423236,0.1999302214107884,26.0,3.0,1.0,16.0,32.0,0.5,88.0,2.0,44.0,0.02,0.05,0.306541748174989,0.5456367033856973,2,1,1.7079738846388108,2064.0,2.5,101.0,0.7593381876414202,10.05,1.1953980873144028,0,6.5
McAtee,McAtee (NFO),Nott'm Forest,MID,5.5,0.0,432714,James McAtee,NFO,False,McAtee,False,15.47,10.43,2.812727272727273,1.39,3.55,1.44,1.28,1.52,1.25,1.17,1.41,1.24,1.21,2.5500000000000003,0.4636363636363637,0.43,0.36,0.43,0.39,0.51,0.43,-7.879999999999999,,True,14.524000000000001,0.4,0.546,2.2533000000000003,6.765600000000001,0.0856225303010946,83.33376623376623,player history,459.0,0.3764104126331811,0.1452289296937088,9.083969465648854,0.0,,,2.0,21.0,288.0,0.18,0.39573773,0.056249999999999994,0.123668040625,4.0,0.0,1.0,2.0,35.0,0.05714285714285714,90.0,1.0,90.0,0.0,0.0,-0.0456385418439161,0.0051716257511739,13,6,-0.1703073359666486,1822.0,151.0,12.0,1.395107616469235,11.5,1.058773755013881,0,5.5
Mazraoui,Mazraoui (MUN),Man United,DEF,4.5,0.7,230001,Noussair Mazraoui,MUN,False,Mazraoui,False,15.39,9.379999999999999,3.42,1.89,1.5,1.53,1.29,1.48,1.69,1.51,1.53,1.31,1.65,4.4,0.9777777777777779,1.03,0.8,0.66,0.59,0.67,0.65,-4.979999999999999,,True,8.709,3.983,2.698,2.5129,7.8194,0.3268323860551791,82.76442307692307,player history,2401.0,0.0737999643820167,0.0559532412061922,9.777723031764337,0.0,,,,24.0,977.0,0.19,0.34367604,0.01750255885363357,0.03165900061412487,5.0,0.0,0.0,10.0,25.0,0.4,136.0,3.0,45.333333333333336,0.0,0.0,0.2911586787820938,0.036515569746031,3,5,1.2388665527515443,1915.0,7.0,34.0,1.2712178238678356,12.0,1.0271008142253517,0,4.5
Maatsen,Maatsen (AVL),Aston Villa,DEF,4.5,0.8,441302,Ian Maatsen,AVL,False,Maatsen,False,15.25,9.44,3.388888888888889,1.42,1.29,1.99,1.64,1.54,1.56,1.55,1.33,1.67,1.27,20.07,4.46,3.05,2.68,4.17,3.72,2.78,3.67,10.63,,True,11.237,3.132,0.881,2.4898,6.964699999999999,0.2617269358453049,83.249063670412,player history,2154.0,0.203853079277759,0.1475739622207232,7.756334056399131,0.0,,,,33.0,1590.0,1.3,2.33111118,0.07358490566037736,0.13194968943396226,19.0,0.0,1.0,17.0,38.0,0.4473684210526316,214.0,3.0,71.33333333333333,0.0,0.0,0.0916761005372474,-0.0195020800368329,8,11,0.667472079995315,1921.0,26.0,26.0,1.4559886468855003,12.45,0.9473005095465162,0,4.5
Nmecha,Nmecha (LEE),Leeds,FWD,5.5,0.6,174594,Lukas Nmecha,LEE,False,Nmecha,False,15.17,9.0,2.7581818181818183,1.44,1.68,1.37,1.73,1.57,1.21,1.57,1.41,1.47,1.72,5.49,0.9981818181818182,1.04,1.19,0.77,0.88,0.92,0.69,-3.51,,True,15.162,0.0,0.008,2.2382,6.6854,0.1797304891169915,76.97619047619048,player history,1065.0,0.5129783809453471,0.0891750858395833,4.7858197932053175,0.0,2.0,,,32.0,1065.0,7.2700000000000005,1.56872295,0.6143661971830986,0.1325681366197183,29.0,6.0,1.0,10.0,33.0,0.30303030303030304,123.0,5.0,30.75,0.0,0.0,-0.0142035236369779,-0.0754441195474228,11,15,-1.013737187036834,1797.0,1001.0,7.5,1.5188598248684002,12.5,0.9692268750094524,0,5.5
Barkley,Barkley (AVL),Aston Villa,MID,5.0,0.2,88894,Ross Barkley,AVL,False,Barkley,False,15.15,9.219999999999999,3.0300000000000002,1.45,1.31,1.8,1.55,1.53,1.58,1.55,1.43,1.56,1.4,16.59,3.318,3.34,2.56,3.28,2.89,2.21,2.31,7.370000000000001,,True,14.468,0.442,0.24,2.1315999999999997,6.8387,0.1718677307481541,80.3992957746479,player history,1128.5,0.3000054654936553,0.1160037215318397,8.050650557620818,0.0,,,4.0,21.0,844.0,1.52,1.28033005,0.16208530805687205,0.13652808590047394,17.0,3.0,2.0,7.0,22.0,0.3181818181818182,11.0,1.0,11.0,0.0,0.0,0.0916761005372474,-0.0195020800368329,8,11,0.667472079995315,1921.0,26.0,26.0,1.4559886468855003,12.45,0.9473005095465162,0,5.0
Elliott,Elliott (LIV),Liverpool,MID,5.5,0.1,444884,Harvey Elliott,LIV,False,Elliott,False,15.08,9.350000000000001,2.7418181818181817,1.62,1.53,1.71,1.57,1.49,1.43,1.51,1.46,1.3,1.47,1.3599999999999999,0.24727272727272726,0.26,0.27,0.22,0.22,0.2,0.19,-7.990000000000002,,True,14.844,0.122,0.114,2.1117,7.084899999999999,0.0706875124813203,82.56268656716416,player history,290.0,0.3649070905496829,0.1291565620084566,7.6253602305475505,0.0,,,,6.0,110.0,0.29000000000000004,0.09255641,0.23727272727272727,0.07572797181818182,5.0,0.0,0.0,1.0,11.0,0.09090909090909091,200.0,5.0,40.0,0.0,0.0,0.2217904378795187,-0.0207728027571259,4,13,1.3549493323437265,1911.0,6.0,51.0,1.4367612878896527,9.9,1.2427165780373892,0,5.5
Dorgu,Dorgu (MUN),Man United,MID,6.0,1.2,596777,Patrick Dorgu,MUN,False,Dorgu,False,15.04,9.12,2.5066666666666664,1.74,1.51,1.44,1.38,1.4,1.65,1.46,1.56,1.39,1.51,12.68,2.1133333333333333,2.72,2.39,1.95,1.84,1.9,1.88,3.5600000000000005,,True,13.796,0.868,0.376,2.3493,6.7924999999999995,0.2775240950777869,86.95043103448276,player history,1861.0,0.2185386791059961,0.134379499957087,7.407676056338028,0.0,,,,27.0,1440.0,2.36,1.77406001,0.1475,0.110878750625,26.0,4.0,4.0,15.0,28.0,0.5357142857142857,349.0,6.0,58.166666666666664,0.0,0.0,0.2911586787820938,0.036515569746031,3,5,1.2388665527515443,1915.0,7.0,34.0,1.2712178238678356,12.0,1.0271008142253517,0,6.0
Yirenkyi,Yirenkyi (COV),Coventry,MID,5.0,0.2,661888,Caleb Yirenkyi,COV,False,Yirenkyi,True,15.0,9.659999999999998,3.0,1.1,3.41,1.13,1.3,1.27,1.45,1.33,1.38,1.39,1.23,18.43,3.686,2.76,3.59,2.76,3.08,2.97,3.27,8.770000000000001,,True,12.998,1.051,0.9510000000000001,2.4455,4.9985,0.3911100169568453,83.1,positional fallback,0.0,0.1998266067467193,0.0935076953070113,8.189865176177413,0.0,,,,,,,,,,,,,,,,,,,,,-0.2513420068722135,-0.260770580087077,18,18,-1.3315882955947056,1661.0,1001.0,1.85,1.757725872128414,13.0,0.9031690971170778,1,5.0
Belloumi,Belloumi (HUL),Hull,MID,5.0,0.6,540324,Mohamed Belloumi,HUL,False,Belloumi,True,14.93,9.46,2.9859999999999998,1.32,2.72,1.35,1.3,1.37,1.4,1.34,1.38,1.55,1.2,17.16,3.432,2.85,3.07,2.98,2.55,2.75,2.96,7.699999999999999,,True,13.192,0.74,0.998,2.2491,4.5985,0.4430943218278431,83.1,positional fallback,0.0,0.1998266067467193,0.0935076953070113,8.189865176177413,0.0,,2.0,3.0,,,,,,,,,,,,,168.0,2.0,84.0,0.0,0.0,-0.4519100791990885,-0.454055750336764,20,20,-1.5007189863388086,1533.0,1001.0,1.26,2.241860660354812,13.5,0.876626488060625,1,5.0
Savinho,Savinho (TOT),Tottenham,MID,6.5,0.3,510281,Sávio Moreira de Oliveira,TOT,False,Savinho,False,14.85,9.81,2.2846153846153845,1.2,3.78,1.16,1.27,1.26,1.14,1.43,1.2,1.27,1.16,,,,,,,,,,,False,14.208,0.42,0.222,2.3386,7.055199999999999,0.1131339449496284,82.83820754716982,player history,1702.0,0.4594387708156562,0.209927555220301,7.108920299322961,0.0,,,,27.0,817.0,2.33,1.62037809,0.25667074663402695,0.1784994223990208,20.0,1.0,2.0,7.0,27.0,0.25925925925925924,160.0,2.0,80.0,0.0,0.0,-0.0511239337666682,-0.1320343685467415,15,17,0.4131043967098503,1777.0,41.0,17.0,1.5616840436848023,10.0,1.2135919166562028,0,
Crooks,Crooks (HUL),Hull,MID,4.5,0.7,101282,Matt Crooks,HUL,False,Crooks,True,14.85,9.389999999999999,3.3,1.32,2.69,1.35,1.3,1.34,1.39,1.31,1.42,1.53,1.19,16.07,3.571111111111111,2.7,2.82,2.75,2.41,2.64,2.75,6.6800000000000015,,True,13.084,0.726,1.04,2.1834,4.5358,0.4585259078455938,83.1,positional fallback,0.0,0.1780987351903563,0.0833402645216931,8.189865176177413,0.0,,,,,,,,,,,,,,,,168.0,2.0,84.0,0.0,0.0,-0.4519100791990885,-0.454055750336764,20,20,-1.5007189863388086,1533.0,1001.0,1.26,2.241860660354812,13.5,0.876626488060625,1,4.5
Tel,Tel (TOT),Tottenham,MID,6.0,0.5,511499,Mathys Tel,TOT,False,Tel,False,14.84,9.589999999999998,2.473333333333333,1.25,3.28,1.22,1.31,1.33,1.2,1.46,1.23,1.32,1.24,14.52,2.42,3.16,2.77,2.32,2.43,2.16,1.68,4.9300000000000015,,True,13.97,0.584,0.286,2.2579000000000002,6.3782,0.1612044798777482,81.10646551724138,player history,1790.5,0.334513099248367,0.1734560613799237,7.693138395082239,0.0,,4.0,4.0,32.0,1334.0,2.46,2.62143698,0.1659670164917541,0.1768585668665667,35.0,4.0,2.0,13.0,38.0,0.34210526315789475,162.0,4.0,54.0,0.0,0.0,-0.0511239337666682,-0.1320343685467415,15,17,0.4131043967098503,1777.0,41.0,17.0,1.5616840436848023,10.0,1.2135919166562028,0,6.0
Dubravka,Dubravka (TOT),Tottenham,GK,4.0,18.9,67089,Martin Dubravka,TOT,False,Dubravka,False,14.81,8.39,3.7025,1.26,1.27,1.51,1.71,1.62,1.02,2.01,1.11,1.88,1.41,0.52,0.13,0.06,0.08,0.08,0.1,0.1,0.1,-7.870000000000001,,True,8.643,6.167,0.0,2.179,6.51,0.5531713745996422,89.9875273522976,player history,3600.0,0.0033674203548387,3.65925925925926e-05,2.4436363636363634,0.0,,,,38.0,3150.0,0.0,0.06341433,0.0,0.001811838,0.0,0.0,0.0,35.0,38.0,0.9210526315789473,45.0,2.0,22.5,0.0,0.0,-0.0511239337666682,-0.1320343685467415,15,17,0.4131043967098503,1777.0,41.0,17.0,1.5616840436848023,10.0,1.2135919166562028,0,4.0
Hudson-Odoi,Hudson-Odoi (NFO),Nott'm Forest,MID,6.0,0.2,209046,Callum Hudson-Odoi,NFO,False,Hudson-Odoi,False,14.8,9.07,2.466666666666667,1.53,1.28,1.6,1.44,1.78,1.44,1.32,1.6,1.47,1.35,6.629999999999999,1.1049999999999998,1.07,0.91,1.11,1.02,1.34,1.18,-2.4400000000000013,,True,13.71,0.996,0.094,2.1094999999999997,6.100099999999999,0.3825060482593393,83.01691394658754,player history,2938.5,0.2568462914716689,0.1490022510889662,5.747141205190801,0.0,,4.0,,30.0,1838.0,2.78,2.9946583799999997,0.13612622415669207,0.14663724385201304,28.0,3.0,4.0,21.0,30.0,0.7,90.0,1.0,90.0,0.0,0.0,-0.0456385418439161,0.0051716257511739,13,6,-0.1703073359666486,1822.0,151.0,12.0,1.395107616469235,11.5,1.058773755013881,0,6.0
Armstrong,Armstrong (EVE),Everton,MID,5.0,0.2,609873,Harrison Armstrong,EVE,False,Armstrong,False,14.78,9.619999999999997,2.956,1.3,2.87,1.27,1.27,1.45,1.46,1.32,1.1,1.31,1.45,2.18,0.43600000000000005,0.46,0.31,0.32,0.31,0.39,0.39,-7.439999999999998,,True,13.315999999999999,0.863,0.601,2.2145,6.0736,0.2281889994773075,81.18411214953271,player history,547.5,0.2259273506314581,0.0704620947475648,8.50816582914573,0.0,,,,18.0,524.0,0.79,0.2105086,0.13568702290076337,0.036156057251908395,5.0,0.0,0.0,6.0,20.0,0.3,270.0,3.0,90.0,0.0,0.12,-0.0485965292955978,-0.0016800106760029,14,8,-0.3604498186276618,1803.0,251.0,13.0,1.3469411290581967,14.0,0.8592747333873535,0,5.0
Robertson,Robertson (TOT),Tottenham,DEF,4.5,3.9,122798,Andrew Robertson,TOT,False,Robertson,False,14.67,9.229999999999999,3.26,1.2,2.94,1.3,1.42,1.36,1.01,1.62,1.11,1.47,1.25,17.27,3.8377777777777777,3.2,3.53,2.78,3.21,2.76,1.79,8.040000000000001,,True,10.561,3.291,0.818,2.3936,6.6925,0.1973399048071328,85.14808362369337,player history,2411.0,0.1818298080809113,0.1373764663658156,5.471220635651775,0.0,,,3.0,27.0,1165.0,1.1,1.3688605600000001,0.0849785407725322,0.10574888446351932,10.0,1.0,0.0,11.0,38.0,0.2894736842105263,90.0,1.0,90.0,0.0,0.0,-0.0511239337666682,-0.1320343685467415,15,17,0.4131043967098503,1777.0,41.0,17.0,1.5616840436848023,10.0,1.2135919166562028,0,4.5
Gudmundsson,Gudmundsson (LEE),Leeds,DEF,4.5,0.0,243526,Gabriel Gudmundsson,LEE,False,Gudmundsson,False,14.66,8.67,3.2577777777777777,1.47,1.19,1.42,1.74,1.78,1.07,1.42,1.53,1.27,1.76,9.63,2.14,0.0,0.0,2.02,2.93,3.03,1.65,0.9600000000000009,,True,8.908,4.2620000000000005,1.49,2.5643000000000002,6.9117999999999995,0.4893830319917726,88.36053412462908,player history,2637.0,0.1278301942577626,0.0813903847650605,7.421905572096979,0.0,,,,32.0,2637.0,1.13,2.69183981,0.038566552901023884,0.09187166587030716,16.0,0.0,0.0,30.0,31.0,0.967741935483871,35.0,1.0,35.0,0.0,0.0,-0.0142035236369779,-0.0754441195474228,11,15,-1.013737187036834,1797.0,1001.0,7.5,1.5188598248684002,12.5,0.9692268750094524,0,4.5
Steur,Steur (NEW),Newcastle,MID,5.0,0.1,636852,Sean Steur,NEW,False,Steur,True,14.61,8.85,2.9219999999999997,1.46,1.21,1.46,1.43,1.79,1.5,1.54,1.39,1.46,1.37,12.89,2.5780000000000003,2.44,2.21,2.2,1.9,2.31,1.83,4.040000000000001,,True,12.286999999999999,0.9590000000000001,1.364,2.8195,6.122400000000001,0.3342368753289007,83.1,positional fallback,0.0,0.1998266067467193,0.0935076953070113,8.189865176177413,0.0,,,,,,,,,,,,,,,,360.0,5.0,72.0,0.11,0.39,0.0770729134891279,-0.0857761118046507,10,16,0.4131237756486222,1838.0,34.0,11.0,1.387198849514487,10.0,1.1934362314133091,0,5.0
Ndoye,Ndoye (NFO),Nott'm Forest,MID,5.5,0.4,456512,Dan Ndoye,NFO,False,Ndoye,False,14.56,9.47,2.6472727272727274,1.33,2.66,1.42,1.28,1.5,1.28,1.19,1.41,1.25,1.25,16.54,3.0072727272727273,3.04,2.43,2.83,2.5,3.18,2.56,7.0699999999999985,,True,13.304000000000002,0.87,0.386,1.9721999999999997,5.5478000000000005,0.2393325312959911,80.48853503184714,player history,1167.0,0.2192935634556997,0.1111420805596725,7.6511178581286226,0.0,,,,27.0,1167.0,1.09,1.53619324,0.08406169665809769,0.11847248637532133,15.0,1.0,2.0,14.0,29.0,0.4827586206896552,90.0,2.0,90.0,0.0,0.0,-0.0456385418439161,0.0051716257511739,13,6,-0.1703073359666486,1822.0,151.0,12.0,1.395107616469235,11.5,1.058773755013881,0,5.5
J.Cuenca,J.Cuenca (FUL),Fulham,DEF,4.5,0.0,246301,Jorge Cuenca Barreno,FUL,False,J.Cuenca,False,14.55,8.209999999999999,3.2333333333333334,1.3,1.34,1.51,1.22,1.31,1.53,1.89,1.49,1.38,1.59,13.959999999999999,3.102222222222222,2.68,2.73,2.78,1.81,1.95,2.01,5.75,,True,7.913,3.971,2.666,2.5688,7.711799999999999,0.3769113465380526,87.61299435028249,player history,1110.0,0.0666714415186246,0.0285786900389749,10.974548404542997,0.0,,,,21.0,935.0,0.05,0.57158729,0.004812834224598931,0.05501909743315508,1.0,0.0,0.0,11.0,31.0,0.3548387096774194,,,,,,-0.0437533840320386,-0.0184124304418098,12,10,-0.4710331570871442,1813.0,251.0,7.0,1.3248346722551338,12.0,1.0152557049594606,0,4.5
Palestra,Palestra (CHE),Chelsea,DEF,5.5,2.6,620109,Marco Palestra,CHE,False,Palestra,True,14.54,8.67,2.6436363636363636,1.4,1.24,1.1,2.17,1.25,1.51,1.36,1.68,1.41,1.43,21.959999999999997,3.9927272727272722,3.51,3.88,2.26,5.06,3.25,4.0,13.289999999999997,,True,8.427,3.937,2.176,3.2088,7.865600000000001,0.2509183711943619,87.5,positional fallback,0.0,0.1284988437474404,0.0645554389842239,8.421520428158146,0.0,,,,,,,,,,,,,,,,231.0,3.0,77.0,0.0,0.0,0.1836375664015244,-0.0207718609867338,5,12,0.852585347922589,1831.0,15.0,21.0,1.3863447699183449,11.0,1.0737940848414846,0,5.5
McAteer,McAteer (IPS),Ipswich,MID,4.5,1.4,461587,Kasey McAteer,IPS,False,McAteer,False,14.51,8.56,3.2244444444444444,1.49,1.31,1.45,1.43,1.41,1.47,1.3,1.51,1.64,1.5,1.21,0.2688888888888889,0.23,0.15,0.17,0.19,0.2,0.27,-7.3500000000000005,,True,13.189,0.632,0.6890000000000001,1.9777,5.1239,0.2797824451740829,81.38921568627453,player history,426.0,0.2197729672650475,0.0967001055966209,8.4,0.0,,,,,,,,,,,,,,,,54.0,3.0,27.0,0.0,0.0,-0.2918528340454071,-0.2856043837956666,19,19,-1.3315882955947056,1640.0,1001.0,1.85,1.8535840736204665,13.0,0.9266892410460464,1,4.5
Kostoulas,Kostoulas (BHA),Brighton,FWD,5.5,0.2,647850,Charalampos Kostoulas,BHA,False,Kostoulas,False,14.48,9.659999999999998,2.632727272727273,1.27,3.57,1.27,1.29,1.07,1.19,1.29,1.17,1.07,1.29,6.18,1.1236363636363635,1.08,0.92,1.18,1.04,0.86,1.1,-3.4799999999999986,,True,14.372,0.0,0.108,2.0541,6.9884,0.0611001079317137,79.94155844155844,player history,351.0,0.5529588356020941,0.1227668635253054,7.469458987783594,0.0,,,,28.0,351.0,2.15,0.5763630399999999,0.5512820512820513,0.14778539487179487,21.0,2.0,1.0,2.0,29.0,0.06896551724137931,47.0,2.0,23.5,0.0,0.0,0.0842682216689143,0.0973748541570488,9,3,0.0297333718288103,1842.0,101.0,15.0,1.3234673027835793,10.8,1.130590346257485,0,5.5
Yates,Yates (NFO),Nott'm Forest,MID,4.5,1.5,204968,Ryan Yates,NFO,False,Yates,False,14.46,8.840000000000002,3.2133333333333334,1.52,1.31,1.53,1.44,1.61,1.43,1.33,1.51,1.43,1.34,1.36,0.3022222222222222,0.2,0.19,0.22,0.22,0.27,0.26,-7.480000000000001,,True,12.643,0.719,1.098,1.8690000000000002,4.8508,0.1475163316044862,83.70174418604651,player history,1554.0,0.1609073106495802,0.0653197061145908,9.567544113393115,0.0,,,,26.0,602.0,0.49,0.40579279999999995,0.07325581395348837,0.060666697674418596,9.0,0.0,2.0,2.0,32.0,0.0625,90.0,1.0,90.0,0.0,0.0,-0.0456385418439161,0.0051716257511739,13,6,-0.1703073359666486,1822.0,151.0,12.0,1.395107616469235,11.5,1.058773755013881,0,4.5
Yoro,Yoro (MUN),Man United,DEF,5.0,0.7,550864,Leny Yoro,MUN,False,Yoro,False,14.45,8.85,2.8899999999999997,1.73,1.47,1.39,1.27,1.35,1.64,1.38,1.49,1.25,1.47,10.85,2.17,2.42,2.08,1.67,1.46,1.64,1.58,2.0,,True,9.619,3.049,1.782,2.4709,7.2463,0.2309889350094802,84.17870036101083,player history,2311.0,0.0955622967897441,0.021882348853109,9.360546927751518,0.0,,,,34.0,1730.0,1.34,0.62695155,0.06971098265895954,0.03261597658959538,9.0,0.0,1.0,18.0,37.0,0.4864864864864865,331.0,6.0,55.166666666666664,0.0,0.0,0.2911586787820938,0.036515569746031,3,5,1.2388665527515443,1915.0,7.0,34.0,1.2712178238678356,12.0,1.0271008142253517,0,5.0
Fofana,Fofana (CHE),Chelsea,DEF,5.0,0.0,444463,Wesley Fofana,CHE,False,Fofana,False,14.43,9.520000000000001,2.886,1.21,3.45,0.96,1.61,1.07,1.22,1.16,1.36,1.13,1.24,12.48,2.496,0.0,0.0,2.11,4.15,2.83,3.39,2.959999999999999,,True,7.579999999999999,3.4160000000000004,3.434,2.4379999999999997,7.122200000000001,0.3370328127715302,84.77649006622516,player history,2306.0,0.0703989688780384,0.0251760564713519,10.954074426184976,0.0,,,,26.0,1718.0,0.72,0.5840593199999999,0.03771827706635623,0.030596821187427237,8.0,0.0,2.0,20.0,31.0,0.6451612903225806,245.0,3.0,81.66666666666667,0.0,0.0,0.1836375664015244,-0.0207718609867338,5,12,0.852585347922589,1831.0,15.0,21.0,1.3863447699183449,11.0,1.0737940848414846,0,5.0
Lewis,Lewis (MCI),Man City,DEF,4.5,0.2,477064,Rico Lewis,MCI,False,Lewis,False,14.33,8.440000000000001,3.1844444444444444,1.45,1.29,1.65,1.2,1.6,1.25,1.72,1.35,1.5,1.33,7.869999999999999,1.7488888888888887,1.68,1.22,1.57,0.96,1.5,0.94,-0.5700000000000021,,True,10.423,3.631,0.276,2.6742,7.1476,0.2629394782554468,86.53553299492386,player history,1346.5,0.1689567065935425,0.0874450134054202,6.842745596513528,0.0,,,,14.0,401.0,0.19,1.38545166,0.042643391521197005,0.31094925037406485,3.0,0.0,1.0,4.0,27.0,0.14814814814814814,165.0,3.0,55.0,0.0,0.02,0.3979137564561784,0.3023979198869594,1,2,1.5720974480619654,1971.0,3.5,67.0,1.0050081070657415,12.3,0.9984810217456443,0,4.5
Kinsky,Kinsky (TOT),Tottenham,GK,4.5,23.1,485055,Antonín Kinský,TOT,False,Kinsky,False,14.24,8.69,3.1644444444444444,1.13,2.4,1.33,1.54,1.42,0.87,1.75,0.98,1.6,1.23,19.52,4.337777777777777,3.11,3.48,3.16,3.54,3.35,2.88,10.83,,True,8.339,5.901,0.0,2.1925,6.51,0.3048103414930603,89.96369426751593,player history,900.0,0.0070170573,0.002594691998562,0.0,0.0,,,,11.0,630.0,0.0,0.00952939,0.0,0.0013613414285714286,0.0,0.0,0.0,7.0,37.0,0.1891891891891892,135.0,2.0,67.5,0.0,0.0,-0.0511239337666682,-0.1320343685467415,15,17,0.4131043967098503,1777.0,41.0,17.0,1.5616840436848023,10.0,1.2135919166562028,0,4.5
Richarlison,Richarlison (TOT),Tottenham,FWD,6.0,3.0,212319,Richarlison de Andrade,TOT,False,Richarlison,False,14.21,8.43,2.3683333333333336,1.4,1.44,1.34,1.49,1.45,1.31,1.64,1.35,1.43,1.35,21.06,3.51,4.08,4.08,3.37,3.64,3.33,2.56,12.629999999999999,,True,14.100000000000001,0.0,0.11,2.4227,7.353,0.1858113268564974,83.55152671755725,player history,2204.0,0.4638715682369815,0.0671171810446333,6.4293564537794605,0.0,4.0,,,33.0,1954.0,7.99,1.4027203,0.368014329580348,0.06460840685772773,61.0,11.0,4.0,20.0,33.0,0.6060606060606061,154.0,4.0,51.333333333333336,0.0,0.0,-0.0511239337666682,-0.1320343685467415,15,17,0.4131043967098503,1777.0,41.0,17.0,1.5616840436848023,10.0,1.2135919166562028,0,6.0
Willock,Willock (NEW),Newcastle,MID,5.0,0.2,200089,Joe Willock,NEW,False,Willock,False,14.01,9.139999999999999,2.802,1.23,2.71,1.25,1.2,1.48,1.27,1.24,1.19,1.24,1.2,9.75,1.95,1.13,1.65,1.69,1.55,1.98,1.75,0.6100000000000012,,True,13.202,0.543,0.265,1.8302,5.0851,0.1826258354767226,76.25254237288135,player history,1509.0,0.2285486985071251,0.119831919361778,8.28598484848485,0.0,,,,27.0,972.0,1.26,1.12435141,0.11666666666666665,0.10410661203703704,15.0,0.0,2.0,10.0,37.0,0.2702702702702703,327.0,5.0,65.4,0.18,0.36,0.0770729134891279,-0.0857761118046507,10,16,0.4131237756486222,1838.0,34.0,11.0,1.387198849514487,10.0,1.1934362314133091,0,5.0
Kevin,Kevin (FUL),Fulham,MID,5.5,0.1,560552,Kevin Santos Lopes de Macedo,FUL,False,Kevin,False,13.96,8.07,2.5381818181818185,1.33,1.27,1.35,1.32,1.4,1.4,1.68,1.42,1.33,1.46,10.81,1.9654545454545456,1.96,1.7,1.92,1.57,1.74,1.92,2.74,,True,13.295,0.473,0.192,1.8897,5.3050999999999995,0.1768245877681702,78.86068376068376,player history,1030.0,0.2462512930474268,0.1240562449085044,7.755802219979819,0.0,,,3.0,26.0,1030.0,1.22,1.49642907,0.10660194174757281,0.1307559381553398,25.0,1.0,3.0,9.0,27.0,0.3333333333333333,61.0,1.0,61.0,0.0,0.0,-0.0437533840320386,-0.0184124304418098,12,10,-0.4710331570871442,1813.0,251.0,7.0,1.3248346722551338,12.0,1.0152557049594606,0,5.5
Marmoush,Marmoush (MCI),Man City,FWD,7.0,1.0,438234,Omar Marmoush,MCI,False,Marmoush,False,13.92,8.33,1.9885714285714287,1.42,1.24,1.67,1.27,1.42,1.31,1.68,1.3,1.34,1.26,9.860000000000001,1.4085714285714288,2.1,1.55,1.81,1.34,1.72,1.34,1.5300000000000011,,True,13.873,0.0,0.047,2.5068,6.553,0.1567466524033965,79.10564971751413,player history,1282.0,0.4576904774884359,0.1325937672878944,6.26907257529521,0.0,2.0,2.0,,26.0,691.0,2.72,0.80893434,0.35426917510853834,0.10536047843704775,21.0,3.0,3.0,8.0,28.0,0.2857142857142857,114.0,2.0,57.0,0.0,0.06,0.3979137564561784,0.3023979198869594,1,2,1.5720974480619654,1971.0,3.5,67.0,1.0050081070657415,12.3,0.9984810217456443,0,7.0
Isidor,Isidor (SUN),Sunderland,FWD,5.5,0.9,437505,Wilson Isidor,SUN,False,Isidor,False,13.91,8.08,2.5290909090909093,1.52,1.35,1.41,1.24,1.21,1.35,1.41,1.47,1.48,1.48,4.61,0.8381818181818183,1.04,0.7,0.66,0.64,0.66,0.91,-3.4699999999999998,,True,13.908,0.0,0.002,2.0246000000000004,6.353,0.1559094585836113,77.24829931972789,player history,1148.0,0.4023639672317436,0.0023765129924559,4.174739195230998,0.0,,,,35.0,1148.0,4.7700000000000005,0.28679294,0.37395470383275264,0.022483767073170728,43.0,6.0,1.0,11.0,36.0,0.3055555555555556,45.0,2.0,45.0,0.0,0.0,-0.1595957595248902,0.0430015486157864,17,4,-1.090859547158444,1736.0,1001.0,5.0,1.3598200174861137,13.0,0.9373583103653522,0,5.5
Diarra,Diarra (SUN),Sunderland,MID,5.5,0.1,547027,Habib Diarra,SUN,False,Diarra,False,13.9,8.1,2.5272727272727273,1.54,1.17,1.42,1.28,1.25,1.44,1.38,1.49,1.49,1.45,3.5,0.6363636363636364,0.82,0.53,0.5,0.49,0.49,0.67,-4.6,,True,12.985999999999999,0.832,0.082,2.5031,8.188600000000001,0.4502672303199797,84.33188405797101,player history,1403.0,0.2223077521763437,0.0482671114788177,5.786279051193994,0.1,1.0,,,21.0,1403.0,3.25,0.8011355,0.20848182466143977,0.0513914433357092,26.0,2.0,6.0,15.0,21.0,0.7142857142857143,,,,,,-0.1595957595248902,0.0430015486157864,17,4,-1.090859547158444,1736.0,1001.0,5.0,1.3598200174861137,13.0,0.9373583103653522,0,5.5
Mainoo,Mainoo (MUN),Man United,MID,5.5,1.0,516895,Kobbie Mainoo,MUN,False,Mainoo,False,13.84,8.39,2.516363636363636,1.61,1.31,1.37,1.28,1.33,1.49,1.32,1.43,1.33,1.39,5.92,1.0763636363636364,1.09,0.95,0.9,0.91,0.98,1.09,-2.4700000000000006,,True,11.665,0.897,1.278,2.0517,5.3866,0.3038668680779968,85.70099337748344,player history,2481.0,0.1317262531619076,0.0903358463865069,9.844439772966158,0.0,,,,28.0,1653.0,0.48,1.27865194,0.02613430127041742,0.06961807295825771,13.0,1.0,2.0,17.0,33.0,0.5151515151515151,29.0,1.0,29.0,0.0,0.0,0.2911586787820938,0.036515569746031,3,5,1.2388665527515443,1915.0,7.0,34.0,1.2712178238678356,12.0,1.0271008142253517,0,5.5
Núñez,Núñez (IPS),Ipswich,MID,5.0,0.1,501390,Marcelino Núñez,IPS,False,Núñez,True,13.84,8.79,2.768,1.26,2.61,1.24,1.23,1.17,1.28,1.08,1.3,1.4,1.28,7.22,1.444,1.64,1.08,1.14,1.13,1.11,1.12,-1.5699999999999994,,True,12.0,0.81,1.03,2.3449,4.8985,0.3050191887025152,83.1,positional fallback,0.0,0.1998266067467193,0.0935076953070113,8.189865176177413,0.0,,1.0,1.0,,,,,,,,,,,,,136.0,2.0,68.0,0.0,0.0,-0.2918528340454071,-0.2856043837956666,19,19,-1.3315882955947056,1640.0,1001.0,1.85,1.8535840736204665,13.0,0.9266892410460464,1,5.0
Fatawu,Fatawu (IPS),Ipswich,MID,5.5,0.2,531442,Abdul Fatawu,IPS,False,Fatawu,False,13.82,8.77,2.5127272727272727,1.23,2.65,1.21,1.21,1.2,1.27,1.09,1.25,1.42,1.29,15.620000000000001,2.8400000000000003,1.04,2.58,2.86,2.94,2.9,3.3,6.850000000000001,,True,12.579,0.562,0.6789999999999999,1.9201000000000001,5.1239,0.3868432740364128,84.21494252873563,player history,288.5,0.2766076914927428,0.1691492742875304,8.4,0.0,,,,,,,,,,,,,,,,,,,,,-0.2918528340454071,-0.2856043837956666,19,19,-1.3315882955947056,1640.0,1001.0,1.85,1.8535840736204665,13.0,0.9266892410460464,1,5.5
Smith,Smith (BOU),Bournemouth,DEF,4.5,0.1,54469,Adam Smith,BOU,False,Smith,False,13.8,8.530000000000001,3.066666666666667,0.93,2.72,1.34,1.24,1.21,1.09,1.47,0.97,1.4,1.42,12.690000000000001,2.8200000000000003,1.56,2.8,2.15,2.59,2.04,1.55,4.16,,True,8.935000000000002,4.034,0.831,2.0866,6.1253,0.3624345460181652,83.49221789883268,player history,1871.0,0.0545946965499778,0.0400525981813658,6.371569875624326,0.0,,,,27.0,1073.0,0.0,0.23751178,0.0,0.019921770922646784,0.0,0.0,2.0,14.0,33.0,0.42424242424242425,66.0,1.0,66.0,0.0,0.0,0.1506897455710198,-0.0576312175215828,6,14,-0.3357978660576632,1872.0,251.0,15.0,1.5252296038761777,10.0,1.1669618261656498,0,4.5
G.Jesus,G.Jesus (ARS),Arsenal,FWD,6.0,0.3,205651,Gabriel Fernando de Jesus,ARS,False,G.Jesus,False,13.78,8.02,2.2966666666666664,1.5,1.33,1.33,1.26,1.17,1.43,1.24,1.38,1.27,1.88,1.43,0.2383333333333333,0.36,0.19,0.2,0.21,0.21,0.26,-6.59,,True,13.770999999999999,0.0,0.009000000000000001,2.3411999999999997,6.453,0.0696947741264355,80.62371134020617,player history,719.5,0.536001197104634,0.066888155170573,5.615001777461785,0.0,,,,22.0,418.0,2.73,0.29217978,0.5877990430622009,0.06290952200956937,19.0,3.0,0.0,3.0,24.0,0.125,142.0,4.0,35.5,0.0,0.0,0.306541748174989,0.5456367033856973,2,1,1.7079738846388108,2064.0,2.5,101.0,0.7593381876414202,10.05,1.1953980873144028,0,6.0
Furlong,Furlong (IPS),Ipswich,DEF,4.0,0.6,176420,Darnell Furlong,IPS,False,Furlong,True,13.75,7.9799999999999995,3.4375,1.58,0.82,1.29,1.42,1.37,1.5,0.99,1.56,1.78,1.43,1.6600000000000001,0.41500000000000004,0.37,0.17,0.22,0.25,0.27,0.38,-6.319999999999999,,True,6.2620000000000005,3.305,4.183,2.5463,7.1402,0.2868541289042419,87.5,positional fallback,0.0,0.0780161196265875,0.0391938534500658,8.421520428158146,0.0,,,,,,,,,,,,,,,,52.0,2.0,26.0,0.0,0.0,-0.2918528340454071,-0.2856043837956666,19,19,-1.3315882955947056,1640.0,1001.0,1.85,1.8535840736204665,13.0,0.9266892410460464,1,4.0
Abraham,Abraham (AVL),Aston Villa,FWD,5.5,0.1,173879,Tammy Abraham,AVL,False,Abraham,False,13.68,8.34,2.4872727272727273,1.26,1.17,1.7,1.4,1.4,1.41,1.42,1.25,1.39,1.26,9.010000000000002,1.6381818181818184,2.21,1.32,1.69,1.46,1.11,1.22,0.6700000000000017,,True,13.68,0.0,0.0,1.8946999999999998,6.353,0.0420589056643325,82.76865671641791,player history,278.0,0.5712898552303055,0.1073423735256134,4.494188549289712,0.0,,,,14.0,278.0,2.05,0.36303598,0.6636690647482013,0.11752963381294963,9.0,2.0,0.0,2.0,14.0,0.14285714285714285,48.0,2.0,24.0,0.0,0.0,0.0916761005372474,-0.0195020800368329,8,11,0.667472079995315,1921.0,26.0,26.0,1.4559886468855003,12.45,0.9473005095465162,0,5.5
Lerma,Lerma (CRY),Crystal Palace,MID,5.0,0.1,152551,Jefferson Lerma Solís,CRY,False,Lerma,False,13.62,8.11,2.7239999999999998,1.35,1.18,1.35,1.49,1.34,1.4,1.28,1.46,1.37,1.39,1.72,0.344,0.19,0.2,0.25,0.33,0.32,0.43,-6.39,,True,10.738,0.759,2.1229999999999998,2.0003,4.9627,0.3423756022738699,86.75210843373495,player history,2860.0,0.1615898057482394,0.0636073689566929,10.9312728751525,0.0,,,,33.0,1722.0,1.84,1.41534982,0.0961672473867596,0.07397298710801395,18.0,0.0,5.0,18.0,35.0,0.5142857142857142,30.0,1.0,30.0,0.0,0.0,-0.1171465215222359,0.0042638165422642,16,7,-0.2542419079126018,1804.0,151.0,7.5,1.3534243888033963,11.5,1.066056186213018,0,5.0
Mundle,Mundle (SUN),Sunderland,MID,5.0,0.0,461199,Romaine Mundle,SUN,False,Mundle,False,13.58,8.03,2.716,1.45,1.37,1.38,1.23,1.24,1.36,1.37,1.4,1.39,1.4,3.0599999999999996,0.6119999999999999,0.7,0.45,0.43,0.43,0.44,0.61,-4.97,,True,13.34,0.14200000000000002,0.098,1.5967,4.4139,0.0952466663107087,83.68208955223879,player history,399.0,0.2680945785909339,0.1017920116876024,7.913708356089568,0.0,,,,14.0,399.0,0.85,0.33038654,0.19172932330827067,0.07452327969924812,7.0,0.0,0.0,2.0,15.0,0.13333333333333333,45.0,1.0,45.0,0.0,0.0,-0.1595957595248902,0.0430015486157864,17,4,-1.090859547158444,1736.0,1001.0,5.0,1.3598200174861137,13.0,0.9373583103653522,0,5.0
Onyeka,Onyeka (COV),Coventry,MID,5.0,0.2,428580,Frank Onyeka,COV,False,Onyeka,True,13.57,8.01,2.714,1.16,1.39,1.21,1.39,1.33,1.53,1.37,1.46,1.42,1.32,16.33,3.2659999999999996,1.51,3.45,2.57,2.92,2.79,3.09,8.319999999999999,,True,11.718,0.835,1.017,2.4926000000000004,5.3985,0.3911100169568453,83.1,positional fallback,0.0,0.1998266067467193,0.0935076953070113,8.189865176177413,0.0,,,,8.0,88.0,0.0,0.36951338,0.0,0.3779114113636364,0.0,0.0,2.0,0.0,16.0,0.0,90.0,1.0,90.0,0.0,0.0,-0.2513420068722135,-0.260770580087077,18,18,-1.3315882955947056,1661.0,1001.0,1.85,1.757725872128414,13.0,0.9031690971170778,1,5.0
Hato,Hato (CHE),Chelsea,DEF,4.5,0.5,551210,Jorrel Hato,CHE,False,Hato,False,13.56,8.879999999999999,3.0133333333333336,1.14,3.06,0.92,1.51,1.04,1.21,1.12,1.28,1.12,1.17,2.31,0.5133333333333333,0.39,0.46,0.25,0.48,0.33,0.4,-6.5699999999999985,,True,9.376000000000001,2.956,1.228,2.1222000000000003,6.302899999999999,0.16760335942506,85.52547770700637,player history,1139.0,0.0840267220088072,0.061105008981726,7.925616040475968,0.0,,,,24.0,1139.0,0.3,0.6520908,0.02370500438981563,0.05152605092186128,3.0,0.0,0.0,12.0,35.0,0.34285714285714286,159.0,3.0,53.0,0.0,0.0,0.1836375664015244,-0.0207718609867338,5,12,0.852585347922589,1831.0,15.0,21.0,1.3863447699183449,11.0,1.0737940848414846,0,4.5
Munoz,Munoz (LIV),Liverpool,MID,6.5,0.6,551499,Victor Munoz,LIV,False,Munoz,True,13.5,9.18,2.076923076923077,1.23,3.29,1.31,1.23,1.11,1.01,1.11,1.15,0.97,1.1,7.2,1.1076923076923078,1.27,1.37,1.18,1.22,1.09,1.07,-1.9799999999999995,,True,11.553,0.856,1.091,3.0176,5.9647,0.2414846531069167,83.1,positional fallback,0.0,0.2803833916294282,0.1312037730133824,8.189865176177413,0.0,,,,,,,,,,,,,,,,104.0,3.0,34.666666666666664,0.0,0.0,0.2217904378795187,-0.0207728027571259,4,13,1.3549493323437265,1911.0,6.0,51.0,1.4367612878896527,9.9,1.2427165780373892,0,6.5
Alcaraz,Alcaraz (EVE),Everton,MID,5.0,0.1,502697,Carlos Alcaraz Durán,EVE,False,Alcaraz,False,13.47,8.22,2.694,1.32,1.26,1.28,1.32,1.53,1.51,1.31,1.14,1.32,1.49,4.3500000000000005,0.8700000000000001,0.94,0.63,0.64,0.62,0.78,0.74,-3.87,,True,12.565000000000001,0.543,0.362,1.9645,5.362,0.2446928079845466,79.70185185185184,player history,1064.0,0.2528198819964525,0.1129405736953336,8.452971957600967,0.0,,,,21.0,679.0,1.1523999999999999,0.52286375,0.15274815905743738,0.0693044734904271,20.0,0.0,1.0,6.0,28.0,0.21428571428571427,26.0,1.0,26.0,0.04,0.01,-0.0485965292955978,-0.0016800106760029,14,8,-0.3604498186276618,1803.0,251.0,13.0,1.3469411290581967,14.0,0.8592747333873535,0,5.0
Clarke,Clarke (IPS),Ipswich,MID,5.5,0.3,443261,Jack Clarke,IPS,False,Clarke,False,13.41,7.88,2.438181818181818,1.38,1.1,1.36,1.37,1.29,1.38,1.27,1.38,1.45,1.42,5.92,1.0763636363636364,1.34,0.85,0.91,0.93,0.91,0.98,-1.96,,True,12.858,0.314,0.238,1.8956,6.0245999999999995,0.1925412912645799,78.3803738317757,player history,585.0,0.2166887417218543,0.1633313461538461,8.4,0.1,1.0,3.0,3.0,,,,,,,,,,,,,88.0,3.0,44.0,0.0,0.0,-0.2918528340454071,-0.2856043837956666,19,19,-1.3315882955947056,1640.0,1001.0,1.85,1.8535840736204665,13.0,0.9266892410460464,1,5.5
Thomas-Asante,Thomas-Asante (COV),Coventry,FWD,5.0,0.8,230730,Brandon Thomas-Asante,COV,False,Thomas-Asante,True,13.41,7.9799999999999995,2.682,1.16,1.39,1.21,1.38,1.3,1.54,1.34,1.42,1.39,1.28,16.36,3.272,2.44,3.56,2.31,2.79,2.54,2.72,8.379999999999999,,True,13.358,0.0,0.052000000000000005,2.5644,7.180400000000001,0.3925093360526451,81.5,positional fallback,0.0,0.3563138036245852,0.0503684965325606,4.432345205189561,0.0,4.0,,,,,,,,,,,,,,,90.0,1.0,90.0,0.0,0.0,-0.2513420068722135,-0.260770580087077,18,18,-1.3315882955947056,1661.0,1001.0,1.85,1.757725872128414,13.0,0.9031690971170778,1,5.0
Simms,Simms (COV),Coventry,FWD,5.0,1.0,218997,Ellis Simms,COV,False,Simms,True,13.4,7.870000000000001,2.68,1.12,1.41,1.2,1.34,1.28,1.52,1.4,1.39,1.42,1.31,13.31,2.662,2.2,3.0,1.91,2.23,1.99,1.98,5.4399999999999995,,True,13.322000000000001,0.0,0.078,2.4334,6.645099999999999,0.4065293614805709,81.5,positional fallback,0.0,0.3563138036245852,0.0503684965325606,4.432345205189561,0.0,,,,,,,,,,,,,,,,90.0,2.0,90.0,0.0,0.0,-0.2513420068722135,-0.260770580087077,18,18,-1.3315882955947056,1661.0,1001.0,1.85,1.757725872128414,13.0,0.9031690971170778,1,5.0
Aznou,Aznou (EVE),Everton,DEF,4.0,0.2,499300,Adam Aznou,EVE,False,Aznou,True,13.33,8.299999999999999,3.3325,1.47,1.07,1.11,1.27,1.69,1.69,1.2,0.9,1.28,1.65,0.23,0.0575,0.0,0.02,0.03,0.03,0.06,0.09,-8.069999999999999,,True,7.201,4.621,1.508,2.7443,6.958,0.2538890370563541,87.5,positional fallback,0.0,0.0780161196265875,0.0391938534500658,8.421520428158146,0.0,,,,4.0,0.0,0.0,0.0,,,0.0,0.0,0.0,0.0,22.0,0.0,30.0,2.0,15.0,0.0,0.0,-0.0485965292955978,-0.0016800106760029,14,8,-0.3604498186276618,1803.0,251.0,13.0,1.3469411290581967,14.0,0.8592747333873535,0,4.0
Bailey,Bailey (AVL),Aston Villa,MID,5.5,0.2,215711,Leon Bailey,AVL,False,Bailey,False,13.27,8.05,2.4127272727272726,1.25,1.18,1.6,1.36,1.32,1.34,1.36,1.23,1.36,1.25,0.25,0.045454545454545456,0.06,0.03,0.04,0.04,0.03,0.05,-7.800000000000001,,True,12.549999999999999,0.396,0.324,2.1136,6.3244,0.1642480576671662,76.31478873239436,player history,1021.5,0.3460693268158976,0.2068762564093952,9.046153846153846,0.0,,,,16.0,450.0,0.5,1.43389826,0.1,0.286779652,8.0,0.0,2.0,3.0,16.0,0.1875,,,,,,0.0916761005372474,-0.0195020800368329,8,11,0.667472079995315,1921.0,26.0,26.0,1.4559886468855003,12.45,0.9473005095465162,0,5.5
Bentancur,Bentancur (TOT),Tottenham,MID,5.5,0.2,202993,Rodrigo Bentancur,TOT,False,Bentancur,False,13.25,8.64,2.409090909090909,1.12,3.01,1.1,1.13,1.16,1.12,1.22,1.09,1.17,1.12,1.42,0.2581818181818182,0.4,0.19,0.2,0.21,0.19,0.23,-7.220000000000001,,True,9.77,0.742,2.738,1.9850999999999999,4.835800000000001,0.3423173463531422,80.91512605042017,player history,2706.5,0.1129973072232103,0.0480376024770738,12.472887767969738,0.0,,,,26.0,1880.0,0.76,0.79521145,0.036382978723404256,0.03806863324468085,13.0,1.0,1.0,23.0,27.0,0.8518518518518519,,,,,,-0.0511239337666682,-0.1320343685467415,15,17,0.4131043967098503,1777.0,41.0,17.0,1.5616840436848023,10.0,1.2135919166562028,0,5.5
Röhl,Röhl (EVE),Everton,MID,5.0,0.1,513466,Merlin Röhl,EVE,False,Röhl,False,13.23,8.71,2.646,1.13,2.87,1.06,1.11,1.27,1.27,1.14,0.96,1.13,1.3,21.78,4.356,3.91,3.46,3.3,3.35,3.94,3.82,13.07,,True,11.701,0.76,0.769,2.0551000000000004,5.2747,0.2225536758947414,82.96324786324786,player history,675.0,0.1947056242424242,0.074675136641129,8.824242424242424,0.0,,,,23.0,675.0,0.8,0.337602,0.10666666666666667,0.0450136,11.0,1.0,1.0,6.0,27.0,0.2222222222222222,217.0,4.0,72.33333333333333,0.0,0.0,-0.0485965292955978,-0.0016800106760029,14,8,-0.3604498186276618,1803.0,251.0,13.0,1.3469411290581967,14.0,0.8592747333873535,0,5.0
Tchaouna,Tchaouna (COV),Coventry,MID,5.5,0.2,469272,Loum Tchaouna,COV,False,Tchaouna,False,13.19,8.53,2.398181818181818,1.05,2.87,1.05,1.17,1.14,1.25,1.17,1.19,1.18,1.12,17.25,3.1363636363636362,2.42,3.59,2.46,2.97,2.75,3.06,8.72,,True,12.42,0.719,0.051,1.6242,3.5985,0.2965820552814508,77.43898305084745,player history,1259.0,0.1816292165378268,0.0843041507302429,5.7456787978806565,0.0,,,,32.0,1259.0,1.21,0.952059,0.08649722001588563,0.06805822875297855,22.0,2.0,2.0,14.0,38.0,0.3684210526315789,90.0,2.0,90.0,0.0,0.0,-0.2513420068722135,-0.260770580087077,18,18,-1.3315882955947056,1661.0,1001.0,1.85,1.757725872128414,13.0,0.9031690971170778,1,5.5
Lavia,Lavia (CHE),Chelsea,MID,5.0,0.1,514356,Roméo Lavia,CHE,False,Lavia,False,13.14,8.58,2.628,1.1,2.78,1.02,1.36,1.12,1.2,1.07,1.24,1.16,1.09,3.8900000000000006,0.7780000000000001,0.68,0.77,0.54,0.7,0.58,0.62,-4.6899999999999995,,True,12.356000000000002,0.488,0.29600000000000004,1.7260000000000002,4.5343,0.0999949174590411,78.24018691588785,player history,774.5,0.1777618850089269,0.0622211369502507,8.647987965400526,0.0,,,,14.0,374.0,0.21000000000000002,0.60943357,0.05053475935828877,0.14665513716577538,3.0,0.0,0.0,4.0,15.0,0.26666666666666666,128.0,3.0,42.666666666666664,0.0,0.0,0.1836375664015244,-0.0207718609867338,5,12,0.852585347922589,1831.0,15.0,21.0,1.3863447699183449,11.0,1.0737940848414846,0,5.0
Kitching,Kitching (COV),Coventry,DEF,4.0,0.7,436761,Liam Kitching,COV,False,Kitching,True,13.06,7.499999999999999,3.265,0.98,1.4,0.96,1.39,1.31,1.46,1.34,1.4,1.55,1.26,3.26,0.815,0.44,0.71,0.36,0.56,0.52,0.67,-4.239999999999999,,True,5.944000000000001,3.263,3.8529999999999998,2.5238,7.2402,0.3523390335487117,87.5,positional fallback,0.0,0.0780161196265875,0.0391938534500658,8.421520428158146,0.0,,,,,,,,,,,,,,,,90.0,1.0,90.0,0.0,0.0,-0.2513420068722135,-0.260770580087077,18,18,-1.3315882955947056,1661.0,1001.0,1.85,1.757725872128414,13.0,0.9031690971170778,1,4.0
Tomiyasu,Tomiyasu (CRY),Crystal Palace,DEF,4.5,0.4,223723,Takehiro Tomiyasu,CRY,False,Tomiyasu,True,12.98,8.469999999999999,2.8844444444444446,1.16,2.43,1.11,1.4,1.08,1.29,1.02,1.28,1.13,1.08,4.5200000000000005,1.0044444444444445,0.73,0.59,0.69,0.95,0.7,0.86,-3.9499999999999984,,True,6.838,4.211,1.931,2.5637,6.559399999999999,0.2669752883232513,87.5,positional fallback,0.0,0.0925743273925264,0.0465076273778755,8.421520428158146,0.0,,,,,,,,,,,,,,,,59.0,1.0,59.0,0.0,0.02,-0.1171465215222359,0.0042638165422642,16,7,-0.2542419079126018,1804.0,151.0,7.5,1.3534243888033963,11.5,1.066056186213018,0,4.5
Rushworth,Rushworth (COV),Coventry,GK,4.5,1.2,472739,Carl Rushworth,COV,False,Rushworth,True,12.91,7.970000000000001,2.868888888888889,0.7,2.97,0.69,1.24,1.06,1.31,1.12,1.25,1.52,1.06,18.7,4.155555555555555,2.75,3.86,2.75,3.17,2.97,3.2,10.729999999999999,,True,7.517,5.393,0.0,1.9962,5.608,0.4908470045817135,89.9,positional fallback,0.0,0.002669626553417,0.00248121005022,2.7050330449672813,0.0,,,,,,,,,,,,,,,,90.0,1.0,90.0,0.0,0.0,-0.2513420068722135,-0.260770580087077,18,18,-1.3315882955947056,1661.0,1001.0,1.85,1.757725872128414,13.0,0.9031690971170778,1,4.5
Gittens,Gittens (CHE),Chelsea,MID,6.0,0.0,463936,Jamie Bynoe-Gittens,CHE,False,Gittens,False,12.82,7.74,2.1366666666666667,1.24,1.25,1.1,1.58,1.23,1.34,1.22,1.34,1.27,1.23,6.049999999999999,1.008333333333333,1.04,1.2,0.77,1.17,0.89,0.98,-1.6900000000000013,,True,12.707,0.091,0.022,1.7047,4.9105,0.0564598771832896,80.99610389610389,player history,486.0,0.298120703539823,0.1625054307868893,6.710914454277287,0.0,,,,17.0,486.0,0.8,0.9303691,0.14814814814814814,0.17229057407407405,10.0,0.0,2.0,5.0,22.0,0.22727272727272727,166.0,5.0,41.5,0.0,0.0,0.1836375664015244,-0.0207718609867338,5,12,0.852585347922589,1831.0,15.0,21.0,1.3863447699183449,11.0,1.0737940848414846,0,6.0
Angulo,Angulo (SUN),Sunderland,MID,5.0,0.1,536661,Nilson Angulo,SUN,False,Angulo,False,12.75,8.13,2.55,1.28,2.62,1.13,1.0,0.99,1.11,1.07,1.17,1.21,1.17,16.87,3.374,3.27,3.08,2.73,2.48,2.4,2.91,8.74,,True,11.93,0.8099999999999999,0.01,2.0114,4.4866,0.4279002025923327,78.94112149532711,player history,401.0,0.2325703535137098,0.0767348714000363,4.118394770292356,0.0,,3.0,,8.0,401.0,0.7622,0.11361736,0.17106733167082294,0.025500155610972568,7.0,0.0,0.0,5.0,8.0,0.625,,,,,,-0.1595957595248902,0.0430015486157864,17,4,-1.090859547158444,1736.0,1001.0,5.0,1.3598200174861137,13.0,0.9373583103653522,0,5.0
Delap,Delap (CHE),Chelsea,FWD,5.5,0.4,463034,Liam Delap,CHE,False,Delap,False,12.7,7.64,2.309090909090909,1.22,1.15,1.03,1.69,1.19,1.36,1.16,1.42,1.29,1.19,0.64,0.11636363636363636,0.1,0.12,0.08,0.12,0.1,0.12,-7.0,,True,12.697999999999999,0.0,0.002,2.2695999999999996,6.680400000000001,0.2040224336927561,78.99198717948718,player history,2398.0,0.3572734380837524,0.0374873874538517,3.7848027842227374,0.0,4.0,,,29.0,1092.0,4.46,0.22552415,0.3675824175824176,0.01858715521978022,34.0,1.0,2.0,12.0,29.0,0.41379310344827586,114.0,3.0,38.0,0.0,0.0,0.1836375664015244,-0.0207718609867338,5,12,0.852585347922589,1831.0,15.0,21.0,1.3863447699183449,11.0,1.0737940848414846,0,5.5
Nwaneri,Nwaneri (ARS),Arsenal,MID,5.5,0.0,499175,Ethan Nwaneri,ARS,False,Nwaneri,False,12.69,7.4399999999999995,2.307272727272727,1.37,1.16,1.27,1.19,1.14,1.31,1.2,1.27,1.19,1.59,1.22,0.2218181818181818,0.31,0.17,0.17,0.18,0.18,0.21,-6.22,,True,12.366,0.23199999999999998,0.092,1.9424,5.9925,0.1111630257675197,79.47745098039215,player history,609.5,0.2663240139811957,0.1334985791529097,8.007782101167317,0.0,,,,7.0,165.0,0.22999999999999998,0.08285118,0.12545454545454546,0.045191552727272724,6.0,0.0,0.0,0.0,17.0,0.0,241.0,4.0,60.25,0.0,0.0,0.306541748174989,0.5456367033856973,2,1,1.7079738846388108,2064.0,2.5,101.0,0.7593381876414202,10.05,1.1953980873144028,0,5.5
Chiesa,Chiesa (LIV),Liverpool,MID,5.5,0.1,223541,Federico Chiesa,LIV,False,Chiesa,False,12.65,7.8,2.3000000000000003,1.38,1.26,1.43,1.32,1.24,1.17,1.24,1.25,1.13,1.22,1.45,0.2636363636363636,0.25,0.28,0.23,0.24,0.22,0.23,-6.35,,True,12.625,0.016,0.009000000000000001,1.8588999999999998,6.8118,0.01,78.49583333333334,player history,369.0,0.4204570412265759,0.1481248436115843,8.452937588940843,0.0,,,,32.0,317.0,1.5137,0.60998976,0.4297570977917981,0.17318321261829656,17.0,2.0,1.0,1.0,36.0,0.027777777777777776,161.0,4.0,40.25,0.0,0.0,0.2217904378795187,-0.0207728027571259,4,13,1.3549493323437265,1911.0,6.0,51.0,1.4367612878896527,9.9,1.2427165780373892,0,5.5
Kipré,Kipré (IPS),Ipswich,DEF,4.0,0.6,183015,Cédric Kipré,IPS,False,Kipré,True,12.64,7.3500000000000005,3.16,1.51,0.74,1.15,1.36,1.23,1.36,0.89,1.44,1.65,1.32,0.9400000000000001,0.23500000000000001,0.2,0.1,0.12,0.14,0.16,0.22,-6.41,,True,5.674,3.031,3.9349999999999996,2.3852,6.994,0.2868541289042419,87.5,positional fallback,0.0,0.0780161196265875,0.0391938534500658,8.421520428158146,0.0,,,,,,,,,,,,,,,,46.0,1.0,46.0,0.0,0.0,-0.2918528340454071,-0.2856043837956666,19,19,-1.3315882955947056,1640.0,1001.0,1.85,1.8535840736204665,13.0,0.9266892410460464,1,4.0
Morato,Morato (NFO),Nott'm Forest,DEF,5.0,0.0,485047,Felipe Rodrigues da Silva,NFO,False,Morato,False,12.62,7.809999999999999,2.524,1.33,1.12,1.39,1.22,1.48,1.27,1.16,1.43,1.13,1.09,2.4899999999999998,0.49799999999999994,0.43,0.3,0.41,0.37,0.55,0.43,-5.3199999999999985,,True,8.12,2.564,1.936,2.2276,6.9117999999999995,0.2483371766365954,87.94052863436123,player history,1786.5,0.0854043231133471,0.0113502199500682,10.85014072847682,0.0,,,,26.0,1340.0,1.32,0.16486577,0.08865671641791045,0.011073074104477611,5.0,1.0,0.0,14.0,37.0,0.3783783783783784,90.0,1.0,90.0,0.0,0.0,-0.0456385418439161,0.0051716257511739,13,6,-0.1703073359666486,1822.0,151.0,12.0,1.395107616469235,11.5,1.058773755013881,0,5.0
Tanaka,Tanaka (LEE),Leeds,MID,5.0,0.2,248056,Tanaka Ao,LEE,False,Tanaka,False,12.58,7.45,2.516,1.22,1.22,1.23,1.38,1.33,1.07,1.28,1.27,1.24,1.35,6.69,1.338,1.2,1.37,0.95,1.08,1.13,0.96,-0.7599999999999998,,True,11.24,0.584,0.756,1.9411999999999998,4.9762,0.2285528794151843,79.75536723163842,player history,1307.0,0.2236945868765296,0.111698143787463,9.729935015613131,0.0,,,4.0,33.0,1307.0,1.6300000000000001,1.42009073,0.11224177505738332,0.0977874259372609,17.0,2.0,1.0,14.0,37.0,0.3783783783783784,100.0,3.0,33.333333333333336,0.0,0.0,-0.0142035236369779,-0.0754441195474228,11,15,-1.013737187036834,1797.0,1001.0,7.5,1.5188598248684002,12.5,0.9692268750094524,0,5.0
Sanchez,Sanchez (BOU),Bournemouth,DEF,4.5,0.2,494928,Juanlu Sánchez,BOU,False,Sanchez,True,12.5,7.0200000000000005,2.7777777777777777,0.93,1.09,1.31,1.32,1.28,1.09,1.53,1.04,1.45,1.46,0.14,0.031111111111111114,0.0,0.02,0.02,0.03,0.03,0.04,-6.880000000000001,,True,6.519,3.415,2.5660000000000003,2.6434,7.511799999999999,0.2539355708375323,87.5,positional fallback,0.0,0.0925743273925264,0.0465076273778755,8.421520428158146,0.0,,,,,,,,,,,,,,,,,,,,,0.1506897455710198,-0.0576312175215828,6,14,-0.3357978660576632,1872.0,251.0,15.0,1.5252296038761777,10.0,1.1669618261656498,0,4.5
Dominguez,Dominguez (NFO),Nott'm Forest,MID,5.0,0.1,250199,Nicolás Domínguez,NFO,False,Dominguez,False,12.48,7.58,2.496,1.27,1.14,1.32,1.26,1.39,1.2,1.16,1.32,1.22,1.19,5.49,1.098,0.87,0.8,0.91,0.87,1.06,0.98,-2.09,,True,10.953,0.599,0.928,1.7988,4.4881,0.2202917516763955,77.45443037974684,player history,2153.0,0.1763803692532778,0.0705009438699459,10.368701728576683,0.0,,,,29.0,1168.0,1.47,0.7881834,0.11327054794520548,0.06073330993150685,18.0,1.0,1.0,17.0,31.0,0.5483870967741935,90.0,1.0,90.0,0.0,0.0,-0.0456385418439161,0.0051716257511739,13,6,-0.1703073359666486,1822.0,151.0,12.0,1.395107616469235,11.5,1.058773755013881,0,5.0
Longstaff,Longstaff (LEE),Leeds,MID,5.0,0.1,180135,Sean Longstaff,LEE,False,Longstaff,False,12.4,7.35,2.48,1.21,1.18,1.22,1.39,1.29,1.06,1.25,1.22,1.23,1.36,4.180000000000001,0.8360000000000001,0.79,0.89,0.59,0.66,0.68,0.57,-3.169999999999999,,True,11.387,0.41100000000000003,0.602,1.8582,4.9643,0.1907293667301092,84.67062146892656,player history,1396.0,0.237266867944195,0.1480818715132186,9.46198950725234,0.0,,2.0,3.0,27.0,1003.0,1.23,1.8999879,0.11036889332003988,0.1704874486540379,16.0,2.0,2.0,10.0,28.0,0.35714285714285715,172.0,5.0,43.0,0.0,0.0,-0.0142035236369779,-0.0754441195474228,11,15,-1.013737187036834,1797.0,1001.0,7.5,1.5188598248684002,12.5,0.9692268750094524,0,5.0
Maddison,Maddison (TOT),Tottenham,MID,6.5,1.2,172780,James Maddison,TOT,False,Maddison,False,12.3,7.229999999999999,1.8923076923076925,1.17,1.26,1.18,1.22,1.3,1.1,1.49,1.16,1.27,1.16,8.39,1.290769230769231,1.03,0.9,1.54,1.73,1.64,1.55,1.160000000000002,,True,11.644,0.28800000000000003,0.368,2.4073,7.0283,0.0970679474500726,81.2360544217687,player history,942.0,0.493646504970949,0.2309472085296235,8.791695030633084,0.0,,,,6.0,34.0,0.21,0.05531844,0.5558823529411765,0.14643116470588236,2.0,0.0,0.0,0.0,6.0,0.0,,,,,,-0.0511239337666682,-0.1320343685467415,15,17,0.4131043967098503,1777.0,41.0,17.0,1.5616840436848023,10.0,1.2135919166562028,0,6.5
D. James (LEE),D. James (LEE),Leeds,MID,5.0,0.1,200617,Daniel James,LEE,True,James,False,12.2,7.26,2.44,1.22,1.21,1.15,1.36,1.25,1.07,1.22,1.18,1.21,1.34,2.3899999999999997,0.4779999999999999,0.42,0.5,0.33,0.38,0.4,0.36,-4.87,,True,11.874999999999998,0.265,0.06,1.7466000000000002,4.6389,0.1125534748212912,77.89310344827587,player history,547.0,0.2670305211977332,0.1358370554076138,6.85097258385664,0.0,,1.0,1.0,22.0,547.0,0.91,0.7002258299999999,0.1497257769652651,0.11521083126142595,14.0,0.0,0.0,6.0,23.0,0.2608695652173913,172.0,4.0,43.0,0.0,0.0,-0.0142035236369779,-0.0754441195474228,11,15,-1.013737187036834,1797.0,1001.0,7.5,1.5188598248684002,12.5,0.9692268750094524,0,5.0
N.Jackson,N.Jackson (CHE),Chelsea,FWD,6.5,0.3,517052,Nicolas Jackson,CHE,False,N.Jackson,False,12.12,7.290000000000001,1.8646153846153846,1.15,0.95,0.93,1.8,1.15,1.31,1.07,1.34,1.28,1.14,0.71,0.10923076923076923,0.12,0.14,0.09,0.13,0.11,0.12,-6.580000000000001,,True,12.101999999999999,0.0,0.018000000000000002,2.8678,7.6884,0.3747590473425123,80.18983957219251,player history,1119.0,0.5341213329535744,0.081445925852498,4.7,0.0,,,,,,,,,,,,,,,,155.0,3.0,51.666666666666664,0.0,0.0,0.1836375664015244,-0.0207718609867338,5,12,0.852585347922589,1831.0,15.0,21.0,1.3863447699183449,11.0,1.0737940848414846,0,6.5
Danso,Danso (TOT),Tottenham,DEF,5.0,0.2,135720,Kevin Danso,TOT,False,Danso,False,12.05,7.01,2.41,1.1,1.07,1.23,1.26,1.3,1.05,1.41,1.07,1.37,1.2,0.13,0.026000000000000002,0.0,0.01,0.02,0.03,0.03,0.04,-6.88,,True,6.473000000000001,2.144,3.433,2.1432,6.6058,0.2544626589131085,88.68055555555554,player history,1910.5,0.0621814174821911,0.0196172512744892,11.57202621351825,0.0,,,,24.0,1489.0,0.5800000000000001,0.27503653,0.03505708529214238,0.016624101880456682,11.0,0.0,0.0,17.0,34.0,0.5,,,,,,-0.0511239337666682,-0.1320343685467415,15,17,0.4131043967098503,1777.0,41.0,17.0,1.5616840436848023,10.0,1.2135919166562028,0,5.0
Abbott,Abbott (NFO),Nott'm Forest,DEF,4.0,0.3,549067,Zach Abbott,NFO,False,Abbott,True,12.02,7.48,3.005,1.31,0.9,1.36,1.11,1.56,1.24,0.96,1.45,1.13,0.99,1.11,0.2775,0.21,0.14,0.19,0.16,0.24,0.17,-6.37,,True,6.611999999999999,3.925,1.4829999999999999,2.7305,6.711799999999999,0.2311586967509939,87.5,positional fallback,0.0,0.0780161196265875,0.0391938534500658,8.421520428158146,0.0,,,,6.0,165.0,0.0,0.011519390000000001,0.0,0.006283303636363637,0.0,0.0,0.0,2.0,16.0,0.125,90.0,1.0,90.0,0.0,0.0,-0.0456385418439161,0.0051716257511739,13,6,-0.1703073359666486,1822.0,151.0,12.0,1.395107616469235,11.5,1.058773755013881,0,4.0
Henry,Henry (BRE),Brentford,DEF,4.5,0.3,194010,Rico Henry,BRE,False,Henry,False,12.02,6.980000000000001,2.671111111111111,1.27,1.1,1.31,1.04,1.15,1.11,1.18,1.47,1.3,1.07,3.8600000000000003,0.8577777777777779,0.55,0.57,0.77,0.62,0.65,0.7,-3.120000000000001,,True,8.837,3.0180000000000002,0.165,1.9632999999999998,6.358,0.2583294525512121,85.2807486631016,player history,1369.0,0.0621805820565008,0.029253690021092,5.706048184708047,0.0,,,,26.0,1322.0,0.18,0.55589538,0.012254160363086233,0.037844617397882,5.0,0.0,2.0,14.0,29.0,0.4827586206896552,11.0,1.0,11.0,0.0,0.0,0.1430094199147795,-0.010658247439459,7,9,-0.3895837925260162,1837.0,251.0,11.0,1.3527334738773589,13.0,0.9307068915414188,0,4.5
Osula,Osula (NEW),Newcastle,FWD,6.0,1.2,538207,William Osula,NEW,False,Osula,False,12.01,7.43,2.0016666666666665,1.19,1.14,1.2,1.15,1.51,1.24,1.19,1.08,1.19,1.11,10.780000000000001,1.7966666666666669,1.87,1.66,1.75,1.57,2.11,1.82,3.3500000000000014,,True,12.01,0.0,0.0,1.7652,6.353,0.01,78.72627737226279,player history,867.0,0.4864818589120767,0.0574234464360197,3.865626874625075,0.0,2.0,,,25.0,805.0,4.28,0.58636416,0.4785093167701864,0.06555624149068323,23.0,7.0,1.0,8.0,26.0,0.3076923076923077,180.0,3.0,60.0,1.52,0.19,0.0770729134891279,-0.0857761118046507,10,16,0.4131237756486222,1838.0,34.0,11.0,1.387198849514487,10.0,1.1934362314133091,0,6.0
Talbi,Talbi (SUN),Sunderland,MID,5.5,0.2,549912,Chemsdine Talbi,SUN,False,Talbi,False,11.96,7.000000000000001,2.174545454545455,1.31,1.1,1.19,1.12,1.06,1.22,1.19,1.28,1.26,1.22,8.67,1.5763636363636364,1.84,1.42,1.3,1.24,1.23,1.64,1.669999999999999,,True,11.153000000000002,0.751,0.056,1.8059999999999998,3.5881,0.3156767796827671,79.66221198156683,player history,1553.0,0.1977153528332473,0.0656639832280663,5.94208238154889,0.0,,,,31.0,1553.0,2.14,0.96189691,0.12401802962009015,0.05574418667095943,25.0,4.0,2.0,16.0,31.0,0.5161290322580645,,,,,,-0.1595957595248902,0.0430015486157864,17,4,-1.090859547158444,1736.0,1001.0,5.0,1.3598200174861137,13.0,0.9373583103653522,0,5.5
C.Jones,C.Jones (LIV),Liverpool,MID,5.5,0.0,206915,Curtis Jones,LIV,False,C.Jones,False,11.89,7.26,2.161818181818182,1.3,1.1,1.34,1.25,1.17,1.1,1.18,1.22,1.06,1.18,4.62,0.84,0.85,0.88,0.75,0.76,0.7,0.68,-2.6399999999999997,,True,10.629999999999999,0.393,0.867,2.1717,6.020899999999999,0.2041576284838602,82.95626911314984,player history,2778.0,0.273919019601734,0.1087111782800184,10.36940783367366,0.0,,,,35.0,1923.0,2.7976,2.71416287,0.13093291731669268,0.1270279034321373,23.0,1.0,3.0,18.0,36.0,0.5,135.0,3.0,45.0,0.0,0.0,0.2217904378795187,-0.0207728027571259,4,13,1.3549493323437265,1911.0,6.0,51.0,1.4367612878896527,9.9,1.2427165780373892,0,5.5
Boscagli,Boscagli (BHA),Brighton,DEF,4.5,0.3,204120,Olivier Boscagli,BHA,False,Boscagli,False,11.89,8.05,2.6422222222222222,1.03,2.89,1.07,1.13,0.88,1.05,1.18,0.88,0.76,1.02,14.209999999999999,3.1577777777777776,2.66,1.84,2.81,2.61,1.93,2.36,6.159999999999998,,True,6.922000000000001,3.528,1.44,2.1952000000000003,6.3222000000000005,0.2512393914106295,88.74087591240877,player history,799.0,0.0752753073917762,0.0477273205421923,8.22502110213433,0.0,,,,20.0,799.0,0.04,0.47945734,0.004505632040050062,0.05400645882352941,1.0,0.0,1.0,9.0,38.0,0.23684210526315788,151.0,2.0,75.5,0.0,0.0,0.0842682216689143,0.0973748541570488,9,3,0.0297333718288103,1842.0,101.0,15.0,1.3234673027835793,10.8,1.130590346257485,0,4.5
Stroud,Stroud (HUL),Hull,MID,5.0,0.1,608227,Elliot Stroud,HUL,False,Stroud,True,11.86,7.7700000000000005,2.372,1.0,2.69,1.05,0.99,1.01,1.03,0.98,1.04,1.17,0.89,15.66,3.132,2.6,2.73,2.66,2.38,2.59,2.7,7.89,,True,10.437999999999999,0.595,0.827,2.0015,4.4358,0.3258752870175272,83.1,positional fallback,0.0,0.1998266067467193,0.0935076953070113,8.189865176177413,0.0,,,,,,,,,,,,,,,,60.0,1.0,60.0,0.0,0.0,-0.4519100791990885,-0.454055750336764,20,20,-1.5007189863388086,1533.0,1001.0,1.26,2.241860660354812,13.5,0.876626488060625,1,5.0
Nelson,Nelson (ARS),Arsenal,MID,5.5,0.0,200641,Reiss Nelson,ARS,False,Nelson,False,11.84,6.920000000000001,2.152727272727273,1.3,1.14,1.18,1.1,1.06,1.14,1.06,1.18,1.13,1.55,0.33999999999999997,0.061818181818181814,0.08,0.05,0.05,0.05,0.05,0.06,-6.580000000000001,,True,11.380999999999998,0.175,0.28400000000000003,2.1691,6.6133,0.0677697336805609,80.20365853658537,player history,362.0,0.3633497901987008,0.139467482212457,10.541690300623936,0.0,,,,17.0,118.0,0.71,0.11654413,0.5415254237288135,0.0888895906779661,5.0,0.0,1.0,0.0,23.0,0.0,73.0,3.0,24.333333333333332,0.0,0.0,0.306541748174989,0.5456367033856973,2,1,1.7079738846388108,2064.0,2.5,101.0,0.7593381876414202,10.05,1.1953980873144028,0,5.5
Burrowes,Burrowes (AVL),Aston Villa,MID,4.5,0.7,645618,Bradley Burrowes,AVL,False,Burrowes,True,11.79,7.24,2.6199999999999997,1.14,1.01,1.44,1.22,1.19,1.24,1.2,1.08,1.19,1.08,3.0300000000000002,0.6733333333333333,0.9,0.43,0.55,0.45,0.33,0.37,-4.21,,True,10.064,0.902,0.824,2.5072,4.5627,0.2759858168820286,83.1,positional fallback,0.0,0.1780987351903563,0.0833402645216931,8.189865176177413,0.0,,,,2.0,16.0,0.0,0.00093143,0.0,0.0052392937499999995,0.0,0.0,0.0,0.0,4.0,0.0,55.0,3.0,18.333333333333332,0.0,0.0,0.0916761005372474,-0.0195020800368329,8,11,0.667472079995315,1921.0,26.0,26.0,1.4559886468855003,12.45,0.9473005095465162,0,4.5
O'Riley,O'Riley (BHA),Brighton,MID,5.5,0.1,219249,Matt O'Riley,BHA,False,O'Riley,False,11.75,8.13,2.1363636363636362,0.97,3.49,0.96,0.98,0.84,0.89,0.94,0.9,0.81,0.97,2.6399999999999997,0.4799999999999999,0.51,0.41,0.52,0.43,0.35,0.42,-5.490000000000001,,True,11.179,0.442,0.129,1.9346,4.3767,0.1576595382459713,80.05491803278687,player history,670.5,0.3198801645769933,0.1741787917782342,7.044239183276616,0.0,3.0,,,12.0,202.0,1.21,0.17187936,0.5391089108910891,0.07657991287128713,4.0,1.0,0.0,2.0,13.0,0.15384615384615385,,,,,,0.0842682216689143,0.0973748541570488,9,3,0.0297333718288103,1842.0,101.0,15.0,1.3234673027835793,10.8,1.130590346257485,0,5.5
Lewis-Skelly,Lewis-Skelly (ARS),Arsenal,MID,5.5,0.7,499169,Myles Lewis-Skelly,ARS,False,Lewis-Skelly,False,11.74,7.550000000000001,2.1345454545454547,1.07,2.37,1.02,1.02,1.01,1.06,1.0,1.04,1.0,1.15,11.58,2.1054545454545455,2.5,1.87,1.87,1.86,1.72,1.76,4.029999999999999,,True,10.522,1.182,0.036000000000000004,1.4215,3.2627,0.150978607813478,86.32267441860465,player history,1382.0,0.057312454873121,0.0477256362934764,5.176157804459691,0.0,,,,27.0,697.0,0.11,0.20926082000000001,0.014203730272596844,0.02702076585365854,2.0,0.0,0.0,5.0,37.0,0.13513513513513514,339.0,5.0,67.8,0.0,0.38,0.306541748174989,0.5456367033856973,2,1,1.7079738846388108,2064.0,2.5,101.0,0.7593381876414202,10.05,1.1953980873144028,0,5.5
Touré,Touré (NEW),Newcastle,MID,6.0,0.2,611665,Bazoumana Touré,NEW,False,Touré,True,11.73,7.12,1.955,1.18,0.94,1.18,1.08,1.5,1.24,1.21,1.09,1.18,1.12,12.479999999999999,2.0799999999999996,2.11,1.91,2.06,1.84,2.46,2.1,5.3599999999999985,,True,9.955,0.746,1.029,2.7718,5.4239,0.2444552485022783,83.1,positional fallback,0.0,0.2506932105927494,0.1173104259402037,8.189865176177413,0.0,,,,,,,,,,,,,,,,180.0,3.0,60.0,0.39,0.78,0.0770729134891279,-0.0857761118046507,10,16,0.4131237756486222,1838.0,34.0,11.0,1.387198849514487,10.0,1.1934362314133091,0,6.0
Suzuki,Suzuki (AVL),Aston Villa,GK,5.0,0.8,433969,Zion Suzuki,AVL,False,Suzuki,True,11.55,7.43,2.31,1.17,0.92,1.62,1.37,1.2,1.15,1.11,0.93,1.28,0.81,,,,,,,,,,,False,6.438000000000001,5.112,0.0,2.043,6.51,0.3508299790845428,89.9,positional fallback,0.0,0.0032309505268729,0.0030029169843174,2.7050330449672813,0.0,,,,,,,,,,,,,,,,,,,,,0.0916761005372474,-0.0195020800368329,8,11,0.667472079995315,1921.0,26.0,26.0,1.4559886468855003,12.45,0.9473005095465162,0,
Jair Cunha,Jair Cunha (NFO),Nott'm Forest,DEF,4.5,0.2,575458,Jair Paula da Cunha Filho,NFO,False,Jair Cunha,False,11.49,7.16,2.5533333333333332,1.22,0.97,1.27,1.1,1.42,1.18,1.01,1.28,1.04,0.99,1.51,0.33555555555555555,0.3,0.2,0.26,0.22,0.31,0.22,-5.65,,True,7.664999999999999,2.729,1.096,2.0858999999999996,6.416799999999999,0.2340761581562412,85.64432989690721,player history,514.0,0.0826802288345506,0.0208008762144075,9.007573832962844,0.0,,,,13.0,514.0,0.29000000000000004,0.06511123999999999,0.050778210116731524,0.011400800778210114,3.0,0.0,0.0,6.0,23.0,0.2608695652173913,,,,,,-0.0456385418439161,0.0051716257511739,13,6,-0.1703073359666486,1822.0,151.0,12.0,1.395107616469235,11.5,1.058773755013881,0,4.5
Mount,Mount (MUN),Man United,MID,5.5,0.0,184341,Mason Mount,MUN,False,Mount,False,11.49,7.039999999999999,2.0890909090909093,1.38,1.35,1.03,1.01,1.05,1.22,1.05,1.18,1.03,1.17,2.49,0.45272727272727276,0.46,0.4,0.36,0.37,0.42,0.48,-4.549999999999999,,True,11.17,0.211,0.109,1.9964,5.9925,0.1091448363524386,76.87034883720929,player history,1320.5,0.3303697501318708,0.1211608103523801,8.898669396110543,0.0,,3.0,,26.0,1010.0,1.52,1.64098589,0.13544554455445545,0.14622646544554457,19.0,3.0,0.0,12.0,28.0,0.42857142857142855,216.0,4.0,54.0,0.0,0.0,0.2911586787820938,0.036515569746031,3,5,1.2388665527515443,1915.0,7.0,34.0,1.2712178238678356,12.0,1.0271008142253517,0,5.5
Guessand,Guessand (CRY),Crystal Palace,MID,5.5,0.0,485337,Evann Guessand,CRY,False,Guessand,False,11.39,6.77,2.070909090909091,1.12,1.0,1.07,1.3,1.13,1.15,1.05,1.26,1.12,1.18,4.6,0.8363636363636363,0.66,0.62,0.69,0.89,0.77,0.97,-2.17,,True,10.871,0.334,0.185,1.8099999999999998,4.4989,0.1796895330866472,78.79291338582678,player history,909.0,0.2607500637537239,0.0618288560506603,8.2720953326713,0.0,,,,23.0,909.0,1.56,1.03393306,0.15445544554455445,0.10236960990099012,10.0,1.0,3.0,9.0,26.0,0.34615384615384615,172.0,3.0,57.333333333333336,0.0,0.07,-0.1171465215222359,0.0042638165422642,16,7,-0.2542419079126018,1804.0,151.0,7.5,1.3534243888033963,11.5,1.066056186213018,0,5.5
Endo,Endo (LIV),Liverpool,MID,5.0,0.1,158983,Endo Wataru,LIV,False,Endo,False,11.33,6.95,2.266,1.17,1.17,1.23,1.17,1.12,1.09,1.11,1.1,1.06,1.12,1.0,0.2,0.18,0.19,0.16,0.16,0.15,0.16,-5.95,,True,11.030000000000001,0.123,0.177,1.5555999999999999,3.1658,0.0619630355527229,80.02361111111112,player history,300.5,0.1701280220672426,0.0861892274383262,9.555269922879177,0.0,,,,11.0,170.0,0.04,0.055015800000000004,0.021176470588235297,0.029126011764705886,1.0,0.0,1.0,1.0,20.0,0.05,45.0,1.0,45.0,0.0,0.0,0.2217904378795187,-0.0207728027571259,4,13,1.3549493323437265,1911.0,6.0,51.0,1.4367612878896527,9.9,1.2427165780373892,0,5.0
Walle Egeli,Walle Egeli (IPS),Ipswich,FWD,4.5,2.4,557012,Sindre Walle Egeli,IPS,False,Walle Egeli,True,11.26,6.609999999999999,2.502222222222222,1.16,0.95,1.2,1.05,1.06,1.19,0.99,1.18,1.27,1.21,8.26,1.8355555555555556,1.93,1.3,1.35,1.3,1.21,1.17,1.6500000000000004,,True,11.209,0.0,0.051000000000000004,2.2077999999999998,5.6118,0.2835974707767099,81.5,positional fallback,0.0,0.3429617781434363,0.0484810550629663,4.432345205189561,0.0,,,,,,,,,,,,,,,,112.0,2.0,56.0,0.0,0.0,-0.2918528340454071,-0.2856043837956666,19,19,-1.3315882955947056,1640.0,1001.0,1.85,1.8535840736204665,13.0,0.9266892410460464,1,4.5
Gnonto,Gnonto (LEE),Leeds,MID,5.0,0.0,492859,Wilfried Gnonto,LEE,False,Gnonto,False,11.26,6.699999999999999,2.252,1.1,1.11,1.1,1.23,1.14,1.02,1.15,1.1,1.12,1.2,2.2399999999999998,0.44799999999999995,0.43,0.49,0.31,0.35,0.36,0.3,-4.459999999999999,,True,11.008000000000001,0.123,0.129,1.5088000000000001,3.4254,0.0578798025341274,78.52857142857142,player history,521.0,0.2314019368047896,0.1449594767488282,9.429651804001892,0.0,,,,27.0,521.0,0.41000000000000003,0.76413983,0.0708253358925144,0.13200112226487523,10.0,0.0,3.0,4.0,30.0,0.13333333333333333,57.0,3.0,19.0,0.0,0.0,-0.0142035236369779,-0.0754441195474228,11,15,-1.013737187036834,1797.0,1001.0,7.5,1.5188598248684002,12.5,0.9692268750094524,0,5.0
Hirst,Hirst (IPS),Ipswich,FWD,5.0,0.2,222625,George Hirst,IPS,False,Hirst,False,11.25,6.659999999999999,2.25,1.15,1.07,1.15,1.08,1.07,1.14,1.03,1.14,1.26,1.17,1.32,0.264,0.25,0.16,0.19,0.21,0.22,0.29,-5.339999999999999,,True,11.249,0.0,0.001,1.3977,4.4117999999999995,0.01,79.03048780487805,player history,324.5,0.3788997284521774,0.0695162425827215,4.7,0.0,,,,,,,,,,,,,,,,24.0,1.0,24.0,0.0,0.0,-0.2918528340454071,-0.2856043837956666,19,19,-1.3315882955947056,1640.0,1001.0,1.85,1.8535840736204665,13.0,0.9266892410460464,1,5.0
Marc Guiu,Marc Guiu (CHE),Chelsea,FWD,5.0,0.5,499309,Marc Guiu Paz,CHE,False,Marc Guiu,False,11.25,6.74,2.25,1.08,1.04,0.89,1.48,1.08,1.17,1.07,1.24,1.15,1.05,0.48000000000000004,0.096,0.06,0.08,0.06,0.09,0.08,0.11,-6.26,,True,11.25,0.0,0.0,1.9995,6.1804,0.0403676268592591,80.52985074626866,player history,300.5,0.475748070677631,0.0952130441344852,3.892425905598244,0.0,,,,17.0,265.0,1.53,0.28739025,0.5196226415094339,0.0976042358490566,13.0,0.0,1.0,1.0,28.0,0.03571428571428571,,,,,,0.1836375664015244,-0.0207718609867338,5,12,0.852585347922589,1831.0,15.0,21.0,1.3863447699183449,11.0,1.0737940848414846,0,5.0
Andrews,Andrews (COV),Coventry,MID,4.5,0.7,629397,Kaine Andrews,COV,False,Andrews,True,11.15,6.609999999999999,2.477777777777778,0.98,1.19,1.0,1.13,1.12,1.19,1.13,1.15,1.17,1.09,0.35,0.07777777777777778,0.04,0.05,0.05,0.06,0.06,0.09,-6.26,,True,9.639000000000001,0.77,0.741,2.1505,4.1,0.3540239840035473,83.1,positional fallback,0.0,0.1780987351903563,0.0833402645216931,8.189865176177413,0.0,,,,,,,,,,,,,,,,,,,,,-0.2513420068722135,-0.260770580087077,18,18,-1.3315882955947056,1661.0,1001.0,1.85,1.757725872128414,13.0,0.9031690971170778,1,4.5
Florentino,Florentino (IPS),Ipswich,MID,5.0,0.1,216055,Florentino Ibrain Morris Luís,IPS,False,Florentino,False,11.15,6.58,2.23,1.14,0.95,1.11,1.12,1.11,1.15,1.06,1.16,1.19,1.15,12.139999999999999,2.428,1.57,2.0,2.11,2.12,2.17,2.17,5.559999999999999,,True,7.841000000000001,0.527,2.782,1.7524000000000002,4.262700000000001,0.3297680222736213,82.14878048780488,player history,2100.0,0.0859208018275862,0.0455840712785167,12.636206896551723,0.0,,,,34.0,2100.0,0.64,0.57590786,0.02742857142857143,0.024681765428571433,13.0,0.0,2.0,25.0,35.0,0.7142857142857143,,,,,,-0.2918528340454071,-0.2856043837956666,19,19,-1.3315882955947056,1640.0,1001.0,1.85,1.8535840736204665,13.0,0.9266892410460464,1,5.0
Khalaili,Khalaili (CRY),Crystal Palace,DEF,5.0,0.1,570794,Anan Khalaili,CRY,False,Khalaili,True,11.13,7.5,2.226,0.89,2.61,0.9,1.2,0.88,1.02,0.82,0.97,0.97,0.89,2.69,0.538,0.2,0.23,0.36,0.59,0.5,0.81,-4.8100000000000005,,True,5.99,3.532,1.608,2.4805,6.558,0.2066817482478365,87.5,positional fallback,0.0,0.1092948469717025,0.054907706709325,8.421520428158146,0.0,,,,,,,,,,,,,,,,,,,,,-0.1171465215222359,0.0042638165422642,16,7,-0.2542419079126018,1804.0,151.0,7.5,1.3534243888033963,11.5,1.066056186213018,0,5.0
Diakité,Diakité (BOU),Bournemouth,DEF,5.0,0.2,242882,Bafodé Diakité,BOU,False,Diakité,False,11.11,6.330000000000001,2.222,0.91,1.02,1.17,1.12,1.12,0.99,1.32,0.93,1.25,1.26,3.7800000000000002,0.756,0.53,0.73,0.63,0.72,0.62,0.55,-2.5500000000000007,,True,5.569000000000001,2.508,3.033,2.1922,6.2506,0.2713307671111404,89.23796791443851,player history,1275.0,0.037180911948387,0.0219516127436931,10.245135483870968,0.0,,,,31.0,1275.0,0.02,0.19464778,0.001411764705882353,0.013739843294117647,1.0,0.0,0.0,15.0,37.0,0.40540540540540543,46.0,2.0,46.0,0.0,0.0,0.1506897455710198,-0.0576312175215828,6,14,-0.3357978660576632,1872.0,251.0,15.0,1.5252296038761777,10.0,1.1669618261656498,0,5.0
Schuster,Schuster (BRE),Brentford,DEF,4.5,0.2,513086,Jannik Schuster,BRE,False,Schuster,True,11.08,6.37,2.462222222222222,1.17,0.96,1.19,0.97,1.09,0.99,1.1,1.43,1.18,1.01,0.07,0.015555555555555557,0.0,0.01,0.01,0.01,0.02,0.02,-6.3,,True,6.191,3.4130000000000003,1.476,2.7689999999999997,6.511799999999999,0.2203710808255447,87.5,positional fallback,0.0,0.0925743273925264,0.0465076273778755,8.421520428158146,0.0,,,,,,,,,,,,,,,,0.0,1.0,0.0,0.0,0.0,0.1430094199147795,-0.010658247439459,7,9,-0.3895837925260162,1837.0,251.0,11.0,1.3527334738773589,13.0,0.9307068915414188,0,4.5
Torp,Torp (COV),Coventry,MID,5.5,0.2,226965,Victor Torp,COV,False,Torp,True,10.93,6.41,1.9872727272727273,0.99,0.96,0.99,1.12,1.1,1.25,1.13,1.13,1.16,1.1,3.21,0.5836363636363636,0.56,0.61,0.44,0.52,0.5,0.58,-3.2,,True,9.734,0.624,0.572,2.5882,7.1556000000000015,0.2646698567767948,83.1,positional fallback,0.0,0.2239376353783467,0.1047903105479461,8.189865176177413,0.1,2.0,2.0,2.0,,,,,,,,,,,,,,,,,,-0.2513420068722135,-0.260770580087077,18,18,-1.3315882955947056,1661.0,1001.0,1.85,1.757725872128414,13.0,0.9031690971170778,1,5.5
Kovačić,Kovačić (MCI),Man City,MID,5.5,0.1,91651,Mateo Kovačić,MCI,False,Kovačić,False,10.92,6.5,1.9854545454545454,1.08,0.99,1.23,1.01,1.13,1.06,1.28,1.03,1.08,1.03,14.99,2.7254545454545456,2.92,2.43,2.81,2.09,2.66,2.08,8.49,,True,9.7,0.569,0.651,2.1183,5.2189,0.2254577906786383,84.0774011299435,player history,1226.0,0.2397342332121964,0.1477766257509714,9.516083916083916,0.0,,,,9.0,125.0,0.16,0.43100257000000003,0.11520000000000001,0.31032185040000004,2.0,0.0,1.0,1.0,12.0,0.08333333333333333,185.0,3.0,61.666666666666664,0.02,0.06,0.3979137564561784,0.3023979198869594,1,2,1.5720974480619654,1971.0,3.5,67.0,1.0050081070657415,12.3,0.9984810217456443,0,5.5
Heaven,Heaven (MUN),Man United,DEF,4.5,0.4,606745,Ayden Heaven,MUN,False,Heaven,False,10.9,6.620000000000001,2.4222222222222225,1.36,1.08,1.08,0.91,1.02,1.17,1.03,1.08,0.99,1.18,7.49,1.6644444444444444,1.82,1.44,1.15,0.99,1.09,1.0,0.8699999999999992,,True,7.003,2.401,1.496,2.2217,6.2783,0.1903430929873339,84.1820987654321,player history,1005.5,0.0681248969348462,0.0236531541954844,9.37742888402626,0.0,,,,26.0,920.0,0.34,0.17164176,0.0332608695652174,0.016791041739130437,3.0,0.0,1.0,11.0,37.0,0.2972972972972973,347.0,6.0,57.833333333333336,0.0,0.0,0.2911586787820938,0.036515569746031,3,5,1.2388665527515443,1915.0,7.0,34.0,1.2712178238678356,12.0,1.0271008142253517,0,4.5
Ben Johnson (IPS),Ben Johnson (IPS),Ipswich,DEF,4.0,0.1,222018,Ben Johnson,IPS,True,Johnson,False,10.87,6.4399999999999995,2.7175,1.21,0.82,1.02,1.14,1.06,1.19,0.86,1.14,1.33,1.1,1.3599999999999999,0.33999999999999997,0.33,0.15,0.18,0.2,0.21,0.29,-5.08,,True,6.957,1.69,2.223,1.9448,5.3619,0.3423101411953426,86.90944881889763,player history,674.0,0.1202952278242114,0.0752397516712279,8.59,0.0,,,,,,,,,,,,,,,,44.0,1.0,44.0,0.0,0.0,-0.2918528340454071,-0.2856043837956666,19,19,-1.3315882955947056,1640.0,1001.0,1.85,1.8535840736204665,13.0,0.9266892410460464,1,4.0
Udogie,Udogie (TOT),Tottenham,DEF,4.5,0.5,487053,Destiny Udogie,TOT,False,Udogie,False,10.81,6.21,2.4022222222222225,0.98,0.96,1.09,1.18,1.18,0.82,1.36,0.94,1.24,1.06,5.409999999999999,1.202222222222222,0.43,1.05,0.95,1.12,1.01,0.85,-0.8000000000000007,,True,7.096000000000001,2.722,0.992,2.027,6.122199999999999,0.294544385139078,86.10445205479454,player history,2300.5,0.071957806328609,0.0673056835289661,6.238281444582815,0.0,,,,20.0,1335.0,0.18,0.73628351,0.012134831460674156,0.049637090561797756,4.0,0.0,1.0,14.0,21.0,0.6666666666666666,,,,,,-0.0511239337666682,-0.1320343685467415,15,17,0.4131043967098503,1777.0,41.0,17.0,1.5616840436848023,10.0,1.2135919166562028,0,4.5
Tsimikas,Tsimikas (LIV),Liverpool,DEF,5.0,0.1,214285,Kostas Tsimikas,LIV,False,Tsimikas,False,10.8,6.59,2.16,1.14,1.08,1.2,1.13,1.07,0.97,1.01,1.13,0.97,1.1,2.63,0.526,0.45,0.51,0.44,0.46,0.39,0.38,-3.96,,True,9.023,1.018,0.759,1.9968,5.3721,0.2102915405095874,84.71649484536081,player history,416.5,0.2049060635740361,0.1541803935535571,8.59,0.0,,,,,,,,,,,,,,,,260.0,5.0,52.0,0.0,0.0,0.2217904378795187,-0.0207728027571259,4,13,1.3549493323437265,1911.0,6.0,51.0,1.4367612878896527,9.9,1.2427165780373892,0,5.0
Scherpen,Scherpen (IPS),Ipswich,GK,4.5,0.7,240514,Kjell Scherpen,IPS,False,Scherpen,True,10.77,6.73,2.393333333333333,1.24,1.37,0.91,1.05,0.97,1.19,0.53,1.13,1.4,0.97,18.42,4.093333333333334,3.42,2.79,2.94,2.98,2.98,3.31,11.690000000000001,,True,6.550999999999999,4.219,0.0,1.9611,6.058999999999999,0.368299398710215,89.9,positional fallback,0.0,0.002669626553417,0.00248121005022,2.7050330449672813,0.0,,,,,,,,,,,,,,,,68.0,1.0,68.0,0.0,0.0,-0.2918528340454071,-0.2856043837956666,19,19,-1.3315882955947056,1640.0,1001.0,1.85,1.8535840736204665,13.0,0.9266892410460464,1,4.5
Bindon,Bindon (NFO),Nott'm Forest,DEF,4.0,0.2,538638,Tyler Bindon,NFO,False,Bindon,True,10.77,6.73,2.6925,1.13,0.8,1.23,1.04,1.41,1.12,0.95,1.25,0.94,0.89,0.0,0.0,0.0,0.0,0.0,0.0,0.0,0.0,-6.73,,True,5.747999999999999,3.407,1.615,2.5533,6.511799999999999,0.2121561810076462,87.5,positional fallback,0.0,0.0780161196265875,0.0391938534500658,8.421520428158146,0.0,,,,,,,,,,,,,,,,,,,,,-0.0456385418439161,0.0051716257511739,13,6,-0.1703073359666486,1822.0,151.0,12.0,1.395107616469235,11.5,1.058773755013881,0,4.0
B. Davies (TOT),B. Davies (TOT),Tottenham,DEF,4.0,1.1,115556,Ben Davies,TOT,True,Davies,False,10.68,6.199999999999999,2.67,0.97,0.94,1.08,1.19,1.14,0.88,1.3,0.93,1.2,1.06,6.13,1.5325,1.45,1.07,0.93,1.05,0.91,0.72,-0.0699999999999994,,True,6.5280000000000005,1.994,2.158,2.185,6.1313,0.2063992737981791,87.7189781021898,player history,801.0,0.1078509082340195,0.0258843633384751,8.765881708652794,0.0,,,,4.0,136.0,0.49,0.07566269,0.32426470588235295,0.05007089779411765,2.0,1.0,0.0,2.0,14.0,0.14285714285714285,73.0,2.0,36.5,0.0,0.0,-0.0511239337666682,-0.1320343685467415,15,17,0.4131043967098503,1777.0,41.0,17.0,1.5616840436848023,10.0,1.2135919166562028,0,4.0
Herrington,Herrington (HUL),Hull,DEF,4.0,0.7,597462,Lucas Herrington,HUL,False,Herrington,True,10.64,6.25,2.66,0.96,0.86,1.16,0.92,1.08,1.27,1.04,1.09,1.47,0.79,5.279999999999999,1.3199999999999998,0.84,1.01,0.95,0.65,0.82,1.01,-0.9700000000000006,,True,4.304000000000001,1.78,4.556,2.1932,5.3432,0.3196027472689344,87.5,positional fallback,0.0,0.0780161196265875,0.0391938534500658,8.421520428158146,0.0,,,,,,,,,,,,,,,,30.0,1.0,30.0,0.0,0.0,-0.4519100791990885,-0.454055750336764,20,20,-1.5007189863388086,1533.0,1001.0,1.26,2.241860660354812,13.5,0.876626488060625,1,4.0
Georginio,Georginio (BHA),Brighton,FWD,5.5,1.1,463067,Georginio Rutter,BHA,False,Georginio,False,10.62,6.32,1.9309090909090907,1.11,1.0,1.09,1.12,0.97,1.03,1.11,1.05,0.97,1.18,17.46,3.174545454545455,3.14,2.74,3.27,3.01,2.52,2.78,11.14,,True,10.498999999999999,0.0,0.121,1.7850000000000001,5.2792,0.2528638070496067,79.61355421686747,player history,2609.0,0.3090943243762821,0.125942317403247,6.952815226011103,0.0,,,,36.0,1776.0,2.97,2.9828481300000003,0.15050675675675676,0.15115784442567567,42.0,3.0,5.0,20.0,36.0,0.5555555555555556,133.0,2.0,66.5,0.0,0.0,0.0842682216689143,0.0973748541570488,9,3,0.0297333718288103,1842.0,101.0,15.0,1.3234673027835793,10.8,1.130590346257485,0,5.5
N.Gonzalez,N.Gonzalez (MCI),Man City,MID,5.5,0.1,465694,Nico González Iglesias,MCI,False,N.Gonzalez,False,10.59,6.31,1.9254545454545455,1.1,0.95,1.12,1.0,1.14,1.0,1.18,1.03,1.06,1.01,8.440000000000001,1.5345454545454549,1.67,1.32,1.48,1.22,1.46,1.29,2.1300000000000017,,True,8.407,0.831,1.352,2.002,4.762700000000001,0.293461499042106,82.24889705882353,player history,1942.5,0.1326591607731247,0.0573189263443143,11.188082483305202,0.0,,,,31.0,1561.0,0.69,1.11462329,0.03978219090326713,0.06426399493914157,14.0,1.0,0.0,17.0,33.0,0.5151515151515151,85.0,3.0,28.333333333333332,0.0,0.01,0.3979137564561784,0.3023979198869594,1,2,1.5720974480619654,1971.0,3.5,67.0,1.0050081070657415,12.3,0.9984810217456443,0,5.5
Taylor,Taylor (IPS),Ipswich,MID,4.5,0.0,231899,Jack Taylor,IPS,False,Taylor,False,10.57,6.27,2.348888888888889,1.05,1.04,1.06,1.02,1.02,1.08,0.98,1.08,1.15,1.09,2.91,0.6466666666666667,0.0,0.52,0.56,0.58,0.59,0.66,-3.3599999999999994,,True,10.535,0.018000000000000002,0.017,1.1026,1.1,0.01,82.16493506493507,player history,419.0,0.2144150541452157,0.1053701402449849,8.4,0.0,,,,,,,,,,,,,,,,,,,,,-0.2918528340454071,-0.2856043837956666,19,19,-1.3315882955947056,1640.0,1001.0,1.85,1.8535840736204665,13.0,0.9266892410460464,1,4.5
Gallagher,Gallagher (TOT),Tottenham,MID,5.5,0.3,232787,Conor Gallagher,TOT,False,Gallagher,False,10.52,6.17,1.9127272727272726,1.03,0.94,1.05,1.08,1.09,0.98,1.2,0.99,1.11,1.04,13.89,2.5254545454545454,2.96,2.64,2.22,2.34,2.07,1.66,7.720000000000001,,True,9.023,0.666,0.831,1.8783,4.2254,0.383139053137164,82.70962566844919,player history,1183.0,0.1711487034240962,0.0843627446286677,9.179491849558328,0.0,,,,16.0,1183.0,1.07,0.75600621,0.08140321217244295,0.057515265342349964,11.0,1.0,1.0,14.0,16.0,0.875,153.0,3.0,51.0,0.0,0.0,-0.0511239337666682,-0.1320343685467415,15,17,0.4131043967098503,1777.0,41.0,17.0,1.5616840436848023,10.0,1.2135919166562028,0,5.5
Neave,Neave (NEW),Newcastle,FWD,4.5,0.8,599303,Sean Neave,NEW,False,Neave,True,10.49,6.489999999999999,2.3311111111111114,1.09,0.89,1.07,0.97,1.39,1.08,1.06,0.97,1.0,0.97,0.0,0.0,0.0,0.0,0.0,0.0,0.0,0.0,-6.489999999999999,,True,10.437,0.0,0.053,2.5489,7.180400000000001,0.2410790983916065,81.5,positional fallback,0.0,0.3429617781434363,0.0484810550629663,4.432345205189561,0.0,,,,8.0,13.0,0.03,0.00024667,0.2076923076923077,0.0017077153846153847,1.0,0.0,0.0,0.0,14.0,0.0,144.0,6.0,24.0,0.91,0.0,0.0770729134891279,-0.0857761118046507,10,16,0.4131237756486222,1838.0,34.0,11.0,1.387198849514487,10.0,1.1934362314133091,0,4.5
Hamer,Hamer (COV),Coventry,MID,5.5,0.1,196100,Gustavo Hamer,COV,False,Hamer,True,10.41,7.14,1.8927272727272728,0.69,3.33,0.71,0.77,0.76,0.88,0.82,0.84,0.85,0.76,9.989999999999998,1.8163636363636362,1.66,2.1,1.42,1.65,1.53,1.63,2.8499999999999988,,True,8.981,0.718,0.711,2.2073,4.335800000000001,0.2365518054826949,83.1,positional fallback,0.0,0.2239376353783467,0.1047903105479461,8.189865176177413,0.0,,,,,,,,,,,,,,,,,,,,,-0.2513420068722135,-0.260770580087077,18,18,-1.3315882955947056,1661.0,1001.0,1.85,1.757725872128414,13.0,0.9031690971170778,1,5.5
Schlager,Schlager (NFO),Nott'm Forest,MID,5.0,0.1,204561,Xaver Schlager,NFO,False,Schlager,True,10.38,7.13,2.076,0.86,2.78,0.86,0.8,1.0,0.83,0.75,0.93,0.8,0.76,15.14,3.028,2.77,2.35,2.59,2.33,2.8,2.3,8.010000000000002,,True,8.728000000000002,0.811,0.841,2.2892,4.5358,0.1860772302510125,83.1,positional fallback,0.0,0.1998266067467193,0.0935076953070113,8.189865176177413,0.0,,,3.0,,,,,,,,,,,,,90.0,1.0,90.0,0.0,0.0,-0.0456385418439161,0.0051716257511739,13,6,-0.1703073359666486,1822.0,151.0,12.0,1.395107616469235,11.5,1.058773755013881,0,5.0
Furo,Furo (BRE),Brentford,FWD,4.5,0.9,593174,Kaye Furo,BRE,False,Furo,True,10.37,6.12,2.304444444444444,1.08,0.84,1.02,1.03,1.16,0.99,1.07,1.21,1.05,0.92,0.41000000000000003,0.09111111111111111,0.06,0.06,0.07,0.07,0.07,0.08,-5.71,,True,10.305,0.0,0.065,2.6446,6.8450999999999995,0.2114780748445596,81.5,positional fallback,0.0,0.3429617781434363,0.0484810550629663,4.432345205189561,0.0,,,,1.0,1.0,0.0,0.0,0.0,0.0,0.0,0.0,0.0,0.0,13.0,0.0,,,,,,0.1430094199147795,-0.010658247439459,7,9,-0.3895837925260162,1837.0,251.0,11.0,1.3527334738773589,13.0,0.9307068915414188,0,4.5
Kudus,Kudus (TOT),Tottenham,MID,6.5,0.1,460842,Mohammed Kudus,TOT,False,Kudus,False,10.36,6.05,1.5938461538461537,1.02,1.0,0.99,1.03,1.06,0.95,1.22,0.99,1.09,1.01,16.98,2.6123076923076924,0.42,3.55,3.12,3.56,3.4,2.93,10.93,,True,9.325999999999999,0.63,0.404,2.2018,5.9001,0.3762897082712405,84.96472148541113,player history,2835.5,0.2873249024901878,0.11944361213349,7.918928969877277,0.0,2.0,3.0,5.0,19.0,1535.0,1.93,2.40658026,0.11315960912052116,0.14110242566775244,26.0,2.0,6.0,19.0,19.0,1.0,,,,,,-0.0511239337666682,-0.1320343685467415,15,17,0.4131043967098503,1777.0,41.0,17.0,1.5616840436848023,10.0,1.2135919166562028,0,6.5
Hickey,Hickey (BRE),Brentford,DEF,4.5,0.1,472713,Aaron Hickey,BRE,False,Hickey,False,10.3,5.989999999999999,2.288888888888889,1.09,0.99,1.05,0.92,0.97,0.97,1.02,1.18,1.1,1.0,2.51,0.5577777777777777,0.36,0.37,0.5,0.4,0.42,0.46,-3.4799999999999995,,True,8.604000000000001,1.466,0.23,1.7009,4.4109,0.1675391557388149,78.72047244094487,player history,679.0,0.0895936872534549,0.0036073342541436,7.461438346974372,0.0,,,,24.0,679.0,0.45,0.13847897,0.05964653902798233,0.01835509175257732,6.0,0.0,0.0,9.0,29.0,0.3103448275862069,28.0,1.0,28.0,0.06,0.0,0.1430094199147795,-0.010658247439459,7,9,-0.3895837925260162,1837.0,251.0,11.0,1.3527334738773589,13.0,0.9307068915414188,0,4.5
Charles,Charles (FUL),Fulham,MID,5.0,0.1,463210,Shea Charles,FUL,False,Charles,True,10.24,5.860000000000001,2.048,1.0,0.78,1.04,0.98,1.0,1.06,1.28,1.04,0.95,1.1,0.8800000000000001,0.17600000000000002,0.18,0.13,0.14,0.13,0.14,0.16,-4.980000000000001,,True,8.607000000000001,0.885,0.748,2.4265,4.262700000000001,0.2354098119731131,83.1,positional fallback,0.0,0.1998266067467193,0.0935076953070113,8.189865176177413,0.0,,,,,,,,,,,,,,,,40.0,2.0,20.0,0.0,0.0,-0.0437533840320386,-0.0184124304418098,12,10,-0.4710331570871442,1813.0,251.0,7.0,1.3248346722551338,12.0,1.0152557049594606,0,5.0
Adli,Adli (BOU),Bournemouth,MID,5.0,0.0,489888,Amine Adli,BOU,False,Adli,False,10.18,6.05,2.036,0.93,0.98,1.04,1.06,1.07,0.97,1.06,0.96,1.06,1.06,2.26,0.45199999999999996,0.0,0.0,0.0,0.6,0.83,0.83,-3.79,,True,10.133000000000001,0.023,0.024,1.6039,3.3762,0.01,79.17299270072992,player history,1074.0,0.3128821350264239,0.1223533104926404,9.803288314738696,0.0,,,,34.0,1074.0,2.62,1.29750739,0.21955307262569834,0.10872966955307263,20.0,3.0,2.0,10.0,37.0,0.2702702702702703,43.0,1.0,43.0,0.0,0.0,0.1506897455710198,-0.0576312175215828,6,14,-0.3357978660576632,1872.0,251.0,15.0,1.5252296038761777,10.0,1.1669618261656498,0,5.0
Bergvall,Bergvall (TOT),Tottenham,MID,5.5,0.2,570526,Lucas Bergvall,TOT,False,Bergvall,False,10.17,6.06,1.8490909090909091,1.0,1.01,1.0,1.04,1.04,0.97,1.12,0.97,1.05,0.99,3.0699999999999994,0.5581818181818181,0.78,0.44,0.45,0.47,0.44,0.49,-2.99,,True,9.709999999999999,0.326,0.134,1.543,3.005,0.1242857130885183,78.62227722772278,player history,1558.0,0.1733735073717477,0.0580209852775456,7.719765583377731,0.0,,,,26.0,955.0,1.39,0.43217451,0.13099476439790575,0.04072848785340314,12.0,1.0,3.0,11.0,28.0,0.39285714285714285,87.0,1.0,87.0,0.0,0.0,-0.0511239337666682,-0.1320343685467415,15,17,0.4131043967098503,1777.0,41.0,17.0,1.5616840436848023,10.0,1.2135919166562028,0,5.5
Dibling,Dibling (EVE),Everton,MID,5.5,0.0,496661,Tyler Dibling,EVE,False,Dibling,False,10.13,6.17,1.841818181818182,1.0,0.96,0.97,1.01,1.11,1.12,1.01,0.84,1.0,1.11,3.9499999999999993,0.718181818181818,0.85,0.58,0.58,0.57,0.7,0.67,-2.2200000000000006,,True,9.211,0.435,0.484,1.7672,4.2,0.1723094705757974,82.04610778443114,player history,1286.0,0.1897544245769953,0.0847348657085707,9.309741396072331,0.0,,,,27.0,349.0,0.2,0.15247028,0.05157593123209169,0.03931898338108883,4.0,0.0,0.0,4.0,36.0,0.1111111111111111,179.0,3.0,59.666666666666664,0.0,0.0,-0.0485965292955978,-0.0016800106760029,14,8,-0.3604498186276618,1803.0,251.0,13.0,1.3469411290581967,14.0,0.8592747333873535,0,5.5
O.Richards,O.Richards (NFO),Nott'm Forest,DEF,4.0,0.2,204822,Omar Richards,NFO,False,O.Richards,True,10.1,6.3100000000000005,2.525,1.08,0.79,1.13,0.97,1.28,1.06,0.89,1.15,0.88,0.86,0.0,0.0,0.0,0.0,0.0,0.0,0.0,0.0,-6.3100000000000005,,True,5.438000000000001,3.3089999999999997,1.353,2.3558,6.358,0.2121561810076462,87.5,positional fallback,0.0,0.0780161196265875,0.0391938534500658,8.421520428158146,0.0,,,,,,,,,,,,,,,,,,,,,-0.0456385418439161,0.0051716257511739,13,6,-0.1703073359666486,1822.0,151.0,12.0,1.395107616469235,11.5,1.058773755013881,0,4.0
Darlow,Darlow (MUN),Man United,GK,4.5,0.0,59735,Karl Darlow,MUN,False,Darlow,False,9.96,6.199999999999999,2.2133333333333334,1.32,1.02,1.0,0.8,0.91,1.15,0.93,0.98,0.76,1.09,0.08,0.017777777777777778,0.0,0.01,0.01,0.01,0.02,0.03,-6.119999999999999,,True,5.550000000000001,4.41,0.0,2.0869,6.51,0.603513252655867,89.97942238267149,player history,1980.0,0.0061839847282608,6.586666666666668e-05,2.244565217391304,0.0,,,,23.0,1980.0,0.0,0.07683617,0.0,0.0034925531818181814,0.0,0.0,0.0,22.0,37.0,0.5945945945945946,,,,,,0.2911586787820938,0.036515569746031,3,5,1.2388665527515443,1915.0,7.0,34.0,1.2712178238678356,12.0,1.0271008142253517,0,4.5
Tzolakis,Tzolakis (HUL),Hull,GK,4.5,2.0,473284,Konstantinos Tzolakis,HUL,False,Tzolakis,True,9.95,6.25,2.211111111111111,0.68,1.98,1.0,0.58,0.88,1.13,0.85,0.93,1.43,0.48,17.759999999999998,3.9466666666666663,2.89,3.1,3.01,2.76,2.86,3.14,11.509999999999998,,True,6.321999999999999,3.628,0.0,1.761,5.157,0.5333017265390663,89.9,positional fallback,0.0,0.002669626553417,0.00248121005022,2.7050330449672813,0.0,,,,,,,,,,,,,,,,180.0,2.0,90.0,0.0,0.0,-0.4519100791990885,-0.454055750336764,20,20,-1.5007189863388086,1533.0,1001.0,1.26,2.241860660354812,13.5,0.876626488060625,1,4.5
Rodríguez,Rodríguez (BOU),Bournemouth,FWD,6.0,0.1,561245,Álvaro Rodríguez,BOU,False,Rodríguez,True,9.88,5.8,1.6466666666666667,0.86,0.84,1.08,1.06,1.03,0.93,1.03,0.92,1.08,1.04,1.41,0.235,0.23,0.24,0.23,0.25,0.23,0.23,-4.39,,True,9.796000000000001,0.0,0.084,2.653,6.8450999999999995,0.1914575071276377,81.5,positional fallback,0.0,0.3845094383407031,0.0543542296559633,4.432345205189561,0.0,,,,,,,,,,,,,,,,,,,,,0.1506897455710198,-0.0576312175215828,6,14,-0.3357978660576632,1872.0,251.0,15.0,1.5252296038761777,10.0,1.1669618261656498,0,6.0
Shahar,Shahar (NEW),Newcastle,DEF,4.0,0.1,553746,Leo Shahar,NEW,False,Shahar,True,9.84,6.01,2.46,0.88,0.85,0.91,0.89,1.42,1.06,0.98,0.97,1.02,0.88,,,,,,,,,,,False,5.029999999999999,2.64,2.17,2.4283,6.558,0.2202919193791813,87.5,positional fallback,0.0,0.0780161196265875,0.0391938534500658,8.421520428158146,0.0,,,,,,,,,,,,,0.0,11.0,0.0,,,,,,0.0770729134891279,-0.0857761118046507,10,16,0.4131237756486222,1838.0,34.0,11.0,1.387198849514487,10.0,1.1934362314133091,0,
Lienou,Lienou (LEE),Leeds,DEF,4.0,0.1,643970,Jayden Lienou,LEE,False,Lienou,True,9.82,5.829999999999999,2.455,1.06,0.81,0.98,1.11,1.15,0.72,0.91,1.04,0.93,1.12,,,,,,,,,,,False,5.036000000000001,3.094,1.69,2.3784,6.1286,0.2116434185858055,87.5,positional fallback,0.0,0.0780161196265875,0.0391938534500658,8.421520428158146,0.0,,,,,,,,,,,,,0.0,2.0,0.0,,,,,,-0.0142035236369779,-0.0754441195474228,11,15,-1.013737187036834,1797.0,1001.0,7.5,1.5188598248684002,12.5,0.9692268750094524,0,
Devenny,Devenny (CRY),Crystal Palace,MID,5.0,0.0,489706,Justin Devenny,CRY,False,Devenny,False,9.75,5.85,1.95,0.93,0.95,0.93,1.11,0.93,1.0,0.91,1.04,0.95,1.0,2.98,0.596,0.43,0.4,0.45,0.57,0.5,0.63,-2.8699999999999997,,True,9.369,0.233,0.148,1.6001999999999998,3.5304,0.1179527248553613,82.86408450704225,player history,1033.0,0.252625807854194,0.0800655293006062,8.302623550945698,0.0,3.0,2.0,,31.0,785.0,2.63,0.40012206,0.3015286624203822,0.045873866751592364,13.0,1.0,0.0,7.0,36.0,0.19444444444444445,90.0,3.0,30.0,0.06,0.13,-0.1171465215222359,0.0042638165422642,16,7,-0.2542419079126018,1804.0,151.0,7.5,1.3534243888033963,11.5,1.066056186213018,0,5.0
Lindelöf,Lindelöf (AVL),Aston Villa,DEF,4.5,0.3,184667,Victor Lindelöf,AVL,False,Lindelöf,False,9.75,6.090000000000001,2.1666666666666665,0.98,0.81,1.25,1.07,0.99,0.99,0.98,0.83,1.07,0.79,13.35,2.966666666666667,2.57,2.0,2.88,2.36,1.69,1.85,7.259999999999999,,True,6.970000000000001,2.562,0.218,1.7512,5.255599999999999,0.2373797540000362,87.07219251336899,player history,1290.5,0.0489314318745472,0.0242502109245541,5.712298256939961,0.0,,,,25.0,942.0,0.28,0.11489993,0.0267515923566879,0.010977700318471338,1.0,0.0,1.0,11.0,34.0,0.3235294117647059,226.0,3.0,75.33333333333333,0.0,0.0,0.0916761005372474,-0.0195020800368329,8,11,0.667472079995315,1921.0,26.0,26.0,1.4559886468855003,12.45,0.9473005095465162,0,4.5
Tosin,Tosin (CHE),Chelsea,DEF,4.5,0.2,109646,Tosin Adarabioyo,CHE,False,Tosin,False,9.72,5.82,2.16,0.95,0.94,0.84,1.21,0.9,0.98,0.92,1.08,0.94,0.95,2.48,0.5511111111111111,0.42,0.5,0.27,0.5,0.36,0.43,-3.3400000000000003,,True,6.56,1.447,1.713,1.9579,4.7792,0.1467577840867875,88.71827411167513,player history,1490.0,0.0754279611271896,0.0121431866924368,11.735601265822782,0.0,,,,22.0,788.0,0.11,0.41058592,0.012563451776649744,0.046894330964467,2.0,0.0,0.0,8.0,28.0,0.2857142857142857,135.0,3.0,45.0,0.0,0.0,0.1836375664015244,-0.0207718609867338,5,12,0.852585347922589,1831.0,15.0,21.0,1.3863447699183449,11.0,1.0737940848414846,0,4.5
Jebbison,Jebbison (BOU),Bournemouth,FWD,5.0,0.0,523700,Daniel Jebbison,BOU,False,Jebbison,True,9.72,5.67,1.9440000000000002,0.79,0.85,1.05,1.02,1.07,0.89,1.02,0.9,1.07,1.06,,,,,,,,,,,False,9.663,0.0,0.057,2.763,6.645099999999999,0.1887148392114289,81.5,positional fallback,0.0,0.3563138036245852,0.0503684965325606,4.432345205189561,0.0,,,,,,,,,,,,,,,,,,,,,0.1506897455710198,-0.0576312175215828,6,14,-0.3357978660576632,1872.0,251.0,15.0,1.5252296038761777,10.0,1.1669618261656498,0,
Moore,Moore (TOT),Tottenham,MID,5.0,0.2,499721,Mikey Moore,TOT,False,Moore,True,9.72,5.64,1.9440000000000002,0.93,0.86,0.94,1.03,1.02,0.86,1.15,0.92,1.04,0.97,13.129999999999999,2.626,2.83,2.49,2.11,2.19,1.97,1.54,7.489999999999999,,True,8.287,0.6990000000000001,0.734,2.1988,4.1,0.1859625762740686,83.1,positional fallback,0.0,0.1998266067467193,0.0935076953070113,8.189865176177413,0.0,,,,,,,,,,,,,,,,189.0,3.0,63.0,0.0,0.0,-0.0511239337666682,-0.1320343685467415,15,17,0.4131043967098503,1777.0,41.0,17.0,1.5616840436848023,10.0,1.2135919166562028,0,5.0
Rudoni,Rudoni (COV),Coventry,MID,5.0,0.1,480457,Jack Rudoni,COV,False,Rudoni,True,9.67,6.750000000000001,1.934,0.64,3.18,0.65,0.75,0.7,0.83,0.71,0.75,0.76,0.7,4.109999999999999,0.8219999999999998,0.28,0.87,0.65,0.75,0.73,0.83,-2.6400000000000015,,True,8.318,0.6990000000000001,0.653,2.0959,3.7358000000000002,0.2362559446848468,83.1,positional fallback,0.0,0.1998266067467193,0.0935076953070113,8.189865176177413,0.0,,1.0,3.0,,,,,,,,,,,,,,,,,,-0.2513420068722135,-0.260770580087077,18,18,-1.3315882955947056,1661.0,1001.0,1.85,1.757725872128414,13.0,0.9031690971170778,1,5.0
Acheampong,Acheampong (CHE),Chelsea,DEF,4.5,0.3,577016,Josh Acheampong,CHE,False,Acheampong,False,9.61,5.76,2.1355555555555554,0.95,0.91,0.84,1.26,0.85,0.95,0.9,1.08,0.92,0.93,0.8600000000000001,0.19111111111111112,0.13,0.16,0.09,0.18,0.13,0.17,-4.8999999999999995,,True,7.676,1.562,0.372,1.8535999999999997,5.2775,0.1281606047762968,80.52919708029196,player history,741.5,0.1080194160699575,0.0261560170073108,7.446239210850801,0.0,,,,23.0,657.0,0.62,0.14647175,0.08493150684931507,0.020064623287671234,4.0,1.0,0.0,8.0,35.0,0.22857142857142856,143.0,3.0,47.666666666666664,0.0,0.0,0.1836375664015244,-0.0207718609867338,5,12,0.852585347922589,1831.0,15.0,21.0,1.3863447699183449,11.0,1.0737940848414846,0,4.5
Rigg,Rigg (SUN),Sunderland,MID,5.0,0.1,554197,Chris Rigg,SUN,False,Rigg,False,9.53,5.5600000000000005,1.906,1.02,0.9,0.95,0.88,0.86,0.95,0.93,1.04,0.98,1.01,2.71,0.542,0.61,0.39,0.38,0.39,0.4,0.54,-2.8500000000000005,,True,9.086,0.366,0.078,1.607,3.1627,0.1793027663489593,78.87165354330709,player history,758.0,0.2332669025605795,0.1086307785143561,7.318261304021983,0.0,,,,24.0,758.0,0.8400000000000001,0.96719813,0.09973614775725595,0.11483882810026384,12.0,1.0,1.0,11.0,36.0,0.3055555555555556,45.0,2.0,45.0,0.0,0.0,-0.1595957595248902,0.0430015486157864,17,4,-1.090859547158444,1736.0,1001.0,5.0,1.3598200174861137,13.0,0.9373583103653522,0,5.0
Tóth.A,Tóth.A (BOU),Bournemouth,MID,5.0,0.0,614574,Alex Tóth,BOU,False,Tóth.A,True,9.49,5.58,1.8980000000000001,0.81,0.82,1.02,0.96,1.04,0.93,0.99,0.89,1.02,1.02,3.9699999999999998,0.7939999999999999,0.74,0.72,0.67,0.68,0.61,0.55,-1.6100000000000003,,True,8.261999999999999,0.614,0.614,2.5236,4.2,0.1988268993424354,83.1,positional fallback,0.0,0.1998266067467193,0.0935076953070113,8.189865176177413,0.0,,,,11.0,135.0,0.1105,0.32685957,0.07366666666666667,0.21790637999999998,2.0,0.0,0.0,2.0,16.0,0.125,44.0,1.0,44.0,0.0,0.0,0.1506897455710198,-0.0576312175215828,6,14,-0.3357978660576632,1872.0,251.0,15.0,1.5252296038761777,10.0,1.1669618261656498,0,5.0
Steele,Steele (BHA),Brighton,GK,4.0,4.1,49262,Jason Steele,BHA,False,Steele,True,9.47,5.8,2.3675,1.08,0.7,1.02,1.09,0.87,1.04,1.23,0.79,0.68,0.97,0.53,0.1325,0.07,0.07,0.09,0.1,0.09,0.11,-5.27,,True,5.008000000000001,4.462,0.0,1.9398,6.51,0.28936730578908,89.9,positional fallback,0.0,0.0021218657186201,0.0019721089976119,2.7050330449672813,0.0,,,,15.0,0.0,0.0,0.0,,,0.0,0.0,0.0,0.0,38.0,0.0,0.0,1.0,0.0,0.0,0.0,0.0842682216689143,0.0973748541570488,9,3,0.0297333718288103,1842.0,101.0,15.0,1.3234673027835793,10.8,1.130590346257485,0,4.0
Lecomte,Lecomte (FUL),Fulham,GK,4.0,1.2,86873,Benjamin Lecomte,FUL,False,Lecomte,True,9.45,5.3100000000000005,2.3625,0.83,0.83,1.04,0.71,0.8,1.1,1.33,0.98,0.81,1.01,0.51,0.1275,0.06,0.08,0.09,0.08,0.09,0.11,-4.800000000000001,,True,5.068,4.382,0.0,1.9771999999999998,6.51,0.2570980322701181,89.9,positional fallback,0.0,0.0021218657186201,0.0019721089976119,2.7050330449672813,0.0,,,,15.0,0.0,0.0,0.0,,,0.0,0.0,0.0,0.0,37.0,0.0,,,,,,-0.0437533840320386,-0.0184124304418098,12,10,-0.4710331570871442,1813.0,251.0,7.0,1.3248346722551338,12.0,1.0152557049594606,0,4.0
Gannon-Doak,Gannon-Doak (BOU),Bournemouth,MID,5.0,0.1,496208,Ben Gannon-Doak,BOU,False,Gannon-Doak,True,9.43,5.5,1.886,0.81,0.82,0.99,1.0,0.99,0.89,1.01,0.89,1.01,1.02,5.640000000000001,1.1280000000000001,1.02,1.06,0.95,1.0,0.86,0.75,0.14000000000000057,,True,8.161,0.644,0.625,2.3297,4.0,0.2148017815635098,83.1,positional fallback,0.0,0.1998266067467193,0.0935076953070113,8.189865176177413,0.0,,,,11.0,105.0,0.3059,0.11875654000000001,0.2622,0.10179132,3.0,0.0,1.0,0.0,19.0,0.0,29.0,2.0,29.0,0.0,0.0,0.1506897455710198,-0.0576312175215828,6,14,-0.3357978660576632,1872.0,251.0,15.0,1.5252296038761777,10.0,1.1669618261656498,0,5.0
Seelt,Seelt (SUN),Sunderland,DEF,4.5,0.0,519634,Jenson Seelt,SUN,False,Seelt,True,9.37,5.46,2.082222222222222,1.18,0.83,0.89,0.83,0.69,1.04,0.83,1.05,1.12,0.91,0.7699999999999999,0.1711111111111111,0.21,0.12,0.1,0.1,0.09,0.15,-4.69,,True,4.933999999999999,2.8689999999999998,1.567,2.3669000000000002,6.3222,0.1893121430108031,87.5,positional fallback,0.0,0.0925743273925264,0.0465076273778755,8.421520428158146,0.0,,,,2.0,133.0,0.0,0.015896630000000002,0.0,0.010757118045112783,0.0,0.0,0.0,1.0,3.0,0.3333333333333333,45.0,1.0,45.0,0.0,0.0,-0.1595957595248902,0.0430015486157864,17,4,-1.090859547158444,1736.0,1001.0,5.0,1.3598200174861137,13.0,0.9373583103653522,0,4.5
Bidwell,Bidwell (COV),Coventry,DEF,4.0,0.1,80178,Jake Bidwell,COV,False,Bidwell,True,9.33,5.32,2.3325,0.72,0.95,0.69,1.02,0.9,1.04,0.97,1.01,1.09,0.93,0.8300000000000001,0.20750000000000002,0.12,0.19,0.09,0.14,0.13,0.16,-4.49,,True,4.440000000000001,2.174,2.7159999999999997,2.2766,6.086399999999999,0.2395846719839329,87.5,positional fallback,0.0,0.0780161196265875,0.0391938534500658,8.421520428158146,0.0,,,,,,,,,,,,,,,,,,,,,-0.2513420068722135,-0.260770580087077,18,18,-1.3315882955947056,1661.0,1001.0,1.85,1.757725872128414,13.0,0.9031690971170778,1,4.0
Bamba,Bamba (NEW),Newcastle,MID,5.0,0.1,632794,Aladji Bamba,NEW,False,Bamba,True,9.31,5.659999999999999,1.862,0.92,0.73,0.95,0.91,1.19,0.96,0.97,0.89,0.93,0.85,12.89,2.5780000000000003,2.44,2.21,2.2,1.9,2.31,1.83,7.230000000000001,,True,7.837000000000001,0.631,0.842,2.3699,4.0627,0.2171546929529762,83.1,positional fallback,0.0,0.1998266067467193,0.0935076953070113,8.189865176177413,0.0,,,,,,,,,,,,,,,,180.0,3.0,60.0,0.0,0.12000000000000001,0.0770729134891279,-0.0857761118046507,10,16,0.4131237756486222,1838.0,34.0,11.0,1.387198849514487,10.0,1.1934362314133091,0,5.0
Cairney,Cairney (FUL),Fulham,MID,5.0,0.0,76357,Tom Cairney,FUL,False,Cairney,False,9.26,5.39,1.8519999999999999,0.9,0.86,0.91,0.9,0.91,0.91,1.09,0.92,0.88,0.98,0.29,0.057999999999999996,0.0,0.0,0.0,0.0,0.0,0.29,-5.1,,True,9.225,0.028,0.007,1.4379,2.1254,0.01,75.99788732394367,player history,1063.5,0.2524718940115333,0.1262181882809267,7.646396396396398,0.0,,,,30.0,756.0,1.21,0.7432557599999999,0.14404761904761904,0.08848282857142856,17.0,2.0,0.0,5.0,35.0,0.14285714285714285,,,,,,-0.0437533840320386,-0.0184124304418098,12,10,-0.4710331570871442,1813.0,251.0,7.0,1.3248346722551338,12.0,1.0152557049594606,0,5.0
Elvedi,Elvedi (LEE),Leeds,DEF,4.5,0.0,173774,Nico Elvedi,LEE,False,Elvedi,True,9.18,5.49,2.04,0.98,0.74,0.94,1.06,1.07,0.7,0.87,0.97,0.77,1.08,,,,,,,,,,,False,4.763999999999999,2.688,1.728,2.2979,6.122199999999999,0.1997290070369017,87.5,positional fallback,0.0,0.0925743273925264,0.0465076273778755,8.421520428158146,0.0,,,,,,,,,,,,,,,,,,,,,-0.0142035236369779,-0.0754441195474228,11,15,-1.013737187036834,1797.0,1001.0,7.5,1.5188598248684002,12.5,0.9692268750094524,0,
Mingueza,Mingueza (CRY),Crystal Palace,DEF,4.5,0.1,242313,Oscar Mingueza,CRY,False,Mingueza,True,9.07,5.42,2.0155555555555558,0.91,0.62,0.9,1.15,0.85,0.99,0.88,1.02,0.87,0.88,9.6,2.1333333333333333,1.76,1.4,1.53,1.97,1.43,1.51,4.18,,True,4.8180000000000005,2.956,1.296,2.4221,6.122199999999999,0.199670713314292,87.5,positional fallback,0.0,0.0925743273925264,0.0465076273778755,8.421520428158146,0.0,,,,,,,,,,,,,,,,122.0,2.0,61.0,0.0,0.35000000000000003,-0.1171465215222359,0.0042638165422642,16,7,-0.2542419079126018,1804.0,151.0,7.5,1.3534243888033963,11.5,1.066056186213018,0,4.5
Netz,Netz (NFO),Nott'm Forest,DEF,4.5,0.0,470315,Luca Netz,NFO,False,Netz,False,9.07,5.57,2.0155555555555558,0.93,0.87,0.97,0.91,1.02,0.87,0.85,0.98,0.85,0.82,1.62,0.36000000000000004,0.22,0.17,0.26,0.24,0.39,0.34,-3.95,,True,7.783,1.26,0.027,1.5097,2.9661999999999997,0.2361490394380011,86.63793103448276,player history,353.0,0.1083571249081415,0.0770285617675498,4.485205956294721,0.0,,,,7.0,353.0,0.0,0.41795983,0.0,0.10656199631728046,0.0,0.0,0.0,3.0,13.0,0.23076923076923078,90.0,2.0,90.0,0.0,0.0,-0.0456385418439161,0.0051716257511739,13,6,-0.1703073359666486,1822.0,151.0,12.0,1.395107616469235,11.5,1.058773755013881,0,4.5
Hackney,Hackney (EVE),Everton,MID,5.5,0.3,244860,Hayden Hackney,EVE,False,Hackney,True,8.98,5.43,1.6327272727272728,0.89,0.75,0.84,0.87,1.06,1.02,0.93,0.71,0.88,1.02,14.4,2.618181818181818,3.06,2.43,2.26,2.14,2.45,2.06,8.97,,True,7.763999999999999,0.742,0.474,2.3373,4.1,0.2009681236566612,83.1,positional fallback,0.0,0.2239376353783467,0.1047903105479461,8.189865176177413,0.0,,,,,,,,,,,,,,,,263.0,3.0,87.66666666666667,0.0,0.06,-0.0485965292955978,-0.0016800106760029,14,8,-0.3604498186276618,1803.0,251.0,13.0,1.3469411290581967,14.0,0.8592747333873535,0,5.5
Ruggeri,Ruggeri (AVL),Aston Villa,DEF,4.5,0.1,487992,Matteo Ruggeri,AVL,False,Ruggeri,True,8.94,5.580000000000001,1.9866666666666666,0.87,0.68,1.19,1.03,0.9,0.91,0.89,0.76,1.0,0.7,,,,,,,,,,,False,4.756999999999999,2.733,1.45,2.4215,6.122199999999999,0.1855274892454418,87.5,positional fallback,0.0,0.0925743273925264,0.0465076273778755,8.421520428158146,0.0,,,,,,,,,,,,,,,,,,,,,0.0916761005372474,-0.0195020800368329,8,11,0.667472079995315,1921.0,26.0,26.0,1.4559886468855003,12.45,0.9473005095465162,0,
Oriola,Oriola (BHA),Brighton,MID,4.5,0.3,556637,Nehemiah Oriola,BHA,False,Oriola,True,8.91,5.34,1.98,0.94,0.73,0.95,0.98,0.81,0.93,0.97,0.88,0.78,0.95,0.0,0.0,0.0,0.0,0.0,0.0,0.0,0.0,-5.34,,True,7.498,0.74,0.672,2.2529,4.1,0.2160586688332185,83.1,positional fallback,0.0,0.1780987351903563,0.0833402645216931,8.189865176177413,0.0,,,,1.0,1.0,0.0,0.0,0.0,0.0,0.0,0.0,0.0,0.0,7.0,0.0,,,,,,0.0842682216689143,0.0973748541570488,9,3,0.0297333718288103,1842.0,101.0,15.0,1.3234673027835793,10.8,1.130590346257485,0,4.5
A. Palmer (IPS),A. Palmer (IPS),Ipswich,GK,4.0,4.6,112520,Alex Palmer,IPS,True,Palmer,False,8.88,5.16,2.22,1.06,0.54,0.75,0.98,0.82,1.01,0.53,1.02,1.27,0.9,0.38,0.095,0.07,0.06,0.06,0.06,0.06,0.07,-4.78,,True,5.315000000000001,3.565,0.0,1.8265999999999998,5.608,0.5031917371242981,89.95327868852459,player history,585.0,0.0079470198675496,0.0038490196078431,0.0,0.0,1.0,3.0,,,,,,,,,,,,,,66.0,1.0,66.0,0.0,0.0,-0.2918528340454071,-0.2856043837956666,19,19,-1.3315882955947056,1640.0,1001.0,1.85,1.8535840736204665,13.0,0.9266892410460464,1,4.0
Shepherd,Shepherd (COV),Coventry,MID,4.5,0.3,684268,George Shepherd,COV,False,Shepherd,True,8.85,5.25,1.9666666666666666,0.77,0.94,0.79,0.9,0.88,0.97,0.89,0.91,0.92,0.88,0.0,0.0,0.0,0.0,0.0,0.0,0.0,0.0,-5.25,,True,7.608999999999999,0.602,0.639,1.9622,3.8,0.2866998075830859,83.1,positional fallback,0.0,0.1780987351903563,0.0833402645216931,8.189865176177413,0.0,,,,,,,,,,,,,,,,,,,,,-0.2513420068722135,-0.260770580087077,18,18,-1.3315882955947056,1661.0,1001.0,1.85,1.757725872128414,13.0,0.9031690971170778,1,4.5
Ji-soo,Ji-soo (BRE),Brentford,DEF,4.5,0.0,570241,Kim Ji-soo,BRE,False,Ji-soo,True,8.75,5.0600000000000005,1.9444444444444444,1.0,0.7,1.0,0.75,0.82,0.79,0.85,1.1,0.96,0.79,0.12,0.026666666666666665,0.0,0.01,0.02,0.02,0.03,0.04,-4.94,,True,4.927,2.685,1.1380000000000001,2.4486,6.358,0.1770334973865478,87.5,positional fallback,0.0,0.0925743273925264,0.0465076273778755,8.421520428158146,0.0,,,,,,,,,,,,,,,,,,,,,0.1430094199147795,-0.010658247439459,7,9,-0.3895837925260162,1837.0,251.0,11.0,1.3527334738773589,13.0,0.9307068915414188,0,4.5
Philogene,Philogene (IPS),Ipswich,MID,5.5,0.2,481624,Jaden Philogene,IPS,False,Philogene,False,8.7,5.16,1.5818181818181818,0.9,0.82,0.89,0.83,0.85,0.87,0.78,0.9,0.95,0.92,5.4799999999999995,0.9963636363636362,1.23,0.75,0.83,0.86,0.85,0.96,0.3199999999999994,,True,8.663999999999998,0.018000000000000002,0.018000000000000002,1.256,1.1,0.01,82.02934782608696,player history,400.0,0.2917636363636364,0.0832909090909091,8.4,0.0,3.0,,5.0,,,,,,,,,,,,,,,,,,-0.2918528340454071,-0.2856043837956666,19,19,-1.3315882955947056,1640.0,1001.0,1.85,1.8535840736204665,13.0,0.9266892410460464,1,5.5
Jocelin.T,Jocelin.T (SUN),Sunderland,MID,5.0,0.0,699989,Djiamgone Jocelin Ta Bi,SUN,False,Jocelin.T,True,8.61,4.97,1.722,0.96,0.71,0.88,0.76,0.76,0.9,0.84,0.95,0.96,0.91,1.96,0.392,0.49,0.29,0.27,0.27,0.27,0.37,-3.01,,True,7.286999999999999,0.716,0.607,2.1647,3.7,0.1828247379929606,83.1,positional fallback,0.0,0.1998266067467193,0.0935076953070113,8.189865176177413,0.0,,,,1.0,38.0,0.0,0.0411772,0.0,0.09752494736842104,0.0,0.0,0.0,1.0,5.0,0.2,,,,,,-0.1595957595248902,0.0430015486157864,17,4,-1.090859547158444,1736.0,1001.0,5.0,1.3598200174861137,13.0,0.9373583103653522,0,5.0
Gray,Gray (TOT),Tottenham,MID,5.0,0.2,547701,Archie Gray,TOT,False,Gray,False,8.59,5.050000000000001,1.718,0.84,0.81,0.85,0.87,0.87,0.81,0.97,0.83,0.89,0.86,11.899999999999999,2.38,2.48,2.28,1.94,2.01,1.78,1.41,6.849999999999998,,True,7.77,0.449,0.371,1.5191000000000001,3.1,0.2140581648702547,85.22457912457914,player history,2342.5,0.1289406690247414,0.0412463748903236,8.143417711779641,0.0,,,,29.0,1471.0,1.47,1.1764990899999999,0.08993881713120326,0.07198158946295036,11.0,2.0,2.0,18.0,35.0,0.5142857142857142,197.0,3.0,65.66666666666667,0.0,0.0,-0.0511239337666682,-0.1320343685467415,15,17,0.4131043967098503,1777.0,41.0,17.0,1.5616840436848023,10.0,1.2135919166562028,0,5.0
Obi,Obi (MUN),Man United,FWD,4.5,1.1,596047,Chido Obi,MUN,False,Obi,True,8.54,5.21,1.8977777777777776,1.07,0.86,0.79,0.75,0.79,0.95,0.79,0.88,0.8,0.87,0.0,0.0,0.0,0.0,0.0,0.0,0.0,0.0,-5.21,,True,8.5,0.0,0.04,2.6286,5.9646,0.1744070387223431,81.5,positional fallback,0.0,0.3429617781434363,0.0484810550629663,4.432345205189561,0.0,,,,,,,,,,,,,0.0,1.0,0.0,29.0,2.0,14.5,0.0,0.0,0.2911586787820938,0.036515569746031,3,5,1.2388665527515443,1915.0,7.0,34.0,1.2712178238678356,12.0,1.0271008142253517,0,4.5
Borges Rodrigues,Borges Rodrigues (COV),Coventry,MID,4.5,0.2,492498,Raphael Borges Rodrigues,COV,False,Borges Rodrigues,True,8.51,5.04,1.891111111111111,0.76,0.9,0.77,0.88,0.81,0.92,0.86,0.88,0.9,0.83,0.11000000000000001,0.02444444444444445,0.0,0.01,0.02,0.02,0.02,0.04,-4.93,,True,7.329000000000001,0.5840000000000001,0.597,1.8905,3.6,0.2637288078197195,83.1,positional fallback,0.0,0.1780987351903563,0.0833402645216931,8.189865176177413,0.0,,,,,,,,,,,,,,,,,,,,,-0.2513420068722135,-0.260770580087077,18,18,-1.3315882955947056,1661.0,1001.0,1.85,1.757725872128414,13.0,0.9031690971170778,1,4.5
Sosa,Sosa (CRY),Crystal Palace,DEF,4.5,0.0,218364,Borna Sosa,CRY,False,Sosa,True,8.47,5.04,1.8822222222222225,0.84,0.55,0.84,1.06,0.83,0.92,0.78,0.98,0.84,0.83,0.61,0.13555555555555554,0.08,0.07,0.09,0.13,0.1,0.14,-4.43,,True,4.555,2.704,1.211,2.3376,6.122199999999999,0.1824286521436186,87.5,positional fallback,0.0,0.0925743273925264,0.0465076273778755,8.421520428158146,0.0,,,,14.0,99.0,0.04,0.06705309,0.03636363636363636,0.060957354545454534,1.0,0.0,0.0,0.0,30.0,0.0,120.0,3.0,40.0,0.0,0.06999999999999999,-0.1171465215222359,0.0042638165422642,16,7,-0.2542419079126018,1804.0,151.0,7.5,1.3534243888033963,11.5,1.066056186213018,0,4.5
Pinnock,Pinnock (BRE),Brentford,DEF,4.5,0.1,231065,Ethan Pinnock,BRE,False,Pinnock,False,8.47,4.93,1.8822222222222225,0.92,0.76,0.92,0.74,0.84,0.75,0.82,1.06,0.91,0.76,2.51,0.5577777777777777,0.43,0.41,0.5,0.4,0.39,0.38,-2.42,,True,4.079000000000001,2.447,1.944,2.119,6.1849,0.2865045004815559,87.04207920792079,player history,1274.5,0.0759893695134018,0.0295292486758646,10.591352009744217,0.0,,,,18.0,318.0,0.01,0.06033406,0.0028301886792452833,0.017075677358490568,1.0,0.0,0.0,4.0,35.0,0.11428571428571428,19.0,2.0,19.0,0.0,0.0,0.1430094199147795,-0.010658247439459,7,9,-0.3895837925260162,1837.0,251.0,11.0,1.3527334738773589,13.0,0.9307068915414188,0,4.5
Brau,Brau (COV),Coventry,DEF,4.0,0.0,577411,Miguel Brau,COV,False,Brau,True,8.44,4.8,2.11,0.64,0.92,0.6,0.9,0.79,0.95,0.9,0.92,0.98,0.84,0.0,0.0,0.0,0.0,0.0,0.0,0.0,0.0,-4.8,,True,3.867999999999999,2.172,2.4,2.1132,5.6506,0.2220850679580962,87.5,positional fallback,0.0,0.0780161196265875,0.0391938534500658,8.421520428158146,0.0,,,,,,,,,,,,,,,,,,,,,-0.2513420068722135,-0.260770580087077,18,18,-1.3315882955947056,1661.0,1001.0,1.85,1.757725872128414,13.0,0.9031690971170778,1,4.0
Disasi,Disasi (CHE),Chelsea,DEF,4.5,0.1,220362,Axel Disasi,CHE,False,Disasi,False,8.44,5.09,1.8755555555555554,0.87,0.76,0.62,1.28,0.71,0.85,0.78,0.99,0.76,0.81,0.31,0.06888888888888889,0.05,0.06,0.03,0.06,0.05,0.06,-4.78,,True,5.646999999999999,2.793,0.0,1.9399000000000002,5.922199999999999,0.4466815848420923,88.31611570247934,player history,1680.5,0.0705607636325923,0.0193010778565236,2.0206481965499217,0.0,,,,14.0,1254.0,0.7268,0.05170096,0.05216267942583732,0.0037105952153110044,5.0,0.0,0.0,14.0,14.0,1.0,,,,,,0.1836375664015244,-0.0207718609867338,5,12,0.852585347922589,1831.0,15.0,21.0,1.3863447699183449,11.0,1.0737940848414846,0,4.5
Svoboda,Svoboda (BHA),Brighton,DEF,5.0,0.1,454490,Michael Svoboda,BHA,False,Svoboda,True,8.4,5.12,1.6800000000000002,0.89,0.77,0.9,0.92,0.73,0.91,1.01,0.76,0.65,0.86,0.11000000000000001,0.022000000000000002,0.0,0.01,0.02,0.02,0.02,0.04,-5.01,,True,4.541,2.727,1.132,2.2809,6.122199999999999,0.1899581702535725,87.5,positional fallback,0.0,0.1092948469717025,0.054907706709325,8.421520428158146,0.0,,,,,,,,,,,,,,,,24.0,1.0,24.0,0.0,0.0,0.0842682216689143,0.0973748541570488,9,3,0.0297333718288103,1842.0,101.0,15.0,1.3234673027835793,10.8,1.130590346257485,0,5.0
Cresswell,Cresswell (LEE),Leeds,MID,4.5,0.1,592740,Alfie Cresswell,LEE,False,Cresswell,True,8.26,4.89,1.8355555555555556,0.83,0.72,0.82,0.96,0.89,0.67,0.83,0.84,0.8,0.9,,,,,,,,,,,False,6.991,0.623,0.646,2.1046,3.8049999999999997,0.2083275338046279,83.1,positional fallback,0.0,0.1780987351903563,0.0833402645216931,8.189865176177413,0.0,,,,,,,,,,,,,0.0,2.0,0.0,,,,,,-0.0142035236369779,-0.0754441195474228,11,15,-1.013737187036834,1797.0,1001.0,7.5,1.5188598248684002,12.5,0.9692268750094524,0,
Bogarde,Bogarde (AVL),Aston Villa,MID,5.0,0.1,515597,Lamare Bogarde,AVL,False,Bogarde,False,8.25,4.97,1.65,0.81,0.79,0.88,0.84,0.83,0.82,0.83,0.82,0.84,0.81,3.22,0.644,0.88,0.49,0.58,0.48,0.38,0.41,-1.7499999999999996,,True,7.817,0.365,0.068,1.043,2.3,0.1727395214762054,84.67514124293785,player history,1279.5,0.041206558949942,0.0224855473516259,6.257764658795279,0.0,,,,33.0,1042.0,0.0,0.20599088000000002,0.0,0.01779191861804223,0.0,0.0,0.0,11.0,38.0,0.2894736842105263,109.0,3.0,36.333333333333336,0.0,0.0,0.0916761005372474,-0.0195020800368329,8,11,0.667472079995315,1921.0,26.0,26.0,1.4559886468855003,12.45,0.9473005095465162,0,5.0
Chavarria,Chavarria (CHE),Chelsea,DEF,5.0,0.2,498444,Pep Chavarría,CHE,False,Chavarria,True,8.24,4.859999999999999,1.6480000000000001,0.82,0.7,0.62,1.17,0.71,0.84,0.8,0.98,0.75,0.84,0.39,0.078,0.05,0.07,0.04,0.08,0.06,0.09,-4.47,,True,4.665000000000001,2.334,1.241,2.5358,5.8895,0.1409497742296473,87.5,positional fallback,0.0,0.1092948469717025,0.054907706709325,8.421520428158146,0.0,,,,,,,,,,,,,,,,14.0,1.0,14.0,0.0,0.0,0.1836375664015244,-0.0207718609867338,5,12,0.852585347922589,1831.0,15.0,21.0,1.3863447699183449,11.0,1.0737940848414846,0,5.0
Soler,Soler (BOU),Bournemouth,DEF,4.0,0.2,575901,Julio Soler Barreto,BOU,False,Soler,True,8.23,4.710000000000001,2.0575,0.62,0.81,0.89,0.85,0.84,0.7,0.99,0.63,0.97,0.93,0.89,0.2225,0.14,0.18,0.15,0.17,0.14,0.11,-3.8200000000000007,,True,4.194,2.467,1.569,2.1807,5.6506,0.1827758488697201,87.5,positional fallback,0.0,0.0780161196265875,0.0391938534500658,8.421520428158146,0.0,,,,5.0,34.0,0.0,0.00502714,0.0,0.013307135294117648,0.0,0.0,0.0,0.0,17.0,0.0,,,,,,0.1506897455710198,-0.0576312175215828,6,14,-0.3357978660576632,1872.0,251.0,15.0,1.5252296038761777,10.0,1.1669618261656498,0,4.0
J. Henderson (CHE),J. Henderson (CHE),Chelsea,MID,5.0,0.0,56979,Jordan Henderson,CHE,True,Henderson,False,8.23,4.930000000000001,1.6460000000000001,0.8,0.77,0.72,0.97,0.81,0.86,0.8,0.89,0.83,0.78,0.16,0.032,0.0,0.02,0.02,0.03,0.03,0.06,-4.7700000000000005,,True,7.5360000000000005,0.305,0.389,1.4824,3.3627000000000002,0.1732668203277355,82.53724696356275,player history,1911.0,0.1498147934129501,0.0983131153251167,8.581824967344655,0.0,,,,32.0,1911.0,0.33,2.33598799,0.01554160125588697,0.11001513296703297,6.0,1.0,3.0,22.0,33.0,0.6666666666666666,,,,,,0.1836375664015244,-0.0207718609867338,5,12,0.852585347922589,1831.0,15.0,21.0,1.3863447699183449,11.0,1.0737940848414846,0,5.0
De Fougerolles,De Fougerolles (FUL),Fulham,DEF,4.0,0.0,547686,Luc De Fougerolles,FUL,False,De Fougerolles,True,8.2,4.6,2.05,0.73,0.76,0.87,0.63,0.73,0.88,1.11,0.88,0.74,0.87,,,,,,,,,,,False,4.414,2.888,0.8979999999999999,2.3005,6.122199999999999,0.1659562373367792,87.5,positional fallback,0.0,0.0780161196265875,0.0391938534500658,8.421520428158146,0.0,,,,,,,,,,,,,,,,,,,,,-0.0437533840320386,-0.0184124304418098,12,10,-0.4710331570871442,1813.0,251.0,7.0,1.3248346722551338,12.0,1.0152557049594606,0,
Coppola,Coppola (BHA),Brighton,DEF,4.5,0.0,550090,Diego Coppola,BHA,False,Coppola,True,8.18,5.0,1.8177777777777777,0.89,0.65,0.94,0.92,0.72,0.88,0.96,0.74,0.62,0.87,1.4300000000000002,0.3177777777777778,0.2,0.16,0.28,0.26,0.21,0.32,-3.57,,True,4.226999999999999,2.7399999999999998,1.213,2.2497,6.122199999999999,0.1672537690969457,87.5,positional fallback,0.0,0.0925743273925264,0.0465076273778755,8.421520428158146,0.0,,,,7.0,193.0,0.0,0.016108920000000002,0.0,0.007511931606217618,0.0,0.0,0.0,2.0,22.0,0.09090909090909091,,,,,,0.0842682216689143,0.0973748541570488,9,3,0.0297333718288103,1842.0,101.0,15.0,1.3234673027835793,10.8,1.130590346257485,0,4.5
Akpom,Akpom (IPS),Ipswich,FWD,5.0,0.5,147675,Chuba Akpom,IPS,False,Akpom,True,8.18,4.76,1.636,0.83,0.68,0.83,0.77,0.79,0.86,0.69,0.84,0.97,0.92,1.9900000000000002,0.398,0.49,0.28,0.3,0.31,0.29,0.32,-2.7699999999999996,,True,8.139,0.0,0.041,2.0309,3.0705999999999998,0.2026408686136219,81.5,positional fallback,0.0,0.3563138036245852,0.0503684965325606,4.432345205189561,0.0,,,,,,,,,,,,,,,,88.0,3.0,44.0,0.0,0.0,-0.2918528340454071,-0.2856043837956666,19,19,-1.3315882955947056,1640.0,1001.0,1.85,1.8535840736204665,13.0,0.9266892410460464,1,5.0
Kalimuendo,Kalimuendo (NFO),Nott'm Forest,FWD,5.5,0.1,465680,Arnaud Kalimuendo,NFO,False,Kalimuendo,True,8.17,5.03,1.4854545454545454,0.85,0.71,0.9,0.8,1.03,0.74,0.69,0.93,0.79,0.74,0.35,0.06363636363636363,0.0,0.03,0.05,0.06,0.09,0.12,-4.680000000000001,,True,8.129,0.0,0.041,2.3169,4.1686,0.1644105301303864,81.5,positional fallback,0.0,0.3701570008907115,0.0523253700143218,4.432345205189561,0.0,,,,10.0,89.0,0.44,0.027997460000000002,0.44494382022471907,0.028312038202247192,4.0,0.0,0.0,0.0,18.0,0.0,90.0,4.0,90.0,0.0,0.0,-0.0456385418439161,0.0051716257511739,13,6,-0.1703073359666486,1822.0,151.0,12.0,1.395107616469235,11.5,1.058773755013881,0,5.5
Travers,Travers (EVE),Everton,GK,5.0,0.0,229600,Mark Travers,EVE,False,Travers,True,8.13,5.05,1.6260000000000001,0.9,0.58,0.7,0.82,1.05,1.0,0.73,0.57,0.77,1.01,0.29000000000000004,0.05800000000000001,0.04,0.04,0.04,0.04,0.06,0.07,-4.76,,True,4.488000000000001,3.642,0.0,2.052,6.058999999999999,0.2056867939043136,89.9,positional fallback,0.0,0.0032309505268729,0.0030029169843174,2.7050330449672813,0.0,,,,14.0,0.0,0.0,0.0,,,0.0,0.0,0.0,0.0,37.0,0.0,166.0,2.0,83.0,0.0,0.0,-0.0485965292955978,-0.0016800106760029,14,8,-0.3604498186276618,1803.0,251.0,13.0,1.3469411290581967,14.0,0.8592747333873535,0,5.0
Olusesi,Olusesi (TOT),Tottenham,MID,4.5,0.8,499726,Callum Olusesi,TOT,False,Olusesi,True,8.11,4.73,1.8022222222222222,0.81,0.7,0.8,0.83,0.84,0.75,0.92,0.81,0.86,0.79,0.0,0.0,0.0,0.0,0.0,0.0,0.0,0.0,-4.73,,True,6.898999999999999,0.532,0.679,2.1856999999999998,4.0,0.1709720486789921,83.1,positional fallback,0.0,0.1780987351903563,0.0833402645216931,8.189865176177413,0.0,,,,5.0,14.0,0.0,0.00532838,0.0,0.03425387142857143,0.0,0.0,0.0,0.0,8.0,0.0,,,,,,-0.0511239337666682,-0.1320343685467415,15,17,0.4131043967098503,1777.0,41.0,17.0,1.5616840436848023,10.0,1.2135919166562028,0,4.5
Buonanotte,Buonanotte (BHA),Brighton,MID,5.0,0.0,536916,Facundo Buonanotte,BHA,False,Buonanotte,False,8.06,4.82,1.612,0.81,0.78,0.84,0.86,0.75,0.78,0.86,0.8,0.73,0.86,0.0,0.0,0.0,0.0,0.0,0.0,0.0,0.0,-4.82,,True,7.986000000000001,0.038,0.036000000000000004,1.3609,1.9100000000000001,0.01,82.92377049180328,player history,837.5,0.3385669669489051,0.1568886875505823,8.099173553719009,0.0,,,,8.0,81.0,0.06,0.27941214999999997,0.06666666666666667,0.3104579444444444,2.0,0.0,0.0,1.0,12.0,0.08333333333333333,,,,,,0.0842682216689143,0.0973748541570488,9,3,0.0297333718288103,1842.0,101.0,15.0,1.3234673027835793,10.8,1.130590346257485,0,5.0
Hjertø-Dahl,Hjertø-Dahl (HUL),Hull,MID,5.0,0.1,552946,Jens Hjertø-Dahl,HUL,False,Hjertø-Dahl,True,8.03,5.56,1.6059999999999999,0.58,2.56,0.61,0.57,0.6,0.64,0.59,0.63,0.72,0.53,15.33,3.066,2.59,2.71,2.64,2.29,2.49,2.61,9.77,,True,7.052999999999999,0.384,0.593,1.6978000000000002,3.2358000000000002,0.2107947480093586,83.1,positional fallback,0.0,0.1998266067467193,0.0935076953070113,8.189865176177413,0.0,,,,,,,,,,,,,,,,150.0,2.0,75.0,0.0,0.0,-0.4519100791990885,-0.454055750336764,20,20,-1.5007189863388086,1533.0,1001.0,1.26,2.241860660354812,13.5,0.876626488060625,1,5.0
Mehmeti,Mehmeti (IPS),Ipswich,MID,5.0,0.1,232457,Anis Mehmeti,IPS,False,Mehmeti,True,8.03,4.71,1.6059999999999999,0.81,0.63,0.83,0.79,0.8,0.85,0.69,0.83,0.95,0.84,5.8100000000000005,1.1620000000000001,1.37,0.83,0.9,0.9,0.87,0.94,1.1000000000000005,,True,6.957999999999999,0.493,0.579,1.9774,3.5100000000000002,0.1951714768474992,83.1,positional fallback,0.0,0.1998266067467193,0.0935076953070113,8.189865176177413,0.0,,,,,,,,,,,,,,,,68.0,2.0,34.0,0.0,0.0,-0.2918528340454071,-0.2856043837956666,19,19,-1.3315882955947056,1640.0,1001.0,1.85,1.8535840736204665,13.0,0.9266892410460464,1,5.0
Dowell,Dowell (HUL),Hull,MID,4.5,0.4,171270,Kieran Dowell,HUL,False,Dowell,True,8.01,4.8,1.78,0.82,0.69,0.81,0.81,0.83,0.84,0.78,0.84,0.9,0.68,0.65,0.14444444444444446,0.09,0.1,0.11,0.1,0.11,0.14,-4.1499999999999995,,True,7.114,0.34,0.556,1.8717,3.3,0.2762419405564771,83.1,positional fallback,0.0,0.1780987351903563,0.0833402645216931,8.189865176177413,0.0,,,,,,,,,,,,,,,,57.0,3.0,28.5,0.0,0.0,-0.4519100791990885,-0.454055750336764,20,20,-1.5007189863388086,1533.0,1001.0,1.26,2.241860660354812,13.5,0.876626488060625,1,4.5
Odobert,Odobert (TOT),Tottenham,MID,5.5,0.0,550839,Wilson Odobert,TOT,False,Odobert,False,8.01,4.74,1.4563636363636363,0.8,0.8,0.77,0.8,0.82,0.75,0.89,0.77,0.82,0.8,0.0,0.0,0.0,0.0,0.0,0.0,0.0,0.0,-4.74,,True,7.9879999999999995,0.017,0.005,1.25,1.3626999999999998,0.01,78.8554945054945,player history,1396.5,0.2781398782493687,0.1254965786448946,7.490530303030304,0.0,,,,24.0,972.0,1.92,1.2506889700000001,0.17777777777777776,0.11580453425925927,22.0,0.0,2.0,10.0,26.0,0.38461538461538464,,,,,,-0.0511239337666682,-0.1320343685467415,15,17,0.4131043967098503,1777.0,41.0,17.0,1.5616840436848023,10.0,1.2135919166562028,0,5.5
Vitor Reis,Vitor Reis (MCI),Man City,DEF,4.5,0.0,616222,Vitor de Oliveira Nunes dos Reis,MCI,False,Vitor Reis,True,8.0,4.68,1.7777777777777777,0.8,0.71,0.96,0.64,0.9,0.67,0.97,0.72,0.85,0.77,1.13,0.25111111111111106,0.25,0.17,0.21,0.14,0.21,0.15,-3.55,,True,4.4030000000000005,2.911,0.686,2.5254000000000003,6.358,0.1399940965776258,87.5,positional fallback,0.0,0.0925743273925264,0.0465076273778755,8.421520428158146,0.0,,,,,,,,,,,,,,,,90.0,3.0,30.0,0.0,0.0,0.3979137564561784,0.3023979198869594,1,2,1.5720974480619654,1971.0,3.5,67.0,1.0050081070657415,12.3,0.9984810217456443,0,4.5
Latibeaudiere,Latibeaudiere (COV),Coventry,DEF,4.0,0.0,204813,Joel Latibeaudiere,COV,False,Latibeaudiere,True,7.93,4.529999999999999,1.9825,0.62,0.88,0.55,0.85,0.74,0.89,0.82,0.85,0.95,0.77,0.25,0.0625,0.03,0.05,0.03,0.04,0.04,0.06,-4.279999999999999,,True,3.7549999999999994,1.958,2.217,2.1055,5.2454,0.2220850679580962,87.5,positional fallback,0.0,0.0780161196265875,0.0391938534500658,8.421520428158146,0.0,,,,,,,,,,,,,,,,,,,,,-0.2513420068722135,-0.260770580087077,18,18,-1.3315882955947056,1661.0,1001.0,1.85,1.757725872128414,13.0,0.9031690971170778,1,4.0
Doucouré,Doucouré (CRY),Crystal Palace,MID,5.0,0.1,438464,Cheick Doucouré,CRY,False,Doucouré,True,7.87,4.62,1.574,0.79,0.57,0.76,0.94,0.76,0.8,0.75,0.88,0.8,0.81,1.42,0.284,0.18,0.18,0.21,0.27,0.25,0.33,-3.2,,True,6.674,0.611,0.585,2.1967,3.9,0.1907110065768683,83.1,positional fallback,0.0,0.1998266067467193,0.0935076953070113,8.189865176177413,0.0,,,,,,,,,,,,,,,,120.0,3.0,40.0,0.0,0.09000000000000001,-0.1171465215222359,0.0042638165422642,16,7,-0.2542419079126018,1804.0,151.0,7.5,1.3534243888033963,11.5,1.066056186213018,0,5.0
Perri,Perri (LEE),Leeds,GK,4.5,0.6,201595,Lucas Estella Perri,LEE,False,Perri,False,7.84,4.73,1.7422222222222221,0.84,0.65,0.79,0.9,0.99,0.56,0.68,0.83,0.65,0.94,0.5,0.1111111111111111,0.06,0.08,0.08,0.09,0.1,0.09,-4.23,,True,4.409,3.431,0.0,1.7934999999999999,6.058999999999999,0.3548631335097414,89.97373271889401,player history,1440.0,0.00556628,8.981818181818181e-05,1.9225352112676053,0.0,,,,29.0,1440.0,0.0,0.02720168,0.0,0.001700105,0.0,0.0,0.0,16.0,33.0,0.48484848484848486,,,,,,-0.0142035236369779,-0.0754441195474228,11,15,-1.013737187036834,1797.0,1001.0,7.5,1.5188598248684002,12.5,0.9692268750094524,0,4.5
Adingra,Adingra (SUN),Sunderland,MID,5.0,0.1,535818,Simon Adingra,SUN,False,Adingra,False,7.84,4.64,1.568,0.83,0.78,0.78,0.73,0.74,0.78,0.78,0.8,0.83,0.79,2.4000000000000004,0.4800000000000001,0.5,0.33,0.33,0.34,0.36,0.54,-2.2399999999999993,,True,7.798,0.037,0.005,1.2686,1.2,0.01,74.04915254237288,player history,1194.5,0.2700921184559056,0.1265112268717254,7.0454231671959135,0.0,,,,15.0,649.0,0.35000000000000003,0.61011741,0.04853620955315871,0.08460796132511555,6.0,1.0,1.0,9.0,22.0,0.4090909090909091,,,,,,-0.1595957595248902,0.0430015486157864,17,4,-1.090859547158444,1736.0,1001.0,5.0,1.3598200174861137,13.0,0.9373583103653522,0,5.0
Forster,Forster (BOU),Bournemouth,GK,4.0,3.2,40383,Fraser Forster,BOU,False,Forster,False,7.83,4.44,1.9575,0.58,0.73,0.86,0.83,0.81,0.63,1.01,0.58,0.9,0.9,0.26,0.065,0.03,0.04,0.04,0.05,0.05,0.05,-4.180000000000001,,True,4.519,3.311,0.0,1.8853000000000002,5.157,0.4370203626385143,89.93804347826088,player history,315.0,0.0110091743119266,0.0055045871559633,0.0,0.0,,,,,,,,,,,,,0.0,4.0,0.0,,,,,,0.1506897455710198,-0.0576312175215828,6,14,-0.3357978660576632,1872.0,251.0,15.0,1.5252296038761777,10.0,1.1669618261656498,0,4.0
Sakamoto,Sakamoto (COV),Coventry,MID,5.0,0.1,501459,Tatsuhiro Sakamoto,COV,False,Sakamoto,True,7.77,4.5600000000000005,1.5539999999999998,0.66,0.78,0.69,0.78,0.78,0.87,0.78,0.82,0.82,0.78,7.4,1.48,1.05,1.37,0.98,1.25,1.22,1.53,2.84,,True,6.636,0.536,0.598,1.9245999999999999,3.5,0.2362559446848468,83.1,positional fallback,0.0,0.1998266067467193,0.0935076953070113,8.189865176177413,0.0,,,,,,,,,,,,,,,,90.0,1.0,90.0,0.0,0.0,-0.2513420068722135,-0.260770580087077,18,18,-1.3315882955947056,1661.0,1001.0,1.85,1.757725872128414,13.0,0.9031690971170778,1,5.0
Rowe,Rowe (AVL),Aston Villa,DEF,4.0,0.0,569577,Triston Rowe,AVL,False,Rowe,True,7.76,4.870000000000001,1.94,0.79,0.62,1.03,0.89,0.81,0.73,0.78,0.67,0.84,0.62,,,,,,,,,,,False,4.14,2.429,1.191,2.1162,5.6506,0.1656714760612181,87.5,positional fallback,0.0,0.0780161196265875,0.0391938534500658,8.421520428158146,0.0,,,,,,,,,,,,,0.0,2.0,0.0,,,,,,0.0916761005372474,-0.0195020800368329,8,11,0.667472079995315,1921.0,26.0,26.0,1.4559886468855003,12.45,0.9473005095465162,0,
Kroupi.Jr,Kroupi.Jr (BOU),Bournemouth,MID,7.5,0.4,560262,Junior Kroupi,BOU,False,Kroupi.Jr,False,7.75,4.609999999999999,1.0333333333333334,0.68,0.74,0.8,0.81,0.83,0.75,0.8,0.73,0.82,0.81,0.0,0.0,0.0,0.0,0.0,0.0,0.0,0.0,-4.609999999999999,,True,7.727,0.023,0.0,1.8191,5.9079,0.01,74.14591439688715,player history,1663.0,0.4455955879576041,0.0860993802912097,4.355344815563769,0.1,1.0,,,33.0,1663.0,8.3971,1.52621163,0.45444317498496695,0.08259714173180997,51.0,13.0,0.0,21.0,38.0,0.5526315789473685,,,,,,0.1506897455710198,-0.0576312175215828,6,14,-0.3357978660576632,1872.0,251.0,15.0,1.5252296038761777,10.0,1.1669618261656498,0,7.5
Costinha,Costinha (BHA),Brighton,DEF,4.5,0.0,451490,João Pedro Loureiro da Costa,BHA,False,Costinha,True,7.74,4.79,1.72,0.83,0.67,0.85,0.85,0.74,0.85,0.92,0.69,0.57,0.78,0.11000000000000001,0.02444444444444445,0.0,0.01,0.02,0.02,0.02,0.04,-4.68,,True,3.9810000000000003,2.808,0.9510000000000001,2.1003999999999996,6.122199999999999,0.1672537690969457,87.5,positional fallback,0.0,0.0925743273925264,0.0465076273778755,8.421520428158146,0.0,,,,,,,,,,,,,,,,43.0,2.0,21.5,0.0,0.0,0.0842682216689143,0.0973748541570488,9,3,0.0297333718288103,1842.0,101.0,15.0,1.3234673027835793,10.8,1.130590346257485,0,4.5
Harrison,Harrison (LEE),Leeds,MID,5.0,0.0,221399,Jack Harrison,LEE,False,Harrison,False,7.69,4.54,1.538,0.74,0.78,0.73,0.84,0.77,0.68,0.78,0.76,0.77,0.85,0.0,0.0,0.0,0.0,0.0,0.0,0.0,0.0,-4.54,,True,7.65,0.027,0.013000000000000001,1.2968,1.3,0.01,79.50112994350283,player history,1303.5,0.266244358721299,0.1246816041920371,8.337009263343626,0.0,,,,12.0,262.0,0.28,0.23501019,0.09618320610687024,0.08072869122137405,6.0,0.0,0.0,1.0,20.0,0.05,,,,,,-0.0142035236369779,-0.0754441195474228,11,15,-1.013737187036834,1797.0,1001.0,7.5,1.5188598248684002,12.5,0.9692268750094524,0,5.0
Mukasa,Mukasa (MCI),Man City,MID,4.5,0.2,590039,Divine Mukasa,MCI,False,Mukasa,True,7.69,4.57,1.708888888888889,0.76,0.71,0.86,0.72,0.79,0.73,0.91,0.72,0.77,0.72,0.0,0.0,0.0,0.0,0.0,0.0,0.0,0.0,-4.57,,True,6.399000000000001,0.784,0.507,2.4298,3.4,0.1660178050849438,83.1,positional fallback,0.0,0.1780987351903563,0.0833402645216931,8.189865176177413,0.0,,,,2.0,25.0,0.0,0.20513565,0.0,0.73848834,0.0,0.0,0.0,0.0,11.0,0.0,0.0,2.0,0.0,0.0,0.0,0.3979137564561784,0.3023979198869594,1,2,1.5720974480619654,1971.0,3.5,67.0,1.0050081070657415,12.3,0.9984810217456443,0,4.5
J. Gomez (LIV),J. Gomez (LIV),Liverpool,DEF,5.0,0.0,171287,Joe Gomez,LIV,True,Gomez,False,7.67,4.65,1.534,0.8,0.75,0.81,0.79,0.76,0.74,0.77,0.77,0.72,0.76,2.82,0.564,0.0,0.0,0.64,0.82,0.69,0.67,-1.8300000000000005,,True,7.534,0.098,0.038,1.0676999999999999,1.0,0.01,83.125,player history,853.5,0.1172452195746152,0.0659537736405191,6.914566929133858,0.0,,5.0,,24.0,594.0,0.28,0.6529264400000001,0.042424242424242434,0.0989282484848485,5.0,0.0,2.0,7.0,32.0,0.21875,10.0,1.0,10.0,0.0,0.0,0.2217904378795187,-0.0207728027571259,4,13,1.3549493323437265,1911.0,6.0,51.0,1.4367612878896527,9.9,1.2427165780373892,0,5.0
T. King (EVE),T. King (EVE),Everton,GK,4.5,0.0,138001,Tom King,EVE,True,King,True,7.58,4.68,1.6844444444444444,0.87,0.57,0.56,0.72,1.0,0.96,0.68,0.52,0.74,0.96,0.25,0.05555555555555555,0.04,0.03,0.04,0.04,0.05,0.05,-4.43,,True,4.036,3.544,0.0,1.8354,5.608,0.1972034278840281,89.9,positional fallback,0.0,0.002669626553417,0.00248121005022,2.7050330449672813,0.0,,,,3.0,0.0,0.0,0.0,,,0.0,0.0,0.0,0.0,13.0,0.0,14.0,2.0,7.0,0.0,0.0,-0.0485965292955978,-0.0016800106760029,14,8,-0.3604498186276618,1803.0,251.0,13.0,1.3469411290581967,14.0,0.8592747333873535,0,4.5
Lynch,Lynch (AVL),Aston Villa,MID,4.5,0.1,571380,Luka Lynch,AVL,False,Lynch,True,7.56,4.56,1.68,0.71,0.64,0.92,0.77,0.76,0.76,0.78,0.7,0.8,0.72,,,,,,,,,,,False,6.443,0.611,0.506,1.9866,3.2049999999999996,0.1768247093477379,83.1,positional fallback,0.0,0.1780987351903563,0.0833402645216931,8.189865176177413,0.0,,,,,,,,,,,,,,,,,,,,,0.0916761005372474,-0.0195020800368329,8,11,0.667472079995315,1921.0,26.0,26.0,1.4559886468855003,12.45,0.9473005095465162,0,
Mason-Clark,Mason-Clark (COV),Coventry,MID,5.5,0.1,241293,Ephron Mason-Clark,COV,False,Mason-Clark,True,7.54,4.46,1.3709090909090909,0.64,0.79,0.7,0.75,0.75,0.83,0.74,0.8,0.81,0.74,2.2199999999999998,0.40363636363636357,0.16,0.49,0.32,0.41,0.38,0.46,-2.24,,True,6.559,0.449,0.532,2.0799,3.405,0.2365518054826949,83.1,positional fallback,0.0,0.2239376353783467,0.1047903105479461,8.189865176177413,0.0,,,,,,,,,,,,,,,,,,,,,-0.2513420068722135,-0.260770580087077,18,18,-1.3315882955947056,1661.0,1001.0,1.85,1.757725872128414,13.0,0.9031690971170778,1,5.5
Bendito Mantato,Bendito Mantato (MUN),Man United,MID,4.5,0.2,576620,Bendito Mantato,MUN,False,Bendito Mantato,True,7.49,4.5600000000000005,1.6644444444444444,0.89,0.76,0.72,0.66,0.69,0.84,0.71,0.77,0.69,0.76,0.0,0.0,0.0,0.0,0.0,0.0,0.0,0.0,-4.5600000000000005,,True,6.428,0.594,0.46799999999999997,2.3035,3.5,0.1638252581847563,83.1,positional fallback,0.0,0.1780987351903563,0.0833402645216931,8.189865176177413,0.0,,,,1.0,15.0,0.0,0.00757657,0.0,0.04545942000000001,0.0,0.0,0.0,0.0,4.0,0.0,,,,,,0.2911586787820938,0.036515569746031,3,5,1.2388665527515443,1915.0,7.0,34.0,1.2712178238678356,12.0,1.0271008142253517,0,4.5
Matthews,Matthews (CRY),Crystal Palace,GK,4.0,1.8,169593,Remi Matthews,CRY,False,Matthews,True,7.48,4.46,1.87,0.77,0.43,0.71,0.99,0.73,0.83,0.68,0.89,0.74,0.7,0.04,0.01,0.0,0.0,0.01,0.01,0.01,0.01,-4.42,,True,4.066000000000001,3.414,0.0,1.7957,6.058999999999999,0.2338756017682636,89.9,positional fallback,0.0,0.0021218657186201,0.0019721089976119,2.7050330449672813,0.0,,,,2.0,0.0,0.0,0.0,,,0.0,0.0,0.0,0.0,10.0,0.0,45.0,3.0,15.0,0.0,0.0,-0.1171465215222359,0.0042638165422642,16,7,-0.2542419079126018,1804.0,151.0,7.5,1.3534243888033963,11.5,1.066056186213018,0,4.0
McNally,McNally (FUL),Fulham,GK,4.0,0.2,505079,Alfie McNally,FUL,False,McNally,True,7.47,4.22,1.8675,0.66,0.72,0.82,0.57,0.65,0.8,1.01,0.79,0.65,0.79,0.0,0.0,0.0,0.0,0.0,0.0,0.0,0.0,-4.22,,True,3.9549999999999996,3.515,0.0,1.7622,6.058999999999999,0.2074814300622939,89.9,positional fallback,0.0,0.0021218657186201,0.0019721089976119,2.7050330449672813,0.0,,,,,,,,,,,,,0.0,1.0,0.0,,,,,,-0.0437533840320386,-0.0184124304418098,12,10,-0.4710331570871442,1813.0,251.0,7.0,1.3248346722551338,12.0,1.0152557049594606,0,4.0
Humphreys,Humphreys (IPS),Ipswich,MID,4.5,0.0,524180,Cameron Humphreys,IPS,False,Humphreys,True,7.47,4.35,1.66,0.75,0.61,0.76,0.72,0.72,0.79,0.66,0.8,0.85,0.8,,,,,,,,,,,False,6.513999999999999,0.464,0.492,1.8435,3.2,0.1801691201836384,83.1,positional fallback,0.0,0.1780987351903563,0.0833402645216931,8.189865176177413,0.0,,,,,,,,,,,,,,,,,,,,,-0.2918528340454071,-0.2856043837956666,19,19,-1.3315882955947056,1640.0,1001.0,1.85,1.8535840736204665,13.0,0.9266892410460464,1,
Hinshelwood,Hinshelwood (BHA),Brighton,MID,6.0,2.0,532529,Jack Hinshelwood,BHA,False,Hinshelwood,False,7.44,4.48,1.24,0.76,0.71,0.81,0.8,0.67,0.73,0.79,0.74,0.64,0.79,22.07,3.6783333333333332,3.93,3.32,4.19,3.91,3.14,3.58,17.59,,True,7.017,0.374,0.049,1.7024000000000001,2.9,0.12992618316422,81.36330532212885,player history,2659.0,0.3109195138882372,0.0919792952768693,6.362779423646646,0.0,,,,27.0,1736.0,4.93,2.35131365,0.2555875576036866,0.12189990120967742,37.0,4.0,5.0,20.0,29.0,0.6896551724137931,141.0,2.0,70.5,0.0,0.0,0.0842682216689143,0.0973748541570488,9,3,0.0297333718288103,1842.0,101.0,15.0,1.3234673027835793,10.8,1.130590346257485,0,6.0
Dowman,Dowman (ARS),Arsenal,MID,5.5,0.1,616077,Max Dowman,ARS,False,Dowman,True,7.42,4.33,1.3490909090909091,0.81,0.61,0.71,0.72,0.69,0.79,0.71,0.74,0.69,0.95,1.59,0.2890909090909091,0.33,0.2,0.22,0.24,0.26,0.34,-2.74,,True,6.141,0.818,0.461,2.3968,3.4,0.1497384894705724,83.1,positional fallback,0.0,0.2239376353783467,0.1047903105479461,8.189865176177413,0.0,,,,12.0,152.0,1.19,0.31979180999999995,0.7046052631578947,0.18935041381578946,6.0,1.0,1.0,1.0,17.0,0.058823529411764705,230.0,5.0,46.0,0.0,0.0,0.306541748174989,0.5456367033856973,2,1,1.7079738846388108,2064.0,2.5,101.0,0.7593381876414202,10.05,1.1953980873144028,0,5.5
Gozo,Gozo (CRY),Crystal Palace,MID,5.0,0.0,559152,Zavier Gozo,CRY,False,Gozo,True,7.41,4.36,1.482,0.75,0.54,0.74,0.87,0.71,0.75,0.69,0.84,0.74,0.79,0.0,0.0,0.0,0.0,0.0,0.0,0.0,0.0,-4.36,,True,6.144,0.633,0.633,2.1129000000000002,3.8,0.1761258853672495,83.1,positional fallback,0.0,0.1998266067467193,0.0935076953070113,8.189865176177413,0.0,,,,,,,,,,,,,,,,,,,,,-0.1171465215222359,0.0042638165422642,16,7,-0.2542419079126018,1804.0,151.0,7.5,1.3534243888033963,11.5,1.066056186213018,0,5.0
Igor,Igor (BHA),Brighton,DEF,4.5,0.1,223434,Igor Julio dos Santos de Paulo,BHA,False,Igor,False,7.41,4.51,1.6466666666666667,0.78,0.67,0.78,0.8,0.71,0.77,0.85,0.65,0.64,0.75,1.0,0.2222222222222222,0.19,0.13,0.2,0.17,0.13,0.18,-3.51,,True,5.029,1.486,0.895,1.6428999999999998,4.0716,0.2067910030751693,87.37179487179488,player history,583.0,0.0578836587376493,0.0324559270285828,9.173633440514468,0.0,,,,9.0,103.0,0.0,0.00160173,0.0,0.0013995699029126214,0.0,0.0,0.0,1.0,19.0,0.05263157894736842,12.0,1.0,12.0,0.0,0.0,0.0842682216689143,0.0973748541570488,9,3,0.0297333718288103,1842.0,101.0,15.0,1.3234673027835793,10.8,1.130590346257485,0,4.5
Amass,Amass (MUN),Man United,DEF,4.0,0.2,577974,Harry Amass,MUN,False,Amass,True,7.39,4.6499999999999995,1.8475,0.96,0.82,0.71,0.63,0.7,0.83,0.71,0.72,0.59,0.73,0.0,0.0,0.0,0.0,0.0,0.0,0.0,0.0,-4.6499999999999995,,True,3.784,2.4459999999999997,1.16,2.169,5.8864,0.166179371689431,87.5,positional fallback,0.0,0.0780161196265875,0.0391938534500658,8.421520428158146,0.0,,,,,,,,,,,,,,,,194.0,6.0,32.333333333333336,0.0,0.0,0.2911586787820938,0.036515569746031,3,5,1.2388665527515443,1915.0,7.0,34.0,1.2712178238678356,12.0,1.0271008142253517,0,4.0
Fletcher,Fletcher (MUN),Man United,MID,4.5,0.3,519913,Tyler Fletcher,MUN,False,Fletcher,True,7.3,4.41,1.6222222222222222,0.85,0.74,0.69,0.64,0.69,0.8,0.72,0.74,0.7,0.73,0.0,0.0,0.0,0.0,0.0,0.0,0.0,0.0,-4.41,,True,6.247999999999999,0.578,0.474,2.1004,3.3,0.1802245744330951,83.1,positional fallback,0.0,0.1780987351903563,0.0833402645216931,8.189865176177413,0.0,,,,2.0,17.0,0.0,0.00826902,0.0,0.04377716470588235,0.0,0.0,0.0,0.0,13.0,0.0,205.0,6.0,34.166666666666664,0.0,0.0,0.2911586787820938,0.036515569746031,3,5,1.2388665527515443,1915.0,7.0,34.0,1.2712178238678356,12.0,1.0271008142253517,0,4.5
Drakes-Thomas,Drakes-Thomas (CRY),Crystal Palace,MID,4.5,0.1,672492,Joél Drakes-Thomas,CRY,False,Drakes-Thomas,True,7.3,4.3,1.6222222222222222,0.71,0.57,0.7,0.86,0.69,0.77,0.68,0.81,0.75,0.75,0.9300000000000002,0.2066666666666667,0.14,0.13,0.14,0.18,0.15,0.19,-3.3699999999999997,,True,6.052,0.612,0.636,1.9942,3.5,0.1904596390791369,83.1,positional fallback,0.0,0.1780987351903563,0.0833402645216931,8.189865176177413,0.0,,,,2.0,7.0,0.0,0.00432351,0.0,0.05558798571428571,0.0,0.0,0.0,0.0,6.0,0.0,90.0,2.0,45.0,0.29,0.08,-0.1171465215222359,0.0042638165422642,16,7,-0.2542419079126018,1804.0,151.0,7.5,1.3534243888033963,11.5,1.066056186213018,0,4.5
McNair,McNair (HUL),Hull,DEF,4.0,0.1,160817,Paddy McNair,HUL,False,McNair,True,7.26,4.239999999999999,1.815,0.65,0.57,0.8,0.61,0.76,0.85,0.74,0.75,1.0,0.53,0.47000000000000003,0.11750000000000001,0.06,0.08,0.08,0.06,0.08,0.11,-3.769999999999999,,True,2.7599999999999993,1.217,3.283,1.8082999999999998,4.2358,0.2138651937095345,87.5,positional fallback,0.0,0.0780161196265875,0.0391938534500658,8.421520428158146,0.0,,,,,,,,,,,,,,,,19.0,2.0,9.5,0.0,0.0,-0.4519100791990885,-0.454055750336764,20,20,-1.5007189863388086,1533.0,1001.0,1.26,2.241860660354812,13.5,0.876626488060625,1,4.0
M.França,M.França (CRY),Crystal Palace,MID,5.0,0.0,536694,Matheus França de Oliveira,CRY,False,M.França,True,7.25,4.33,1.45,0.71,0.59,0.71,0.88,0.71,0.73,0.67,0.77,0.72,0.75,2.7300000000000004,0.546,0.47,0.4,0.42,0.52,0.43,0.49,-1.5999999999999996,,True,6.005,0.609,0.636,2.0034,3.6049999999999995,0.1761258853672495,83.1,positional fallback,0.0,0.1998266067467193,0.0935076953070113,8.189865176177413,0.0,,,,,,,,,,,,,,,,133.0,3.0,44.333333333333336,2.23,0.49,-0.1171465215222359,0.0042638165422642,16,7,-0.2542419079126018,1804.0,151.0,7.5,1.3534243888033963,11.5,1.066056186213018,0,5.0
Bakwa,Bakwa (NFO),Nott'm Forest,MID,5.5,0.0,476887,Dilane Bakwa,NFO,False,Bakwa,False,7.21,4.39,1.3109090909090908,0.74,0.7,0.75,0.71,0.79,0.7,0.65,0.76,0.71,0.69,1.76,0.32,0.26,0.23,0.29,0.28,0.36,0.34,-2.63,,True,7.18,0.025,0.005,1.1956,1.0,0.01,77.80103092783504,player history,549.0,0.2633438290233838,0.1709218221405093,6.836313617606603,0.0,,,,18.0,549.0,0.54,1.03787091,0.08852459016393444,0.17014277213114756,9.0,0.0,2.0,6.0,21.0,0.2857142857142857,80.0,1.0,80.0,0.0,0.0,-0.0456385418439161,0.0051716257511739,13,6,-0.1703073359666486,1822.0,151.0,12.0,1.395107616469235,11.5,1.058773755013881,0,5.5
Yohanna,Yohanna (BHA),Brighton,MID,5.0,0.1,700308,Zadok Yohanna,BHA,False,Yohanna,True,7.13,4.25,1.426,0.76,0.56,0.75,0.82,0.63,0.73,0.77,0.72,0.61,0.78,4.43,0.8859999999999999,0.97,0.74,0.88,0.71,0.56,0.57,0.17999999999999972,,True,6.037999999999999,0.578,0.514,2.105,3.5,0.1749946397760889,83.1,positional fallback,0.0,0.1998266067467193,0.0935076953070113,8.189865176177413,0.0,,,,,,,,,,,,,,,,54.0,2.0,27.0,0.0,0.0,0.0842682216689143,0.0973748541570488,9,3,0.0297333718288103,1842.0,101.0,15.0,1.3234673027835793,10.8,1.130590346257485,0,5.0
N. Patterson (EVE),N. Patterson (EVE),Everton,DEF,4.5,0.0,243571,Nathan Patterson,EVE,True,Patterson,False,7.11,4.41,1.58,0.72,0.66,0.66,0.71,0.83,0.83,0.65,0.58,0.69,0.78,1.21,0.2688888888888889,0.22,0.14,0.16,0.16,0.25,0.28,-3.2,,True,5.222,1.359,0.529,1.5563,3.7039,0.1514208144461838,82.37745098039215,player history,410.5,0.0867560935139499,0.050342708746748,9.785387081997252,0.0,,,,18.0,238.0,0.03,0.041087439999999996,0.01134453781512605,0.015537267226890755,1.0,0.0,0.0,3.0,28.0,0.10714285714285714,67.0,2.0,33.5,0.0,0.22,-0.0485965292955978,-0.0016800106760029,14,8,-0.3604498186276618,1803.0,251.0,13.0,1.3469411290581967,14.0,0.8592747333873535,0,4.5
P.M.Sarr,P.M.Sarr (TOT),Tottenham,MID,5.0,0.2,482442,Pape Matar Sarr,TOT,False,P.M.Sarr,False,7.11,4.2299999999999995,1.4220000000000002,0.69,0.75,0.69,0.71,0.71,0.68,0.77,0.69,0.71,0.7,1.6900000000000002,0.338,0.43,0.22,0.24,0.25,0.24,0.31,-2.539999999999999,,True,7.021,0.025,0.064,1.2157,1.0,0.01,85.3568093385214,player history,2344.5,0.2045487763597833,0.0652742981921163,11.112274484536083,0.0,,,,27.0,1388.0,1.69,1.09799038,0.10958213256484149,0.07119534164265129,17.0,2.0,4.0,13.0,29.0,0.4482758620689655,,,,,,-0.0511239337666682,-0.1320343685467415,15,17,0.4131043967098503,1777.0,41.0,17.0,1.5616840436848023,10.0,1.2135919166562028,0,5.0
Alysson,Alysson (AVL),Aston Villa,MID,5.0,0.0,653481,Alysson Edward Franco da Rocha dos Santos,AVL,False,Alysson,True,7.1,4.32,1.42,0.7,0.62,0.83,0.72,0.75,0.7,0.74,0.63,0.73,0.68,2.07,0.414,0.55,0.26,0.36,0.31,0.25,0.34,-2.2500000000000004,,True,6.0009999999999994,0.561,0.538,2.0486999999999997,3.5,0.1633100966511159,83.1,positional fallback,0.0,0.1998266067467193,0.0935076953070113,8.189865176177413,0.0,,,,3.0,47.0,0.0455,0.04564256,0.08712765957446808,0.08740064680851063,1.0,0.0,0.0,0.0,3.0,0.0,63.0,2.0,31.5,0.0,0.0,0.0916761005372474,-0.0195020800368329,8,11,0.667472079995315,1921.0,26.0,26.0,1.4559886468855003,12.45,0.9473005095465162,0,5.0
McConnell,McConnell (LIV),Liverpool,MID,4.5,0.3,491501,James McConnell,LIV,False,McConnell,True,7.07,4.279999999999999,1.5711111111111111,0.73,0.65,0.76,0.76,0.71,0.67,0.7,0.73,0.66,0.72,0.0,0.0,0.0,0.0,0.0,0.0,0.0,0.0,-4.279999999999999,,True,5.964,0.52,0.586,1.9816000000000003,3.5,0.1967396751011699,83.1,positional fallback,0.0,0.1780987351903563,0.0833402645216931,8.189865176177413,0.0,,,,1.0,0.0,0.0,0.0,,,0.0,0.0,0.0,0.0,1.0,0.0,192.0,5.0,38.4,0.0,0.0,0.2217904378795187,-0.0207728027571259,4,13,1.3549493323437265,1911.0,6.0,51.0,1.4367612878896527,9.9,1.2427165780373892,0,4.5
Doku,Doku (MCI),Man City,MID,7.5,1.5,248875,Jérémy Doku,MCI,False,Doku,False,7.0,4.1899999999999995,0.9333333333333333,0.73,0.63,0.79,0.65,0.72,0.67,0.81,0.66,0.67,0.66,20.46,2.728,3.38,3.35,4.05,2.9,3.85,2.93,16.270000000000003,,True,6.9559999999999995,0.035,0.009000000000000001,1.4784,2.9558,0.01,81.29873817034701,player history,2529.5,0.3922933994070517,0.280427882327549,6.754020250148898,0.0,4.0,,,31.0,1773.0,2.73,6.2497385,0.1385786802030457,0.31724560913705585,37.0,5.0,8.0,19.0,31.0,0.6129032258064516,45.0,1.0,45.0,0.19,0.18,0.3979137564561784,0.3023979198869594,1,2,1.5720974480619654,1971.0,3.5,67.0,1.0050081070657415,12.3,0.9984810217456443,0,7.5
Josh Dasilva (BRE),Josh Dasilva (BRE),Brentford,MID,5.0,0.0,183656,Josh Dasilva,BRE,True,Dasilva,True,7.0,4.14,1.4,0.75,0.64,0.7,0.67,0.73,0.65,0.72,0.79,0.71,0.64,0.32,0.064,0.0,0.03,0.05,0.06,0.07,0.11,-3.82,,True,5.959,0.548,0.493,2.1443000000000003,3.3,0.1708781704025241,83.1,positional fallback,0.0,0.1998266067467193,0.0935076953070113,8.189865176177413,0.0,,,,2.0,2.0,0.0567,0.00149774,2.5515,0.0673983,1.0,0.0,0.0,0.0,5.0,0.0,,,,,,0.1430094199147795,-0.010658247439459,7,9,-0.3895837925260162,1837.0,251.0,11.0,1.3527334738773589,13.0,0.9307068915414188,0,5.0
Arrizabalaga,Arrizabalaga (ARS),Arsenal,GK,5.0,0.1,109745,Kepa Arrizabalaga Revuelta,ARS,False,Arrizabalaga,False,6.98,4.08,1.3960000000000001,0.76,0.6,0.63,0.69,0.67,0.73,0.71,0.72,0.58,0.9,0.05,0.01,0.0,0.0,0.01,0.01,0.01,0.02,-4.03,,True,3.2560000000000002,3.724,0.0,1.9228999999999998,6.51,0.2625636755072609,89.97432432432433,player history,1485.0,0.0063126243298969,0.0016037849052364,0.0,0.0,,,,15.0,90.0,0.0,0.00049812,0.0,0.00049812,0.0,0.0,0.0,1.0,38.0,0.02631578947368421,214.0,5.0,42.8,0.0,0.0,0.306541748174989,0.5456367033856973,2,1,1.7079738846388108,2064.0,2.5,101.0,0.7593381876414202,10.05,1.1953980873144028,0,5.0
Ogbene,Ogbene (IPS),Ipswich,MID,5.0,0.0,229164,Chiedozie Ogbene,IPS,False,Ogbene,True,6.98,4.109999999999999,1.3960000000000001,0.72,0.6,0.7,0.65,0.7,0.74,0.62,0.72,0.81,0.73,1.31,0.262,0.25,0.16,0.18,0.21,0.22,0.29,-2.7999999999999994,,True,6.053,0.426,0.501,1.8331,3.1,0.180321237353013,83.1,positional fallback,0.0,0.1998266067467193,0.0935076953070113,8.189865176177413,0.0,,,,,,,,,,,,,,,,,,,,,-0.2918528340454071,-0.2856043837956666,19,19,-1.3315882955947056,1640.0,1001.0,1.85,1.8535840736204665,13.0,0.9266892410460464,1,5.0
Souza,Souza (TOT),Tottenham,DEF,4.0,0.3,616221,João Victor de Souza Menezes,TOT,False,Souza,True,6.92,4.02,1.73,0.64,0.62,0.72,0.77,0.75,0.52,0.86,0.59,0.79,0.66,0.15,0.0375,0.04,0.02,0.02,0.03,0.02,0.02,-3.8699999999999997,,True,3.4379999999999997,1.782,1.7,2.0927,5.079,0.1263961920821333,87.5,positional fallback,0.0,0.0780161196265875,0.0391938534500658,8.421520428158146,0.0,,,,4.0,142.0,0.0164,0.037362839999999994,0.0103943661971831,0.023680673239436616,1.0,0.0,0.0,2.0,12.0,0.16666666666666666,,,,,,-0.0511239337666682,-0.1320343685467415,15,17,0.4131043967098503,1777.0,41.0,17.0,1.5616840436848023,10.0,1.2135919166562028,0,4.0
Dovin,Dovin (COV),Coventry,GK,4.0,1.6,484389,Oliver Dovin,COV,False,Dovin,True,6.85,3.9400000000000004,1.7125,0.49,0.89,0.39,0.72,0.64,0.81,0.66,0.78,0.82,0.64,0.03,0.0075,0.0,0.0,0.0,0.01,0.01,0.01,-3.9100000000000006,,True,4.077999999999999,2.7720000000000002,0.0,1.6078,5.608,0.2770068035949177,89.9,positional fallback,0.0,0.0021218657186201,0.0019721089976119,2.7050330449672813,0.0,,,,,,,,,,,,,,,,,,,,,-0.2513420068722135,-0.260770580087077,18,18,-1.3315882955947056,1661.0,1001.0,1.85,1.757725872128414,13.0,0.9031690971170778,1,4.0
McCarthy,McCarthy (HUL),Hull,DEF,4.0,0.1,661800,Cathal McCarthy,HUL,False,McCarthy,True,6.82,4.0,1.705,0.6,0.53,0.76,0.59,0.71,0.81,0.66,0.71,0.93,0.52,0.47000000000000003,0.11750000000000001,0.06,0.08,0.08,0.06,0.08,0.11,-3.53,,True,2.704,1.139,2.977,1.798,3.9357999999999995,0.2138651937095345,87.5,positional fallback,0.0,0.0780161196265875,0.0391938534500658,8.421520428158146,0.0,,,,,,,,,,,,,,,,87.0,2.0,43.5,0.0,0.0,-0.4519100791990885,-0.454055750336764,20,20,-1.5007189863388086,1533.0,1001.0,1.26,2.241860660354812,13.5,0.876626488060625,1,4.0
Drameh,Drameh (HUL),Hull,DEF,4.0,0.1,433590,Cody Drameh,HUL,False,Drameh,True,6.81,4.0200000000000005,1.7025,0.64,0.55,0.77,0.58,0.7,0.78,0.63,0.73,0.93,0.51,0.37,0.0925,0.0,0.03,0.06,0.05,0.08,0.15,-3.6500000000000004,,True,2.6709999999999994,1.147,2.992,1.7754999999999999,4.0358,0.2138651937095345,87.5,positional fallback,0.0,0.0780161196265875,0.0391938534500658,8.421520428158146,0.0,,,,,,,,,,,,,,,,,,,,,-0.4519100791990885,-0.454055750336764,20,20,-1.5007189863388086,1533.0,1001.0,1.26,2.241860660354812,13.5,0.876626488060625,1,4.0
Lucky,Lucky (LIV),Liverpool,DEF,4.0,0.1,519440,Wellity Lucky,LIV,False,Lucky,True,6.8,4.09,1.7,0.73,0.62,0.81,0.73,0.62,0.58,0.63,0.78,0.59,0.7,0.0,0.0,0.0,0.0,0.0,0.0,0.0,0.0,-4.09,,True,3.381,1.9180000000000001,1.501,2.0911999999999997,5.4148,0.1610699397294,87.5,positional fallback,0.0,0.0780161196265875,0.0391938534500658,8.421520428158146,0.0,,,,,,,,,,,,,0.0,4.0,0.0,,,,,,0.2217904378795187,-0.0207728027571259,4,13,1.3549493323437265,1911.0,6.0,51.0,1.4367612878896527,9.9,1.2427165780373892,0,4.0
Esse,Esse (CRY),Crystal Palace,MID,5.0,0.0,606921,Romain Esse,CRY,False,Esse,True,6.73,4.01,1.346,0.67,0.5,0.68,0.8,0.65,0.71,0.64,0.71,0.68,0.69,0.7500000000000001,0.15000000000000002,0.1,0.1,0.11,0.14,0.13,0.17,-3.26,,True,5.647,0.5559999999999999,0.527,1.9422000000000001,3.1,0.1761258853672495,83.1,positional fallback,0.0,0.1998266067467193,0.0935076953070113,8.189865176177413,0.0,,,,5.0,40.0,0.0,0.03989478,0.0,0.089763255,0.0,0.0,0.0,0.0,15.0,0.0,90.0,2.0,45.0,0.37,0.09,-0.1171465215222359,0.0042638165422642,16,7,-0.2542419079126018,1804.0,151.0,7.5,1.3534243888033963,11.5,1.066056186213018,0,5.0
David,David (BHA),Brighton,FWD,6.0,0.3,538007,Promise David,BHA,False,David,True,6.67,4.0,1.1116666666666666,0.7,0.64,0.73,0.73,0.56,0.64,0.73,0.65,0.56,0.73,0.0,0.0,0.0,0.0,0.0,0.0,0.0,0.0,-4.0,,True,6.626,0.0,0.044,2.0478,2.0100000000000002,0.1724254397943734,81.5,positional fallback,0.0,0.3845094383407031,0.0543542296559633,4.432345205189561,0.0,2.0,,,,,,,,,,,,,,,,,,,,0.0842682216689143,0.0973748541570488,9,3,0.0297333718288103,1842.0,101.0,15.0,1.3234673027835793,10.8,1.130590346257485,0,6.0
Echeverri,Echeverri (MCI),Man City,MID,5.0,0.0,575204,Claudio Echeverri,MCI,False,Echeverri,True,6.64,3.95,1.3279999999999998,0.68,0.56,0.77,0.61,0.71,0.62,0.78,0.62,0.68,0.62,1.58,0.316,0.29,0.21,0.27,0.23,0.3,0.28,-2.37,,True,5.523999999999999,0.647,0.469,2.3760000000000003,3.1,0.134915478038404,83.1,positional fallback,0.0,0.1998266067467193,0.0935076953070113,8.189865176177413,0.0,,,,,,,,,,,,,,,,30.0,2.0,15.0,0.0,0.0,0.3979137564561784,0.3023979198869594,1,2,1.5720974480619654,1971.0,3.5,67.0,1.0050081070657415,12.3,0.9984810217456443,0,5.0
Cherif,Cherif (COV),Coventry,FWD,5.0,0.1,627221,Sidiki Cherif,COV,False,Cherif,True,6.61,3.92,1.322,0.57,0.72,0.59,0.65,0.64,0.75,0.68,0.68,0.71,0.63,,,,,,,,,,,False,6.573,0.0,0.037,1.8529,2.0,0.2093602563495198,81.5,positional fallback,0.0,0.3563138036245852,0.0503684965325606,4.432345205189561,0.0,,,,,,,,,,,,,,,,,,,,,-0.2513420068722135,-0.260770580087077,18,18,-1.3315882955947056,1661.0,1001.0,1.85,1.757725872128414,13.0,0.9031690971170778,1,
Eccles,Eccles (COV),Coventry,MID,5.0,0.0,439668,Josh Eccles,COV,False,Eccles,True,6.6,3.88,1.3199999999999998,0.57,0.68,0.61,0.65,0.63,0.74,0.69,0.67,0.73,0.63,0.98,0.196,0.18,0.18,0.13,0.16,0.15,0.18,-2.9,,True,5.696,0.46599999999999997,0.438,1.7388,3.0,0.2191307913230311,83.1,positional fallback,0.0,0.1998266067467193,0.0935076953070113,8.189865176177413,0.0,,,,,,,,,,,,,,,,0.0,1.0,,0.0,0.0,-0.2513420068722135,-0.260770580087077,18,18,-1.3315882955947056,1661.0,1001.0,1.85,1.757725872128414,13.0,0.9031690971170778,1,5.0
J.Rak-Sakyi,J.Rak-Sakyi (CRY),Crystal Palace,MID,5.0,0.0,450542,Jesurun Rak-Sakyi,CRY,False,J.Rak-Sakyi,True,6.6,3.95,1.3199999999999998,0.65,0.53,0.66,0.79,0.65,0.67,0.63,0.68,0.66,0.68,0.0,0.0,0.0,0.0,0.0,0.0,0.0,0.0,-3.95,,True,5.428,0.565,0.607,1.8923999999999999,3.1,0.1761258853672495,83.1,positional fallback,0.0,0.1998266067467193,0.0935076953070113,8.189865176177413,0.0,,,,,,,,,,,,,0.0,1.0,0.0,90.0,2.0,45.0,0.37,0.01,-0.1171465215222359,0.0042638165422642,16,7,-0.2542419079126018,1804.0,151.0,7.5,1.3534243888033963,11.5,1.066056186213018,0,5.0
Yalcouyé,Yalcouyé (BHA),Brighton,MID,4.5,0.1,611695,Malick Yalcouyé,BHA,False,Yalcouyé,True,6.6,3.9499999999999997,1.4666666666666666,0.71,0.59,0.66,0.72,0.61,0.66,0.69,0.65,0.61,0.68,,,,,,,,,,,False,5.532,0.598,0.47,1.9498000000000002,3.0,0.1747595140608219,83.1,positional fallback,0.0,0.1780987351903563,0.0833402645216931,8.189865176177413,0.0,,,,,,,,,,,,,,,,,,,,,0.0842682216689143,0.0973748541570488,9,3,0.0297333718288103,1842.0,101.0,15.0,1.3234673027835793,10.8,1.130590346257485,0,
Osman,Osman (BHA),Brighton,MID,5.0,0.0,612855,Ibrahim Osman,BHA,False,Osman,True,6.51,3.9,1.302,0.67,0.58,0.7,0.72,0.59,0.64,0.69,0.62,0.6,0.7,,,,,,,,,,,False,5.309,0.571,0.63,1.9138000000000002,3.5,0.1613718004531096,83.1,positional fallback,0.0,0.1998266067467193,0.0935076953070113,8.189865176177413,0.0,,,,,,,,,,,,,,,,55.0,2.0,27.5,0.0,0.0,0.0842682216689143,0.0973748541570488,9,3,0.0297333718288103,1842.0,101.0,15.0,1.3234673027835793,10.8,1.130590346257485,0,
Fábio Vieira,Fábio Vieira (ARS),Arsenal,MID,5.5,0.0,438098,Fábio Ferreira Vieira,ARS,False,Fábio Vieira,True,6.43,3.7399999999999998,1.169090909090909,0.71,0.57,0.63,0.62,0.56,0.65,0.61,0.65,0.6,0.82,0.0,0.0,0.0,0.0,0.0,0.0,0.0,0.0,-3.7399999999999998,,True,5.329,0.691,0.41,2.432,3.1,0.137681911642692,83.1,positional fallback,0.0,0.2239376353783467,0.1047903105479461,8.189865176177413,0.0,,,,,,,,,,,,,,,,116.0,4.0,29.0,0.0,0.0,0.306541748174989,0.5456367033856973,2,1,1.7079738846388108,2064.0,2.5,101.0,0.7593381876414202,10.05,1.1953980873144028,0,5.5
Bradley,Bradley (LIV),Liverpool,DEF,5.0,0.0,492777,Conor Bradley,LIV,False,Bradley,False,6.3,3.84,1.26,0.66,0.61,0.69,0.64,0.63,0.61,0.62,0.63,0.6,0.62,0.0,0.0,0.0,0.0,0.0,0.0,0.0,0.0,-3.84,,True,6.146,0.098,0.056,1.1480000000000001,1.0,0.01,80.06868131868131,player history,1302.0,0.1472892236160487,0.068025541705472,7.691398434101783,0.0,,,,15.0,928.0,0.24000000000000002,0.98559506,0.02327586206896552,0.09558572780172413,6.0,0.0,2.0,12.0,16.0,0.75,,,,,,0.2217904378795187,-0.0207728027571259,4,13,1.3549493323437265,1911.0,6.0,51.0,1.4367612878896527,9.9,1.2427165780373892,0,5.0
Burns,Burns (IPS),Ipswich,MID,5.0,0.0,149929,Wes Burns,IPS,False,Burns,False,6.29,3.7199999999999998,1.258,0.63,0.58,0.65,0.61,0.61,0.64,0.58,0.63,0.69,0.65,0.0,0.0,0.0,0.0,0.0,0.0,0.0,0.0,-3.7199999999999998,,True,6.261,0.011,0.018000000000000002,1.0609,1.0,0.01,79.57549019607843,player history,466.5,0.211968820719135,0.1004576099706744,8.4,0.0,,,,,,,,,,,,,,,,,,,,,-0.2918528340454071,-0.2856043837956666,19,19,-1.3315882955947056,1640.0,1001.0,1.85,1.8535840736204665,13.0,0.9266892410460464,1,5.0
B. Wilson (COV),B. Wilson (COV),Coventry,GK,4.5,0.5,110690,Ben Wilson,COV,True,Wilson,True,6.25,3.59,1.3888888888888888,0.43,0.78,0.37,0.69,0.61,0.71,0.63,0.7,0.77,0.56,0.4600000000000001,0.10222222222222224,0.06,0.08,0.07,0.08,0.08,0.09,-3.13,,True,3.727,2.523,0.0,1.5356999999999998,5.157,0.2689708451823162,89.9,positional fallback,0.0,0.002669626553417,0.00248121005022,2.7050330449672813,0.0,,,,,,,,,,,,,,,,,,,,,-0.2513420068722135,-0.260770580087077,18,18,-1.3315882955947056,1661.0,1001.0,1.85,1.757725872128414,13.0,0.9031690971170778,1,4.5
Lacey,Lacey (MUN),Man United,MID,5.0,0.0,576628,Shea Lacey,MUN,False,Lacey,True,6.14,3.72,1.228,0.76,0.57,0.6,0.56,0.58,0.65,0.6,0.64,0.57,0.6,3.9299999999999997,0.7859999999999999,0.89,0.7,0.58,0.57,0.6,0.59,0.20999999999999952,,True,5.317,0.451,0.372,2.1307,3.1,0.1330681504571248,83.1,positional fallback,0.0,0.1998266067467193,0.0935076953070113,8.189865176177413,0.0,,,,6.0,40.0,0.1,0.00788509,0.22500000000000003,0.017741452500000005,4.0,0.0,0.0,0.0,13.0,0.0,298.0,6.0,49.666666666666664,0.0,0.0,0.2911586787820938,0.036515569746031,3,5,1.2388665527515443,1915.0,7.0,34.0,1.2712178238678356,12.0,1.0271008142253517,0,5.0
J.Fletcher,J.Fletcher (MUN),Man United,MID,5.0,0.0,547037,Jack Fletcher,MUN,False,J.Fletcher,True,6.12,3.72,1.224,0.78,0.62,0.57,0.53,0.56,0.66,0.57,0.66,0.55,0.61,0.13,0.026000000000000002,0.0,0.02,0.02,0.02,0.03,0.04,-3.5900000000000003,,True,5.2250000000000005,0.502,0.393,2.1374000000000004,3.1,0.1330681504571248,83.1,positional fallback,0.0,0.1998266067467193,0.0935076953070113,8.189865176177413,0.0,,,,4.0,107.0,0.03,0.029554069999999998,0.025233644859813085,0.02485856355140187,1.0,0.0,0.0,0.0,8.0,0.0,173.0,6.0,28.833333333333332,0.0,0.0,0.2911586787820938,0.036515569746031,3,5,1.2388665527515443,1915.0,7.0,34.0,1.2712178238678356,12.0,1.0271008142253517,0,5.0
Anselmino,Anselmino (CHE),Chelsea,DEF,4.5,0.0,622758,Aaron Anselmino,CHE,False,Anselmino,True,6.12,3.6100000000000003,1.36,0.6,0.52,0.45,0.88,0.53,0.63,0.58,0.71,0.58,0.63,0.0,0.0,0.0,0.0,0.0,0.0,0.0,0.0,-3.6100000000000003,,True,3.3670000000000004,1.81,0.9430000000000001,2.1506999999999996,4.6074,0.1052278011127417,87.5,positional fallback,0.0,0.0925743273925264,0.0465076273778755,8.421520428158146,0.0,,,,,,,,,,,,,,,,64.0,3.0,21.333333333333332,0.0,0.0,0.1836375664015244,-0.0207718609867338,5,12,0.852585347922589,1831.0,15.0,21.0,1.3863447699183449,11.0,1.0737940848414846,0,4.5
Ekitiké,Ekitiké (LIV),Liverpool,FWD,7.5,0.2,510663,Hugo Ekitiké,LIV,False,Ekitiké,False,6.02,3.7499999999999996,0.8026666666666666,0.67,0.6,0.69,0.63,0.59,0.57,0.58,0.6,0.52,0.57,0.0,0.0,0.0,0.0,0.0,0.0,0.0,0.0,-3.7499999999999996,,True,6.02,0.0,0.0,1.5258,2.8234,0.01,82.00607287449392,player history,1797.0,0.590148077341449,0.0995655059246442,3.9642646770076575,0.0,,,,28.0,1797.0,10.0352,2.47729599,0.5025976627712855,0.124071585475793,65.0,11.0,4.0,21.0,29.0,0.7241379310344828,,,,,,0.2217904378795187,-0.0207728027571259,4,13,1.3549493323437265,1911.0,6.0,51.0,1.4367612878896527,9.9,1.2427165780373892,0,7.5
Koumas,Koumas (LIV),Liverpool,MID,5.0,0.0,514514,Lewis Koumas,LIV,False,Koumas,True,6.0,3.7,1.2,0.67,0.5,0.72,0.66,0.6,0.55,0.57,0.61,0.55,0.57,0.0,0.0,0.0,0.0,0.0,0.0,0.0,0.0,-3.7,,True,5.084,0.373,0.5429999999999999,2.1466000000000003,3.2,0.1460317834601467,83.1,positional fallback,0.0,0.1998266067467193,0.0935076953070113,8.189865176177413,0.0,,,,,,,,,,,,,,,,290.0,6.0,48.333333333333336,0.0,0.0,0.2217904378795187,-0.0207728027571259,4,13,1.3549493323437265,1911.0,6.0,51.0,1.4367612878896527,9.9,1.2427165780373892,0,5.0
Scarlett,Scarlett (TOT),Tottenham,FWD,4.5,1.7,490145,Dane Scarlett,TOT,False,Scarlett,True,5.98,3.5200000000000005,1.328888888888889,0.61,0.53,0.58,0.6,0.62,0.58,0.69,0.58,0.61,0.58,0.09,0.02,0.0,0.01,0.01,0.02,0.02,0.03,-3.4300000000000006,,True,5.9510000000000005,0.0,0.029,1.8841,2.0,0.1364347723938002,81.5,positional fallback,0.0,0.3429617781434363,0.0484810550629663,4.432345205189561,0.0,,,,2.0,7.0,0.0,0.00798791,0.0,0.1027017,0.0,0.0,0.0,0.0,11.0,0.0,107.0,2.0,53.5,0.0,0.0,-0.0511239337666682,-0.1320343685467415,15,17,0.4131043967098503,1777.0,41.0,17.0,1.5616840436848023,10.0,1.2135919166562028,0,4.5
Benda,Benda (NFO),Nott'm Forest,GK,4.5,0.1,428971,Steven Benda,NFO,False,Benda,True,5.95,3.7100000000000004,1.3222222222222222,0.66,0.42,0.66,0.56,0.8,0.61,0.54,0.71,0.49,0.51,0.04,0.008888888888888889,0.0,0.0,0.01,0.01,0.01,0.01,-3.6700000000000004,,True,3.29,2.66,0.0,1.5676,5.157,0.1645953916028954,89.9,positional fallback,0.0,0.002669626553417,0.00248121005022,2.7050330449672813,0.0,,,,,,,,,,,,,,,,,,,,,-0.0456385418439161,0.0051716257511739,13,6,-0.1703073359666486,1822.0,151.0,12.0,1.395107616469235,11.5,1.058773755013881,0,4.5
Monga,Monga (MCI),Man City,MID,5.0,0.0,649208,Jeremy Monga,MCI,False,Monga,True,5.94,3.58,1.1880000000000002,0.61,0.57,0.67,0.53,0.62,0.58,0.65,0.54,0.62,0.55,0.0,0.0,0.0,0.0,0.0,0.0,0.0,0.0,-3.58,,True,5.006,0.583,0.351,2.0806999999999998,3.0,0.134915478038404,83.1,positional fallback,0.0,0.1998266067467193,0.0935076953070113,8.189865176177413,0.0,,,,,,,,,,,,,,,,0.0,2.0,0.0,0.0,0.0,0.3979137564561784,0.3023979198869594,1,2,1.5720974480619654,1971.0,3.5,67.0,1.0050081070657415,12.3,0.9984810217456443,0,5.0
M.Sarr,M.Sarr (CHE),Chelsea,DEF,4.5,0.1,574458,Mamadou Sarr,CHE,False,M.Sarr,True,5.9,3.4899999999999998,1.3111111111111111,0.54,0.57,0.44,0.87,0.5,0.57,0.59,0.69,0.53,0.6,0.0,0.0,0.0,0.0,0.0,0.0,0.0,0.0,-3.4899999999999998,,True,3.1110000000000007,1.832,0.957,1.9273,4.5074,0.1162104420208675,87.5,positional fallback,0.0,0.0925743273925264,0.0465076273778755,8.421520428158146,0.0,,,,9.0,100.0,0.35,0.00202731,0.31499999999999995,0.001824579,0.0,0.0,0.0,1.0,10.0,0.1,46.0,3.0,15.333333333333334,0.0,0.0,0.1836375664015244,-0.0207718609867338,5,12,0.852585347922589,1831.0,15.0,21.0,1.3863447699183449,11.0,1.0737940848414846,0,4.5
Rulli,Rulli (MCI),Man City,GK,5.0,0.0,106921,Gerónimo Rulli,MCI,False,Rulli,True,5.85,3.37,1.17,0.56,0.52,0.7,0.44,0.68,0.47,0.71,0.55,0.62,0.6,0.53,0.10600000000000001,0.08,0.08,0.1,0.08,0.1,0.09,-2.84,,True,2.9079999999999995,2.942,0.0,1.7086,5.608,0.1335212967605783,89.9,positional fallback,0.0,0.0032309505268729,0.0030029169843174,2.7050330449672813,0.0,,,,,,,,,,,,,,,,0.0,1.0,0.0,0.0,0.0,0.3979137564561784,0.3023979198869594,1,2,1.5720974480619654,1971.0,3.5,67.0,1.0050081070657415,12.3,0.9984810217456443,0,5.0
Gillespie,Gillespie (NEW),Newcastle,GK,4.5,0.0,81441,Mark Gillespie,NEW,False,Gillespie,True,5.82,3.4499999999999997,1.2933333333333334,0.48,0.48,0.5,0.53,0.83,0.63,0.61,0.6,0.64,0.53,0.04,0.008888888888888889,0.0,0.0,0.01,0.01,0.01,0.01,-3.4099999999999997,,True,3.366,2.454,0.0,1.5362,4.255,0.1908514531161159,89.9,positional fallback,0.0,0.002669626553417,0.00248121005022,2.7050330449672813,0.0,,,,,,,,,,,,,,,,0.0,4.0,0.0,0.0,0.0,0.0770729134891279,-0.0857761118046507,10,16,0.4131237756486222,1838.0,34.0,11.0,1.387198849514487,10.0,1.1934362314133091,0,4.5
Jaouen,Jaouen (NEW),Newcastle,GK,4.5,0.0,554578,Ewen Jaouen,NEW,False,Jaouen,True,5.82,3.52,1.2933333333333334,0.44,0.54,0.51,0.54,0.86,0.63,0.59,0.59,0.63,0.48,0.49,0.10888888888888888,0.06,0.07,0.08,0.08,0.1,0.1,-3.0300000000000002,,True,3.297,2.523,0.0,1.5708,4.706,0.1908514531161159,89.9,positional fallback,0.0,0.002669626553417,0.00248121005022,2.7050330449672813,0.0,,,,,,,,,,,,,,,,156.0,3.0,52.0,0.0,0.0,0.0770729134891279,-0.0857761118046507,10,16,0.4131237756486222,1838.0,34.0,11.0,1.387198849514487,10.0,1.1934362314133091,0,4.5
Szmodics,Szmodics (IPS),Ipswich,MID,5.0,0.0,172453,Sam Szmodics,IPS,False,Szmodics,False,5.8,3.4600000000000004,1.16,0.6,0.57,0.6,0.54,0.55,0.6,0.5,0.6,0.62,0.61,0.0,0.0,0.0,0.0,0.0,0.0,0.0,0.0,-3.4600000000000004,,True,5.7620000000000005,0.023,0.015,1.2692,1.0,0.01,77.36495726495727,player history,500.5,0.3353510115257516,0.05044897091909,8.4,0.0,,,,,,,,,,,,,,,,,,,,,-0.2918528340454071,-0.2856043837956666,19,19,-1.3315882955947056,1640.0,1001.0,1.85,1.8535840736204665,13.0,0.9266892410460464,1,5.0
Morita,Morita (HUL),Hull,MID,5.0,0.0,445028,Hidemasa Morita,HUL,False,Morita,True,5.8,3.4399999999999995,1.16,0.57,0.58,0.57,0.55,0.57,0.6,0.56,0.6,0.67,0.51,1.55,0.31,0.23,0.25,0.27,0.24,0.26,0.3,-1.8899999999999995,,True,5.152,0.258,0.39,1.5997,2.7,0.1950438457101378,83.1,positional fallback,0.0,0.1998266067467193,0.0935076953070113,8.189865176177413,0.0,,,,,,,,,,,,,,,,,,,,,-0.4519100791990885,-0.454055750336764,20,20,-1.5007189863388086,1533.0,1001.0,1.26,2.241860660354812,13.5,0.876626488060625,1,5.0
Ömür,Ömür (HUL),Hull,MID,5.0,0.0,208481,Abdülkadir Ömür,HUL,False,Ömür,True,5.78,3.4599999999999995,1.1560000000000001,0.6,0.54,0.59,0.57,0.57,0.59,0.58,0.58,0.65,0.51,7.11,1.4220000000000002,1.18,1.25,1.24,1.07,1.13,1.24,3.650000000000001,,True,5.095000000000001,0.257,0.428,1.6605999999999999,2.8,0.1950438457101378,83.1,positional fallback,0.0,0.1998266067467193,0.0935076953070113,8.189865176177413,0.0,,,,,,,,,,,,,,,,12.0,1.0,12.0,0.0,0.0,-0.4519100791990885,-0.454055750336764,20,20,-1.5007189863388086,1533.0,1001.0,1.26,2.241860660354812,13.5,0.876626488060625,1,5.0
Iroegbunam,Iroegbunam (EVE),Everton,MID,5.0,0.0,490094,Tim Iroegbunam,EVE,False,Iroegbunam,False,5.77,3.4599999999999995,1.154,0.57,0.54,0.58,0.57,0.59,0.61,0.58,0.54,0.58,0.62,2.6,0.52,0.61,0.4,0.39,0.38,0.43,0.39,-0.8599999999999994,,True,5.707999999999999,0.024,0.038,0.9277000000000001,1.0,0.01,81.68057851239669,player history,1759.0,0.1128245857523479,0.0481332435950858,10.871232456476724,0.0,,,,32.0,1477.0,0.58,0.7664849300000001,0.03534190927555856,0.04670524285714286,12.0,0.0,3.0,17.0,35.0,0.4857142857142857,19.0,1.0,19.0,0.0,0.0,-0.0485965292955978,-0.0016800106760029,14,8,-0.3604498186276618,1803.0,251.0,13.0,1.3469411290581967,14.0,0.8592747333873535,0,5.0
Millar,Millar (HUL),Hull,MID,5.0,0.1,232905,Liam Millar,HUL,False,Millar,True,5.77,3.46,1.154,0.59,0.57,0.56,0.55,0.59,0.6,0.55,0.59,0.64,0.52,4.779999999999999,0.9559999999999998,0.8,0.83,0.84,0.72,0.76,0.83,1.3199999999999994,,True,5.036999999999999,0.256,0.477,1.4718,2.7,0.2107947480093586,83.1,positional fallback,0.0,0.1998266067467193,0.0935076953070113,8.189865176177413,0.0,,,,,,,,,,,,,,,,75.0,2.0,37.5,0.0,0.0,-0.4519100791990885,-0.454055750336764,20,20,-1.5007189863388086,1533.0,1001.0,1.26,2.241860660354812,13.5,0.876626488060625,1,5.0
Meslier,Meslier (ARS),Arsenal,GK,5.0,0.0,437495,Illan Meslier,ARS,False,Meslier,True,5.68,3.41,1.136,0.65,0.52,0.49,0.59,0.56,0.6,0.56,0.57,0.46,0.67,0.57,0.11399999999999999,0.09,0.08,0.09,0.1,0.09,0.12,-2.8400000000000003,,True,2.5409999999999995,3.1390000000000002,0.0,1.6856000000000002,6.51,0.1361417262503125,89.9,positional fallback,0.0,0.0032309505268729,0.0030029169843174,2.7050330449672813,0.0,,,,1.0,0.0,0.0,0.0,,,0.0,0.0,0.0,0.0,5.0,0.0,101.0,4.0,25.25,0.0,0.0,0.306541748174989,0.5456367033856973,2,1,1.7079738846388108,2064.0,2.5,101.0,0.7593381876414202,10.05,1.1953980873144028,0,5.0
Valdimarsson,Valdimarsson (BRE),Brentford,GK,4.5,0.1,507433,Hákon Rafn Valdimarsson,BRE,False,Valdimarsson,True,5.67,3.31,1.26,0.62,0.5,0.64,0.48,0.55,0.52,0.56,0.68,0.61,0.51,0.5,0.1111111111111111,0.07,0.07,0.09,0.08,0.09,0.1,-2.81,,True,3.094,2.576,0.0,1.5558,5.157,0.1637322241096855,89.9,positional fallback,0.0,0.002669626553417,0.00248121005022,2.7050330449672813,0.0,,,,15.0,90.0,0.0,0.00085626,0.0,0.00085626,0.0,0.0,0.0,1.0,37.0,0.02702702702702703,0.0,1.0,0.0,0.0,0.0,0.1430094199147795,-0.010658247439459,7,9,-0.3895837925260162,1837.0,251.0,11.0,1.3527334738773589,13.0,0.9307068915414188,0,4.5
Reijnders,Reijnders (MCI),Man City,MID,6.0,0.1,433036,Tijjani Reijnders,MCI,False,Reijnders,False,5.66,3.3699999999999997,0.9433333333333334,0.57,0.5,0.65,0.54,0.57,0.54,0.68,0.53,0.55,0.52,1.25,0.20833333333333334,0.27,0.19,0.22,0.17,0.22,0.18,-2.1199999999999997,,True,5.632000000000001,0.028,0.0,1.5361,1.7253999999999998,0.01,80.51409691629955,player history,1623.0,0.3592923320034136,0.1056687849020233,6.093449967996587,0.0,,,,36.0,1623.0,4.65,2.21191981,0.2578558225508318,0.12265729075785581,49.0,5.0,3.0,19.0,38.0,0.5,135.0,3.0,67.5,0.0,0.0,0.3979137564561784,0.3023979198869594,1,2,1.5720974480619654,1971.0,3.5,67.0,1.0050081070657415,12.3,0.9984810217456443,0,6.0
Benitez,Benitez (CRY),Crystal Palace,GK,4.5,0.1,121709,Walter Benítez,CRY,False,Benitez,True,5.66,3.44,1.2577777777777779,0.6,0.35,0.56,0.73,0.57,0.63,0.51,0.63,0.56,0.52,0.4600000000000001,0.10222222222222224,0.06,0.06,0.07,0.09,0.08,0.1,-2.98,,True,3.033,2.6270000000000002,0.0,1.5579,5.1795,0.1688051648801846,89.9,positional fallback,0.0,0.002669626553417,0.00248121005022,2.7050330449672813,0.0,,,,15.0,90.0,0.0,0.00188093,0.0,0.00188093,0.0,0.0,0.0,1.0,36.0,0.027777777777777776,149.0,3.0,49.666666666666664,0.0,0.0,-0.1171465215222359,0.0042638165422642,16,7,-0.2542419079126018,1804.0,151.0,7.5,1.3534243888033963,11.5,1.066056186213018,0,4.5
Nyoni,Nyoni (LIV),Liverpool,MID,5.0,0.0,591386,Trey Nyoni,LIV,False,Nyoni,True,5.63,3.4299999999999997,1.126,0.61,0.48,0.65,0.58,0.56,0.55,0.55,0.6,0.51,0.54,0.12,0.024,0.0,0.01,0.02,0.02,0.03,0.04,-3.3099999999999996,,True,4.77,0.4,0.45999999999999996,1.8801999999999999,3.0,0.1460317834601467,83.1,positional fallback,0.0,0.1998266067467193,0.0935076953070113,8.189865176177413,0.0,,,,16.0,21.0,0.37,0.0193528,1.5857142857142856,0.08294057142857143,1.0,0.0,0.0,0.0,29.0,0.0,273.0,6.0,45.5,0.0,0.0,0.2217904378795187,-0.0207728027571259,4,13,1.3549493323437265,1911.0,6.0,51.0,1.4367612878896527,9.9,1.2427165780373892,0,5.0
Akintola,Akintola (HUL),Hull,MID,5.0,0.0,213292,David Akintola,HUL,False,Akintola,True,5.6,3.35,1.1199999999999999,0.56,0.54,0.56,0.55,0.56,0.58,0.54,0.59,0.62,0.5,2.67,0.534,0.41,0.44,0.46,0.41,0.44,0.51,-0.6800000000000002,,True,4.944,0.252,0.40399999999999997,1.6102,2.7,0.1950438457101378,83.1,positional fallback,0.0,0.1998266067467193,0.0935076953070113,8.189865176177413,0.0,,,,,,,,,,,,,,,,,,,,,-0.4519100791990885,-0.454055750336764,20,20,-1.5007189863388086,1533.0,1001.0,1.26,2.241860660354812,13.5,0.876626488060625,1,5.0
D.Essugo,D.Essugo (CHE),Chelsea,MID,4.5,0.2,491007,Dário Luís Essugo,CHE,False,D.Essugo,True,5.54,3.33,1.231111111111111,0.54,0.5,0.46,0.73,0.5,0.6,0.52,0.6,0.56,0.54,0.46,0.10222222222222223,0.08,0.09,0.06,0.08,0.07,0.08,-2.87,,True,4.765000000000001,0.404,0.371,1.9606000000000001,3.0,0.1257336126466237,83.1,positional fallback,0.0,0.1780987351903563,0.0833402645216931,8.189865176177413,0.0,,,,3.0,26.0,0.0,0.00842841,0.0,0.02917526538461539,0.0,0.0,0.0,0.0,10.0,0.0,114.0,5.0,28.5,0.0,0.0,0.1836375664015244,-0.0207718609867338,5,12,0.852585347922589,1831.0,15.0,21.0,1.3863447699183449,11.0,1.0737940848414846,0,4.5
Collyer,Collyer (MUN),Man United,MID,5.0,0.0,490881,Toby Collyer,MUN,False,Collyer,True,5.51,3.3499999999999996,1.1019999999999999,0.67,0.59,0.51,0.49,0.5,0.59,0.51,0.58,0.52,0.56,0.0,0.0,0.0,0.0,0.0,0.0,0.0,0.0,-3.3499999999999996,,True,4.720000000000001,0.427,0.363,1.9225,3.0,0.1330681504571248,83.1,positional fallback,0.0,0.1998266067467193,0.0935076953070113,8.189865176177413,0.0,,,,,,,,,,,,,,,,119.0,4.0,29.75,0.0,0.0,0.2911586787820938,0.036515569746031,3,5,1.2388665527515443,1915.0,7.0,34.0,1.2712178238678356,12.0,1.0271008142253517,0,5.0
Ugarte,Ugarte (MUN),Man United,MID,5.0,0.0,232112,Manuel Ugarte Ribeiro,MUN,False,Ugarte,False,5.49,3.2899999999999996,1.098,0.59,0.56,0.52,0.52,0.53,0.57,0.53,0.57,0.53,0.56,1.08,0.21600000000000003,0.0,0.0,0.0,0.15,0.39,0.54,-2.2099999999999995,,True,5.412,0.017,0.061,0.9836,1.0,0.01,81.42657657657657,player history,1770.5,0.1218344403816212,0.0387163565931574,12.69701086956522,0.0,,,,32.0,876.0,0.72,0.19675893,0.07397260273972603,0.020214958561643837,13.0,0.0,0.0,7.0,36.0,0.19444444444444445,,,,,,0.2911586787820938,0.036515569746031,3,5,1.2388665527515443,1915.0,7.0,34.0,1.2712178238678356,12.0,1.0271008142253517,0,5.0
Xavi,Xavi (TOT),Tottenham,MID,6.0,0.0,493362,Xavi Simons,TOT,False,Xavi,False,5.46,3.2200000000000006,0.91,0.53,0.55,0.52,0.54,0.55,0.53,0.63,0.52,0.56,0.53,0.0,0.0,0.0,0.0,0.0,0.0,0.0,0.0,-3.2200000000000006,,True,5.411,0.03,0.019,1.2456999999999998,1.0,0.01,81.71603375527425,player history,1747.0,0.3562242678411146,0.1944639474598904,7.806952910442763,0.0,3.0,2.0,6.0,28.0,1747.0,3.14,4.14424142,0.16176302232398398,0.21349841316542645,42.0,2.0,5.0,19.0,28.0,0.6785714285714286,,,,,,-0.0511239337666682,-0.1320343685467415,15,17,0.4131043967098503,1777.0,41.0,17.0,1.5616840436848023,10.0,1.2135919166562028,0,6.0
Mheuka,Mheuka (CHE),Chelsea,FWD,4.5,0.3,567119,Shumaira Mheuka,CHE,False,Mheuka,True,5.33,3.27,1.1844444444444444,0.52,0.48,0.43,0.76,0.5,0.58,0.47,0.59,0.55,0.46,0.09,0.02,0.0,0.01,0.01,0.02,0.02,0.03,-3.18,,True,5.2940000000000005,0.0,0.036000000000000004,2.0111,2.0,0.105385223298501,81.5,positional fallback,0.0,0.3429617781434363,0.0484810550629663,4.432345205189561,0.0,,,,1.0,1.0,0.0,0.00013524,0.0,0.012171600000000001,0.0,0.0,0.0,0.0,1.0,0.0,,,,,,0.1836375664015244,-0.0207718609867338,5,12,0.852585347922589,1831.0,15.0,21.0,1.3863447699183449,11.0,1.0737940848414846,0,4.5
Barco,Barco (CHE),Chelsea,MID,5.5,0.1,543158,Valentín Barco,CHE,False,Barco,True,5.32,3.1599999999999993,0.9672727272727273,0.51,0.47,0.42,0.74,0.47,0.55,0.51,0.6,0.53,0.51,0.09,0.01636363636363636,0.0,0.01,0.01,0.02,0.02,0.03,-3.0699999999999994,,True,4.594,0.37,0.356,1.9949999999999999,2.9,0.1106399931328266,83.1,positional fallback,0.0,0.2239376353783467,0.1047903105479461,8.189865176177413,0.0,,,,,,,,,,,,,,,,0.0,1.0,0.0,0.0,0.0,0.1836375664015244,-0.0207718609867338,5,12,0.852585347922589,1831.0,15.0,21.0,1.3863447699183449,11.0,1.0737940848414846,0,5.5
Quenda,Quenda (CHE),Chelsea,MID,5.5,0.0,593117,Geovany Quenda,CHE,False,Quenda,True,5.31,3.17,0.9654545454545453,0.51,0.47,0.43,0.7,0.5,0.56,0.48,0.58,0.55,0.51,0.09,0.01636363636363636,0.0,0.01,0.01,0.02,0.02,0.03,-3.08,,True,4.589999999999999,0.344,0.376,2.0460000000000003,2.9,0.1013562566374302,83.1,positional fallback,0.0,0.2239376353783467,0.1047903105479461,8.189865176177413,0.0,,,,,,,,,,,,,,,,166.0,4.0,41.5,0.0,0.0,0.1836375664015244,-0.0207718609867338,5,12,0.852585347922589,1831.0,15.0,21.0,1.3863447699183449,11.0,1.0737940848414846,0,5.5
B.Badiashile,B.Badiashile (CHE),Chelsea,DEF,4.5,0.0,242880,Benoît Badiashile Mukinayi,CHE,False,B.Badiashile,False,5.25,3.13,1.1666666666666667,0.53,0.49,0.51,0.55,0.52,0.53,0.53,0.54,0.53,0.53,0.0,0.0,0.0,0.0,0.0,0.0,0.0,0.0,-3.13,,True,5.082999999999999,0.089,0.078,0.9248,1.0,0.01,88.40686274509804,player history,636.5,0.0509908363217105,0.0038322964049889,9.78626043405676,0.0,,,,11.0,470.0,0.0,0.06772211,0.0,0.012968063617021276,0.0,0.0,0.0,6.0,19.0,0.3157894736842105,,,,,,0.1836375664015244,-0.0207718609867338,5,12,0.852585347922589,1831.0,15.0,21.0,1.3863447699183449,11.0,1.0737940848414846,0,4.5
Gourna-Douath,Gourna-Douath (HUL),Hull,MID,5.0,0.0,469266,Lucas Gourna-Douath,HUL,False,Gourna-Douath,True,5.18,3.12,1.036,0.51,0.54,0.52,0.51,0.52,0.52,0.51,0.52,0.58,0.46,3.9,0.78,0.73,0.71,0.69,0.59,0.6,0.58,0.7799999999999998,,True,4.565999999999999,0.251,0.363,1.4332,2.4,0.1950438457101378,83.1,positional fallback,0.0,0.1998266067467193,0.0935076953070113,8.189865176177413,0.0,,,,,,,,,,,,,,,,30.0,1.0,30.0,0.0,0.0,-0.4519100791990885,-0.454055750336764,20,20,-1.5007189863388086,1533.0,1001.0,1.26,2.241860660354812,13.5,0.876626488060625,1,5.0
Button,Button (IPS),Ipswich,GK,4.0,0.4,50093,David Button,IPS,False,Button,True,5.07,2.9599999999999995,1.2675,0.62,0.34,0.42,0.53,0.48,0.57,0.27,0.57,0.74,0.53,0.0,0.0,0.0,0.0,0.0,0.0,0.0,0.0,-2.9599999999999995,,True,3.015,2.055,0.0,1.4015,3.804,0.1781913109021648,89.9,positional fallback,0.0,0.0021218657186201,0.0019721089976119,2.7050330449672813,0.0,,,,,,,,,,,,,,,,,,,,,-0.2918528340454071,-0.2856043837956666,19,19,-1.3315882955947056,1640.0,1001.0,1.85,1.8535840736204665,13.0,0.9266892410460464,1,4.0
Rowswell,Rowswell (TOT),Tottenham,DEF,4.0,0.1,499716,James Rowswell,TOT,False,Rowswell,True,5.06,2.9,1.265,0.46,0.44,0.5,0.55,0.55,0.4,0.67,0.42,0.59,0.47,0.0,0.0,0.0,0.0,0.0,0.0,0.0,0.0,-2.9,,True,2.5569999999999995,1.287,1.216,1.8008,3.7358,0.1007634838838227,87.5,positional fallback,0.0,0.0780161196265875,0.0391938534500658,8.421520428158146,0.0,,,,1.0,1.0,0.0,0.0,0.0,0.0,0.0,0.0,0.0,0.0,7.0,0.0,,,,,,-0.0511239337666682,-0.1320343685467415,15,17,0.4131043967098503,1777.0,41.0,17.0,1.5616840436848023,10.0,1.2135919166562028,0,4.0
Bettinelli,Bettinelli (MCI),Man City,GK,4.5,0.0,122074,Marcus Bettinelli,MCI,False,Bettinelli,True,5.03,2.9299999999999997,1.1177777777777778,0.49,0.47,0.56,0.38,0.61,0.42,0.61,0.44,0.55,0.5,0.04,0.008888888888888889,0.0,0.0,0.01,0.01,0.01,0.01,-2.8899999999999997,,True,2.446,2.584,0.0,1.5404,5.157,0.1275364349351177,89.9,positional fallback,0.0,0.002669626553417,0.00248121005022,2.7050330449672813,0.0,,,,1.0,0.0,0.0,0.0,,,0.0,0.0,0.0,0.0,2.0,0.0,0.0,2.0,0.0,0.0,0.0,0.3979137564561784,0.3023979198869594,1,2,1.5720974480619654,1971.0,3.5,67.0,1.0050081070657415,12.3,0.9984810217456443,0,4.5
Minteh,Minteh (BHA),Brighton,MID,6.0,0.1,592031,Yankuba Minteh,BHA,False,Minteh,False,4.92,2.94,0.82,0.52,0.44,0.51,0.55,0.44,0.48,0.51,0.49,0.45,0.53,0.0,0.0,0.0,0.0,0.0,0.0,0.0,0.0,-2.94,,True,4.8709999999999996,0.04,0.009000000000000001,1.2065,1.0,0.01,83.12611940298508,player history,3309.5,0.3525669287920669,0.187917356625085,7.168305617051948,0.0,,,5.0,36.0,2389.0,3.82,4.9435277200000005,0.14390958560066974,0.18623587057346172,41.0,3.0,8.0,26.0,36.0,0.7222222222222222,59.0,1.0,59.0,0.0,0.0,0.0842682216689143,0.0973748541570488,9,3,0.0297333718288103,1842.0,101.0,15.0,1.3234673027835793,10.8,1.130590346257485,0,6.0
Byfield,Byfield (TOT),Tottenham,DEF,4.0,0.1,640419,Jun'ai Byfield,TOT,False,Byfield,True,4.87,2.8400000000000003,1.2175,0.44,0.45,0.5,0.53,0.55,0.37,0.59,0.39,0.59,0.47,0.0,0.0,0.0,0.0,0.0,0.0,0.0,0.0,-2.8400000000000003,,True,2.3390000000000004,1.3,1.231,1.6921,3.6081000000000003,0.1007634838838227,87.5,positional fallback,0.0,0.0780161196265875,0.0391938534500658,8.421520428158146,0.0,,,,2.0,1.0,0.0,0.00255357,0.0,0.22982129999999998,0.0,0.0,0.0,0.0,6.0,0.0,,,,,,-0.0511239337666682,-0.1320343685467415,15,17,0.4131043967098503,1777.0,41.0,17.0,1.5616840436848023,10.0,1.2135919166562028,0,4.0
Emegha,Emegha (CHE),Chelsea,FWD,5.0,0.2,503037,Emmanuel Emegha,CHE,False,Emegha,True,4.81,2.89,0.962,0.46,0.42,0.38,0.65,0.46,0.52,0.44,0.55,0.51,0.43,0.09,0.018,0.0,0.01,0.01,0.02,0.02,0.03,-2.8000000000000003,,True,4.779,0.0,0.031,1.8850000000000002,2.0,0.101559655661267,81.5,positional fallback,0.0,0.3563138036245852,0.0503684965325606,4.432345205189561,0.0,,,,,,,,,,,,,,,,,,,,,0.1836375664015244,-0.0207718609867338,5,12,0.852585347922589,1831.0,15.0,21.0,1.3863447699183449,11.0,1.0737940848414846,0,5.0
Amad,Amad (MUN),Man United,MID,6.0,1.2,493250,Amad Diallo,MUN,False,Amad,False,4.76,2.88,0.7933333333333333,0.56,0.51,0.45,0.43,0.43,0.5,0.44,0.5,0.45,0.49,22.02,3.67,4.46,4.38,3.4,3.19,3.31,3.28,19.14,,True,4.72,0.03,0.01,1.3621,1.1,0.01,86.5935400516796,player history,3289.5,0.3916145794647543,0.1865086465459011,7.729250773344519,0.0,,,4.0,32.0,2339.0,5.48,4.90971822,0.21085934159897396,0.18891604950833693,53.0,2.0,5.0,26.0,31.0,0.8387096774193549,232.0,4.0,58.0,0.0,0.0,0.2911586787820938,0.036515569746031,3,5,1.2388665527515443,1915.0,7.0,34.0,1.2712178238678356,12.0,1.0271008142253517,0,6.0
Mamardashvili,Mamardashvili (LIV),Liverpool,GK,5.0,0.2,449027,Giorgi Mamardashvili,LIV,False,Mamardashvili,False,4.69,2.85,0.9380000000000001,0.47,0.47,0.56,0.49,0.43,0.43,0.43,0.53,0.4,0.5,0.4800000000000001,0.09600000000000002,0.07,0.08,0.08,0.09,0.08,0.08,-2.37,,True,2.9360000000000004,1.754,0.0,1.4019,2.4509999999999996,0.2581723770593674,89.96122448979591,player history,867.0,0.007328302086897,0.00014625,3.2329798152582963,0.0,,,,17.0,867.0,0.0,0.0162887,0.0,0.0016908685121107268,0.0,0.0,0.0,10.0,36.0,0.2777777777777778,368.0,5.0,73.6,0.0,0.0,0.2217904378795187,-0.0207728027571259,4,13,1.3549493323437265,1911.0,6.0,51.0,1.4367612878896527,9.9,1.2427165780373892,0,5.0
Baleba,Baleba (BHA),Brighton,MID,5.0,0.2,535301,Carlos Baleba,BHA,False,Baleba,False,4.56,2.7600000000000002,0.9119999999999999,0.47,0.45,0.48,0.48,0.43,0.45,0.47,0.44,0.44,0.46,9.51,1.902,1.71,1.47,1.75,1.61,1.41,1.56,6.75,,True,4.505999999999999,0.024,0.03,0.8587,1.0,0.01,81.43948863636365,player history,2981.0,0.1293775051215683,0.0515991208410673,10.852903951624244,0.0,,,,32.0,1646.0,0.76,0.77760264,0.04155528554070474,0.04251776281895504,20.0,0.0,0.0,23.0,32.0,0.71875,,,,,,0.0842682216689143,0.0973748541570488,9,3,0.0297333718288103,1842.0,101.0,15.0,1.3234673027835793,10.8,1.130590346257485,0,5.0
M.Bizot,M.Bizot (AVL),Aston Villa,GK,4.5,0.1,72147,Marco Bizot,AVL,False,M.Bizot,False,4.53,2.8499999999999996,1.0066666666666668,0.47,0.37,0.59,0.49,0.47,0.46,0.47,0.39,0.49,0.33,11.879999999999999,2.6399999999999997,1.91,1.84,2.27,2.1,1.78,1.98,9.03,,True,2.726,1.804,0.0,1.447,2.4509999999999996,0.2107218440342144,89.95128205128205,player history,585.0,0.0082592421192052,0.0002117142857142,0.9271523178807948,0.0,,,,19.0,585.0,0.0,0.00336754,0.0,0.000518083076923077,0.0,0.0,0.0,6.0,37.0,0.16216216216216217,270.0,3.0,90.0,0.0,0.0,0.0916761005372474,-0.0195020800368329,8,11,0.667472079995315,1921.0,26.0,26.0,1.4559886468855003,12.45,0.9473005095465162,0,4.5
Williams-Barnett,Williams-Barnett (TOT),Tottenham,MID,4.5,0.1,611917,Luca Williams-Barnett,TOT,False,Williams-Barnett,True,4.52,2.66,1.0044444444444443,0.45,0.39,0.45,0.48,0.47,0.42,0.52,0.42,0.48,0.43,,,,,,,,,,,False,3.8,0.34199999999999997,0.378,1.5924,2.8,0.0989667112102998,83.1,positional fallback,0.0,0.1780987351903563,0.0833402645216931,8.189865176177413,0.0,,,,,,,,,,,,,0.0,6.0,0.0,,,,,,-0.0511239337666682,-0.1320343685467415,15,17,0.4131043967098503,1777.0,41.0,17.0,1.5616840436848023,10.0,1.2135919166562028,0,
Woodman,Woodman (LIV),Liverpool,GK,4.0,1.1,155503,Freddie Woodman,LIV,False,Woodman,True,4.51,2.72,1.1275,0.46,0.45,0.57,0.5,0.39,0.35,0.38,0.49,0.4,0.52,0.09,0.0225,0.0,0.01,0.01,0.02,0.02,0.03,-2.6300000000000003,,True,2.5969999999999995,1.913,0.0,1.3696,2.902,0.1711254916045683,89.9,positional fallback,0.0,0.0021218657186201,0.0019721089976119,2.7050330449672813,0.0,,,,9.0,212.0,0.0,0.00368907,0.0,0.0015661146226415095,0.0,0.0,0.0,2.0,19.0,0.10526315789473684,23.0,3.0,7.666666666666667,0.0,0.0,0.2217904378795187,-0.0207728027571259,4,13,1.3549493323437265,1911.0,6.0,51.0,1.4367612878896527,9.9,1.2427165780373892,0,4.0
John,John (NFO),Nott'm Forest,GK,4.5,0.1,221389,John Victor Maciel Furtado,NFO,False,John,False,4.44,2.77,0.9866666666666668,0.51,0.32,0.5,0.42,0.58,0.44,0.38,0.54,0.36,0.37,0.45999999999999996,0.10222222222222221,0.07,0.06,0.07,0.07,0.1,0.09,-2.31,,True,2.519,1.921,0.0,1.499,3.804,0.393977491848347,88.73177570093458,player history,437.0,0.0103054025698906,0.0056170886264976,0.0,0.0,,,,6.0,437.0,0.0,0.00849018,0.0,0.0017485496567505722,0.0,0.0,0.0,5.0,18.0,0.2777777777777778,,,,,,-0.0456385418439161,0.0051716257511739,13,6,-0.1703073359666486,1822.0,151.0,12.0,1.395107616469235,11.5,1.058773755013881,0,4.5
Mudryk,Mudryk (CHE),Chelsea,MID,5.5,0.0,465920,Mykhailo Mudryk,CHE,False,Mudryk,True,4.44,2.7,0.8072727272727274,0.44,0.4,0.36,0.6,0.43,0.47,0.4,0.48,0.46,0.4,0.09,0.01636363636363636,0.0,0.01,0.01,0.02,0.02,0.03,-2.6100000000000003,,True,3.8770000000000007,0.334,0.229,1.7853999999999999,2.6,0.1013562566374302,83.1,positional fallback,0.0,0.2239376353783467,0.1047903105479461,8.189865176177413,0.0,,,,,,,,,,,,,,,,16.0,3.0,5.333333333333333,0.0,0.0,0.1836375664015244,-0.0207718609867338,5,12,0.852585347922589,1831.0,15.0,21.0,1.3863447699183449,11.0,1.0737940848414846,0,5.5
Bornauw,Bornauw (LEE),Leeds,DEF,4.5,0.0,437738,Sebastiaan Bornauw,LEE,False,Bornauw,False,4.42,2.6500000000000004,0.9822222222222222,0.45,0.43,0.44,0.47,0.45,0.41,0.44,0.44,0.44,0.45,0.0,0.0,0.0,0.0,0.0,0.0,0.0,0.0,-2.6500000000000004,,True,4.299,0.07100000000000001,0.05,0.8778,1.0,0.01,85.95360824742268,player history,429.0,0.0759124649132036,0.025412727932667,9.479747501315098,0.0,,,,21.0,429.0,0.2,0.01575998,0.04195804195804196,0.0033062895104895105,1.0,0.0,0.0,6.0,30.0,0.2,205.0,3.0,68.33333333333333,0.0,0.0,-0.0142035236369779,-0.0754441195474228,11,15,-1.013737187036834,1797.0,1001.0,7.5,1.5188598248684002,12.5,0.9692268750094524,0,4.5
Gruev,Gruev (LEE),Leeds,MID,5.0,0.0,486520,Ilia Gruev,LEE,False,Gruev,False,4.38,2.6,0.876,0.44,0.43,0.43,0.45,0.44,0.41,0.44,0.44,0.44,0.45,1.54,0.308,0.0,0.0,0.33,0.41,0.42,0.38,-1.06,,True,4.331,0.029,0.02,0.8867,1.0,0.01,82.06446700507614,player history,1318.0,0.1343615779138018,0.0714657856760638,7.923863826932753,0.0,,,,25.0,1318.0,0.48999999999999994,0.89634314,0.033459787556904395,0.06120704294385433,7.0,0.0,4.0,16.0,33.0,0.48484848484848486,,,,,,-0.0142035236369779,-0.0754441195474228,11,15,-1.013737187036834,1797.0,1001.0,7.5,1.5188598248684002,12.5,0.9692268750094524,0,5.0
Mitoma,Mitoma (BHA),Brighton,MID,6.0,0.0,451340,Mitoma Kaoru,BHA,False,Mitoma,False,4.32,2.58,0.7200000000000001,0.45,0.41,0.45,0.46,0.38,0.43,0.46,0.44,0.4,0.45,9.0,1.5,0.0,0.0,0.0,2.63,2.86,3.51,6.42,,True,4.293,0.022,0.005,1.1545999999999998,1.0,0.01,85.46049723756906,player history,3018.0,0.3876838995215311,0.1438027275961942,6.129405361273643,0.0,,,,25.0,1714.0,4.05,2.849693,0.21266044340723453,0.14963382147024504,32.0,3.0,1.0,19.0,25.0,0.76,,,,,,0.0842682216689143,0.0973748541570488,9,3,0.0297333718288103,1842.0,101.0,15.0,1.3234673027835793,10.8,1.130590346257485,0,6.0
Walton,Walton (IPS),Ipswich,GK,4.5,0.5,108813,Christian Walton,IPS,False,Walton,False,4.24,2.46,0.9422222222222223,0.54,0.24,0.37,0.44,0.4,0.47,0.23,0.51,0.61,0.44,0.08,0.017777777777777778,0.0,0.01,0.01,0.01,0.02,0.03,-2.38,,True,2.561,1.679,0.0,1.3411000000000002,2.902,0.4076246171840654,89.93804347826088,player history,315.0,0.0110091743119266,0.0055045871559633,0.0,0.0,,,,,,,,,,,,,,,,,,,,,-0.2918528340454071,-0.2856043837956666,19,19,-1.3315882955947056,1640.0,1001.0,1.85,1.8535840736204665,13.0,0.9266892410460464,1,4.5
Rodrigo,Rodrigo (MCI),Man City,MID,6.5,0.0,220566,Rodrigo 'Rodri' Hernandez Cascante,MCI,False,Rodrigo,False,4.19,2.5,0.6446153846153847,0.41,0.39,0.44,0.41,0.44,0.41,0.47,0.41,0.41,0.41,0.0,0.0,0.0,0.0,0.0,0.0,0.0,0.0,-2.5,,True,4.0680000000000005,0.038,0.08399999999999999,1.0612,1.0,0.01,86.4364055299539,player history,1546.5,0.2167440521681268,0.1409963330713076,11.489073097211756,0.0,,,,22.0,1510.0,1.1300000000000001,2.32114552,0.06735099337748345,0.1383464217218543,14.0,1.0,1.0,17.0,22.0,0.7727272727272727,,,,,,0.3979137564561784,0.3023979198869594,1,2,1.5720974480619654,1971.0,3.5,67.0,1.0050081070657415,12.3,0.9984810217456443,0,6.5
D. Phillips (HUL),D. Phillips (HUL),Hull,GK,4.0,1.6,167825,Dillon Phillips,HUL,True,Phillips,True,3.87,2.3100000000000005,0.9675,0.28,0.5,0.4,0.25,0.39,0.49,0.36,0.4,0.62,0.2,0.4,0.1,0.06,0.07,0.07,0.06,0.07,0.07,-1.9100000000000006,,True,2.515,1.355,0.0,1.1873,2.351,0.2485833157185785,89.9,positional fallback,0.0,0.0021218657186201,0.0019721089976119,2.7050330449672813,0.0,,,,,,,,,,,,,,,,,,,,,-0.4519100791990885,-0.454055750336764,20,20,-1.5007189863388086,1533.0,1001.0,1.26,2.241860660354812,13.5,0.876626488060625,1,4.0
Digne,Digne (AVL),Aston Villa,DEF,4.5,0.1,101188,Lucas Digne,AVL,False,Digne,False,3.83,2.31,0.8511111111111112,0.37,0.34,0.44,0.39,0.38,0.39,0.4,0.36,0.4,0.37,0.0,0.0,0.0,0.0,0.0,0.0,0.0,0.0,-2.31,,True,3.7340000000000004,0.086,0.01,0.8936,1.0,0.01,84.38844086021506,player history,3021.0,0.180700891709649,0.147298438860074,6.757733743747596,0.0,,,,36.0,1842.0,0.7,3.25853042,0.03420195439739414,0.15921158403908797,14.0,0.0,7.0,21.0,38.0,0.5526315789473685,,,,,,0.0916761005372474,-0.0195020800368329,8,11,0.667472079995315,1921.0,26.0,26.0,1.4559886468855003,12.45,0.9473005095465162,0,4.5
H. Davies (LIV),H. Davies (LIV),Liverpool,GK,4.0,0.1,464353,Harvey Davies,LIV,True,Davies,True,3.81,2.32,0.9525,0.4,0.35,0.46,0.44,0.34,0.33,0.31,0.43,0.35,0.4,0.0,0.0,0.0,0.0,0.0,0.0,0.0,0.0,-2.32,,True,2.192,1.6179999999999999,0.0,1.2957,2.0,0.1381418350999022,89.9,positional fallback,0.0,0.0021218657186201,0.0019721089976119,2.7050330449672813,0.0,,,,,,,,,,,,,,,,14.0,4.0,3.5,0.0,0.0,0.2217904378795187,-0.0207728027571259,4,13,1.3549493323437265,1911.0,6.0,51.0,1.4367612878896527,9.9,1.2427165780373892,0,4.0
Sarr,Sarr (CRY),Crystal Palace,MID,6.5,3.3,232185,Ismaïla Sarr,CRY,False,Sarr,False,3.8,2.2600000000000002,0.5846153846153845,0.37,0.31,0.38,0.45,0.36,0.39,0.35,0.42,0.38,0.39,26.41,4.063076923076923,4.18,3.92,4.16,5.37,4.05,4.73,24.15,,True,3.759,0.034,0.007,1.1542999999999999,1.0,0.01,86.74871194379391,player history,3530.0,0.4493994031083546,0.110559884208534,6.085087376472559,0.0,2.0,,,28.0,2173.0,10.9,1.14029784,0.451449608835711,0.04722816640589047,48.0,9.0,2.0,24.0,28.0,0.8571428571428571,77.0,1.0,77.0,0.09,0.01,-0.1171465215222359,0.0042638165422642,16,7,-0.2542419079126018,1804.0,151.0,7.5,1.3534243888033963,11.5,1.066056186213018,0,6.5
I.Sangaré,I.Sangaré (NFO),Nott'm Forest,MID,5.0,1.0,210462,Ibrahim Sangaré,NFO,False,I.Sangaré,False,3.7,2.23,0.74,0.37,0.35,0.38,0.38,0.38,0.37,0.35,0.38,0.38,0.37,19.150000000000002,3.8300000000000005,3.37,2.99,3.24,2.98,3.53,3.04,16.92,,True,3.579,0.034,0.087,0.8355,1.0,0.01,84.85662251655629,player history,2368.0,0.1394787668914713,0.0629235023115015,11.091162628551505,0.0,,,,28.0,2073.0,1.15,1.84546462,0.04992764109985527,0.08012147409551375,16.0,2.0,2.0,25.0,31.0,0.8064516129032258,90.0,1.0,90.0,0.0,0.0,-0.0456385418439161,0.0051716257511739,13,6,-0.1703073359666486,1822.0,151.0,12.0,1.395107616469235,11.5,1.058773755013881,0,5.0
K. Phillips (MCI),K. Phillips (MCI),Man City,MID,5.0,0.0,155405,Kalvin Phillips,MCI,True,Phillips,False,3.69,2.1900000000000004,0.738,0.37,0.33,0.4,0.35,0.37,0.37,0.42,0.35,0.36,0.35,0.0,0.0,0.0,0.0,0.0,0.0,0.0,0.0,-2.1900000000000004,,True,3.627,0.04,0.023,1.0132999999999999,1.0,0.01,82.61181102362204,player history,619.5,0.1438925602217011,0.0414918776934126,8.4,0.0,,,,,,,,,,,,,,,,,,,,,0.3979137564561784,0.3023979198869594,1,2,1.5720974480619654,1971.0,3.5,67.0,1.0050081070657415,12.3,0.9984810217456443,0,5.0
Savona,Savona (NFO),Nott'm Forest,DEF,4.5,0.0,500151,Nicolò Savona,NFO,False,Savona,False,3.65,2.23,0.8111111111111111,0.38,0.35,0.38,0.37,0.39,0.36,0.35,0.38,0.36,0.35,0.3,0.06666666666666667,0.0,0.0,0.0,0.0,0.0,0.3,-1.93,,True,3.5300000000000002,0.114,0.006,0.8116999999999999,1.0,0.01,88.45541401273886,player history,1025.0,0.1419316059645569,0.0565477125272532,6.333174683544304,0.0,,,,14.0,1025.0,1.35,0.40329303,0.11853658536585367,0.03541109531707317,5.0,2.0,0.0,11.0,18.0,0.6111111111111112,,,,,,-0.0456385418439161,0.0051716257511739,13,6,-0.1703073359666486,1822.0,151.0,12.0,1.395107616469235,11.5,1.058773755013881,0,4.5
Onana,Onana (AVL),Aston Villa,MID,5.0,0.0,449871,Amadou Onana,AVL,False,Onana,False,3.53,2.1,0.706,0.34,0.3,0.38,0.37,0.35,0.36,0.37,0.34,0.37,0.35,0.0,0.0,0.0,0.0,0.0,0.0,0.0,0.0,-2.1,,True,3.4419999999999997,0.028,0.06,0.9648,1.0,0.01,81.81783625730995,player history,2567.0,0.1539269519715516,0.041950434509552,10.720720720720722,0.0,,,,25.0,1755.0,1.72,0.69288281,0.0882051282051282,0.03553245179487179,18.0,2.0,0.0,21.0,26.0,0.8076923076923077,,,,,,0.0916761005372474,-0.0195020800368329,8,11,0.667472079995315,1921.0,26.0,26.0,1.4559886468855003,12.45,0.9473005095465162,0,5.0
Nørgaard,Nørgaard (EVE),Everton,MID,5.0,0.1,128295,Christian Nørgaard,EVE,False,Nørgaard,False,3.48,2.1,0.696,0.34,0.34,0.34,0.34,0.37,0.37,0.36,0.31,0.34,0.36,20.45,4.09,3.69,3.24,3.14,3.11,3.73,3.54,18.349999999999998,,True,3.43,0.029,0.021,0.9131,1.0,0.01,85.7627358490566,player history,1515.5,0.1963478737498591,0.0519474381833669,9.615497505136483,0.0,,,,15.0,101.0,0.08,0.04062806,0.07128712871287128,0.03620322178217822,2.0,0.0,0.0,1.0,28.0,0.03571428571428571,,,,,,-0.0485965292955978,-0.0016800106760029,14,8,-0.3604498186276618,1803.0,251.0,13.0,1.3469411290581967,14.0,0.8592747333873535,0,5.0
Austin,Austin (TOT),Tottenham,GK,4.0,0.9,214572,Brandon Austin,TOT,False,Austin,True,3.33,1.87,0.8325,0.26,0.31,0.34,0.38,0.35,0.23,0.43,0.26,0.43,0.33,0.0,0.0,0.0,0.0,0.0,0.0,0.0,0.0,-1.87,,True,1.915,1.415,0.0,1.1987999999999999,1.905,0.1024591263100895,89.9,positional fallback,0.0,0.0021218657186201,0.0019721089976119,2.7050330449672813,0.0,,,,9.0,0.0,0.0,0.0,,,0.0,0.0,0.0,0.0,10.0,0.0,90.0,2.0,45.0,0.0,0.0,-0.0511239337666682,-0.1320343685467415,15,17,0.4131043967098503,1777.0,41.0,17.0,1.5616840436848023,10.0,1.2135919166562028,0,4.0
Kulusevski,Kulusevski (TOT),Tottenham,MID,6.5,0.0,445044,Dejan Kulusevski,TOT,False,Kulusevski,False,3.25,1.9000000000000001,0.5,0.32,0.29,0.31,0.33,0.34,0.31,0.36,0.32,0.34,0.32,0.0,0.0,0.0,0.0,0.0,0.0,0.0,0.0,-1.9000000000000001,,True,3.2,0.026000000000000002,0.024,0.9964000000000001,1.0,0.01,85.624064171123,player history,1195.5,0.2969508063423228,0.184213806845066,8.4,0.0,,,,,,,,,,,,,,,,,,,,,-0.0511239337666682,-0.1320343685467415,15,17,0.4131043967098503,1777.0,41.0,17.0,1.5616840436848023,10.0,1.2135919166562028,0,6.5
Spence,Spence (TOT),Tottenham,DEF,4.5,0.6,232859,Djed Spence,TOT,False,Spence,False,3.08,1.8100000000000003,0.6844444444444444,0.31,0.27,0.31,0.31,0.32,0.29,0.34,0.3,0.32,0.31,0.0,0.0,0.0,0.0,0.0,0.0,0.0,0.0,-1.8100000000000003,,True,2.98,0.071,0.029,0.7405999999999999,1.0,0.01,86.74059139784947,player history,2944.0,0.1123170587437789,0.0582531551008364,6.294085548318957,0.0,,,,32.0,2049.0,0.98,1.73394604,0.04304538799414349,0.07616161229868229,13.0,0.0,0.0,23.0,34.0,0.6764705882352942,,,,,,-0.0511239337666682,-0.1320343685467415,15,17,0.4131043967098503,1777.0,41.0,17.0,1.5616840436848023,10.0,1.2135919166562028,0,4.5
Ellborg,Ellborg (SUN),Sunderland,GK,4.5,0.1,515046,Melker Ellborg,SUN,False,Ellborg,False,3.04,1.7399999999999998,0.6755555555555556,0.36,0.28,0.28,0.25,0.19,0.38,0.28,0.34,0.36,0.32,0.5000000000000001,0.11111111111111113,0.07,0.08,0.08,0.08,0.08,0.11,-1.2399999999999998,,True,1.69,1.35,0.0,1.2661,1.9,0.3920116961038504,89.93448275862069,player history,270.0,0.0139963333333333,0.0081139803921568,0.0,0.0,,,,3.0,270.0,0.0,0.016259,0.0,0.005419666666666666,0.0,0.0,0.0,3.0,14.0,0.21428571428571427,68.0,1.0,68.0,0.0,0.0,-0.1595957595248902,0.0430015486157864,17,4,-1.090859547158444,1736.0,1001.0,5.0,1.3598200174861137,13.0,0.9373583103653522,0,4.5
Penders,Penders (CHE),Chelsea,GK,4.5,0.1,549939,Mike Penders,CHE,False,Penders,True,2.99,1.82,0.6644444444444445,0.3,0.28,0.22,0.45,0.25,0.32,0.29,0.34,0.24,0.31,0.54,0.12000000000000001,0.07,0.08,0.07,0.11,0.09,0.12,-1.28,,True,1.6350000000000002,1.355,0.0,1.1561,2.351,0.0966877434518048,89.9,positional fallback,0.0,0.002669626553417,0.00248121005022,2.7050330449672813,0.0,,,,,,,,,,,,,,,,74.0,3.0,24.666666666666668,0.0,0.0,0.1836375664015244,-0.0207718609867338,5,12,0.852585347922589,1831.0,15.0,21.0,1.3863447699183449,11.0,1.0737940848414846,0,4.5
Milosavljević,Milosavljević (BOU),Bournemouth,DEF,5.0,0.0,620487,Veljko Milosavljevic,BOU,False,Milosavljević,False,2.79,1.6300000000000001,0.558,0.26,0.24,0.29,0.28,0.28,0.28,0.3,0.28,0.29,0.29,0.73,0.146,0.0,0.07,0.1,0.16,0.17,0.23,-0.9000000000000001,,True,2.614,0.089,0.087,0.8836999999999999,1.0,0.01,88.53092783505154,player history,367.0,0.1073205886505978,0.0490742420952742,9.423609793129629,0.0,,,,15.0,367.0,0.23,0.19614632,0.0564032697547684,0.048101277384196194,1.0,0.0,0.0,4.0,22.0,0.18181818181818182,,,,,,0.1506897455710198,-0.0576312175215828,6,14,-0.3357978660576632,1872.0,251.0,15.0,1.5252296038761777,10.0,1.1669618261656498,0,5.0
Chadi Riad,Chadi Riad (CRY),Crystal Palace,DEF,4.5,0.1,515621,Chadi Riad Dnanou,CRY,False,Chadi Riad,False,2.56,1.52,0.5688888888888889,0.25,0.22,0.25,0.29,0.25,0.26,0.25,0.28,0.25,0.26,16.509999999999998,3.6688888888888886,2.81,2.34,2.61,3.49,2.52,2.74,14.989999999999998,,True,2.427,0.109,0.024,0.7401,1.0,0.01,82.19262295081967,player history,595.0,0.0863032807428987,0.0186816235632241,8.372473282442748,0.0,,,,15.0,550.0,0.32999999999999996,0.12900321,0.054,0.021109616181818183,4.0,0.0,1.0,6.0,17.0,0.35294117647058826,61.0,1.0,61.0,0.0,0.01,-0.1171465215222359,0.0042638165422642,16,7,-0.2542419079126018,1804.0,151.0,7.5,1.3534243888033963,11.5,1.066056186213018,0,4.5
Joelinton,Joelinton (NEW),Newcastle,MID,5.5,0.0,180974,Joelinton Cássio Apolinário de Lira,NEW,False,Joelinton,False,2.5,1.52,0.45454545454545453,0.24,0.23,0.25,0.25,0.3,0.25,0.25,0.24,0.25,0.24,11.32,2.058181818181818,0.0,0.73,2.6,2.31,3.1,2.58,9.8,,True,2.415,0.025,0.060000000000000005,0.8543,1.0,0.01,85.57103274559194,player history,3152.0,0.204237875104991,0.0760780463334583,10.557798165137616,0.0,,,,27.0,1950.0,2.38,1.3510265700000001,0.10984615384615383,0.062355072461538465,30.0,2.0,1.0,23.0,30.0,0.7666666666666667,68.0,2.0,34.0,0.0,0.04,0.0770729134891279,-0.0857761118046507,10,16,0.4131237756486222,1838.0,34.0,11.0,1.387198849514487,10.0,1.1934362314133091,0,5.5
Woolfenden,Woolfenden (COV),Coventry,DEF,4.0,0.2,220583,Luke Woolfenden,COV,False,Woolfenden,False,2.4,1.43,0.6,0.23,0.23,0.22,0.25,0.24,0.26,0.24,0.24,0.25,0.24,0.09,0.0225,0.0,0.01,0.01,0.02,0.02,0.03,-1.3399999999999999,,True,2.2159999999999997,0.08399999999999999,0.1,0.6568,1.0,0.01,88.73931623931625,player history,593.0,0.0456502700335717,0.0040935893416927,8.59,0.0,,,,,,,,,,,,,,,,,,,,,-0.2513420068722135,-0.260770580087077,18,18,-1.3315882955947056,1661.0,1001.0,1.85,1.757725872128414,13.0,0.9031690971170778,1,4.0
De Ligt,De Ligt (MUN),Man United,DEF,5.0,0.0,209365,Matthijs de Ligt,MUN,False,De Ligt,False,2.3,1.4,0.45999999999999996,0.27,0.18,0.24,0.22,0.23,0.26,0.23,0.23,0.21,0.24,1.01,0.202,0.0,0.0,0.0,0.0,0.0,1.01,-0.3899999999999999,,True,2.034,0.133,0.133,0.9554,1.0,0.01,88.27441077441077,player history,2234.0,0.1392206153233722,0.0275480854596285,10.473801652892565,0.0,,,,13.0,1170.0,1.45,0.7659962599999999,0.11153846153846153,0.05892278923076922,11.0,1.0,0.0,13.0,13.0,1.0,,,,,,0.2911586787820938,0.036515569746031,3,5,1.2388665527515443,1915.0,7.0,34.0,1.2712178238678356,12.0,1.0271008142253517,0,5.0
Livramento,Livramento (NEW),Newcastle,DEF,5.0,0.0,441191,Tino Livramento,NEW,False,Livramento,False,2.14,1.27,0.42800000000000005,0.21,0.2,0.21,0.2,0.23,0.22,0.22,0.22,0.22,0.21,12.16,2.432,0.26,0.81,2.62,2.27,3.49,2.71,10.89,,True,2.012,0.087,0.041,0.6745,1.0,0.01,86.86789772727272,player history,2747.0,0.0904490445939167,0.0769638837306601,6.6391337005508255,0.0,,,,17.0,1326.0,0.13999999999999999,1.02191603,0.009502262443438913,0.06936081651583711,3.0,0.0,1.0,14.0,17.0,0.8235294117647058,,,,,,0.0770729134891279,-0.0857761118046507,10,16,0.4131237756486222,1838.0,34.0,11.0,1.387198849514487,10.0,1.1934362314133091,0,5.0
Romero,Romero (TOT),Tottenham,DEF,5.0,0.2,221632,Cristian Romero,TOT,False,Romero,False,1.97,1.16,0.394,0.19,0.16,0.19,0.21,0.21,0.2,0.22,0.19,0.21,0.19,0.0,0.0,0.0,0.0,0.0,0.0,0.0,0.0,-1.16,,True,1.755,0.08,0.135,0.7335,1.0,0.01,87.3813056379822,player history,2579.0,0.1313255281983327,0.0574754856073043,10.619635050370652,0.0,,,,23.0,1869.0,1.31,1.33960109,0.06308186195826646,0.06450727560192616,17.0,4.0,1.0,22.0,23.0,0.9565217391304348,,,,,,-0.0511239337666682,-0.1320343685467415,15,17,0.4131043967098503,1777.0,41.0,17.0,1.5616840436848023,10.0,1.2135919166562028,0,5.0
J.Timber,J.Timber (ARS),Arsenal,DEF,6.5,0.1,445122,Jurriën Timber,ARS,False,J.Timber,False,1.89,1.09,0.2907692307692308,0.2,0.14,0.2,0.19,0.17,0.19,0.19,0.2,0.18,0.23,16.349999999999998,2.515384615384615,0.87,2.03,3.13,3.43,3.09,3.8,15.259999999999998,,True,1.7419999999999998,0.134,0.014,0.7859,1.0,0.01,87.79314159292036,player history,3663.0,0.1730047590663702,0.0690008611705066,6.605421868707209,0.0,,,,30.0,2452.0,4.44,1.61131409,0.16296900489396413,0.05914284995921697,23.0,3.0,6.0,28.0,30.0,0.9333333333333333,,,,,,0.306541748174989,0.5456367033856973,2,1,1.7079738846388108,2064.0,2.5,101.0,0.7593381876414202,10.05,1.1953980873144028,0,6.5
Chalobah,Chalobah (CHE),Chelsea,DEF,5.5,0.2,180736,Trevoh Chalobah,CHE,False,Chalobah,False,1.85,1.08,0.33636363636363636,0.18,0.14,0.17,0.24,0.17,0.18,0.18,0.19,0.2,0.19,0.0,0.0,0.0,0.0,0.0,0.0,0.0,0.0,-1.08,,True,1.612,0.121,0.11699999999999999,0.7551,1.0,0.01,88.88115631691649,player history,3767.0,0.0952209713027624,0.0252547824618526,9.638975631768952,0.0,,,,35.0,2780.0,1.56,1.04718796,0.05050359712230216,0.03390176848920863,16.0,3.0,1.0,31.0,35.0,0.8857142857142857,,,,,,0.1836375664015244,-0.0207718609867338,5,12,0.852585347922589,1831.0,15.0,21.0,1.3863447699183449,11.0,1.0737940848414846,0,5.5
Burn,Burn (NEW),Newcastle,DEF,5.0,1.9,78916,Dan Burn,NEW,False,Burn,False,1.55,0.93,0.31,0.16,0.12,0.16,0.15,0.18,0.16,0.16,0.16,0.16,0.15,7.9399999999999995,1.5879999999999999,1.32,1.16,1.27,1.13,1.68,1.38,7.01,,True,1.2820000000000003,0.12,0.148,0.7069,1.0,0.01,88.60477178423236,player history,3860.0,0.0729649593169582,0.0259373344520032,10.56848602269582,0.0,,,,30.0,2195.0,1.06,0.40066443,0.0434624145785877,0.01642815430523918,10.0,1.0,3.0,25.0,31.0,0.8064516129032258,45.0,1.0,45.0,0.12,0.01,0.0770729134891279,-0.0857761118046507,10,16,0.4131237756486222,1838.0,34.0,11.0,1.387198849514487,10.0,1.1934362314133091,0,5.0
Saliba,Saliba (ARS),Arsenal,DEF,6.0,0.3,462424,William Saliba,ARS,False,Saliba,False,1.48,0.8600000000000001,0.24666666666666667,0.16,0.1,0.15,0.14,0.15,0.16,0.15,0.15,0.15,0.17,1.41,0.235,0.0,0.0,0.0,0.0,0.0,1.41,0.5499999999999998,,True,1.1909999999999998,0.23500000000000001,0.054,0.7251000000000001,1.0,0.01,89.67629482071713,player history,4134.5,0.0886162665328761,0.0349974361525954,7.982174492808839,0.0,,,,31.0,2614.0,0.85,1.33428825,0.029265493496557,0.045939534238714615,4.0,1.0,0.0,30.0,31.0,0.967741935483871,,,,,,0.306541748174989,0.5456367033856973,2,1,1.7079738846388108,2064.0,2.5,101.0,0.7593381876414202,10.05,1.1953980873144028,0,6.0
Gomes,Gomes (AVL),Aston Villa,MID,5.5,0.1,448089,Joao Gomes,AVL,False,Gomes,False,1.39,0.8200000000000001,0.2527272727272727,0.13,0.1,0.16,0.15,0.14,0.14,0.14,0.13,0.15,0.14,5.33,0.9690909090909091,0.0,0.0,0.0,1.21,1.81,2.31,4.51,,True,1.325,0.021,0.044,0.5918,1.0,0.01,86.33463687150838,player history,4322.5,0.1319687634074186,0.060349797409044,9.294760698573524,0.0,,,,36.0,2829.0,1.2784,2.058204,0.04067020148462354,0.06547838812301167,19.0,1.0,2.0,32.0,36.0,0.8888888888888888,215.0,3.0,71.66666666666667,0.0,0.0,0.0916761005372474,-0.0195020800368329,8,11,0.667472079995315,1921.0,26.0,26.0,1.4559886468855003,12.45,0.9473005095465162,0,5.5
Van den Berg,Van den Berg (BRE),Brentford,DEF,5.0,0.1,444765,Sepp van den Berg,BRE,False,Van den Berg,False,1.15,0.68,0.22999999999999998,0.13,0.07,0.12,0.12,0.12,0.12,0.11,0.13,0.12,0.11,0.0,0.0,0.0,0.0,0.0,0.0,0.0,0.0,-0.68,,True,0.9739999999999999,0.10400000000000001,0.072,0.6697,1.0,0.01,89.1683266932271,player history,4055.0,0.1264379695029757,0.0272339527160069,9.840182503291414,0.0,,,,33.0,2761.0,3.11,1.4121814000000001,0.10137631293009779,0.04603271495834843,23.0,0.0,3.0,30.0,37.0,0.8108108108108109,,,,,,0.1430094199147795,-0.010658247439459,7,9,-0.3895837925260162,1837.0,251.0,11.0,1.3527334738773589,13.0,0.9307068915414188,0,5.0
Jörgensen,Jörgensen (CHE),Chelsea,GK,5.0,0.0,508479,Filip Jörgensen,CHE,False,Jörgensen,False,0.97,0.57,0.194,0.1,0.07,0.09,0.12,0.09,0.1,0.1,0.1,0.09,0.1,0.0,0.0,0.0,0.0,0.0,0.0,0.0,0.0,-0.57,,True,0.866,0.104,0.0,0.46369999999999995,1.0,0.01,89.48267716535433,player history,648.0,0.0077016155472636,0.0001924675324675,0.8249158249158249,0.0,,,,10.0,378.0,0.0,0.00274427,0.0,0.000653397619047619,0.0,0.0,0.0,3.0,28.0,0.10714285714285714,,,,,,0.1836375664015244,-0.0207718609867338,5,12,0.852585347922589,1831.0,15.0,21.0,1.3863447699183449,11.0,1.0737940848414846,0,5.0
Kesler-Hayden,Kesler-Hayden (COV),Coventry,DEF,4.0,0.1,465390,Kaine Kesler-Hayden,COV,False,Kesler-Hayden,True,0.41,0.25,0.1025,0.04,0.01,0.03,0.06,0.06,0.05,0.04,0.05,0.05,0.04,0.8300000000000001,0.20750000000000002,0.12,0.19,0.09,0.14,0.13,0.16,0.5800000000000001,,True,0.18699999999999994,0.098,0.125,0.44580000000000003,0.0,0.01,87.5,positional fallback,0.0,0.0780161196265875,0.0391938534500658,8.421520428158146,0.0,,,,,,,,,,,,,,,,,,,,,-0.2513420068722135,-0.260770580087077,18,18,-1.3315882955947056,1661.0,1001.0,1.85,1.757725872128414,13.0,0.9031690971170778,1,4.0
Milambo,Milambo (BRE),Brentford,MID,5.0,0.0,543295,Antoni Milambo,BRE,False,Milambo,True,0.4,0.22000000000000003,0.08,0.05,0.01,0.04,0.04,0.04,0.04,0.04,0.05,0.04,0.04,1.3499999999999999,0.26999999999999996,0.25,0.22,0.25,0.22,0.22,0.19,1.13,,True,0.34199999999999997,0.031,0.027,0.5235000000000001,0.0,0.01,83.1,positional fallback,0.0,0.1998266067467193,0.0935076953070113,8.189865176177413,0.0,,,,1.0,45.0,0.0,0.0116086,0.0,0.0232172,0.0,0.0,0.0,1.0,4.0,0.25,,,,,,0.1430094199147795,-0.010658247439459,7,9,-0.3895837925260162,1837.0,251.0,11.0,1.3527334738773589,13.0,0.9307068915414188,0,5.0
A. Phillips (TOT),A. Phillips (TOT),Tottenham,DEF,4.5,0.0,548308,Ashley Phillips,TOT,True,Phillips,True,0.39,0.22,0.08666666666666667,0.04,0.0,0.04,0.05,0.05,0.04,0.05,0.04,0.05,0.04,0.0,0.0,0.0,0.0,0.0,0.0,0.0,0.0,-0.22,,True,0.21600000000000005,0.089,0.08499999999999999,0.5248999999999999,0.0,0.01,87.5,positional fallback,0.0,0.0925743273925264,0.0465076273778755,8.421520428158146,0.0,,,,,,,,,,,,,,,,,,,,,-0.0511239337666682,-0.1320343685467415,15,17,0.4131043967098503,1777.0,41.0,17.0,1.5616840436848023,10.0,1.2135919166562028,0,4.5
Nedeljkovic,Nedeljkovic (AVL),Aston Villa,DEF,4.0,0.2,578545,Kosta Nedeljkovic,AVL,False,Nedeljkovic,True,0.38,0.22000000000000003,0.095,0.03,0.01,0.05,0.05,0.04,0.04,0.04,0.03,0.05,0.03,0.0,0.0,0.0,0.0,0.0,0.0,0.0,0.0,-0.22000000000000003,,True,0.18,0.132,0.068,0.4434,0.0,0.01,87.5,positional fallback,0.0,0.0780161196265875,0.0391938534500658,8.421520428158146,0.0,,,,,,,,,,,,,,,,12.0,2.0,6.0,0.0,0.0,0.0916761005372474,-0.0195020800368329,8,11,0.667472079995315,1921.0,26.0,26.0,1.4559886468855003,12.45,0.9473005095465162,0,4.0
Ramsay,Ramsay (LIV),Liverpool,DEF,4.0,0.2,489580,Calvin Ramsay,LIV,False,Ramsay,True,0.38,0.21,0.095,0.03,0.01,0.05,0.04,0.05,0.03,0.04,0.04,0.03,0.04,2.21,0.5525,0.41,0.45,0.38,0.38,0.31,0.28,2.0,,True,0.19200000000000003,0.095,0.093,0.5282,0.0,0.01,87.5,positional fallback,0.0,0.0780161196265875,0.0391938534500658,8.421520428158146,0.0,,,,6.0,0.0,0.0,0.0,,,0.0,0.0,0.0,0.0,17.0,0.0,200.0,5.0,40.0,0.0,0.0,0.2217904378795187,-0.0207728027571259,4,13,1.3549493323437265,1911.0,6.0,51.0,1.4367612878896527,9.9,1.2427165780373892,0,4.0
J.Araujo,J.Araujo (BOU),Bournemouth,DEF,4.5,0.0,436893,Julián Araujo Zúñiga,BOU,False,J.Araujo,True,0.37,0.17,0.08222222222222222,0.02,0.0,0.04,0.04,0.04,0.03,0.05,0.03,0.04,0.06,0.96,0.21333333333333332,0.14,0.19,0.16,0.18,0.15,0.14,0.7899999999999999,,True,0.177,0.124,0.069,0.44610000000000005,0.0,0.01,87.5,positional fallback,0.0,0.0925743273925264,0.0465076273778755,8.421520428158146,0.0,,,,,,,,,,,,,0.0,8.0,0.0,,,,,,0.1506897455710198,-0.0576312175215828,6,14,-0.3357978660576632,1872.0,251.0,15.0,1.5252296038761777,10.0,1.1669618261656498,0,4.5
Bajcetic,Bajcetic (LIV),Liverpool,MID,5.0,0.0,535928,Stefan Bajčetić Maquieira,LIV,False,Bajcetic,True,0.36,0.22000000000000003,0.072,0.05,0.0,0.04,0.05,0.04,0.04,0.03,0.04,0.04,0.04,0.0,0.0,0.0,0.0,0.0,0.0,0.0,0.0,-0.22000000000000003,,True,0.31199999999999994,0.021,0.027,0.4142,0.0,0.01,83.1,positional fallback,0.0,0.1998266067467193,0.0935076953070113,8.189865176177413,0.0,,,,,,,,,,,,,,,,,,,,,0.2217904378795187,-0.0207728027571259,4,13,1.3549493323437265,1911.0,6.0,51.0,1.4367612878896527,9.9,1.2427165780373892,0,5.0
Hjelde,Hjelde (SUN),Sunderland,DEF,4.0,0.1,477547,Leo Fuhr Hjelde,SUN,False,Hjelde,True,0.35,0.2,0.0875,0.05,0.01,0.03,0.04,0.03,0.04,0.04,0.04,0.04,0.04,0.0,0.0,0.0,0.0,0.0,0.0,0.0,0.0,-0.2,,True,0.201,0.08299999999999999,0.066,0.49749999999999994,0.0,0.01,87.5,positional fallback,0.0,0.0780161196265875,0.0391938534500658,8.421520428158146,0.0,,,,,,,,,,,,,0.0,5.0,0.0,45.0,1.0,45.0,0.0,0.0,-0.1595957595248902,0.0430015486157864,17,4,-1.090859547158444,1736.0,1001.0,5.0,1.3598200174861137,13.0,0.9373583103653522,0,4.0
A.Murphy,A.Murphy (NEW),Newcastle,DEF,4.0,0.1,545477,Alex Murphy,NEW,False,A.Murphy,True,0.35,0.18000000000000002,0.0875,0.03,0.0,0.03,0.04,0.05,0.03,0.04,0.04,0.03,0.03,0.0,0.0,0.0,0.0,0.0,0.0,0.0,0.0,-0.18000000000000002,,True,0.17200000000000001,0.088,0.09,0.41719999999999996,0.0,0.01,87.5,positional fallback,0.0,0.0780161196265875,0.0391938534500658,8.421520428158146,0.0,,,,14.0,7.0,0.0,0.00314348,0.0,0.04041617142857143,0.0,0.0,0.0,0.0,25.0,0.0,159.0,2.0,79.5,0.05,0.03,0.0770729134891279,-0.0857761118046507,10,16,0.4131237756486222,1838.0,34.0,11.0,1.387198849514487,10.0,1.1934362314133091,0,4.0
Watson,Watson (BHA),Brighton,MID,5.0,0.0,549074,Tom Watson,BHA,False,Watson,True,0.34,0.19,0.068,0.04,0.0,0.04,0.04,0.03,0.04,0.04,0.04,0.04,0.04,0.0,0.0,0.0,0.0,0.0,0.0,0.0,0.0,-0.19,,True,0.28400000000000003,0.031,0.025,0.47620000000000007,0.0,0.01,83.1,positional fallback,0.0,0.1998266067467193,0.0935076953070113,8.189865176177413,0.0,,,,6.0,57.0,0.04,0.03865401,0.06315789473684211,0.06103264736842106,1.0,0.0,0.0,0.0,11.0,0.0,,,,,,0.0842682216689143,0.0973748541570488,9,3,0.0297333718288103,1842.0,101.0,15.0,1.3234673027835793,10.8,1.130590346257485,0,5.0
Matusiwa,Matusiwa (IPS),Ipswich,MID,5.0,0.0,241117,Azor Matusiwa,IPS,False,Matusiwa,True,0.34,0.18000000000000002,0.068,0.04,0.0,0.03,0.03,0.04,0.04,0.03,0.04,0.05,0.03,3.7,0.74,0.0,0.66,0.71,0.74,0.76,0.83,3.52,,True,0.306,0.021,0.013000000000000001,0.3608,0.0,0.01,83.1,positional fallback,0.0,0.1998266067467193,0.0935076953070113,8.189865176177413,0.0,,,,,,,,,,,,,,,,,,,,,-0.2918528340454071,-0.2856043837956666,19,19,-1.3315882955947056,1640.0,1001.0,1.85,1.8535840736204665,13.0,0.9266892410460464,1,5.0
Ferguson,Ferguson (BHA),Brighton,FWD,5.0,0.0,487117,Evan Ferguson,BHA,False,Ferguson,True,0.33,0.18000000000000002,0.066,0.03,0.0,0.04,0.04,0.04,0.03,0.04,0.03,0.03,0.04,0.17,0.034,0.0,0.0,0.0,0.0,0.0,0.17,-0.010000000000000009,,True,0.33,0.0,0.0,0.5034,0.0,0.01,81.5,positional fallback,0.0,0.3563138036245852,0.0503684965325606,4.432345205189561,0.0,,,,,,,,,,,,,,,,,,,,,0.0842682216689143,0.0973748541570488,9,3,0.0297333718288103,1842.0,101.0,15.0,1.3234673027835793,10.8,1.130590346257485,0,5.0
Madjo,Madjo (AVL),Aston Villa,FWD,5.5,0.4,690838,Brian Madjo,AVL,False,Madjo,True,0.33,0.2,0.060000000000000005,0.03,0.01,0.04,0.04,0.04,0.04,0.04,0.03,0.04,0.03,1.5499999999999998,0.2818181818181818,0.0,0.0,0.0,0.37,0.47,0.71,1.3499999999999999,,True,0.328,0.0,0.002,0.3652,0.0,0.01,81.5,positional fallback,0.0,0.3701570008907115,0.0523253700143218,4.432345205189561,0.0,,,,,,,,,,,,,,,,176.0,5.0,58.666666666666664,0.0,0.0,0.0916761005372474,-0.0195020800368329,8,11,0.667472079995315,1921.0,26.0,26.0,1.4559886468855003,12.45,0.9473005095465162,0,5.5
Bassette,Bassette (COV),Coventry,FWD,4.5,0.0,549653,Norman Bassette,COV,False,Bassette,True,0.33,0.18000000000000002,0.07333333333333333,0.03,0.0,0.03,0.04,0.04,0.04,0.04,0.04,0.04,0.04,0.0,0.0,0.0,0.0,0.0,0.0,0.0,0.0,-0.18000000000000002,,True,0.327,0.0,0.003,0.3936,0.0,0.01,81.5,positional fallback,0.0,0.3429617781434363,0.0484810550629663,4.432345205189561,0.0,,,,,,,,,,,,,,,,,,,,,-0.2513420068722135,-0.260770580087077,18,18,-1.3315882955947056,1661.0,1001.0,1.85,1.757725872128414,13.0,0.9031690971170778,1,4.5
Mateo Joseph,Mateo Joseph (LEE),Leeds,FWD,4.5,0.1,565297,Mateo Joseph Fernández-Regatillo,LEE,False,Mateo Joseph,True,0.32,0.18,0.07111111111111111,0.04,0.0,0.04,0.04,0.04,0.02,0.04,0.04,0.04,0.04,0.14,0.031111111111111114,0.0,0.02,0.02,0.03,0.03,0.04,-0.03999999999999998,,True,0.319,0.0,0.001,0.4074,0.0,0.01,81.5,positional fallback,0.0,0.3429617781434363,0.0484810550629663,4.432345205189561,0.0,,,,,,,,,,,,,,,,,,,,,-0.0142035236369779,-0.0754441195474228,11,15,-1.013737187036834,1797.0,1001.0,7.5,1.5188598248684002,12.5,0.9692268750094524,0,4.5
Manzambi,Manzambi (AVL),Aston Villa,MID,6.0,0.2,614071,Johan Manzambi,AVL,False,Manzambi,True,0.32,0.18000000000000002,0.05333333333333334,0.03,0.0,0.04,0.04,0.03,0.04,0.04,0.03,0.04,0.04,16.06,2.6766666666666663,0.0,2.72,3.57,3.39,2.9,3.48,15.879999999999999,,True,0.26799999999999996,0.026000000000000002,0.026000000000000002,0.40199999999999997,0.0,0.01,83.1,positional fallback,0.0,0.2506932105927494,0.1173104259402037,8.189865176177413,0.0,,,,,,,,,,,,,,,,,,,,,0.0916761005372474,-0.0195020800368329,8,11,0.667472079995315,1921.0,26.0,26.0,1.4559886468855003,12.45,0.9473005095465162,0,6.0
Leoni,Leoni (LIV),Liverpool,DEF,4.0,0.0,647681,Giovanni Leoni,LIV,False,Leoni,True,0.31,0.18,0.0775,0.04,0.01,0.04,0.03,0.04,0.02,0.04,0.03,0.03,0.03,0.0,0.0,0.0,0.0,0.0,0.0,0.0,0.0,-0.18,,True,0.141,0.081,0.088,0.3847,0.0,0.01,87.5,positional fallback,0.0,0.0780161196265875,0.0391938534500658,8.421520428158146,0.0,,,,,,,,,,,,,0.0,1.0,0.0,,,,,,0.2217904378795187,-0.0207728027571259,4,13,1.3549493323437265,1911.0,6.0,51.0,1.4367612878896527,9.9,1.2427165780373892,0,4.0
C. Hughes (HUL),C. Hughes (HUL),Hull,DEF,4.0,0.1,501902,Charlie Hughes,HUL,True,Hughes,True,0.31,0.17,0.0775,0.03,0.0,0.04,0.03,0.03,0.04,0.03,0.04,0.04,0.02,0.0,0.0,0.0,0.0,0.0,0.0,0.0,0.0,-0.17,,True,0.11400000000000002,0.053,0.143,0.3809,0.0,0.01,87.5,positional fallback,0.0,0.0780161196265875,0.0391938534500658,8.421520428158146,0.0,,,3.0,,,,,,,,,,,,,,,,,,-0.4519100791990885,-0.454055750336764,20,20,-1.5007189863388086,1533.0,1001.0,1.26,2.241860660354812,13.5,0.876626488060625,1,4.0
Fredricson,Fredricson (MUN),Man United,DEF,4.0,0.0,547676,Tyler Fredricson,MUN,False,Fredricson,True,0.31,0.18000000000000002,0.0775,0.04,0.01,0.04,0.02,0.03,0.04,0.04,0.04,0.03,0.04,0.0,0.0,0.0,0.0,0.0,0.0,0.0,0.0,-0.18000000000000002,,True,0.136,0.103,0.07100000000000001,0.4266,0.0,0.01,87.5,positional fallback,0.0,0.0780161196265875,0.0391938534500658,8.421520428158146,0.0,,,,2.0,2.0,0.0,0.0,0.0,0.0,0.0,0.0,0.0,0.0,11.0,0.0,,,,,,0.2911586787820938,0.036515569746031,3,5,1.2388665527515443,1915.0,7.0,34.0,1.2712178238678356,12.0,1.0271008142253517,0,4.0
Al-Hamadi,Al-Hamadi (IPS),Ipswich,FWD,5.0,0.1,462387,Ali Al-Hamadi,IPS,False,Al-Hamadi,True,0.31,0.16,0.062,0.03,0.01,0.03,0.03,0.03,0.03,0.03,0.03,0.04,0.04,0.58,0.11599999999999999,0.1,0.07,0.08,0.09,0.1,0.14,0.41999999999999993,,True,0.31,0.0,0.0,0.40149999999999997,0.0,0.01,81.5,positional fallback,0.0,0.3563138036245852,0.0503684965325606,4.432345205189561,0.0,,,,,,,,,,,,,,,,,,,,,-0.2918528340454071,-0.2856043837956666,19,19,-1.3315882955947056,1640.0,1001.0,1.85,1.8535840736204665,13.0,0.9266892410460464,1,5.0
Howell,Howell (BHA),Brighton,MID,4.5,0.1,597320,Harry Howell,BHA,False,Howell,True,0.31,0.17,0.06888888888888889,0.03,0.0,0.04,0.03,0.03,0.04,0.03,0.03,0.03,0.03,0.0,0.0,0.0,0.0,0.0,0.0,0.0,0.0,-0.17,,True,0.25,0.033,0.027,0.3278,0.0,0.01,83.1,positional fallback,0.0,0.1780987351903563,0.0833402645216931,8.189865176177413,0.0,,,,3.0,92.0,0.0,0.031179560000000002,0.0,0.030501743478260873,0.0,0.0,0.0,1.0,7.0,0.14285714285714285,,,,,,0.0842682216689143,0.0973748541570488,9,3,0.0297333718288103,1842.0,101.0,15.0,1.3234673027835793,10.8,1.130590346257485,0,4.5
Masuaku,Masuaku (SUN),Sunderland,DEF,4.0,0.2,105717,Arthur Masuaku,SUN,False,Masuaku,True,0.3,0.16,0.075,0.04,0.0,0.03,0.03,0.03,0.03,0.03,0.04,0.04,0.03,0.0,0.0,0.0,0.0,0.0,0.0,0.0,0.0,-0.16,,True,0.155,0.093,0.052,0.40679999999999994,0.0,0.01,87.5,positional fallback,0.0,0.0780161196265875,0.0391938534500658,8.421520428158146,0.0,,,,4.0,125.0,0.07,0.07911777,0.05040000000000001,0.056964794400000004,1.0,0.0,0.0,2.0,11.0,0.18181818181818182,,,,,,-0.1595957595248902,0.0430015486157864,17,4,-1.090859547158444,1736.0,1001.0,5.0,1.3598200174861137,13.0,0.9373583103653522,0,4.0
Alleyne,Alleyne (MCI),Man City,DEF,5.0,0.0,494307,Max Alleyne,MCI,False,Alleyne,True,0.3,0.16,0.06,0.03,0.01,0.04,0.02,0.04,0.02,0.04,0.03,0.03,0.03,0.0,0.0,0.0,0.0,0.0,0.0,0.0,0.0,-0.16,,True,0.13199999999999998,0.136,0.032,0.40190000000000003,0.0,0.01,87.5,positional fallback,0.0,0.1092948469717025,0.054907706709325,8.421520428158146,0.0,,,,4.0,135.0,0.26,0.0636408,0.17333333333333334,0.0424272,2.0,0.0,0.0,2.0,7.0,0.2857142857142857,45.0,2.0,22.5,0.0,0.0,0.3979137564561784,0.3023979198869594,1,2,1.5720974480619654,1971.0,3.5,67.0,1.0050081070657415,12.3,0.9984810217456443,0,5.0
Cardines,Cardines (CRY),Crystal Palace,DEF,4.5,0.0,590014,Rio Cardines,CRY,False,Cardines,True,0.3,0.16,0.06666666666666667,0.03,0.0,0.03,0.04,0.03,0.03,0.03,0.04,0.03,0.03,0.0,0.0,0.0,0.0,0.0,0.0,0.0,0.0,-0.16,,True,0.143,0.091,0.066,0.41689999999999994,0.0,0.01,87.5,positional fallback,0.0,0.0925743273925264,0.0465076273778755,8.421520428158146,0.0,,,,6.0,90.0,0.02,0.160978,0.02,0.160978,1.0,0.0,0.0,1.0,13.0,0.07692307692307693,70.0,2.0,35.0,0.03,0.01,-0.1171465215222359,0.0042638165422642,16,7,-0.2542419079126018,1804.0,151.0,7.5,1.3534243888033963,11.5,1.066056186213018,0,4.5
Gelhardt,Gelhardt (HUL),Hull,MID,5.0,0.0,462635,Joe Gelhardt,HUL,False,Gelhardt,True,0.29,0.16,0.057999999999999996,0.03,0.0,0.03,0.03,0.04,0.03,0.03,0.04,0.04,0.03,1.8199999999999998,0.364,0.0,0.0,0.0,0.24,0.62,0.96,1.66,,True,0.25799999999999995,0.008,0.024,0.4064,0.0,0.01,83.1,positional fallback,0.0,0.1998266067467193,0.0935076953070113,8.189865176177413,0.0,,,,,,,,,,,,,,,,,,,,,-0.4519100791990885,-0.454055750336764,20,20,-1.5007189863388086,1533.0,1001.0,1.26,2.241860660354812,13.5,0.876626488060625,1,5.0
A. Patterson (SUN),A. Patterson (SUN),Sunderland,GK,4.0,0.2,232571,Anthony Patterson,SUN,True,Patterson,True,0.29,0.16,0.0725,0.04,0.0,0.04,0.03,0.02,0.03,0.03,0.04,0.03,0.03,0.0,0.0,0.0,0.0,0.0,0.0,0.0,0.0,-0.16,,True,0.16099999999999998,0.129,0.0,0.358,0.0,0.01,89.9,positional fallback,0.0,0.0021218657186201,0.0019721089976119,2.7050330449672813,0.0,,,,2.0,0.0,0.0,0.0,,,0.0,0.0,0.0,0.0,23.0,0.0,0.0,1.0,0.0,0.0,0.0,-0.1595957595248902,0.0430015486157864,17,4,-1.090859547158444,1736.0,1001.0,5.0,1.3598200174861137,13.0,0.9373583103653522,0,4.0
Methalie,Methalie (SUN),Sunderland,DEF,4.5,0.0,638411,Dayann Méthalie,SUN,False,Methalie,True,0.28,0.15000000000000002,0.06222222222222223,0.04,0.0,0.03,0.03,0.02,0.03,0.03,0.04,0.04,0.03,,,,,,,,,,,False,0.14500000000000002,0.08499999999999999,0.05,0.40750000000000003,0.0,0.01,87.5,positional fallback,0.0,0.0925743273925264,0.0465076273778755,8.421520428158146,0.0,,,,,,,,,,,,,,,,,,,,,-0.1595957595248902,0.0430015486157864,17,4,-1.090859547158444,1736.0,1001.0,5.0,1.3598200174861137,13.0,0.9373583103653522,0,
Danns,Danns (LIV),Liverpool,FWD,4.5,0.0,500058,Jayden Danns,LIV,False,Danns,True,0.28,0.16,0.06222222222222223,0.03,0.01,0.03,0.03,0.03,0.03,0.03,0.03,0.03,0.03,0.0,0.0,0.0,0.0,0.0,0.0,0.0,0.0,-0.16,,True,0.276,0.0,0.004,0.44980000000000003,0.0,0.01,81.5,positional fallback,0.0,0.3429617781434363,0.0484810550629663,4.432345205189561,0.0,,,,,,,,,,,,,,,,,,,,,0.2217904378795187,-0.0207728027571259,4,13,1.3549493323437265,1911.0,6.0,51.0,1.4367612878896527,9.9,1.2427165780373892,0,4.5
Jacob,Jacob (HUL),Hull,DEF,4.0,0.0,449428,Matty Jacob,HUL,False,Jacob,True,0.27,0.14,0.0675,0.02,0.0,0.03,0.02,0.04,0.03,0.03,0.03,0.03,0.03,0.36,0.09,0.04,0.05,0.06,0.05,0.06,0.1,0.21999999999999997,,True,0.10200000000000001,0.034,0.134,0.3508,0.0,0.01,87.5,positional fallback,0.0,0.0780161196265875,0.0391938534500658,8.421520428158146,0.0,,,,,,,,,,,,,,,,,,,,,-0.4519100791990885,-0.454055750336764,20,20,-1.5007189863388086,1533.0,1001.0,1.26,2.241860660354812,13.5,0.876626488060625,1,4.0
Iling Jr,Iling Jr (AVL),Aston Villa,MID,5.0,0.0,469247,Samuel Iling-Junior,AVL,False,Iling Jr,True,0.27,0.15,0.054000000000000006,0.03,0.0,0.03,0.03,0.03,0.03,0.03,0.03,0.03,0.02,0.0,0.0,0.0,0.0,0.0,0.0,0.0,0.0,-0.15,,True,0.23000000000000004,0.022,0.018000000000000002,0.3391,0.0,0.01,83.1,positional fallback,0.0,0.1998266067467193,0.0935076953070113,8.189865176177413,0.0,,,,,,,,,,,,,0.0,1.0,0.0,,,,,,0.0916761005372474,-0.0195020800368329,8,11,0.667472079995315,1921.0,26.0,26.0,1.4559886468855003,12.45,0.9473005095465162,0,5.0
Uche,Uche (CRY),Crystal Palace,FWD,5.0,0.0,660392,Christantus Uche,CRY,False,Uche,True,0.26,0.16,0.052000000000000005,0.03,0.0,0.03,0.04,0.03,0.03,0.03,0.03,0.03,0.03,0.0,0.0,0.0,0.0,0.0,0.0,0.0,0.0,-0.16,,True,0.26,0.0,0.0,0.3487,0.0,0.01,81.5,positional fallback,0.0,0.3563138036245852,0.0503684965325606,4.432345205189561,0.0,,,,17.0,159.0,0.49,0.025446080000000003,0.27735849056603773,0.014403441509433965,6.0,0.0,1.0,0.0,25.0,0.0,,,,,,-0.1171465215222359,0.0042638165422642,16,7,-0.2542419079126018,1804.0,151.0,7.5,1.3534243888033963,11.5,1.066056186213018,0,5.0
Tzimas,Tzimas (BHA),Brighton,FWD,5.5,0.0,608181,Stefanos Tzimas,BHA,False,Tzimas,True,0.26,0.15000000000000002,0.04727272727272727,0.03,0.0,0.03,0.04,0.02,0.03,0.03,0.03,0.02,0.03,0.30000000000000004,0.05454545454545456,0.0,0.03,0.05,0.06,0.06,0.1,0.15000000000000002,,True,0.259,0.0,0.001,0.3773,0.0,0.01,81.5,positional fallback,0.0,0.3701570008907115,0.0523253700143218,4.432345205189561,0.0,,,,10.0,132.0,0.46,0.11832743,0.31363636363636366,0.08067779318181818,4.0,1.0,1.0,1.0,11.0,0.09090909090909091,,,,,,0.0842682216689143,0.0973748541570488,9,3,0.0297333718288103,1842.0,101.0,15.0,1.3234673027835793,10.8,1.130590346257485,0,5.5
Markelo,Markelo (COV),Coventry,FWD,5.0,0.0,551262,Jahnoah Markelo,COV,False,Markelo,True,0.24,0.11,0.048,0.02,0.0,0.02,0.02,0.02,0.03,0.03,0.03,0.03,0.02,0.0,0.0,0.0,0.0,0.0,0.0,0.0,0.0,-0.11,,True,0.24,0.0,0.0,0.3511,0.0,0.01,81.5,positional fallback,0.0,0.3563138036245852,0.0503684965325606,4.432345205189561,0.0,,,,,,,,,,,,,,,,,,,,,-0.2513420068722135,-0.260770580087077,18,18,-1.3315882955947056,1661.0,1001.0,1.85,1.757725872128414,13.0,0.9031690971170778,1,5.0
Gyabi,Gyabi (HUL),Hull,MID,4.5,0.0,470294,Darko Gyabi,HUL,False,Gyabi,True,0.24,0.12000000000000001,0.05333333333333333,0.02,0.0,0.03,0.02,0.02,0.03,0.03,0.03,0.03,0.02,0.0,0.0,0.0,0.0,0.0,0.0,0.0,0.0,-0.12000000000000001,,True,0.214,0.007,0.019,0.3895,0.0,0.01,83.1,positional fallback,0.0,0.1780987351903563,0.0833402645216931,8.189865176177413,0.0,,,,,,,,,,,,,,,,,,,,,-0.4519100791990885,-0.454055750336764,20,20,-1.5007189863388086,1533.0,1001.0,1.26,2.241860660354812,13.5,0.876626488060625,1,4.5
Vicario,Vicario (TOT),Tottenham,GK,4.5,0.3,184254,Guglielmo Vicario,TOT,False,Vicario,False,0.24,0.13,0.05333333333333333,0.02,0.0,0.02,0.03,0.04,0.02,0.03,0.02,0.03,0.03,0.0,0.0,0.0,0.0,0.0,0.0,0.0,0.0,-0.13,,True,0.147,0.093,0.0,0.30310000000000004,0.0,0.01,89.98829568788501,player history,3870.0,0.0031679152567975,0.0012404590727011,2.748987854251012,0.0,,,,33.0,2790.0,0.0,0.06408285,0.0,0.0020671887096774194,0.0,0.0,0.0,31.0,33.0,0.9393939393939394,,,,,,-0.0511239337666682,-0.1320343685467415,15,17,0.4131043967098503,1777.0,41.0,17.0,1.5616840436848023,10.0,1.2135919166562028,0,4.5
Piroe,Piroe (LEE),Leeds,FWD,5.0,0.1,235826,Joël Piroe,LEE,False,Piroe,True,0.23,0.13,0.046,0.02,0.01,0.02,0.03,0.03,0.02,0.02,0.02,0.02,0.03,0.0,0.0,0.0,0.0,0.0,0.0,0.0,0.0,-0.13,,True,0.228,0.0,0.002,0.31920000000000004,0.0,0.01,81.5,positional fallback,0.0,0.3563138036245852,0.0503684965325606,4.432345205189561,0.0,3.0,,,25.0,244.0,0.9500000000000001,0.12827462,0.3504098360655738,0.047314409016393444,14.0,0.0,0.0,2.0,36.0,0.05555555555555555,14.0,5.0,3.5,0.0,0.0,-0.0142035236369779,-0.0754441195474228,11,15,-1.013737187036834,1797.0,1001.0,7.5,1.5188598248684002,12.5,0.9692268750094524,0,5.0
Jaros,Jaros (LIV),Liverpool,GK,4.0,0.0,432987,Vitezslav Jaros,LIV,False,Jaros,True,0.23,0.13,0.0575,0.03,0.0,0.04,0.02,0.02,0.02,0.02,0.02,0.02,0.03,0.0,0.0,0.0,0.0,0.0,0.0,0.0,0.0,-0.13,,True,0.14300000000000002,0.087,0.0,0.3012,0.0,0.01,89.9,positional fallback,0.0,0.0021218657186201,0.0019721089976119,2.7050330449672813,0.0,,,,,,,,,,,,,,,,,,,,,0.2217904378795187,-0.0207728027571259,4,13,1.3549493323437265,1911.0,6.0,51.0,1.4367612878896527,9.9,1.2427165780373892,0,4.0
Zambrano,Zambrano (HUL),Hull,MID,4.5,0.1,553783,Óscar Zambrano,HUL,False,Zambrano,True,0.22,0.11000000000000001,0.04888888888888889,0.02,0.0,0.03,0.02,0.02,0.02,0.02,0.03,0.03,0.02,2.01,0.4466666666666666,0.0,0.0,0.0,0.26,0.7,1.05,1.8999999999999997,,True,0.19599999999999998,0.011,0.013000000000000001,0.2622,0.0,0.01,83.1,positional fallback,0.0,0.1780987351903563,0.0833402645216931,8.189865176177413,0.0,,,,,,,,,,,,,,,,,,,,,-0.4519100791990885,-0.454055750336764,20,20,-1.5007189863388086,1533.0,1001.0,1.26,2.241860660354812,13.5,0.876626488060625,1,4.5
Burstow,Burstow (HUL),Hull,FWD,4.5,0.1,534392,Mason Burstow,HUL,False,Burstow,True,0.21,0.11,0.04666666666666666,0.02,0.0,0.02,0.02,0.03,0.02,0.02,0.02,0.03,0.02,0.0,0.0,0.0,0.0,0.0,0.0,0.0,0.0,-0.11,,True,0.208,0.0,0.002,0.3128,0.0,0.01,81.5,positional fallback,0.0,0.3429617781434363,0.0484810550629663,4.432345205189561,0.0,,,,,,,,,,,,,,,,,,,,,-0.4519100791990885,-0.454055750336764,20,20,-1.5007189863388086,1533.0,1001.0,1.26,2.241860660354812,13.5,0.876626488060625,1,4.5
Bayindir,Bayindir (MUN),Man United,GK,4.5,0.0,451302,Altay Bayındır,MUN,False,Bayindir,False,0.21,0.14,0.04666666666666666,0.03,0.01,0.02,0.03,0.02,0.03,0.03,0.02,0.02,0.03,0.0,0.0,0.0,0.0,0.0,0.0,0.0,0.0,-0.14,,True,0.11599999999999999,0.094,0.0,0.3052,0.0,0.01,89.95839416058394,player history,720.0,0.0103635753488372,0.0062436448630769,4.472222222222222,0.0,,,,21.0,540.0,0.0,0.04160964,0.0,0.0069349400000000005,0.0,0.0,0.0,6.0,37.0,0.16216216216216217,0.0,1.0,0.0,0.0,0.0,0.2911586787820938,0.036515569746031,3,5,1.2388665527515443,1915.0,7.0,34.0,1.2712178238678356,12.0,1.0271008142253517,0,4.5
Wright,Wright (COV),Coventry,FWD,5.5,0.2,176412,Haji Wright,COV,False,Wright,True,0.21,0.11,0.03818181818181818,0.02,0.0,0.02,0.02,0.02,0.03,0.02,0.02,0.02,0.02,6.9,1.2545454545454546,0.28,0.78,1.22,1.53,1.43,1.66,6.79,,True,0.209,0.0,0.001,0.27,0.0,0.01,81.5,positional fallback,0.0,0.3701570008907115,0.0523253700143218,4.432345205189561,0.0,1.0,,,,,,,,,,,,,,,,,,,,-0.2513420068722135,-0.260770580087077,18,18,-1.3315882955947056,1661.0,1001.0,1.85,1.757725872128414,13.0,0.9031690971170778,1,5.5
Matazo,Matazo (HUL),Hull,MID,4.5,0.0,465525,Eliot Matazo,HUL,False,Matazo,True,0.21,0.11000000000000001,0.04666666666666666,0.02,0.01,0.02,0.02,0.02,0.02,0.02,0.02,0.02,0.02,0.0,0.0,0.0,0.0,0.0,0.0,0.0,0.0,-0.11000000000000001,,True,0.187,0.008,0.015,0.2646,0.0,0.01,83.1,positional fallback,0.0,0.1780987351903563,0.0833402645216931,8.189865176177413,0.0,,,,,,,,,,,,,,,,,,,,,-0.4519100791990885,-0.454055750336764,20,20,-1.5007189863388086,1533.0,1001.0,1.26,2.241860660354812,13.5,0.876626488060625,1,4.5
A. Kamara (HUL),A. Kamara (HUL),Hull,MID,5.0,0.0,490161,Abu Kamara,HUL,True,Kamara,True,0.2,0.1,0.04,0.02,0.0,0.02,0.02,0.02,0.02,0.02,0.02,0.02,0.02,0.0,0.0,0.0,0.0,0.0,0.0,0.0,0.0,-0.1,,True,0.178,0.008,0.014,0.2623,0.0,0.01,83.1,positional fallback,0.0,0.1998266067467193,0.0935076953070113,8.189865176177413,0.0,,,,,,,,,,,,,,,,0.0,1.0,,0.0,0.0,-0.4519100791990885,-0.454055750336764,20,20,-1.5007189863388086,1533.0,1001.0,1.26,2.241860660354812,13.5,0.876626488060625,1,5.0
Heaton,Heaton (MUN),Man United,GK,4.0,0.1,21205,Tom Heaton,MUN,False,Heaton,True,0.2,0.11000000000000001,0.05,0.03,0.0,0.02,0.02,0.02,0.02,0.02,0.02,0.02,0.02,0.49,0.1225,0.08,0.09,0.08,0.07,0.08,0.09,0.38,,True,0.11100000000000002,0.089,0.0,0.292,0.0,0.01,89.9,positional fallback,0.0,0.0021218657186201,0.0019721089976119,2.7050330449672813,0.0,,,,,,,,,,,,,0.0,4.0,0.0,184.0,4.0,46.0,0.0,0.0,0.2911586787820938,0.036515569746031,3,5,1.2388665527515443,1915.0,7.0,34.0,1.2712178238678356,12.0,1.0271008142253517,0,4.0
Pecsi,Pecsi (LIV),Liverpool,GK,4.0,0.0,586268,Armin Pecsi,LIV,False,Pecsi,True,0.19,0.1,0.0475,0.02,0.0,0.02,0.02,0.02,0.02,0.02,0.03,0.02,0.02,0.0,0.0,0.0,0.0,0.0,0.0,0.0,0.0,-0.1,,True,0.101,0.089,0.0,0.2933,0.0,0.01,89.9,positional fallback,0.0,0.0021218657186201,0.0019721089976119,2.7050330449672813,0.0,,,,3.0,0.0,0.0,0.0,,,0.0,0.0,0.0,0.0,4.0,0.0,,,,,,0.2217904378795187,-0.0207728027571259,4,13,1.3549493323437265,1911.0,6.0,51.0,1.4367612878896527,9.9,1.2427165780373892,0,4.0
Dennis,Dennis (BOU),Bournemouth,GK,4.0,0.2,444172,Will Dennis,BOU,False,Dennis,True,0.19,0.1,0.0475,0.02,0.0,0.03,0.01,0.02,0.02,0.02,0.01,0.03,0.02,0.23000000000000004,0.05750000000000001,0.03,0.04,0.04,0.04,0.04,0.04,0.13000000000000003,,True,0.116,0.074,0.0,0.2767,0.0,0.01,89.9,positional fallback,0.0,0.0021218657186201,0.0019721089976119,2.7050330449672813,0.0,,,,2.0,0.0,0.0,0.0,,,0.0,0.0,0.0,0.0,19.0,0.0,,,,,,0.1506897455710198,-0.0576312175215828,6,14,-0.3357978660576632,1872.0,251.0,15.0,1.5252296038761777,10.0,1.1669618261656498,0,4.0
Destan,Destan (HUL),Hull,FWD,4.5,0.4,500957,Enis Destan,HUL,False,Destan,True,0.18,0.1,0.04,0.02,0.0,0.02,0.02,0.02,0.02,0.02,0.02,0.02,0.02,0.0,0.0,0.0,0.0,0.0,0.0,0.0,0.0,-0.1,,True,0.18,0.0,0.0,0.1933,0.0,0.01,81.5,positional fallback,0.0,0.3429617781434363,0.0484810550629663,4.432345205189561,0.0,,,,,,,,,,,,,,,,0.0,1.0,,0.0,0.0,-0.4519100791990885,-0.454055750336764,20,20,-1.5007189863388086,1533.0,1001.0,1.26,2.241860660354812,13.5,0.876626488060625,1,4.5
Cartwright,Cartwright (HUL),Hull,GK,4.0,0.0,494950,Harvey Cartwright,HUL,False,Cartwright,True,0.16,0.08,0.04,0.01,0.0,0.02,0.01,0.02,0.02,0.01,0.02,0.03,0.01,0.0,0.0,0.0,0.0,0.0,0.0,0.0,0.0,-0.08,,True,0.096,0.064,0.0,0.25,0.0,0.01,89.9,positional fallback,0.0,0.0021218657186201,0.0019721089976119,2.7050330449672813,0.0,,,,,,,,,,,,,,,,,,,,,-0.4519100791990885,-0.454055750336764,20,20,-1.5007189863388086,1533.0,1001.0,1.26,2.241860660354812,13.5,0.876626488060625,1,4.0
Butland,Butland (HUL),Hull,GK,4.5,0.1,105666,Jack Butland,HUL,False,Butland,True,0.14,0.07,0.031111111111111114,0.01,0.01,0.01,0.01,0.01,0.02,0.01,0.02,0.03,0.01,0.0,0.0,0.0,0.0,0.0,0.0,0.0,0.0,-0.07,,True,0.09400000000000001,0.046,0.0,0.22479999999999997,0.0,0.01,89.9,positional fallback,0.0,0.002669626553417,0.00248121005022,2.7050330449672813,0.0,,,,,,,,,,,,,,,,,,,,,-0.4519100791990885,-0.454055750336764,20,20,-1.5007189863388086,1533.0,1001.0,1.26,2.241860660354812,13.5,0.876626488060625,1,4.5
Van Oevelen,Van Oevelen (IPS),Ipswich,GK,4.5,0.0,546600,Kayne van Oevelen,IPS,False,Van Oevelen,True,0.13,0.08,0.02888888888888889,0.02,0.0,0.02,0.01,0.02,0.01,0.01,0.02,0.02,0.01,0.03,0.006666666666666666,0.0,0.0,0.0,0.01,0.01,0.01,-0.05,,True,0.07600000000000001,0.054,0.0,0.22210000000000002,0.0,0.01,89.9,positional fallback,0.0,0.002669626553417,0.00248121005022,2.7050330449672813,0.0,,,,,,,,,,,,,,,,46.0,2.0,23.0,0.0,0.0,-0.2918528340454071,-0.2856043837956666,19,19,-1.3315882955947056,1640.0,1001.0,1.85,1.8535840736204665,13.0,0.9266892410460464,1,4.5
Lo-Tutala,Lo-Tutala (HUL),Hull,GK,4.0,0.0,444307,Thimothée Lo-Tutala,HUL,False,Lo-Tutala,True,0.08,0.04,0.02,0.01,0.0,0.01,0.0,0.01,0.01,0.0,0.01,0.01,0.01,0.0,0.0,0.0,0.0,0.0,0.0,0.0,0.0,-0.04,,True,0.063,0.017,0.0,0.1464,0.0,0.01,89.9,positional fallback,0.0,0.0021218657186201,0.0019721089976119,2.7050330449672813,0.0,,,,,,,,,,,,,,,,,,,,,-0.4519100791990885,-0.454055750336764,20,20,-1.5007189863388086,1533.0,1001.0,1.26,2.241860660354812,13.5,0.876626488060625,1,4.0
