player,pos,team,cost,own,gw,mean,solio,blended,src,sd,defcon_ev,cs_ev,p5,median,p95
Haaland,FWD,Man City,15.5,74.4,1,8.02,6.57,7.295,blend(w_ours=0.5),6.594,0.001,0.0,0.0,7.353,21.687
Mbeumo,MID,Man United,8.0,20.2,1,6.738,5.89,6.314,blend(w_ours=0.5),5.77,0.0,0.38,0.0,5.627,18.344
B.Fernandes,MID,Man United,12.0,48.6,1,6.666,6.68,6.673,blend(w_ours=0.5),5.634,0.027,0.378,0.0,5.627,18.344
Saka,MID,Arsenal,9.5,10.8,1,6.312,,6.312,model,6.322,0.025,0.426,0.0,3.0,18.344
Gabriel,DEF,Arsenal,8.0,26.5,1,5.676,5.96,5.818,blend(w_ours=0.5),4.359,0.296,2.24,0.0,6.358,13.254
Semenyo,MID,Man City,8.5,23.2,1,5.234,5.28,5.257,blend(w_ours=0.5),4.754,0.011,0.336,0.0,3.0,14.717
Cunha,MID,Man United,8.0,13.6,1,5.109,4.9,5.005,blend(w_ours=0.5),5.149,0.011,0.335,0.0,3.0,14.717
O'Reilly,DEF,Man City,6.5,22.5,1,5.063,4.54,4.801,blend(w_ours=0.5),5.194,0.08,1.325,0.0,2.0,15.792
Thiago,FWD,Brentford,8.0,16.1,1,5.041,4.61,4.826,blend(w_ours=0.5),4.845,0.029,0.0,0.0,2.0,12.707
Calafiori,DEF,Arsenal,5.5,16.8,1,4.663,4.55,4.606,blend(w_ours=0.5),4.784,0.147,1.678,0.0,2.0,13.254
Rice,MID,Arsenal,7.5,22.4,1,4.596,,4.596,model,3.86,0.129,0.52,0.0,3.0,11.985
Eze,MID,Arsenal,6.5,3.2,1,4.588,,4.588,model,5.109,0.001,0.374,0.0,3.0,15.717
Palmer,MID,Chelsea,9.5,11.7,1,4.579,5.21,4.895,blend(w_ours=0.5),4.655,0.001,0.205,0.0,2.0,14.717
Guéhi,DEF,Man City,6.0,23.5,1,4.579,,4.579,model,3.91,0.076,1.525,0.0,2.0,13.254
Cherki,MID,Man City,7.5,9.2,1,4.475,,4.475,model,5.152,0.067,0.214,0.0,2.0,14.717
Foden,MID,Man City,7.0,7.3,1,4.467,,4.467,model,4.876,0.009,0.254,0.0,2.0,14.717
Havertz,FWD,Arsenal,7.5,3.8,1,4.45,4.47,4.46,blend(w_ours=0.5),5.483,0.0,0.0,0.0,2.0,16.334
Tzolis,MID,Arsenal,6.5,2.3,1,4.393,,4.393,model,6.338,0.36,0.41,0.0,3.0,15.717
Raya,GK,Arsenal,6.0,31.0,1,4.313,4.55,4.431,blend(w_ours=0.5),2.598,0.0,2.449,1.0,5.51,6.51
Gvardiol,DEF,Man City,5.5,12.6,1,4.277,,4.277,model,4.268,0.004,1.331,0.0,2.0,13.254
Gyökeres,FWD,Arsenal,7.5,13.1,1,4.253,,4.253,model,4.934,0.003,0.0,0.0,2.0,12.707
Amad,MID,Man United,6.0,1.6,1,4.19,,4.19,model,4.838,0.013,0.264,0.0,2.0,14.717
Mosquera,DEF,Arsenal,5.5,15.7,1,4.163,5.53,4.847,blend(w_ours=0.5),3.939,0.599,1.605,0.0,4.0,10.896
Mukiele,DEF,Sunderland,5.5,7.5,1,4.158,,4.158,model,3.428,0.771,1.339,0.0,4.0,9.896
Gibbs-White,MID,Nott'm Forest,8.0,11.6,1,4.145,5.26,4.702,blend(w_ours=0.5),3.831,0.003,0.272,0.0,2.0,11.985
Hincapie,DEF,Arsenal,5.5,4.2,1,4.129,,4.129,model,4.063,0.5,1.607,0.0,3.0,11.985
Isak,FWD,Liverpool,9.0,11.4,1,4.103,4.79,4.447,blend(w_ours=0.5),4.455,0.0,0.0,0.0,2.0,12.707
Shaw,DEF,Man United,4.5,24.5,1,4.077,,4.077,model,3.381,0.319,1.566,0.0,3.0,9.985
Tarkowski,DEF,Everton,6.0,9.9,1,4.049,4.69,4.37,blend(w_ours=0.5),3.217,0.267,1.539,0.0,2.0,8.985
Ndiaye,MID,Everton,6.0,15.9,1,4.002,4.95,4.476,blend(w_ours=0.5),3.576,0.075,0.33,0.0,3.0,10.358
Schade,MID,Brentford,6.0,2.1,1,3.979,,3.979,model,4.463,0.005,0.24,0.0,2.0,14.717
Dalot,DEF,Man United,5.0,3.0,1,3.967,,3.967,model,3.908,0.047,1.361,0.0,2.0,12.523
Anderson,MID,Man City,6.5,12.0,1,3.965,,3.965,model,3.311,0.496,0.344,0.0,3.0,10.358
Enzo,MID,Chelsea,7.0,5.5,1,3.958,,3.958,model,3.814,0.011,0.235,0.0,2.0,11.985
João Pedro,FWD,Chelsea,7.5,54.9,1,3.924,4.54,4.232,blend(w_ours=0.5),3.951,0.0,0.0,0.0,2.0,12.707
Wirtz,MID,Liverpool,7.5,12.6,1,3.895,4.39,4.142,blend(w_ours=0.5),4.006,0.076,0.174,0.0,2.0,11.985
Groß,MID,Brighton,5.5,9.3,1,3.843,4.56,4.201,blend(w_ours=0.5),3.747,0.004,0.279,0.0,2.0,11.985
Szoboszlai,MID,Liverpool,7.0,46.5,1,3.792,4.6,4.196,blend(w_ours=0.5),3.442,0.078,0.19,0.0,2.0,10.254
Senesi,DEF,Tottenham,6.0,10.6,1,3.747,,3.747,model,2.984,1.162,0.739,0.0,3.0,8.896
Merino,MID,Arsenal,6.0,1.2,1,3.747,,3.747,model,5.031,0.031,0.258,0.0,2.0,15.612
Ballard,DEF,Sunderland,5.0,3.8,1,3.747,,3.747,model,3.556,0.857,1.094,0.0,3.0,9.031
O.Dango,MID,Brentford,6.5,1.4,1,3.72,,3.72,model,4.272,0.016,0.215,0.0,2.0,11.985
Thiaw,DEF,Newcastle,5.0,2.0,1,3.692,,3.692,model,3.684,0.762,0.815,0.0,3.0,10.896
Rogers,MID,Chelsea,7.5,28.8,1,3.679,,3.679,model,3.184,0.011,0.222,0.0,2.0,9.358
Doku,MID,Man City,7.5,6.4,1,3.643,,3.643,model,4.167,0.009,0.238,0.0,2.0,11.985
Alderete,DEF,Sunderland,5.0,1.1,1,3.591,,3.591,model,3.267,0.823,1.129,0.0,3.0,8.358
Maguire,DEF,Man United,5.0,8.7,1,3.588,4.75,4.169,blend(w_ours=0.5),3.586,0.151,1.324,0.0,2.0,9.985
Ødegaard,MID,Arsenal,6.5,2.9,1,3.56,,3.56,model,4.268,0.001,0.339,0.0,2.0,12.985
E.Le Fée,MID,Sunderland,6.0,12.8,1,3.546,4.43,3.988,blend(w_ours=0.5),2.912,0.433,0.303,0.0,3.0,9.358
Rashford,MID,Man United,7.0,1.4,1,3.543,,3.543,model,4.768,0.0,0.214,0.0,2.0,14.717
Calvert-Lewin,FWD,Leeds,6.0,24.1,1,3.541,,3.541,model,3.639,0.001,0.0,0.0,2.0,12.707
Watkins,FWD,Aston Villa,8.0,12.7,1,3.527,4.55,4.038,blend(w_ours=0.5),3.757,0.0,0.0,0.0,2.0,12.707
Collins,DEF,Brentford,5.5,2.0,1,3.523,,3.523,model,3.384,0.207,1.2,0.0,2.0,8.985
Lacroix,DEF,Chelsea,6.0,11.7,1,3.522,,3.522,model,3.142,0.48,1.042,0.0,2.0,8.896
Virgil,DEF,Liverpool,6.5,16.5,1,3.511,,3.511,model,3.191,0.465,0.949,0.0,2.0,8.896
Matheus N.,DEF,Man City,6.0,4.8,1,3.504,,3.504,model,3.453,0.057,1.273,0.0,2.0,9.985
Gakpo,MID,Liverpool,7.0,3.4,1,3.492,4.44,3.966,blend(w_ours=0.5),3.871,0.001,0.153,0.0,2.0,10.341
Bruno G.,MID,Newcastle,7.0,10.0,1,3.481,,3.481,model,3.138,0.007,0.207,0.0,2.0,9.358
N.Williams,DEF,Nott'm Forest,5.0,12.5,1,3.476,4.38,3.928,blend(w_ours=0.5),3.351,0.11,1.174,0.0,2.0,9.254
Kayode,DEF,Brentford,4.5,3.8,1,3.461,,3.461,model,3.199,0.232,1.226,0.0,2.0,8.896
Keane,DEF,Everton,5.0,1.6,1,3.427,,3.427,model,3.248,0.515,1.161,0.0,2.0,8.896
Wood,FWD,Nott'm Forest,6.0,1.8,1,3.387,,3.387,model,4.083,0.0,0.0,0.0,2.0,12.707
Lammens,GK,Man United,5.0,20.2,1,3.378,,3.378,model,2.475,0.0,1.712,0.0,2.0,6.51
Struijk,DEF,Brighton,5.0,0.5,1,3.375,,3.375,model,3.428,0.535,1.047,0.0,2.0,8.896
Van den Berg,DEF,Brentford,5.0,0.7,1,3.345,,3.345,model,3.423,0.202,1.145,0.0,2.0,8.896
Vuskovic,DEF,Brighton,5.0,2.9,1,3.328,,3.328,model,3.606,0.528,1.049,0.0,2.0,8.358
Milenković,DEF,Nott'm Forest,5.5,2.3,1,3.314,,3.314,model,2.966,0.143,1.274,0.0,2.0,8.358
F.Kadıoğlu,DEF,Brighton,4.5,2.9,1,3.306,,3.306,model,3.279,0.132,1.122,0.0,2.0,8.896
Xhaka,MID,Sunderland,5.5,5.6,1,3.297,,3.297,model,2.504,0.686,0.289,0.0,3.0,8.358
Ampadu,MID,Leeds,5.5,1.6,1,3.278,,3.278,model,2.525,0.836,0.186,0.0,3.0,8.627
Rúben,DEF,Man City,5.5,1.4,1,3.267,,3.267,model,3.291,0.027,1.313,0.0,2.0,8.896
Donnarumma,GK,Man City,5.5,11.0,1,3.249,,3.249,model,2.736,0.0,1.533,0.0,2.0,6.51
Sarr,MID,Crystal Palace,6.5,8.8,1,3.248,,3.248,model,3.507,0.001,0.197,0.0,2.0,9.358
Muñoz,DEF,Crystal Palace,5.5,11.6,1,3.238,,3.238,model,3.208,0.027,1.042,0.0,2.0,8.896
Pickford,GK,Everton,5.5,8.9,1,3.236,,3.236,model,2.494,0.0,1.548,0.0,2.0,6.51
Aït-Nouri,DEF,Man City,5.5,1.1,1,3.235,,3.235,model,3.86,0.001,1.066,0.0,2.0,9.985
O'Brien,DEF,Everton,5.0,0.5,1,3.18,,3.18,model,3.035,0.088,1.366,0.0,2.0,8.358
Zubimendi,MID,Arsenal,5.5,1.5,1,3.174,,3.174,model,3.408,0.119,0.407,0.0,3.0,9.358
Mykolenko,DEF,Everton,4.5,1.3,1,3.163,,3.163,model,2.787,0.045,1.348,0.0,2.0,6.358
Madueke,MID,Arsenal,6.5,0.4,1,3.157,,3.157,model,4.42,0.0,0.251,0.0,1.0,12.985
Mateta,FWD,Crystal Palace,6.5,6.8,1,3.112,,3.112,model,3.562,0.003,0.0,0.0,2.0,10.98
Hume,DEF,Sunderland,4.5,2.9,1,3.11,,3.11,model,3.198,0.215,1.075,0.0,2.0,8.896
Palestra,DEF,Chelsea,5.5,1.8,1,3.107,,3.107,model,3.659,0.526,0.841,0.0,2.0,8.896
Dewsbury-Hall,MID,Everton,6.5,3.8,1,3.094,4.47,3.782,blend(w_ours=0.5),3.144,0.155,0.275,0.0,2.0,9.358
Rodon,DEF,Leeds,4.5,1.8,1,3.049,,3.049,model,2.863,0.823,0.739,0.0,2.0,8.358
Aina,DEF,Nott'm Forest,4.5,4.4,1,3.044,,3.044,model,2.739,0.037,1.247,0.0,2.0,6.358
Roefs,GK,Sunderland,5.0,5.0,1,3.027,,3.027,model,2.462,0.0,1.443,0.0,2.0,6.51
Van Hecke,DEF,Tottenham,5.0,8.3,1,3.013,,3.013,model,2.827,0.511,0.763,0.0,2.0,8.358
Kelleher,GK,Brentford,5.0,5.6,1,2.986,,2.986,model,2.489,0.0,1.38,0.0,2.0,6.51
Mitchell,DEF,Crystal Palace,4.5,6.8,1,2.966,,2.966,model,2.761,0.108,1.053,0.0,2.0,7.896
Barnes,MID,Newcastle,6.0,1.2,1,2.965,,2.965,model,3.914,0.003,0.114,0.0,2.0,11.985
Iwobi,MID,Fulham,5.5,0.9,1,2.96,,2.96,model,2.845,0.007,0.21,0.0,2.0,8.358
Stach,MID,Leeds,6.0,1.2,1,2.953,,2.953,model,2.886,0.442,0.17,0.0,2.0,8.627
Martinelli,MID,Arsenal,6.5,0.3,1,2.947,,2.947,model,4.405,0.0,0.175,0.0,1.0,11.985
Richards,DEF,Crystal Palace,5.0,0.8,1,2.942,,2.942,model,2.928,0.389,0.921,0.0,2.0,8.358
Wilson,MID,Leeds,6.5,8.3,1,2.927,,2.927,model,3.159,0.013,0.174,0.0,2.0,9.254
Wissa,FWD,Newcastle,6.0,1.4,1,2.925,,2.925,model,4.068,0.0,0.0,0.0,1.0,12.707
Robinson,DEF,Fulham,4.5,2.6,1,2.897,,2.897,model,3.422,0.015,0.808,0.0,2.0,8.896
Chalobah,DEF,Chelsea,5.5,1.9,1,2.885,,2.885,model,2.999,0.323,0.876,0.0,2.0,8.358
Dunk,DEF,Brighton,4.5,0.8,1,2.885,,2.885,model,2.903,0.212,1.017,0.0,2.0,8.358
Neto,MID,Chelsea,6.5,1.3,1,2.885,,2.885,model,3.201,0.0,0.18,0.0,2.0,9.254
Martinez,DEF,Man United,5.0,0.6,1,2.881,,2.881,model,3.424,0.038,1.098,0.0,2.0,8.896
Šeško,FWD,Man United,7.0,2.6,1,2.877,,2.877,model,4.369,0.0,0.0,0.0,1.0,12.707
Masuaku,DEF,Sunderland,4.0,1.5,1,2.871,,2.871,model,3.641,0.411,1.027,0.0,2.0,8.358
Welbeck,FWD,Chelsea,6.0,2.7,1,2.871,,2.871,model,3.423,0.001,0.0,0.0,2.0,10.98
Wieffer,DEF,Brighton,5.0,0.3,1,2.864,,2.864,model,3.548,0.558,0.719,0.0,1.0,9.896
Damsgaard,MID,Brentford,5.5,0.7,1,2.848,,2.848,model,3.39,0.044,0.209,0.0,2.0,9.358
Verbruggen,GK,Brighton,4.5,17.0,1,2.838,,2.838,model,2.29,0.0,1.288,0.0,2.0,6.51
Manzambi,MID,Aston Villa,6.0,2.1,1,2.838,,2.838,model,3.738,0.249,0.183,0.0,2.0,9.358
Murillo,DEF,Nott'm Forest,5.5,0.2,1,2.838,,2.838,model,2.981,0.118,1.088,0.0,2.0,8.358
White,DEF,Arsenal,5.5,0.4,1,2.809,,2.809,model,3.827,0.018,1.133,0.0,1.0,9.985
Anthony,MID,Brentford,6.0,0.2,1,2.804,,2.804,model,3.438,0.138,0.198,0.0,2.0,9.358
Jacquet,DEF,Liverpool,5.0,1.6,1,2.799,,2.799,model,3.671,0.547,0.674,0.0,2.0,8.358
Tavernier,MID,Bournemouth,6.0,1.9,1,2.798,,2.798,model,2.975,0.044,0.093,0.0,2.0,8.358
Khusanov,DEF,Man City,5.5,2.0,1,2.792,,2.792,model,3.368,0.14,0.998,0.0,2.0,8.896
Truffert,DEF,Bournemouth,5.5,4.8,1,2.788,,2.788,model,2.62,0.893,0.474,0.0,2.0,7.919
Branthwaite,DEF,Everton,5.5,1.9,1,2.784,,2.784,model,2.887,0.004,1.159,0.0,2.0,6.358
Evanilson,FWD,Bournemouth,6.0,2.0,1,2.75,,2.75,model,3.133,0.0,0.0,0.0,2.0,7.353
Sels,GK,Nott'm Forest,5.0,1.4,1,2.748,,2.748,model,2.389,0.0,1.287,0.0,2.0,6.51
Gomez,MID,Brighton,5.0,1.8,1,2.748,,2.748,model,3.517,0.06,0.173,0.0,2.0,9.358
Estêvão,MID,Chelsea,6.5,1.7,1,2.742,,2.742,model,3.651,0.033,0.125,0.0,1.0,9.358
Muharemović,DEF,Leeds,5.0,1.4,1,2.736,,2.736,model,3.395,0.599,0.722,0.0,2.0,8.358
Fernandes,MID,Tottenham,6.0,3.3,1,2.732,,2.732,model,2.369,0.261,0.146,0.0,2.0,8.358
Pedro Porro,DEF,Tottenham,5.5,23.5,1,2.727,,2.727,model,2.839,0.203,0.718,0.0,2.0,8.358
Botman,DEF,Newcastle,5.0,0.4,1,2.717,,2.717,model,3.269,0.681,0.572,0.0,2.0,8.896
Yoro,DEF,Man United,5.0,0.7,1,2.71,,2.71,model,3.442,0.189,0.889,0.0,1.0,8.896
Cash,DEF,Aston Villa,4.5,7.8,1,2.688,,2.688,model,2.712,0.029,0.925,0.0,2.0,6.358
Sangaré,MID,Brentford,5.5,1.3,1,2.674,,2.674,model,3.74,0.183,0.214,0.0,2.0,9.358
Sessegnon,DEF,Fulham,4.5,0.4,1,2.661,,2.661,model,3.474,0.398,0.645,0.0,1.0,9.286
Rayan,MID,Bournemouth,6.5,3.5,1,2.658,,2.658,model,3.017,0.089,0.09,0.0,2.0,8.358
Hall,DEF,Newcastle,5.0,4.0,1,2.641,,2.641,model,2.977,0.062,0.734,0.0,2.0,8.896
Reinildo,DEF,Sunderland,4.5,0.5,1,2.64,,2.64,model,2.945,0.346,0.992,0.0,2.0,8.358
Bijol,DEF,Leeds,5.0,0.3,1,2.64,,2.64,model,2.967,0.829,0.609,0.0,2.0,8.358
Caicedo,MID,Chelsea,5.5,3.9,1,2.634,,2.634,model,2.026,0.127,0.235,0.0,2.0,6.627
Burn,DEF,Newcastle,5.0,2.7,1,2.628,,2.628,model,2.814,0.158,0.825,0.0,2.0,7.896
Konsa,DEF,Aston Villa,4.5,16.6,1,2.623,,2.623,model,2.539,0.03,0.962,0.0,2.0,6.358
Solanke,FWD,Tottenham,6.0,2.6,1,2.622,,2.622,model,3.265,0.0,0.0,0.0,2.0,7.353
Minteh,MID,Brighton,6.0,0.7,1,2.621,,2.621,model,3.218,0.014,0.172,0.0,2.0,9.358
Romero,DEF,Tottenham,5.0,1.1,1,2.616,,2.616,model,2.921,0.563,0.615,0.0,2.0,8.358
Van de Ven,DEF,Tottenham,5.0,6.8,1,2.614,,2.614,model,2.718,0.336,0.677,0.0,2.0,8.358
Hinshelwood,MID,Brighton,6.0,0.3,1,2.613,4.28,3.447,blend(w_ours=0.5),3.298,0.003,0.186,0.0,2.0,9.358
Ngumoha,MID,Liverpool,6.0,1.6,1,2.612,,2.612,model,3.651,0.03,0.089,0.0,1.0,9.358
Kusi-Asare,FWD,Fulham,4.5,7.8,1,2.609,,2.609,model,3.772,0.019,0.0,0.0,2.0,9.353
James,DEF,Chelsea,5.5,7.9,1,2.607,,2.607,model,3.046,0.142,0.777,0.0,2.0,8.358
Mac Allister,MID,Liverpool,5.5,1.9,1,2.607,,2.607,model,2.805,0.018,0.155,0.0,2.0,8.358
Bogle,DEF,Leeds,4.5,0.4,1,2.603,,2.603,model,2.991,0.377,0.684,0.0,2.0,8.358
Aaronson,MID,Leeds,5.5,0.8,1,2.6,,2.6,model,3.025,0.152,0.157,0.0,2.0,8.358
Reijnders,MID,Man City,6.0,0.4,1,2.599,,2.599,model,4.169,0.021,0.145,0.0,1.0,11.39
Scott,MID,Bournemouth,6.0,1.6,1,2.585,,2.585,model,2.542,0.479,0.079,0.0,2.0,8.358
Obi,FWD,Man United,4.5,1.2,1,2.577,,2.577,model,4.989,0.015,0.0,0.0,0.0,12.707
Munoz,MID,Liverpool,6.5,0.8,1,2.574,,2.574,model,4.073,0.265,0.127,0.0,2.0,9.358
Brobbey,FWD,Sunderland,6.0,18.7,1,2.567,,2.567,model,2.95,0.001,0.0,0.0,2.0,7.353
McGinn,MID,Aston Villa,5.5,2.7,1,2.564,,2.564,model,2.652,0.001,0.181,0.0,2.0,8.358
Bassey,DEF,Fulham,4.5,0.6,1,2.564,,2.564,model,2.758,0.082,0.914,0.0,2.0,7.358
Davis,DEF,Ipswich,4.0,4.0,1,2.564,,2.564,model,3.002,0.0,0.837,0.0,2.0,7.999
Woltemade,FWD,Newcastle,6.0,1.8,1,2.552,,2.552,model,3.468,0.011,0.0,0.0,2.0,9.254
Gravenberch,MID,Liverpool,6.0,1.9,1,2.546,,2.546,model,2.253,0.04,0.177,0.0,2.0,8.358
Beto,FWD,Everton,5.5,3.2,1,2.546,,2.546,model,3.437,0.001,0.0,0.0,1.0,7.353
Lewis-Potter,MID,Brentford,5.5,0.5,1,2.497,,2.497,model,2.98,0.0,0.191,0.0,2.0,8.358
Dorgu,MID,Man United,6.0,1.7,1,2.494,,2.494,model,3.245,0.019,0.214,0.0,2.0,9.358
Colwill,DEF,Chelsea,5.0,1.7,1,2.473,,2.473,model,2.781,0.0,0.88,0.0,2.0,6.358
Andrey Santos,MID,Man United,5.0,1.4,1,2.463,,2.463,model,3.505,0.145,0.161,0.0,1.0,9.358
J.Murphy,MID,Newcastle,6.0,0.2,1,2.456,,2.456,model,3.392,0.0,0.11,0.0,2.0,9.358
van Ewijk,DEF,Coventry,4.0,15.9,1,2.452,,2.452,model,2.329,1.046,0.375,0.0,2.0,7.358
Igor Jesus,FWD,Nott'm Forest,6.0,5.1,1,2.44,,2.44,model,2.977,0.008,0.0,0.0,2.0,7.353
De Cuyper,DEF,Brighton,4.5,1.3,1,2.435,,2.435,model,3.332,0.086,0.572,0.0,1.0,8.985
Okafor,MID,Leeds,6.0,0.7,1,2.433,,2.433,model,3.382,0.061,0.117,0.0,2.0,9.358
Canvot,DEF,Crystal Palace,5.0,0.6,1,2.417,,2.417,model,3.115,0.585,0.571,0.0,1.0,8.358
Tielemans,MID,Man United,6.0,0.9,1,2.415,,2.415,model,3.285,0.021,0.201,0.0,2.0,9.254
Martinez,GK,Aston Villa,5.0,4.8,1,2.408,,2.408,model,2.188,0.0,1.027,0.0,2.0,6.51
Targett,DEF,Hull,4.0,2.7,1,2.406,,2.406,model,2.806,1.122,0.308,0.0,2.0,7.896
Ajer,DEF,Brentford,4.5,1.6,1,2.398,,2.398,model,2.896,0.187,0.789,0.0,1.0,8.358
Leno,GK,Fulham,4.5,3.2,1,2.389,,2.389,model,2.235,0.0,0.989,0.0,2.0,6.51
Dowman,MID,Arsenal,5.5,0.2,1,2.386,,2.386,model,4.872,0.142,0.252,0.0,0.0,9.358
Sánchez,GK,Chelsea,5.0,2.0,1,2.384,,2.384,model,2.226,0.0,1.025,0.0,2.0,6.51
Savinho,MID,Man City,6.5,0.1,1,2.38,,2.38,model,3.798,0.001,0.106,0.0,1.0,9.358
Sadiki,MID,Sunderland,5.0,0.4,1,2.378,,2.378,model,2.157,0.15,0.26,0.0,2.0,6.627
Mazraoui,DEF,Man United,4.5,0.7,1,2.374,,2.374,model,2.962,0.027,0.902,0.0,1.0,6.358
Tonali,MID,Tottenham,5.5,4.1,1,2.372,,2.372,model,2.45,0.042,0.137,0.0,2.0,8.358
Meunier,DEF,Sunderland,4.5,0.5,1,2.366,,2.366,model,3.283,0.345,0.83,0.0,1.0,8.358
Jensen,MID,Brentford,5.5,0.1,1,2.359,,2.359,model,3.062,0.101,0.163,0.0,2.0,8.658
O'Shea,DEF,Ipswich,4.0,1.9,1,2.346,,2.346,model,2.644,0.0,0.92,0.0,2.0,6.358
N.Jackson,FWD,Chelsea,6.5,0.4,1,2.342,,2.342,model,3.605,0.0,0.0,0.0,1.0,10.98
Wharton,MID,Crystal Palace,5.5,0.3,1,2.342,,2.342,model,2.53,0.215,0.172,0.0,2.0,7.627
Frimpong,DEF,Liverpool,5.5,3.0,1,2.335,,2.335,model,3.109,0.035,0.613,0.0,1.0,8.254
Maddison,MID,Tottenham,6.5,1.9,1,2.333,,2.333,model,3.128,0.0,0.081,0.0,1.0,8.358
Yarmoliuk,MID,Brentford,5.0,1.5,1,2.328,,2.328,model,2.372,0.241,0.202,0.0,2.0,7.627
A.Becker,GK,Liverpool,5.5,4.1,1,2.323,,2.323,model,2.207,0.0,0.918,0.0,2.0,6.51
Reed,MID,Fulham,4.5,1.1,1,2.321,,2.321,model,3.432,0.24,0.166,0.0,2.0,8.358
Thomas,DEF,Coventry,4.0,8.7,1,2.319,,2.319,model,2.411,0.974,0.357,0.0,2.0,7.358
Gusto,DEF,Chelsea,5.0,1.1,1,2.313,,2.313,model,2.875,0.027,0.671,0.0,1.0,7.896
Osula,FWD,Newcastle,6.0,1.5,1,2.307,,2.307,model,3.234,0.001,0.0,0.0,1.0,7.353
Mainoo,MID,Man United,5.5,1.3,1,2.294,,2.294,model,2.673,0.05,0.229,0.0,2.0,8.358
Ayari,MID,Brighton,5.5,0.7,1,2.286,,2.286,model,2.739,0.079,0.179,0.0,2.0,8.358
Buendía,MID,Aston Villa,6.0,0.9,1,2.28,,2.28,model,3.044,0.055,0.089,0.0,1.0,8.358
Schär,DEF,Newcastle,5.0,0.2,1,2.273,,2.273,model,3.015,0.047,0.67,0.0,1.0,8.358
Amass,DEF,Man United,4.0,0.2,1,2.273,,2.273,model,4.011,0.311,0.806,0.0,0.0,8.358
Marmoush,FWD,Man City,7.0,0.7,1,2.266,,2.266,model,3.556,0.001,0.0,0.0,1.0,9.98
Grealish,MID,Man City,6.5,0.2,1,2.263,,2.263,model,3.532,0.042,0.142,0.0,1.0,9.358
Zirkzee,FWD,Man United,5.5,0.7,1,2.262,,2.262,model,3.46,0.0,0.0,0.0,1.0,9.254
A.García,DEF,Aston Villa,4.0,1.6,1,2.255,,2.255,model,2.887,0.371,0.662,0.0,1.0,7.896
Diop,DEF,Ipswich,4.0,19.1,1,2.248,,2.248,model,2.616,0.171,0.747,0.0,1.0,6.358
Hill,DEF,Bournemouth,5.5,1.2,1,2.247,,2.247,model,2.487,0.814,0.365,0.0,2.0,7.627
Palmer,GK,Ipswich,4.0,5.9,1,2.244,,2.244,model,3.598,0.0,0.761,0.0,1.0,6.51
Sangaré,MID,Nott'm Forest,5.0,0.6,1,2.238,,2.238,model,2.427,0.367,0.183,0.0,2.0,7.627
Kipré,DEF,Ipswich,4.0,0.4,1,2.235,,2.235,model,3.216,0.632,0.585,0.0,1.0,8.358
Furlong,DEF,Ipswich,4.0,0.4,1,2.214,,2.214,model,3.092,0.617,0.626,0.0,0.0,8.358
Gomes,MID,Aston Villa,5.5,0.3,1,2.196,,2.196,model,2.154,0.061,0.19,0.0,2.0,7.372
Kerkez,DEF,Liverpool,5.5,5.5,1,2.193,,2.193,model,2.578,0.025,0.706,0.0,1.0,6.358
Slater,MID,Hull,4.5,2.0,1,2.189,,2.189,model,2.654,0.215,0.07,0.0,2.0,8.358
Smith Rowe,MID,Fulham,5.5,0.4,1,2.185,,2.185,model,3.04,0.005,0.122,0.0,1.0,8.358
Richarlison,FWD,Tottenham,6.0,2.0,1,2.184,4.84,3.512,blend(w_ours=0.5),2.979,0.02,0.0,0.0,1.0,7.353
Burrowes,MID,Aston Villa,4.5,0.9,1,2.181,,2.181,model,3.078,0.223,0.16,0.0,2.0,8.358
Fletcher,MID,Man United,4.5,0.3,1,2.177,,2.177,model,4.638,0.132,0.191,0.0,0.0,9.358
Mount,MID,Man United,5.5,0.1,1,2.165,,2.165,model,3.496,0.025,0.096,0.0,1.0,9.254
Hjelde,DEF,Sunderland,4.0,0.3,1,2.161,,2.161,model,3.335,0.315,0.76,0.0,0.0,8.358
Garnacho,MID,Aston Villa,6.0,1.0,1,2.156,,2.156,model,2.983,0.0,0.105,0.0,1.0,8.358
Crooks,MID,Hull,4.5,0.7,1,2.132,,2.132,model,2.984,0.176,0.059,0.0,2.0,8.358
G.Jesus,FWD,Arsenal,6.0,0.4,1,2.132,,2.132,model,3.619,0.0,0.0,0.0,1.0,9.254
Tete,DEF,Fulham,4.5,0.2,1,2.111,,2.111,model,2.809,0.105,0.665,0.0,1.0,7.896
Hutchinson,MID,Nott'm Forest,5.5,0.2,1,2.109,,2.109,model,2.677,0.006,0.16,0.0,2.0,8.358
Nedeljkovic,DEF,Aston Villa,4.0,0.6,1,2.106,,2.106,model,3.13,0.386,0.597,0.0,1.0,8.358
Barry,FWD,Everton,5.5,0.9,1,2.106,,2.106,model,2.984,0.0,0.0,0.0,1.0,7.353
O'Nien,DEF,Sunderland,4.0,2.4,1,2.101,,2.101,model,2.798,0.175,0.725,0.0,1.0,7.896
Kluivert,MID,Bournemouth,6.0,1.1,1,2.091,,2.091,model,2.643,0.0,0.066,0.0,2.0,8.358
Diarra,MID,Sunderland,5.5,0.1,1,2.09,,2.09,model,3.181,0.015,0.152,0.0,1.0,9.358
Fredricson,DEF,Man United,4.0,0.1,1,2.082,,2.082,model,3.572,0.325,0.699,0.0,0.0,8.358
Justin,DEF,Leeds,4.5,0.5,1,2.07,,2.07,model,2.634,0.089,0.61,0.0,1.0,6.896
Hudson-Odoi,MID,Nott'm Forest,6.0,0.0,1,2.066,,2.066,model,2.656,0.001,0.163,0.0,1.0,8.358
Lewis,DEF,Man City,4.5,0.2,1,2.063,,2.063,model,3.103,0.001,0.603,0.0,1.0,8.896
Olusesi,MID,Tottenham,4.5,0.9,1,2.06,,2.06,model,2.79,0.223,0.106,0.0,2.0,8.358
Berge,MID,Fulham,5.0,0.4,1,2.054,,2.054,model,2.032,0.063,0.183,0.0,2.0,6.627
A.Murphy,DEF,Newcastle,4.0,0.8,1,2.044,,2.044,model,3.094,0.388,0.539,0.0,1.0,7.896
Digne,DEF,Aston Villa,4.5,1.4,1,2.039,,2.039,model,2.703,0.01,0.599,0.0,1.0,6.358
Hughes,DEF,Hull,4.0,0.9,1,2.029,,2.029,model,2.573,0.943,0.25,0.0,2.0,7.358
Fábio Vieira,MID,Arsenal,5.5,0.0,1,2.028,,2.028,model,4.201,0.124,0.226,0.0,0.0,9.358
Pope,GK,Newcastle,5.0,1.1,1,2.018,,2.018,model,2.113,0.0,0.807,0.0,2.0,6.51
Egan,DEF,Hull,4.0,1.2,1,2.01,,2.01,model,2.434,0.986,0.264,0.0,2.0,7.358
Elanga,MID,Newcastle,6.0,0.7,1,2.005,,2.005,model,2.707,0.0,0.103,0.0,1.0,8.358
Danso,DEF,Tottenham,5.0,0.2,1,2.003,,2.003,model,2.498,0.59,0.417,0.0,1.0,7.358
Yates,MID,Nott'm Forest,4.5,7.1,1,1.998,,1.998,model,2.413,0.006,0.155,0.0,1.0,8.358
Delap,FWD,Chelsea,5.5,0.5,1,1.997,,1.997,model,2.807,0.0,0.0,0.0,1.0,7.353
Wilson,FWD,Brentford,5.5,0.4,1,1.997,,1.997,model,3.002,0.0,0.0,0.0,1.0,7.353
C.Jones,MID,Liverpool,5.5,0.1,1,1.995,,1.995,model,2.774,0.083,0.087,0.0,1.0,8.358
Awoniyi,FWD,Nott'm Forest,5.5,0.4,1,1.99,,1.99,model,2.741,0.001,0.0,0.0,1.0,7.353
Yeremy,MID,Crystal Palace,5.5,0.2,1,1.978,,1.978,model,2.703,0.072,0.122,0.0,1.0,8.358
Bendito Mantato,MID,Man United,4.5,0.2,1,1.977,,1.977,model,3.765,0.126,0.189,0.0,0.0,9.254
Hato,DEF,Chelsea,4.5,1.0,1,1.97,,1.97,model,2.582,0.27,0.522,0.0,1.0,7.358
Florentino,MID,Ipswich,5.0,0.0,1,1.967,,1.967,model,2.249,0.615,0.13,0.0,1.0,5.0
Spence,DEF,Tottenham,4.5,9.0,1,1.965,,1.965,model,2.466,0.072,0.555,0.0,1.0,6.358
Collyer,MID,Man United,5.0,0.0,1,1.961,,1.961,model,4.554,0.135,0.15,0.0,0.0,9.358
Alleyne,DEF,Man City,5.0,0.0,1,1.956,,1.956,model,3.775,0.2,0.635,0.0,0.0,8.358
Lukić,MID,Fulham,5.0,0.1,1,1.95,,1.95,model,2.451,0.033,0.137,0.0,2.0,8.358
Dubravka,GK,Tottenham,4.0,23.3,1,1.948,,1.948,model,2.081,0.0,0.75,0.0,1.0,6.51
García,FWD,Fulham,6.0,1.4,1,1.948,,1.948,model,3.651,0.014,0.0,0.0,0.0,7.353
Brooks,MID,Bournemouth,5.0,0.2,1,1.943,,1.943,model,2.948,0.012,0.03,0.0,1.0,8.358
Touré,MID,Newcastle,6.0,0.2,1,1.941,,1.941,model,3.748,0.2,0.093,0.0,0.0,8.358
Maatsen,DEF,Aston Villa,4.5,0.6,1,1.939,,1.939,model,2.733,0.057,0.482,0.0,1.0,7.896
Lacey,MID,Man United,5.0,0.1,1,1.937,,1.937,model,4.114,0.126,0.163,0.0,0.0,9.358
Janelt,MID,Brentford,5.0,0.1,1,1.932,,1.932,model,2.476,0.04,0.156,0.0,1.5,8.358
Svoboda,DEF,Brighton,5.0,0.1,1,1.932,,1.932,model,3.329,0.263,0.638,0.0,0.0,8.358
Aznou,DEF,Everton,4.0,0.2,1,1.924,,1.924,model,3.034,0.251,0.718,0.0,0.0,8.358
Hackney,MID,Everton,5.5,0.3,1,1.923,,1.923,model,3.516,0.121,0.178,0.0,0.0,8.358
McAteer,MID,Ipswich,4.5,1.6,1,1.892,,1.892,model,2.406,0.001,0.13,0.0,2.0,7.358
Steele,GK,Brighton,4.0,4.5,1,1.891,,1.891,model,2.349,0.0,0.89,0.0,1.0,6.51
Bobb,MID,Fulham,5.5,0.4,1,1.887,,1.887,model,2.677,0.063,0.086,0.0,1.0,8.358
Ajayi,DEF,Hull,4.0,0.7,1,1.885,,1.885,model,2.553,0.895,0.222,0.0,1.0,7.358
Giles,DEF,Hull,4.0,0.6,1,1.883,,1.883,model,2.723,0.854,0.273,0.0,1.0,7.358
Bentancur,MID,Tottenham,5.5,0.1,1,1.882,,1.882,model,2.088,0.242,0.099,0.0,2.0,5.627
Hughes,MID,Crystal Palace,4.5,11.1,1,1.877,,1.877,model,1.97,0.017,0.149,0.0,2.0,5.627
Furo,FWD,Brentford,4.5,0.9,1,1.867,,1.867,model,3.765,0.016,0.0,0.0,0.0,7.353
Muniz,FWD,Fulham,5.5,0.7,1,1.864,,1.864,model,2.589,0.0,0.0,0.0,1.0,7.353
Nwaneri,MID,Arsenal,5.5,0.0,1,1.856,,1.856,model,3.048,0.001,0.094,0.0,1.0,7.403
Georginio,FWD,Brighton,5.5,0.8,1,1.856,,1.856,model,2.538,0.006,0.0,0.0,1.0,7.353
N.Gonzalez,MID,Man City,5.5,0.1,1,1.854,,1.854,model,2.606,0.195,0.167,0.0,1.0,7.372
Heaven,DEF,Man United,4.5,0.3,1,1.854,,1.854,model,2.972,0.241,0.596,0.0,1.0,8.358
O.Richards,DEF,Nott'm Forest,4.0,0.2,1,1.852,,1.852,model,3.121,0.29,0.644,0.0,0.0,8.358
Meslier,GK,Arsenal,5.0,0.1,1,1.848,,1.848,model,3.153,0.0,1.03,0.0,0.0,6.51
Greaves,DEF,Ipswich,4.0,0.5,1,1.848,,1.848,model,2.63,0.004,0.694,0.0,1.0,6.358
Strand Larsen,FWD,Crystal Palace,6.0,0.6,1,1.847,,1.847,model,2.259,0.0,0.0,0.0,2.0,7.353
Bindon,DEF,Nott'm Forest,4.0,0.2,1,1.843,,1.843,model,2.992,0.294,0.597,0.0,0.0,8.358
Kinsky,GK,Tottenham,4.5,19.2,1,1.838,,1.838,model,2.2,0.0,0.706,0.0,1.0,6.51
Abbott,DEF,Nott'm Forest,4.0,0.2,1,1.837,,1.837,model,3.009,0.273,0.623,0.0,0.0,8.358
Tel,MID,Tottenham,6.0,0.4,1,1.836,,1.836,model,2.564,0.013,0.064,0.0,1.0,8.358
Kudus,MID,Tottenham,6.5,0.2,1,1.835,,1.835,model,2.6,0.003,0.096,0.0,2.0,8.358
Kamada,MID,Crystal Palace,5.0,0.3,1,1.832,,1.832,model,2.189,0.075,0.131,0.0,2.0,6.627
Nmecha,FWD,Leeds,5.5,0.6,1,1.829,,1.829,model,2.539,0.001,0.0,0.0,1.0,7.353
Disasi,DEF,Chelsea,4.5,0.1,1,1.828,,1.828,model,2.62,0.0,0.661,0.0,1.0,6.358
Mings,DEF,Aston Villa,4.5,0.2,1,1.814,,1.814,model,2.664,0.07,0.54,0.0,1.0,6.358
Maeda,MID,Ipswich,5.5,0.4,1,1.814,,1.814,model,2.842,0.147,0.146,0.0,2.0,8.358
Vitor Reis,DEF,Man City,4.5,0.0,1,1.813,,1.813,model,3.739,0.19,0.568,0.0,0.0,8.358
J.Ramsey,MID,Newcastle,5.0,0.4,1,1.812,,1.812,model,2.352,0.027,0.104,0.0,1.0,7.358
Pau,DEF,Aston Villa,4.5,0.3,1,1.811,,1.811,model,2.463,0.022,0.609,0.0,1.0,6.358
Castagne,DEF,Fulham,4.5,0.2,1,1.81,,1.81,model,2.554,0.047,0.545,0.0,1.0,6.358
Ramsay,DEF,Liverpool,4.0,0.2,1,1.808,,1.808,model,3.263,0.446,0.437,0.0,0.0,8.358
Destan,FWD,Hull,4.5,2.5,1,1.804,,1.804,model,2.692,0.015,0.0,0.0,2.0,7.353
Joelinton,MID,Newcastle,5.5,0.0,1,1.803,,1.803,model,2.557,0.057,0.115,0.0,1.0,8.358
Ndoye,MID,Nott'm Forest,5.5,0.5,1,1.8,,1.8,model,2.438,0.072,0.118,0.0,1.0,7.627
Johnson,MID,Crystal Palace,6.0,0.1,1,1.796,,1.796,model,2.474,0.003,0.11,0.0,1.0,8.358
Kovačić,MID,Man City,5.5,0.0,1,1.788,,1.788,model,2.951,0.0,0.115,0.0,1.0,8.358
Chiesa,MID,Liverpool,5.5,0.2,1,1.785,,1.785,model,2.829,0.038,0.028,0.0,1.0,7.358
Howell,MID,Brighton,4.5,0.3,1,1.784,,1.784,model,3.068,0.169,0.148,0.0,0.0,8.358
Adams,MID,Bournemouth,5.0,0.7,1,1.779,,1.779,model,1.805,0.123,0.067,0.0,2.0,5.0
Schuster,DEF,Brentford,4.5,0.1,1,1.772,,1.772,model,3.268,0.257,0.565,0.0,0.0,8.358
Vicario,GK,Tottenham,4.5,1.5,1,1.766,,1.766,model,2.046,0.0,0.642,0.0,1.0,6.51
Robertson,DEF,Tottenham,4.5,1.9,1,1.765,,1.765,model,2.466,0.006,0.392,0.0,1.0,6.358
J.Fletcher,MID,Man United,5.0,0.0,1,1.762,,1.762,model,3.844,0.125,0.16,0.0,0.0,8.358
Scarlett,FWD,Tottenham,4.5,1.7,1,1.757,,1.757,model,3.075,0.015,0.0,0.0,0.0,7.353
Monga,MID,Man City,5.0,0.0,1,1.756,,1.756,model,4.022,0.124,0.134,0.0,0.0,8.358
Isidor,FWD,Sunderland,5.5,1.2,1,1.746,,1.746,model,2.488,0.001,0.0,0.0,1.0,7.353
Walle Egeli,FWD,Ipswich,4.5,2.1,1,1.743,,1.743,model,2.914,0.017,0.0,0.0,2.0,7.353
Oriola,MID,Brighton,4.5,0.2,1,1.735,,1.735,model,3.254,0.167,0.138,0.0,0.0,8.358
Souza,DEF,Tottenham,4.0,0.3,1,1.733,,1.733,model,2.8,0.455,0.407,0.0,0.0,7.358
Seelt,DEF,Sunderland,4.5,0.0,1,1.733,,1.733,model,3.05,0.269,0.569,0.0,0.0,7.896
Coyle,DEF,Hull,4.0,0.5,1,1.733,,1.733,model,2.517,0.809,0.244,0.0,0.0,7.358
Wright,FWD,Coventry,5.5,1.8,1,1.732,,1.732,model,2.574,0.016,0.0,0.0,2.0,7.353
Ji-soo,DEF,Brentford,4.5,0.0,1,1.731,,1.731,model,3.181,0.235,0.548,0.0,0.0,8.358
Belloumi,MID,Hull,5.0,0.5,1,1.729,,1.729,model,2.629,0.156,0.053,0.0,2.0,8.358
Neave,FWD,Newcastle,4.5,0.7,1,1.727,,1.727,model,3.354,0.015,0.0,0.0,0.0,7.353
Kamara,MID,Aston Villa,5.0,0.1,1,1.727,,1.727,model,1.905,0.027,0.154,0.0,2.0,5.627
McNeil,MID,Everton,5.5,0.1,1,1.725,,1.725,model,2.479,0.014,0.13,0.0,1.0,7.358
Arrizabalaga,GK,Arsenal,5.0,0.1,1,1.716,,1.716,model,2.731,0.0,0.97,0.0,0.0,6.51
Elliott,MID,Liverpool,5.5,0.1,1,1.712,,1.712,model,2.353,0.012,0.028,0.0,1.0,7.358
Adingra,MID,Sunderland,5.0,0.3,1,1.687,,1.687,model,2.278,0.003,0.111,0.0,1.0,7.358
Steur,MID,Newcastle,5.0,0.1,1,1.679,,1.679,model,3.4,0.197,0.097,0.0,0.0,8.358
P.M.Sarr,MID,Tottenham,5.0,0.4,1,1.679,,1.679,model,2.245,0.051,0.075,0.0,1.0,7.358
Mukasa,MID,Man City,4.5,0.1,1,1.679,,1.679,model,3.41,0.126,0.145,0.0,0.0,8.358
McConnell,MID,Liverpool,4.5,0.2,1,1.676,,1.676,model,2.935,0.156,0.102,0.0,0.0,8.358
Echeverri,MID,Man City,5.0,0.0,1,1.661,,1.661,model,3.501,0.129,0.136,0.0,0.0,8.358
Talbi,MID,Sunderland,5.5,0.2,1,1.661,,1.661,model,2.402,0.013,0.134,0.0,1.0,7.358
M.Sarr,DEF,Chelsea,4.5,0.1,1,1.66,,1.66,model,3.028,0.297,0.475,0.0,0.0,7.358
Morato,DEF,Nott'm Forest,5.0,0.1,1,1.659,,1.659,model,2.462,0.169,0.463,0.0,1.0,7.358
George Hemmings,MID,Aston Villa,4.5,0.3,1,1.658,,1.658,model,2.763,0.177,0.112,0.0,0.0,5.627
Nketiah,FWD,Crystal Palace,5.5,0.5,1,1.656,,1.656,model,2.237,0.001,0.0,0.0,1.0,6.403
Yohanna,MID,Brighton,5.0,0.1,1,1.651,,1.651,model,3.229,0.167,0.126,0.0,0.0,8.358
Barkley,MID,Aston Villa,5.0,0.2,1,1.649,,1.649,model,2.296,0.015,0.06,0.0,1.0,7.358
Tanaka,MID,Leeds,5.0,0.3,1,1.646,,1.646,model,2.399,0.171,0.076,0.0,1.0,7.358
Schlager,MID,Nott'm Forest,5.0,0.1,1,1.644,,1.644,model,3.279,0.153,0.132,0.0,0.0,8.358
Coppola,DEF,Brighton,4.5,0.0,1,1.643,,1.643,model,3.086,0.291,0.501,0.0,0.0,8.358
Nørgaard,MID,Everton,5.0,0.5,1,1.639,,1.639,model,2.396,0.0,0.163,0.0,1.0,8.358
Henry,DEF,Brentford,4.5,0.2,1,1.632,,1.632,model,2.241,0.042,0.487,0.0,1.0,6.358
D.Essugo,MID,Chelsea,4.5,0.2,1,1.632,,1.632,model,2.925,0.157,0.11,0.0,0.0,8.358
McBurnie,FWD,Hull,5.5,1.7,1,1.632,,1.632,model,2.692,0.012,0.0,0.0,2.0,7.353
Gallagher,MID,Tottenham,5.5,0.2,1,1.629,,1.629,model,2.227,0.199,0.083,0.0,1.0,5.627
Darlow,GK,Man United,4.5,0.1,1,1.624,,1.624,model,2.556,0.0,0.812,0.0,0.0,6.51
Palacios,MID,Fulham,5.5,0.1,1,1.624,,1.624,model,3.153,0.151,0.097,0.0,0.0,8.358
Lucky,DEF,Liverpool,4.0,0.1,1,1.624,,1.624,model,2.842,0.387,0.421,0.0,0.0,7.358
Costinha,DEF,Brighton,4.5,0.0,1,1.617,,1.617,model,2.945,0.239,0.526,0.0,0.0,7.896
Nelson,MID,Arsenal,5.5,0.0,1,1.617,,1.617,model,3.06,0.025,0.051,0.0,1.0,7.358
Núñez,MID,Ipswich,5.0,0.2,1,1.608,,1.608,model,2.838,0.131,0.123,0.0,0.0,8.358
Udogie,DEF,Tottenham,4.5,0.4,1,1.603,,1.603,model,2.205,0.03,0.466,0.0,1.0,6.358
Enes Ünal,FWD,Bournemouth,5.5,0.2,1,1.603,,1.603,model,2.069,0.003,0.0,0.0,1.0,6.353
King,MID,Fulham,5.5,0.1,1,1.602,,1.602,model,2.305,0.057,0.069,0.0,1.0,7.358
Andrews,MID,Coventry,4.5,0.7,1,1.594,,1.594,model,1.878,0.177,0.06,0.0,2.0,4.0
Alcaraz,MID,Everton,5.0,0.1,1,1.591,,1.591,model,2.413,0.019,0.094,0.0,1.0,7.358
Carvalho,MID,Brentford,5.0,0.0,1,1.586,,1.586,model,2.418,0.002,0.008,0.0,1.0,7.358
Dasilva,MID,Brentford,5.0,0.0,1,1.586,,1.586,model,3.062,0.155,0.125,0.0,0.0,8.358
Hirst,FWD,Ipswich,5.0,0.4,1,1.58,,1.58,model,2.168,0.0,0.0,0.0,1.0,6.353
Piroe,FWD,Leeds,5.0,0.5,1,1.576,,1.576,model,3.131,0.008,0.0,0.0,0.0,7.353
Nyoni,MID,Liverpool,5.0,0.1,1,1.576,,1.576,model,3.152,0.129,0.083,0.0,0.0,8.358
Adli,MID,Bournemouth,5.0,0.2,1,1.573,,1.573,model,2.246,0.127,0.029,0.0,1.0,7.358
Bamba,MID,Newcastle,5.0,0.1,1,1.569,,1.569,model,3.018,0.202,0.082,0.0,0.0,8.358
Lerma,MID,Crystal Palace,5.0,0.1,1,1.568,,1.568,model,1.825,0.073,0.122,0.0,1.0,5.0
Livramento,DEF,Newcastle,5.0,0.1,1,1.567,,1.567,model,2.41,0.007,0.478,0.0,1.0,6.358
Koumas,MID,Liverpool,5.0,0.0,1,1.562,,1.562,model,3.174,0.174,0.094,0.0,0.0,8.358
Dominguez,MID,Nott'm Forest,5.0,0.1,1,1.559,,1.559,model,2.08,0.028,0.099,0.0,1.0,5.627
Kevin,MID,Fulham,5.5,0.1,1,1.556,,1.556,model,2.029,0.049,0.059,0.0,1.0,6.627
Dowell,MID,Hull,4.5,0.5,1,1.549,,1.549,model,2.385,0.143,0.053,0.0,2.0,4.05
Jair Cunha,DEF,Nott'm Forest,4.5,0.4,1,1.547,,1.547,model,2.469,0.154,0.449,0.0,1.0,6.358
Kostoulas,FWD,Brighton,5.5,0.3,1,1.544,,1.544,model,2.426,0.019,0.0,0.0,1.0,6.353
Kalimuendo,FWD,Nott'm Forest,5.5,0.1,1,1.544,,1.544,model,3.419,0.012,0.0,0.0,0.0,7.353
George,MID,Everton,5.5,0.1,1,1.529,,1.529,model,2.189,0.012,0.047,0.0,1.0,7.358
Trafford,GK,Leeds,5.0,1.9,1,1.528,,1.528,model,2.184,0.0,0.612,0.0,1.0,6.51
Quenda,MID,Chelsea,5.5,0.1,1,1.526,,1.526,model,3.02,0.145,0.1,0.0,0.0,8.358
Iroegbunam,MID,Everton,5.0,0.1,1,1.523,,1.523,model,1.968,0.171,0.128,0.0,1.0,5.0
Barco,MID,Chelsea,5.5,0.0,1,1.506,,1.506,model,3.256,0.156,0.103,0.0,0.0,6.627
Anselmino,DEF,Chelsea,4.5,0.0,1,1.506,,1.506,model,2.928,0.241,0.445,0.0,0.0,6.919
Cook,MID,Bournemouth,5.0,0.1,1,1.505,,1.505,model,1.792,0.018,0.053,0.0,1.0,5.627
Clarke,MID,Ipswich,5.5,0.3,1,1.501,,1.501,model,1.969,0.0,0.072,0.0,1.0,5.627
Willock,MID,Newcastle,5.0,0.1,1,1.5,,1.5,model,2.128,0.017,0.058,0.0,1.0,6.627
Cardines,DEF,Crystal Palace,4.5,0.0,1,1.492,,1.492,model,2.589,0.267,0.452,0.0,0.0,6.919
Tosin,DEF,Chelsea,4.5,0.2,1,1.491,,1.491,model,2.343,0.12,0.375,0.0,1.0,6.358
Mundle,MID,Sunderland,5.0,0.0,1,1.49,,1.49,model,1.811,0.027,0.034,0.0,1.0,6.627
Gittens,MID,Chelsea,6.0,0.1,1,1.49,,1.49,model,2.021,0.019,0.035,0.0,1.0,7.358
Mheuka,FWD,Chelsea,4.5,0.4,1,1.489,,1.489,model,3.082,0.014,0.0,0.0,0.0,7.353
Philogene,MID,Ipswich,5.5,0.2,1,1.48,,1.48,model,2.167,0.001,0.061,0.0,1.0,7.358
Soler,DEF,Bournemouth,4.0,0.6,1,1.479,,1.479,model,2.54,0.395,0.28,0.0,0.0,6.358
Akpom,FWD,Ipswich,5.0,0.5,1,1.474,,1.474,model,2.818,0.013,0.0,0.0,0.0,7.353
Mingueza,DEF,Crystal Palace,4.5,0.1,1,1.47,,1.47,model,2.531,0.249,0.477,0.0,0.0,6.358
Phillips,DEF,Tottenham,4.5,0.1,1,1.465,,1.465,model,2.731,0.381,0.318,0.0,0.0,7.358
Amenda,DEF,Coventry,4.0,0.5,1,1.465,,1.465,model,2.285,0.611,0.221,0.0,0.0,5.358
Mehmeti,MID,Ipswich,5.0,0.1,1,1.464,,1.464,model,2.919,0.116,0.112,0.0,0.0,5.627
Abraham,FWD,Aston Villa,5.5,0.1,1,1.458,,1.458,model,2.042,0.001,0.0,0.0,1.0,6.353
Byfield,DEF,Tottenham,4.0,0.1,1,1.457,,1.457,model,2.528,0.383,0.346,0.0,0.0,6.358
Davies,DEF,Tottenham,4.0,0.8,1,1.455,,1.455,model,2.313,0.015,0.357,0.0,1.0,6.358
Dasilva,DEF,Coventry,4.0,0.5,1,1.449,,1.449,model,2.206,0.623,0.202,0.0,0.0,5.358
Sosa,DEF,Crystal Palace,4.5,0.0,1,1.448,,1.448,model,2.664,0.253,0.461,0.0,0.0,7.358
Emersonn,FWD,Ipswich,5.5,0.3,1,1.438,,1.438,model,2.793,0.012,0.0,0.0,0.0,7.353
Longstaff,MID,Leeds,5.0,0.2,1,1.436,,1.436,model,1.993,0.037,0.062,0.0,1.0,5.627
Rodríguez,FWD,Bournemouth,6.0,0.3,1,1.435,,1.435,model,2.896,0.023,0.0,0.0,0.0,7.353
Szmodics,MID,Ipswich,5.0,0.1,1,1.434,,1.434,model,2.411,0.001,0.076,0.0,1.0,8.358
Buonanotte,MID,Brighton,5.0,0.1,1,1.433,,1.433,model,2.377,0.0,0.065,0.0,1.0,7.358
Bailey,MID,Aston Villa,5.5,0.1,1,1.426,,1.426,model,2.19,0.005,0.052,0.0,1.0,5.627
Moore,MID,Tottenham,5.0,0.1,1,1.425,,1.425,model,2.649,0.143,0.082,0.0,0.0,5.627
Heaton,GK,Man United,4.0,0.3,1,1.421,,1.421,model,3.385,0.0,0.719,0.0,0.0,6.51
Petrović,GK,Bournemouth,4.5,3.7,1,1.421,,1.421,model,1.796,0.0,0.467,0.0,1.0,5.51
Rowswell,DEF,Tottenham,4.0,0.1,1,1.415,,1.415,model,2.763,0.371,0.301,0.0,0.0,6.919
Iling Jr,MID,Aston Villa,5.0,0.0,1,1.407,,1.407,model,2.601,0.14,0.102,0.0,0.0,5.627
Hickey,DEF,Brentford,4.5,0.1,1,1.405,,1.405,model,2.172,0.097,0.291,0.0,1.0,6.358
Travers,GK,Everton,5.0,0.1,1,1.404,,1.404,model,2.297,0.0,0.682,0.0,0.0,6.51
Tsimikas,DEF,Liverpool,5.0,0.1,1,1.402,,1.402,model,2.428,0.008,0.227,0.0,1.0,6.358
Doucouré,MID,Crystal Palace,5.0,0.1,1,1.401,,1.401,model,2.486,0.151,0.106,0.0,0.0,5.0
Gannon-Doak,MID,Bournemouth,5.0,0.1,1,1.398,,1.398,model,2.54,0.154,0.052,0.0,0.0,5.031
Jocelin.T,MID,Sunderland,5.0,0.0,1,1.394,,1.394,model,2.908,0.116,0.123,0.0,0.0,5.031
Guessand,MID,Aston Villa,5.5,0.0,1,1.393,,1.393,model,1.997,0.064,0.052,0.0,1.0,5.627
Gray,MID,Tottenham,5.0,0.2,1,1.389,,1.389,model,1.657,0.011,0.075,0.0,1.0,3.0
Drakes-Thomas,MID,Crystal Palace,4.5,0.1,1,1.389,,1.389,model,2.539,0.153,0.107,0.0,0.0,5.0
Silva,DEF,Bournemouth,5.0,0.2,1,1.385,,1.385,model,2.647,0.411,0.235,0.0,0.0,6.358
McAtee,MID,Nott'm Forest,5.5,0.1,1,1.384,,1.384,model,2.384,0.024,0.035,0.0,1.0,7.358
Esse,MID,Crystal Palace,5.0,0.1,1,1.381,,1.381,model,2.302,0.159,0.11,0.0,0.0,5.0
Alysson,MID,Aston Villa,5.0,0.0,1,1.373,,1.373,model,2.682,0.133,0.092,0.0,0.0,5.0
Patterson,GK,Sunderland,4.0,1.0,1,1.372,,1.372,model,2.23,0.0,0.657,0.0,0.0,6.51
Mason-Clark,MID,Coventry,5.5,0.3,1,1.366,,1.366,model,2.111,0.146,0.044,0.0,0.0,4.0
Bergvall,MID,Tottenham,5.5,0.2,1,1.366,,1.366,model,1.925,0.009,0.051,0.0,1.0,4.627
J.Cuenca,DEF,Fulham,4.5,0.0,1,1.365,,1.365,model,2.332,0.222,0.352,0.0,0.0,6.358
Gomez,DEF,Liverpool,5.0,0.1,1,1.359,,1.359,model,2.163,0.067,0.211,0.0,1.0,6.358
Ogbene,MID,Ipswich,5.0,0.0,1,1.353,,1.353,model,2.616,0.113,0.092,0.0,0.0,5.0
Johnson,DEF,Ipswich,4.0,0.1,1,1.352,,1.352,model,2.252,0.004,0.385,0.0,1.0,6.358
Kitching,DEF,Coventry,4.0,0.5,1,1.351,,1.351,model,2.007,0.601,0.189,0.0,0.0,5.358
Fatawu,MID,Ipswich,5.5,0.3,1,1.349,,1.349,model,2.112,0.001,0.07,0.0,1.0,5.627
Gelhardt,MID,Leeds,5.0,0.0,1,1.346,,1.346,model,2.525,0.129,0.093,0.0,0.0,5.0
McNair,DEF,Hull,4.0,0.1,1,1.346,,1.346,model,2.369,0.619,0.195,0.0,0.0,5.64
O'Riley,MID,Brighton,5.5,0.1,1,1.34,,1.34,model,2.391,0.0,0.064,0.0,1.0,7.358
Morita,MID,Hull,5.0,0.1,1,1.335,,1.335,model,2.419,0.111,0.041,0.0,0.0,5.0
Horníček,GK,Newcastle,5.0,0.3,1,1.333,,1.333,model,2.183,0.0,0.562,0.0,0.0,6.51
Onyeka,MID,Coventry,5.0,0.2,1,1.327,,1.327,model,2.055,0.165,0.047,0.0,0.0,4.0
Grimes,MID,Coventry,5.0,0.2,1,1.325,,1.325,model,2.08,0.13,0.043,0.0,0.0,4.0
James,MID,Leeds,5.0,0.1,1,1.321,,1.321,model,1.915,0.013,0.031,0.0,1.0,5.627
M.França,MID,Crystal Palace,5.0,0.0,1,1.32,,1.32,model,2.436,0.145,0.106,0.0,0.0,5.0
McCarthy,DEF,Hull,4.0,0.1,1,1.319,,1.319,model,2.273,0.618,0.157,0.0,0.0,5.358
Gruev,MID,Leeds,5.0,0.0,1,1.311,,1.311,model,1.85,0.078,0.074,0.0,1.0,4.0
Acheampong,DEF,Chelsea,4.5,0.2,1,1.311,,1.311,model,2.159,0.101,0.301,0.0,1.0,6.358
Angulo,MID,Sunderland,5.0,0.1,1,1.308,,1.308,model,2.277,0.001,0.087,0.0,1.0,7.358
Al-Hamadi,FWD,Ipswich,5.0,0.2,1,1.304,,1.304,model,2.65,0.011,0.0,0.0,0.0,7.353
Thomas-Asante,FWD,Coventry,5.0,0.9,1,1.301,,1.301,model,2.134,0.016,0.0,0.0,0.0,7.353
Phillips,MID,Man City,5.0,0.0,1,1.301,,1.301,model,2.31,0.0,0.107,0.0,0.0,5.627
Lewis-Skelly,MID,Arsenal,5.5,0.3,1,1.298,,1.298,model,1.719,0.0,0.166,0.0,1.0,3.0
Borges Rodrigues,MID,Coventry,4.5,0.2,1,1.297,,1.297,model,1.999,0.141,0.045,0.0,0.0,4.0
Lecomte,GK,Fulham,4.0,1.4,1,1.296,,1.296,model,2.281,0.0,0.588,0.0,0.0,6.51
J.Rak-Sakyi,MID,Crystal Palace,5.0,0.0,1,1.296,,1.296,model,2.448,0.143,0.094,0.0,0.0,5.0
Cairney,MID,Fulham,5.0,0.0,1,1.29,,1.29,model,1.928,0.01,0.037,0.0,1.0,5.627
Shepherd,MID,Coventry,4.5,0.3,1,1.278,,1.278,model,1.756,0.142,0.046,0.0,0.0,4.0
Matthews,GK,Crystal Palace,4.0,1.7,1,1.264,,1.264,model,2.012,0.0,0.562,0.0,0.0,6.51
Pinnock,DEF,Brentford,4.5,0.1,1,1.261,,1.261,model,2.473,0.011,0.485,0.0,0.0,6.358
Marc Guiu,FWD,Chelsea,5.0,0.4,1,1.256,,1.256,model,2.219,0.001,0.0,0.0,1.0,6.353
Millar,MID,Hull,5.0,0.1,1,1.251,,1.251,model,2.453,0.107,0.036,0.0,0.0,4.0
Gnonto,MID,Leeds,5.0,0.1,1,1.243,,1.243,model,1.62,0.053,0.022,0.0,1.0,4.0
Ömür,MID,Hull,5.0,0.0,1,1.242,,1.242,model,2.398,0.103,0.039,0.0,0.0,4.0
King,GK,Everton,4.5,0.1,1,1.241,,1.241,model,2.136,0.0,0.606,0.0,0.0,6.51
Rigg,MID,Sunderland,5.0,0.1,1,1.237,,1.237,model,2.091,0.035,0.07,0.0,1.0,5.627
Boscagli,DEF,Brighton,4.5,0.1,1,1.235,,1.235,model,2.316,0.185,0.357,0.0,0.0,6.358
Bettinelli,GK,Man City,4.5,0.0,1,1.228,,1.228,model,2.126,0.0,0.595,0.0,0.0,6.51
Bakwa,MID,Nott'm Forest,5.5,0.0,1,1.223,,1.223,model,2.026,0.027,0.041,0.0,1.0,5.627
Lavia,MID,Chelsea,5.0,0.0,1,1.217,,1.217,model,1.656,0.009,0.042,0.0,1.0,4.0
Tóth.A,MID,Bournemouth,5.0,0.0,1,1.216,,1.216,model,2.404,0.13,0.049,0.0,0.0,4.0
Torp,MID,Coventry,5.5,0.2,1,1.21,,1.21,model,1.88,0.132,0.039,0.0,0.0,4.0
J.Araujo,DEF,Bournemouth,4.5,0.1,1,1.201,,1.201,model,2.454,0.315,0.211,0.0,0.0,5.64
Burns,MID,Ipswich,5.0,0.1,1,1.194,,1.194,model,1.799,0.001,0.063,0.0,1.0,3.0
Simms,FWD,Coventry,5.0,0.6,1,1.186,,1.186,model,1.984,0.01,0.0,0.0,0.0,7.353
Sakamoto,MID,Coventry,5.0,0.1,1,1.17,,1.17,model,1.887,0.121,0.036,0.0,0.0,4.0
Akintola,MID,Hull,5.0,0.0,1,1.169,,1.169,model,2.091,0.104,0.042,0.0,0.0,4.0
Kesler-Hayden,DEF,Coventry,4.0,0.1,1,1.162,,1.162,model,2.084,0.504,0.195,0.0,0.0,5.358
Sanchez,DEF,Bournemouth,4.5,0.0,1,1.155,,1.155,model,2.241,0.343,0.219,0.0,0.0,5.358
Milambo,MID,Brentford,5.0,0.0,1,1.15,,1.15,model,2.688,0.113,0.094,0.0,0.0,5.0
Armstrong,MID,Everton,5.0,0.1,1,1.147,,1.147,model,1.944,0.047,0.065,0.0,1.0,4.627
Endo,MID,Liverpool,5.0,0.0,1,1.146,,1.146,model,1.592,0.01,0.012,0.0,1.0,3.0
Brau,DEF,Coventry,4.0,0.1,1,1.145,,1.145,model,2.1,0.483,0.151,0.0,0.0,4.0
Röhl,MID,Everton,5.0,0.1,1,1.144,,1.144,model,1.966,0.065,0.075,0.0,1.0,5.0
Kamara,MID,Hull,5.0,0.0,1,1.131,,1.131,model,2.122,0.117,0.037,0.0,0.0,4.0
Valdimarsson,GK,Brentford,4.5,0.1,1,1.13,,1.13,model,2.037,0.0,0.526,0.0,0.0,6.51
Netz,DEF,Nott'm Forest,4.5,0.0,1,1.13,,1.13,model,1.859,0.002,0.227,0.0,1.0,5.627
Latibeaudiere,DEF,Coventry,4.0,0.1,1,1.123,,1.123,model,2.082,0.483,0.169,0.0,0.0,4.358
Scherpen,GK,Ipswich,4.5,0.3,1,1.123,,1.123,model,1.962,0.0,0.516,0.0,0.0,6.51
Emegha,FWD,Chelsea,5.0,0.2,1,1.123,,1.123,model,2.863,0.009,0.0,0.0,0.0,7.353
Dibling,MID,Everton,5.5,0.1,1,1.122,,1.122,model,1.832,0.0,0.075,0.0,1.0,3.0
Lindelöf,DEF,Aston Villa,4.5,0.2,1,1.122,,1.122,model,1.898,0.009,0.288,0.0,1.0,6.358
Taylor,MID,Ipswich,4.5,0.2,1,1.114,,1.114,model,1.237,0.0,0.003,0.0,1.0,1.0
Diakité,DEF,Bournemouth,5.0,0.2,1,1.114,,1.114,model,1.857,0.403,0.18,0.0,0.0,4.0
Bidwell,DEF,Coventry,4.0,0.1,1,1.108,,1.108,model,2.022,0.473,0.164,0.0,0.0,4.0
Devenny,MID,Crystal Palace,5.0,0.0,1,1.098,,1.098,model,1.804,0.015,0.042,0.0,1.0,3.0
Tchaouna,MID,Coventry,5.5,0.1,1,1.09,,1.09,model,1.412,0.011,0.023,0.0,1.0,3.0
Igor,DEF,Brighton,4.5,0.1,1,1.088,,1.088,model,2.026,0.012,0.318,0.0,0.0,6.358
Eccles,MID,Coventry,5.0,0.0,1,1.085,,1.085,model,1.856,0.116,0.03,0.0,0.0,4.0
Woodman,GK,Liverpool,4.0,1.2,1,1.069,,1.069,model,1.874,0.0,0.477,0.0,0.0,6.51
Perri,GK,Leeds,4.5,0.7,1,1.065,,1.065,model,1.873,0.0,0.413,0.0,0.0,6.51
Chadi Riad,DEF,Crystal Palace,4.5,0.1,1,1.064,,1.064,model,2.16,0.099,0.299,0.0,0.0,6.358
Rudoni,MID,Coventry,5.0,0.3,1,1.064,,1.064,model,1.963,0.115,0.038,0.0,0.0,4.0
Button,GK,Ipswich,4.0,0.5,1,1.057,,1.057,model,1.886,0.0,0.466,0.0,0.0,6.51
Bogarde,MID,Aston Villa,5.0,0.1,1,1.041,,1.041,model,1.189,0.006,0.062,0.0,1.0,3.0
B.Badiashile,DEF,Chelsea,4.5,0.0,1,1.034,,1.034,model,1.764,0.089,0.225,0.0,1.0,5.358
Penders,GK,Chelsea,4.5,0.1,1,1.003,,1.003,model,1.941,0.0,0.434,0.0,0.0,6.51
Benitez,GK,Crystal Palace,4.5,0.1,1,1.003,,1.003,model,1.905,0.0,0.436,0.0,0.0,6.51
Tzimas,FWD,Brighton,5.5,0.0,1,0.996,,0.996,model,2.608,0.006,0.0,0.0,0.0,7.353
Van Oevelen,GK,Ipswich,4.5,0.1,1,0.996,,0.996,model,1.907,0.0,0.431,0.0,0.0,6.51
Smith,DEF,Bournemouth,4.5,0.1,1,0.984,,0.984,model,1.605,0.013,0.206,0.0,1.0,4.627
McNally,GK,Fulham,4.0,0.2,1,0.964,,0.964,model,1.855,0.0,0.403,0.0,0.0,6.51
Jaouen,GK,Newcastle,4.5,0.1,1,0.939,,0.939,model,1.864,0.0,0.392,0.0,0.0,6.51
Gillespie,GK,Newcastle,4.5,0.0,1,0.936,,0.936,model,1.814,0.0,0.388,0.0,0.0,6.51
Mamardashvili,GK,Liverpool,5.0,0.2,1,0.927,,0.927,model,1.884,0.0,0.361,0.0,0.0,6.51
Walton,GK,Ipswich,4.5,0.6,1,0.902,,0.902,model,1.887,0.0,0.401,0.0,0.0,6.51
Markelo,FWD,Coventry,5.0,0.1,1,0.884,,0.884,model,1.695,0.01,0.0,0.0,0.0,2.0
Jacob,DEF,Hull,4.0,0.0,1,0.878,,0.878,model,1.844,0.43,0.113,0.0,0.0,4.0
Austin,GK,Tottenham,4.0,0.6,1,0.877,,0.877,model,1.686,0.0,0.341,0.0,0.0,5.51
Pecsi,GK,Liverpool,4.0,0.1,1,0.862,,0.862,model,1.661,0.0,0.337,0.0,0.0,5.51
Bornauw,DEF,Leeds,4.5,0.0,1,0.859,,0.859,model,1.723,0.122,0.135,0.0,0.0,4.0
Davies,GK,Liverpool,4.0,0.1,1,0.858,,0.858,model,1.765,0.0,0.32,0.0,0.0,5.51
Odobert,MID,Tottenham,5.5,0.0,1,0.853,,0.853,model,1.329,0.0,0.002,0.0,1.0,1.0
Patterson,DEF,Everton,4.5,0.0,1,0.826,,0.826,model,1.734,0.037,0.187,0.0,0.0,5.358
Bayindir,GK,Man United,4.5,0.2,1,0.825,,0.825,model,2.224,0.0,0.391,0.0,0.0,6.51
Jörgensen,GK,Chelsea,5.0,0.1,1,0.798,,0.798,model,1.71,0.0,0.317,0.0,0.0,5.51
John,GK,Nott'm Forest,4.5,0.1,1,0.75,,0.75,model,1.852,0.0,0.326,0.0,0.0,6.51
Harrison,MID,Leeds,5.0,0.0,1,0.747,,0.747,model,1.226,0.0,0.001,0.0,1.0,1.0
Dovin,GK,Coventry,4.0,2.6,1,0.738,,0.738,model,1.482,0.0,0.245,0.0,0.0,4.51
Rushworth,GK,Coventry,4.5,0.9,1,0.723,,0.723,model,1.368,0.0,0.215,0.0,0.0,2.0
Woolfenden,DEF,Coventry,4.0,0.2,1,0.704,,0.704,model,1.375,0.005,0.158,0.0,0.0,2.0
Phillips,GK,Hull,4.0,2.0,1,0.699,,0.699,model,1.403,0.0,0.212,0.0,0.0,2.0
Forster,GK,Bournemouth,4.0,3.1,1,0.691,,0.691,model,1.515,0.0,0.238,0.0,0.0,4.51
Wilson,GK,Coventry,4.5,0.6,1,0.682,,0.682,model,1.504,0.0,0.216,0.0,0.0,2.0
Kroupi.Jr,MID,Bournemouth,7.5,4.1,1,0.68,,0.68,model,1.616,0.0,0.001,0.0,0.0,1.0
L.Miley,MID,Newcastle,5.5,0.0,1,0.647,,0.647,model,1.131,0.003,0.001,0.0,0.0,1.0
Bradley,DEF,Liverpool,5.0,0.0,1,0.636,,0.636,model,1.105,0.005,0.013,0.0,1.0,1.0
Christie,MID,Bournemouth,5.0,0.0,1,0.621,,0.621,model,0.966,0.001,0.001,0.0,1.0,1.0
Ekitiké,FWD,Liverpool,7.5,0.2,1,0.59,,0.59,model,1.396,0.0,0.0,0.0,0.0,2.0
Ellborg,GK,Sunderland,4.5,0.1,1,0.574,,0.574,model,1.634,0.0,0.26,0.0,0.0,5.51
Dennis,GK,Bournemouth,4.0,0.2,1,0.573,,0.573,model,1.354,0.0,0.18,0.0,0.0,2.0
Ugarte,MID,Man United,5.0,0.0,1,0.566,,0.566,model,1.013,0.003,0.003,0.0,0.0,1.0
Lo-Tutala,GK,Hull,4.0,0.2,1,0.535,,0.535,model,1.223,0.0,0.159,0.0,0.0,2.0
Henderson,MID,Chelsea,5.0,0.0,1,0.525,,0.525,model,0.988,0.004,0.003,0.0,0.0,1.0
Xavi,MID,Tottenham,6.0,0.0,1,0.524,,0.524,model,1.124,0.003,0.001,0.0,0.0,1.0
M.Bizot,GK,Aston Villa,4.5,0.1,1,0.51,,0.51,model,1.533,0.0,0.186,0.0,0.0,2.0
Tzolakis,GK,Hull,4.5,0.1,1,0.5,,0.5,model,1.246,0.0,0.158,0.0,0.0,2.0
Mitoma,MID,Brighton,6.0,0.2,1,0.475,,0.475,model,1.176,0.0,0.004,0.0,0.0,1.0
Baleba,MID,Brighton,5.0,0.5,1,0.452,,0.452,model,0.801,0.0,0.002,0.0,0.0,1.0
Rodrigo,MID,Man City,6.5,0.1,1,0.434,,0.434,model,1.102,0.01,0.004,0.0,0.0,1.0
Savona,DEF,Nott'm Forest,4.5,0.0,1,0.4,,0.4,model,1.045,0.002,0.02,0.0,0.0,1.0
Onana,MID,Aston Villa,5.0,0.0,1,0.323,,0.323,model,0.806,0.002,0.003,0.0,0.0,1.0
Kulusevski,MID,Tottenham,6.5,0.0,1,0.297,,0.297,model,0.989,0.0,0.002,0.0,0.0,1.0
Fofana,DEF,Chelsea,5.0,0.0,1,0.286,,0.286,model,0.729,0.007,0.019,0.0,0.0,1.0
De Ligt,DEF,Man United,5.0,0.0,1,0.246,,0.246,model,0.964,0.002,0.016,0.0,0.0,1.0
Milosavljević,DEF,Bournemouth,5.0,0.1,1,0.245,,0.245,model,0.64,0.011,0.007,0.0,0.0,1.0
J.Timber,DEF,Arsenal,6.5,0.5,1,0.242,,0.242,model,1.073,0.001,0.036,0.0,0.0,1.0
Gudmundsson,DEF,Leeds,4.5,0.4,1,0.174,,0.174,model,0.666,0.006,0.01,0.0,0.0,1.0
Saliba,DEF,Arsenal,6.0,0.5,1,0.158,,0.158,model,0.737,0.001,0.028,0.0,0.0,1.0
Garner,MID,Everton,6.0,0.6,1,0.08,,0.08,model,0.536,0.006,0.005,0.0,0.0,0.0
Andersen,DEF,Fulham,5.0,0.1,1,0.075,,0.075,model,0.487,0.003,0.012,0.0,0.0,0.0
Matusiwa,MID,Ipswich,5.0,0.0,1,0.054,,0.054,model,0.828,0.005,0.003,0.0,0.0,0.0
Leoni,DEF,Liverpool,4.0,0.1,1,0.054,,0.054,model,0.646,0.011,0.016,0.0,0.0,0.0
Bajcetic,MID,Liverpool,5.0,0.0,1,0.05,,0.05,model,0.702,0.006,0.002,0.0,0.0,0.0
Danns,FWD,Liverpool,4.5,0.0,1,0.043,,0.043,model,0.535,0.0,0.0,0.0,0.0,0.0
Mateo Joseph,FWD,Leeds,4.5,0.2,1,0.042,,0.042,model,0.59,0.0,0.0,0.0,0.0,0.0
Zambrano,MID,Hull,4.5,0.4,1,0.04,,0.04,model,0.541,0.005,0.002,0.0,0.0,0.0
Burstow,FWD,Hull,4.5,0.6,1,0.039,,0.039,model,0.504,0.001,0.0,0.0,0.0,0.0
Matazo,MID,Hull,4.5,0.0,1,0.039,,0.039,model,0.41,0.004,0.002,0.0,0.0,0.0
Bassette,FWD,Coventry,4.5,0.4,1,0.039,,0.039,model,0.428,0.001,0.0,0.0,0.0,0.0
Watson,MID,Brighton,5.0,0.0,1,0.037,,0.037,model,0.419,0.007,0.002,0.0,0.0,0.0
Uche,FWD,Crystal Palace,5.0,0.0,1,0.035,,0.035,model,0.498,0.001,0.0,0.0,0.0,0.0
Drameh,DEF,Hull,4.0,0.1,1,0.035,,0.035,model,0.43,0.017,0.001,0.0,0.0,0.0
Ferguson,FWD,Brighton,5.0,0.0,1,0.035,,0.035,model,0.526,0.0,0.0,0.0,0.0,0.0
Gyabi,MID,Hull,4.5,0.2,1,0.032,,0.032,model,0.385,0.005,0.001,0.0,0.0,0.0
Jaros,GK,Liverpool,4.0,0.0,1,0.025,,0.025,model,0.318,0.0,0.011,0.0,0.0,0.0
Cartwright,GK,Hull,4.0,0.1,1,0.023,,0.023,model,0.298,0.0,0.011,0.0,0.0,0.0
Henderson,GK,Crystal Palace,5.0,3.1,1,0.021,,0.021,model,0.307,0.0,0.009,0.0,0.0,0.0
Butland,GK,Hull,4.5,0.9,1,0.017,,0.017,model,0.268,0.0,0.008,0.0,0.0,0.0
Mbeumo,MID,Man United,8.0,20.2,2,6.746,,6.746,model,5.764,0.001,0.379,0.0,5.627,18.344
B.Fernandes,MID,Man United,12.0,48.6,2,6.656,,6.656,model,5.586,0.023,0.389,0.0,5.627,16.612
Haaland,FWD,Man City,15.5,74.4,2,6.634,,6.634,model,5.682,0.0,0.0,0.0,7.353,18.06
Cunha,MID,Man United,8.0,13.6,2,5.252,,5.252,model,5.185,0.014,0.324,0.0,3.0,15.717
Palmer,MID,Chelsea,9.5,11.7,2,4.74,,4.74,model,4.953,0.001,0.224,0.0,2.0,14.717
Semenyo,MID,Man City,8.5,23.2,2,4.688,,4.688,model,4.263,0.003,0.387,0.0,3.0,14.717
Saka,MID,Arsenal,9.5,10.8,2,4.627,,4.627,model,4.903,0.021,0.297,0.0,3.0,14.717
Isak,FWD,Liverpool,9.0,11.4,2,4.558,,4.558,model,4.839,0.0,0.0,0.0,2.0,12.707
Guéhi,DEF,Man City,6.0,23.5,2,4.531,,4.531,model,3.611,0.088,1.669,0.0,4.0,12.523
van Ewijk,DEF,Coventry,4.0,15.9,2,4.523,,4.523,model,3.892,1.011,1.411,0.0,4.0,8.9
Senesi,DEF,Tottenham,6.0,10.6,2,4.426,,4.426,model,3.426,1.179,1.058,0.0,4.0,10.896
O'Reilly,DEF,Man City,6.5,22.5,2,4.424,,4.424,model,4.458,0.088,1.36,0.0,2.0,13.254
Thiago,FWD,Brentford,8.0,16.1,2,4.41,,4.41,model,4.355,0.025,0.0,0.0,2.0,12.707
Thomas,DEF,Coventry,4.0,8.7,2,4.381,,4.381,model,3.974,0.99,1.379,0.0,4.0,8.896
Amad,MID,Man United,6.0,1.6,2,4.296,,4.296,model,4.941,0.012,0.277,0.0,2.0,14.717
Truffert,DEF,Bournemouth,5.5,4.8,2,4.285,,4.285,model,3.336,0.895,1.238,0.0,4.0,9.985
Enzo,MID,Chelsea,7.0,5.5,2,4.284,,4.284,model,3.931,0.006,0.264,0.0,3.0,11.985
Virgil,DEF,Liverpool,6.5,16.5,2,4.264,,4.264,model,3.507,0.466,1.366,0.0,3.0,10.896
João Pedro,FWD,Chelsea,7.5,54.9,2,4.216,,4.216,model,4.181,0.0,0.0,0.0,2.0,12.707
Gabriel,DEF,Arsenal,8.0,26.5,2,4.209,,4.209,model,3.565,0.274,1.53,0.0,3.0,10.896
Shaw,DEF,Man United,4.5,24.5,2,4.161,,4.161,model,3.446,0.317,1.598,0.0,3.0,9.985
Wirtz,MID,Liverpool,7.5,12.6,2,4.153,,4.153,model,4.275,0.093,0.266,0.0,2.0,12.985
Mukiele,DEF,Sunderland,5.5,7.5,2,4.123,,4.123,model,3.409,0.753,1.347,0.0,4.0,9.985
Gvardiol,DEF,Man City,5.5,12.6,2,4.089,,4.089,model,3.893,0.006,1.415,0.0,2.0,12.523
Szoboszlai,MID,Liverpool,7.0,46.5,2,4.082,,4.082,model,3.682,0.07,0.294,0.0,3.0,11.358
Gakpo,MID,Liverpool,7.0,3.4,2,4.08,,4.08,model,4.393,0.001,0.244,0.0,2.0,12.985
Dalot,DEF,Man United,5.0,3.0,2,4.022,,4.022,model,3.862,0.051,1.475,0.0,2.0,11.523
Cherki,MID,Man City,7.5,9.2,2,4.008,,4.008,model,4.52,0.073,0.249,0.0,2.0,12.985
Calvert-Lewin,FWD,Leeds,6.0,24.1,2,3.845,,3.845,model,4.077,0.0,0.0,0.0,2.0,12.707
Rogers,MID,Chelsea,7.5,28.8,2,3.839,,3.839,model,3.376,0.008,0.273,0.0,2.0,9.358
Lacroix,DEF,Chelsea,6.0,11.7,2,3.813,,3.813,model,3.258,0.485,1.206,0.0,2.0,8.896
Maguire,DEF,Man United,5.0,8.7,2,3.785,,3.785,model,3.819,0.169,1.405,0.0,2.0,12.254
Ballard,DEF,Sunderland,5.0,3.8,2,3.773,,3.773,model,3.567,0.875,1.129,0.0,3.0,8.985
Tavernier,MID,Bournemouth,6.0,1.9,2,3.743,,3.743,model,3.999,0.046,0.237,0.0,2.0,11.985
Ndiaye,MID,Everton,6.0,15.9,2,3.719,,3.719,model,3.437,0.071,0.177,0.0,2.0,9.358
Thiaw,DEF,Newcastle,5.0,2.0,2,3.716,,3.716,model,3.64,0.79,0.85,0.0,3.0,10.896
Rashford,MID,Man United,7.0,1.4,2,3.686,,3.686,model,4.914,0.001,0.212,0.0,2.0,14.717
Alderete,DEF,Sunderland,5.0,1.1,2,3.683,,3.683,model,3.319,0.841,1.172,0.0,3.0,8.358
Foden,MID,Man City,7.0,7.3,2,3.659,,3.659,model,4.19,0.01,0.267,0.0,2.0,12.881
Rice,MID,Arsenal,7.5,22.4,2,3.652,,3.652,model,3.041,0.154,0.349,0.0,3.0,9.358
Anderson,MID,Man City,6.5,12.0,2,3.648,,3.648,model,2.886,0.497,0.351,0.0,3.0,9.358
Van Hecke,DEF,Tottenham,5.0,8.3,2,3.637,,3.637,model,3.268,0.509,1.081,0.0,2.0,8.896
Gibbs-White,MID,Nott'm Forest,8.0,11.6,2,3.541,,3.541,model,3.282,0.001,0.162,0.0,2.0,9.358
Rayan,MID,Bournemouth,6.5,3.5,2,3.529,,3.529,model,4.009,0.088,0.235,0.0,2.0,11.985
Calafiori,DEF,Arsenal,5.5,16.8,2,3.512,,3.512,model,3.923,0.121,1.165,0.0,2.0,12.254
Schade,MID,Brentford,6.0,2.1,2,3.508,,3.508,model,3.918,0.006,0.171,0.0,2.0,9.358
Raya,GK,Arsenal,6.0,31.0,2,3.46,,3.46,model,2.434,0.0,1.783,0.0,2.0,6.51
E.Le Fée,MID,Sunderland,6.0,12.8,2,3.447,,3.447,model,2.755,0.441,0.298,0.0,3.0,9.254
Lammens,GK,Man United,5.0,20.2,2,3.443,,3.443,model,2.531,0.0,1.762,0.0,2.0,6.51
Evanilson,FWD,Bournemouth,6.0,2.0,2,3.427,,3.427,model,3.918,0.001,0.0,0.0,2.0,12.707
Matheus N.,DEF,Man City,6.0,4.8,2,3.405,,3.405,model,3.154,0.06,1.421,0.0,2.0,8.896
Bruno G.,MID,Newcastle,7.0,10.0,2,3.389,,3.389,model,2.986,0.007,0.222,0.0,2.0,9.254
Hincapie,DEF,Arsenal,5.5,4.2,2,3.371,,3.371,model,3.351,0.506,1.194,0.0,2.0,8.358
Donnarumma,GK,Man City,5.5,11.0,2,3.362,,3.362,model,2.536,0.0,1.653,0.0,2.0,6.51
Jacquet,DEF,Liverpool,5.0,1.6,2,3.357,,3.357,model,4.059,0.503,0.984,0.0,2.0,8.896
Groß,MID,Brighton,5.5,9.3,2,3.353,,3.353,model,3.441,0.007,0.189,0.0,2.0,9.358
Stach,MID,Leeds,6.0,1.2,2,3.345,,3.345,model,3.377,0.455,0.196,0.0,2.0,10.358
Palestra,DEF,Chelsea,5.5,1.8,2,3.333,,3.333,model,3.949,0.517,0.969,0.0,2.0,8.896
Ampadu,MID,Leeds,5.5,1.6,2,3.328,,3.328,model,2.674,0.824,0.203,0.0,3.0,8.627
Pedro Porro,DEF,Tottenham,5.5,23.5,2,3.316,,3.316,model,3.252,0.213,0.998,0.0,2.0,9.254
Tzolis,MID,Arsenal,6.5,2.3,2,3.309,,3.309,model,4.381,0.343,0.291,0.0,2.0,10.358
Mosquera,DEF,Arsenal,5.5,15.7,2,3.302,,3.302,model,3.287,0.577,1.09,0.0,2.0,8.358
O.Dango,MID,Brentford,6.5,1.4,2,3.301,,3.301,model,4.006,0.017,0.154,0.0,2.0,11.358
Rúben,DEF,Man City,5.5,1.4,2,3.3,,3.3,model,3.153,0.037,1.424,0.0,2.0,8.896
Gyökeres,FWD,Arsenal,7.5,13.1,2,3.294,,3.294,model,3.901,0.0,0.0,0.0,2.0,12.707
Wilson,MID,Leeds,6.5,8.3,2,3.292,,3.292,model,3.624,0.014,0.176,0.0,2.0,9.358
Xhaka,MID,Sunderland,5.5,5.6,2,3.256,,3.256,model,2.448,0.693,0.296,0.0,3.0,8.358
Havertz,FWD,Arsenal,7.5,3.8,2,3.216,,3.216,model,4.021,0.0,0.0,0.0,2.0,12.707
Doku,MID,Man City,7.5,6.4,2,3.195,,3.195,model,3.622,0.005,0.245,0.0,2.0,10.254
Hill,DEF,Bournemouth,5.5,1.2,2,3.189,,3.189,model,3.304,0.777,0.879,0.0,2.0,8.358
Chalobah,DEF,Chelsea,5.5,1.9,2,3.186,,3.186,model,3.189,0.271,1.075,0.0,2.0,8.896
Rodon,DEF,Leeds,4.5,1.8,2,3.176,,3.176,model,2.945,0.797,0.843,0.0,2.0,8.358
Eze,MID,Arsenal,6.5,3.2,2,3.161,,3.161,model,3.684,0.001,0.249,0.0,2.0,9.358
Hume,DEF,Sunderland,4.5,2.9,2,3.144,,3.144,model,3.126,0.213,1.104,0.0,2.0,8.896
Šeško,FWD,Man United,7.0,2.6,2,3.121,,3.121,model,4.621,0.002,0.0,0.0,1.0,12.707
Van de Ven,DEF,Tottenham,5.0,6.8,2,3.117,,3.117,model,2.994,0.377,0.973,0.0,2.0,8.358
Romero,DEF,Tottenham,5.0,1.1,2,3.115,,3.115,model,3.26,0.572,0.837,0.0,2.0,8.896
Watkins,FWD,Aston Villa,8.0,12.7,2,3.08,,3.08,model,3.19,0.0,0.0,0.0,2.0,7.353
Welbeck,FWD,Chelsea,6.0,2.7,2,3.07,,3.07,model,3.666,0.0,0.0,0.0,2.0,10.98
Aït-Nouri,DEF,Man City,5.5,1.1,2,3.04,,3.04,model,3.611,0.0,1.087,0.0,2.0,9.985
A.Becker,GK,Liverpool,5.5,4.1,2,3.029,,3.029,model,2.391,0.0,1.479,0.0,2.0,6.51
Roefs,GK,Sunderland,5.0,5.0,2,3.023,,3.023,model,2.429,0.0,1.433,0.0,2.0,6.51
Neto,MID,Chelsea,6.5,1.3,2,3.011,,3.011,model,3.296,0.0,0.212,0.0,2.0,9.358
Vuskovic,DEF,Brighton,5.0,2.9,2,3.004,,3.004,model,3.564,0.532,0.818,0.0,2.0,8.358
Robinson,DEF,Fulham,4.5,2.6,2,2.998,,2.998,model,3.44,0.017,0.975,0.0,2.0,8.896
Fernandes,MID,Tottenham,6.0,3.3,2,2.986,,2.986,model,2.489,0.283,0.221,0.0,2.0,8.358
Mateta,FWD,Crystal Palace,6.5,6.8,2,2.974,,2.974,model,3.383,0.001,0.0,0.0,2.0,7.353
Dewsbury-Hall,MID,Everton,6.5,3.8,2,2.969,,2.969,model,3.066,0.128,0.155,0.0,2.0,9.358
Scott,MID,Bournemouth,6.0,1.6,2,2.968,,2.968,model,3.092,0.469,0.217,0.0,2.0,9.358
Sarr,MID,Crystal Palace,6.5,8.8,2,2.959,,2.959,model,3.106,0.003,0.149,0.0,2.0,8.358
Collins,DEF,Brentford,5.5,2.0,2,2.953,,2.953,model,3.049,0.229,0.899,0.0,2.0,8.896
Tarkowski,DEF,Everton,6.0,9.9,2,2.945,,2.945,model,2.797,0.297,0.846,0.0,2.0,8.358
Martinez,DEF,Man United,5.0,0.6,2,2.94,,2.94,model,3.395,0.045,1.142,0.0,2.0,8.896
Solanke,FWD,Tottenham,6.0,2.6,2,2.937,,2.937,model,3.694,0.0,0.0,0.0,2.0,10.98
Bogle,DEF,Leeds,4.5,0.4,2,2.936,,2.936,model,3.246,0.377,0.769,0.0,2.0,8.896
Munoz,MID,Liverpool,6.5,0.8,2,2.918,,2.918,model,4.529,0.301,0.196,0.0,2.0,11.358
Mac Allister,MID,Liverpool,5.5,1.9,2,2.913,,2.913,model,3.139,0.014,0.244,0.0,2.0,9.358
Targett,DEF,Hull,4.0,2.7,2,2.904,,2.904,model,3.189,1.141,0.508,0.0,3.0,8.358
Van den Berg,DEF,Brentford,5.0,0.7,2,2.897,,2.897,model,3.225,0.237,0.846,0.0,2.0,8.896
Wood,FWD,Nott'm Forest,6.0,1.8,2,2.891,,2.891,model,3.469,0.0,0.0,0.0,2.0,9.34
Maddison,MID,Tottenham,6.5,1.9,2,2.88,,2.88,model,4.04,0.0,0.13,0.0,2.0,10.254
Struijk,DEF,Brighton,5.0,0.5,2,2.871,,2.871,model,3.131,0.553,0.734,0.0,2.0,8.896
Muharemović,DEF,Leeds,5.0,1.4,2,2.868,,2.868,model,3.655,0.581,0.7,0.0,2.0,8.358
Kerkez,DEF,Liverpool,5.5,5.5,2,2.865,,2.865,model,3.034,0.042,1.061,0.0,2.0,8.385
Kayode,DEF,Brentford,4.5,3.8,2,2.859,,2.859,model,2.923,0.232,0.859,0.0,2.0,8.358
Ngumoha,MID,Liverpool,6.0,1.6,2,2.83,,2.83,model,3.873,0.027,0.142,0.0,1.0,10.254
Frimpong,DEF,Liverpool,5.5,3.0,2,2.81,,2.81,model,3.328,0.039,0.862,0.0,1.0,8.896
Caicedo,MID,Chelsea,5.5,3.9,2,2.806,,2.806,model,2.276,0.137,0.264,0.0,2.0,8.358
Dorgu,MID,Man United,6.0,1.7,2,2.787,,2.787,model,3.687,0.023,0.227,0.0,2.0,9.358
Dasilva,DEF,Coventry,4.0,0.5,2,2.783,,2.783,model,4.033,0.612,0.875,0.0,1.0,8.358
Aaronson,MID,Leeds,5.5,0.8,2,2.782,,2.782,model,3.258,0.165,0.171,0.0,2.0,9.358
Khusanov,DEF,Man City,5.5,2.0,2,2.771,,2.771,model,3.157,0.121,1.103,0.0,2.0,8.358
Ødegaard,MID,Arsenal,6.5,2.9,2,2.765,,2.765,model,3.166,0.001,0.245,0.0,2.0,9.358
Gravenberch,MID,Liverpool,6.0,1.9,2,2.748,,2.748,model,2.506,0.044,0.269,0.0,2.0,8.358
Masuaku,DEF,Sunderland,4.0,1.5,2,2.746,,2.746,model,3.217,0.417,0.97,0.0,2.0,8.358
F.Kadıoğlu,DEF,Brighton,4.5,2.9,2,2.741,,2.741,model,2.956,0.125,0.783,0.0,2.0,8.896
Bijol,DEF,Leeds,5.0,0.3,2,2.734,,2.734,model,3.123,0.802,0.681,0.0,2.0,8.358
Botman,DEF,Newcastle,5.0,0.4,2,2.73,,2.73,model,3.267,0.651,0.591,0.0,2.0,8.896
Andrey Santos,MID,Man United,5.0,1.4,2,2.718,,2.718,model,3.81,0.155,0.185,0.0,1.0,9.358
James,DEF,Chelsea,5.5,7.9,2,2.711,,2.711,model,3.148,0.124,0.828,0.0,2.0,8.896
Petrović,GK,Bournemouth,4.5,3.7,2,2.711,,2.711,model,2.397,0.0,1.249,0.0,2.0,6.51
Estêvão,MID,Chelsea,6.5,1.7,2,2.705,,2.705,model,3.547,0.038,0.13,0.0,1.0,9.358
Wright,FWD,Coventry,5.5,1.8,2,2.702,,2.702,model,4.676,0.015,0.0,0.0,2.0,12.707
Leno,GK,Fulham,4.5,3.2,2,2.701,,2.701,model,2.353,0.0,1.225,0.0,2.0,6.51
Barnes,MID,Newcastle,6.0,1.2,2,2.695,,2.695,model,3.629,0.001,0.128,0.0,2.0,9.358
Amenda,DEF,Coventry,4.0,0.5,2,2.685,,2.685,model,3.786,0.597,0.854,0.0,1.0,8.358
Muñoz,DEF,Crystal Palace,5.5,11.6,2,2.666,,2.666,model,2.938,0.021,0.731,0.0,2.0,8.896
Hall,DEF,Newcastle,5.0,4.0,2,2.665,,2.665,model,2.989,0.094,0.83,0.0,2.0,8.896
Sánchez,GK,Chelsea,5.0,2.0,2,2.66,,2.66,model,2.327,0.0,1.213,0.0,2.0,6.51
Okafor,MID,Leeds,6.0,0.7,2,2.657,,2.657,model,3.625,0.056,0.134,0.0,2.0,9.358
Keane,DEF,Everton,5.0,1.6,2,2.656,,2.656,model,2.845,0.497,0.649,0.0,2.0,8.358
Bassey,DEF,Fulham,4.5,0.6,2,2.651,,2.651,model,2.604,0.068,1.075,0.0,2.0,6.358
Kluivert,MID,Bournemouth,6.0,1.1,2,2.639,,2.639,model,3.473,0.001,0.172,0.0,2.0,9.358
Kitching,DEF,Coventry,4.0,0.5,2,2.638,,2.638,model,3.627,0.615,0.831,0.0,1.0,8.358
Colwill,DEF,Chelsea,5.0,1.7,2,2.638,,2.638,model,2.918,0.0,0.97,0.0,2.0,6.358
N.Jackson,FWD,Chelsea,6.5,0.4,2,2.625,,2.625,model,3.955,0.0,0.0,0.0,1.0,12.707
Zubimendi,MID,Arsenal,5.5,1.5,2,2.622,,2.622,model,2.756,0.14,0.288,0.0,2.0,8.358
Merino,MID,Arsenal,6.0,1.2,2,2.606,,2.606,model,3.526,0.027,0.191,0.0,1.0,9.358
Gomez,MID,Brighton,5.0,1.8,2,2.6,,2.6,model,3.163,0.06,0.128,0.0,2.0,9.259
Burn,DEF,Newcastle,5.0,2.7,2,2.581,,2.581,model,2.702,0.16,0.863,0.0,2.0,7.896
Tielemans,MID,Man United,6.0,0.9,2,2.573,,2.573,model,3.53,0.023,0.235,0.0,2.0,9.358
Iwobi,MID,Fulham,5.5,0.9,2,2.57,,2.57,model,2.347,0.009,0.236,0.0,2.0,8.358
Yoro,DEF,Man United,5.0,0.7,2,2.569,,2.569,model,3.318,0.173,0.853,0.0,1.0,8.896
Tonali,MID,Tottenham,5.5,4.1,2,2.564,,2.564,model,2.521,0.039,0.192,0.0,2.0,8.358
Spence,DEF,Tottenham,4.5,9.0,2,2.561,,2.561,model,2.88,0.069,0.848,0.0,2.0,7.896
Anthony,MID,Brentford,6.0,0.2,2,2.56,,2.56,model,3.135,0.152,0.151,0.0,2.0,8.358
Gusto,DEF,Chelsea,5.0,1.1,2,2.559,,2.559,model,3.061,0.035,0.84,0.0,1.0,8.896
Damsgaard,MID,Brentford,5.5,0.7,2,2.558,,2.558,model,2.912,0.045,0.153,0.0,2.0,8.358
Sessegnon,DEF,Fulham,4.5,0.4,2,2.554,,2.554,model,3.314,0.357,0.686,0.0,1.0,8.896
Wieffer,DEF,Brighton,5.0,0.3,2,2.543,,2.543,model,3.205,0.586,0.485,0.0,1.0,8.358
Wissa,FWD,Newcastle,6.0,1.4,2,2.523,,2.523,model,3.74,0.0,0.0,0.0,1.0,10.98
Brobbey,FWD,Sunderland,6.0,18.7,2,2.523,,2.523,model,2.842,0.001,0.0,0.0,2.0,7.353
Richards,DEF,Crystal Palace,5.0,0.8,2,2.51,,2.51,model,2.734,0.378,0.693,0.0,2.0,8.358
Manzambi,MID,Aston Villa,6.0,2.1,2,2.504,,2.504,model,3.057,0.217,0.152,0.0,2.0,8.358
Kelleher,GK,Brentford,5.0,5.6,2,2.5,,2.5,model,2.482,0.0,1.019,0.0,2.0,6.51
Woltemade,FWD,Newcastle,6.0,1.8,2,2.491,,2.491,model,3.393,0.009,0.0,0.0,2.0,7.353
Cash,DEF,Aston Villa,4.5,7.8,2,2.488,,2.488,model,2.582,0.029,0.84,0.0,2.0,6.358
Mitchell,DEF,Crystal Palace,4.5,6.8,2,2.485,,2.485,model,2.593,0.121,0.771,0.0,2.0,6.358
Reinildo,DEF,Sunderland,4.5,0.5,2,2.473,,2.473,model,2.77,0.342,0.893,0.0,2.0,8.358
Hinshelwood,MID,Brighton,6.0,0.3,2,2.466,,2.466,model,3.14,0.005,0.127,0.0,2.0,8.358
Egan,DEF,Hull,4.0,1.2,2,2.44,,2.44,model,2.928,0.963,0.453,0.0,2.0,8.358
Obi,FWD,Man United,4.5,1.2,2,2.435,,2.435,model,4.963,0.012,0.0,0.0,0.0,12.707
Brooks,MID,Bournemouth,5.0,0.2,2,2.428,,2.428,model,3.687,0.009,0.094,0.0,1.0,9.358
Konsa,DEF,Aston Villa,4.5,16.6,2,2.427,,2.427,model,2.379,0.027,0.876,0.0,2.0,6.358
Mazraoui,DEF,Man United,4.5,0.7,2,2.424,,2.424,model,3.03,0.021,0.898,0.0,1.0,7.896
Andrews,MID,Coventry,4.5,0.7,2,2.415,,2.415,model,4.066,0.168,0.218,0.0,2.0,9.358
Soler,DEF,Bournemouth,4.0,0.6,2,2.408,,2.408,model,3.596,0.421,0.76,0.0,1.0,8.358
Richarlison,FWD,Tottenham,6.0,2.0,2,2.405,,2.405,model,3.179,0.013,0.0,0.0,1.0,7.353
Minteh,MID,Brighton,6.0,0.7,2,2.405,,2.405,model,3.034,0.011,0.134,0.0,2.0,8.358
Dunk,DEF,Brighton,4.5,0.8,2,2.404,,2.404,model,2.733,0.223,0.751,0.0,2.0,7.896
N.Williams,DEF,Nott'm Forest,5.0,12.5,2,2.402,,2.402,model,2.658,0.082,0.708,0.0,2.0,7.896
Danso,DEF,Tottenham,5.0,0.2,2,2.391,,2.391,model,2.899,0.581,0.612,0.0,1.0,8.358
Kusi-Asare,FWD,Fulham,4.5,7.8,2,2.377,,2.377,model,3.268,0.021,0.0,0.0,2.0,7.353
Meunier,DEF,Sunderland,4.5,0.5,2,2.372,,2.372,model,3.242,0.367,0.841,0.0,1.0,8.358
Sangaré,MID,Brentford,5.5,1.3,2,2.367,,2.367,model,3.233,0.199,0.157,0.0,2.0,8.358
Madueke,MID,Arsenal,6.5,0.4,2,2.357,,2.357,model,3.219,0.0,0.164,0.0,1.0,9.358
Dubravka,GK,Tottenham,4.0,23.3,2,2.35,,2.35,model,2.297,0.0,0.977,0.0,2.0,6.51
Verbruggen,GK,Brighton,4.5,17.0,2,2.346,,2.346,model,2.179,0.0,0.935,0.0,2.0,6.51
Milenković,DEF,Nott'm Forest,5.5,2.3,2,2.337,,2.337,model,2.426,0.138,0.664,0.0,2.0,6.372
Beto,FWD,Everton,5.5,3.2,2,2.333,,2.333,model,3.221,0.0,0.0,0.0,1.0,7.353
Hughes,DEF,Hull,4.0,0.9,2,2.332,,2.332,model,3.016,0.927,0.446,0.0,2.0,8.358
Amass,DEF,Man United,4.0,0.2,2,2.326,,2.326,model,3.93,0.352,0.769,0.0,0.0,8.358
J.Murphy,MID,Newcastle,6.0,0.2,2,2.322,,2.322,model,3.125,0.0,0.121,0.0,1.0,8.358
McGinn,MID,Aston Villa,5.5,2.7,2,2.322,,2.322,model,2.313,0.001,0.16,0.0,2.0,8.358
Zirkzee,FWD,Man United,5.5,0.7,2,2.306,,2.306,model,3.46,0.0,0.0,0.0,1.0,9.254
Mykolenko,DEF,Everton,4.5,1.3,2,2.296,,2.296,model,2.414,0.043,0.755,0.0,2.0,6.358
Sadiki,MID,Sunderland,5.0,0.4,2,2.283,,2.283,model,1.989,0.157,0.273,0.0,2.0,5.627
Martinez,GK,Aston Villa,5.0,4.8,2,2.28,,2.28,model,2.175,0.0,0.933,0.0,2.0,6.51
Wharton,MID,Crystal Palace,5.5,0.3,2,2.28,,2.28,model,2.346,0.225,0.124,0.0,2.0,6.627
Tete,DEF,Fulham,4.5,0.2,2,2.271,,2.271,model,2.787,0.12,0.814,0.0,1.0,7.627
Vicario,GK,Tottenham,4.5,1.5,2,2.27,,2.27,model,2.314,0.0,0.989,0.0,2.0,6.51
Justin,DEF,Leeds,4.5,0.5,2,2.266,,2.266,model,2.813,0.087,0.651,0.0,1.0,7.896
Mainoo,MID,Man United,5.5,1.3,2,2.259,,2.259,model,2.535,0.049,0.234,0.0,2.0,8.358
Silva,DEF,Bournemouth,5.0,0.2,2,2.248,,2.248,model,3.691,0.406,0.646,0.0,0.0,8.358
Schär,DEF,Newcastle,5.0,0.2,2,2.246,,2.246,model,2.965,0.054,0.671,0.0,1.0,8.358
Pickford,GK,Everton,5.5,8.9,2,2.244,,2.244,model,2.115,0.0,0.857,0.0,2.0,6.51
O'Brien,DEF,Everton,5.0,0.5,2,2.237,,2.237,model,2.553,0.085,0.673,0.0,2.0,6.358
Robertson,DEF,Tottenham,4.5,1.9,2,2.226,,2.226,model,2.985,0.007,0.625,0.0,1.0,7.896
Bidwell,DEF,Coventry,4.0,0.1,2,2.221,,2.221,model,3.871,0.473,0.716,0.0,0.0,8.358
Slater,MID,Hull,4.5,2.0,2,2.214,,2.214,model,2.742,0.189,0.119,0.0,2.0,8.358
Latibeaudiere,DEF,Coventry,4.0,0.1,2,2.206,,2.206,model,3.593,0.508,0.686,0.0,0.0,8.358
Fletcher,MID,Man United,4.5,0.3,2,2.202,,2.202,model,4.345,0.14,0.209,0.0,0.0,9.358
Lewis-Potter,MID,Brentford,5.5,0.5,2,2.201,,2.201,model,2.619,0.001,0.141,0.0,2.0,8.358
Ajayi,DEF,Hull,4.0,0.7,2,2.194,,2.194,model,2.887,0.855,0.445,0.0,1.0,8.358
Aina,DEF,Nott'm Forest,4.5,4.4,2,2.187,,2.187,model,2.384,0.025,0.715,0.0,2.0,6.358
A.García,DEF,Aston Villa,4.0,1.6,2,2.186,,2.186,model,2.821,0.38,0.612,0.0,1.0,7.358
De Cuyper,DEF,Brighton,4.5,1.3,2,2.185,,2.185,model,3.104,0.105,0.417,0.0,1.0,8.896
Yarmoliuk,MID,Brentford,5.0,1.5,2,2.185,,2.185,model,2.219,0.235,0.155,0.0,2.0,6.627
Kinsky,GK,Tottenham,4.5,19.2,2,2.183,,2.183,model,2.335,0.0,0.947,0.0,2.0,6.51
White,DEF,Arsenal,5.5,0.4,2,2.182,,2.182,model,3.024,0.021,0.808,0.0,1.0,7.896
Fredricson,DEF,Man United,4.0,0.1,2,2.178,,2.178,model,3.793,0.323,0.763,0.0,0.0,8.358
Mason-Clark,MID,Coventry,5.5,0.3,2,2.177,,2.177,model,4.086,0.135,0.171,0.0,0.0,9.358
Sangaré,MID,Nott'm Forest,5.0,0.6,2,2.177,,2.177,model,2.371,0.407,0.111,0.0,2.0,6.664
Martinelli,MID,Arsenal,6.5,0.3,2,2.165,,2.165,model,3.208,0.0,0.122,0.0,1.0,9.254
Olusesi,MID,Tottenham,4.5,0.9,2,2.161,,2.161,model,3.177,0.197,0.15,0.0,2.0,8.358
Reed,MID,Fulham,4.5,1.1,2,2.159,,2.159,model,2.838,0.246,0.178,0.0,2.0,8.358
Crooks,MID,Hull,4.5,0.7,2,2.158,,2.158,model,3.279,0.154,0.099,0.0,2.0,8.358
A.Murphy,DEF,Newcastle,4.0,0.8,2,2.155,,2.155,model,3.07,0.413,0.574,0.0,1.0,8.358
Buendía,MID,Aston Villa,6.0,0.9,2,2.153,,2.153,model,2.803,0.049,0.087,0.0,1.0,8.358
Savinho,MID,Man City,6.5,0.1,2,2.137,,2.137,model,3.419,0.0,0.116,0.0,1.0,9.254
Giles,DEF,Hull,4.0,0.6,2,2.131,,2.131,model,2.827,0.837,0.398,0.0,1.0,8.358
Jensen,MID,Brentford,5.5,0.1,2,2.129,,2.129,model,2.742,0.085,0.12,0.0,1.0,8.358
Lewis,DEF,Man City,4.5,0.2,2,2.125,,2.125,model,3.143,0.001,0.684,0.0,1.0,8.896
Reijnders,MID,Man City,6.0,0.4,2,2.115,,2.115,model,3.391,0.023,0.157,0.0,1.0,9.358
Pope,GK,Newcastle,5.0,1.1,2,2.109,,2.109,model,2.301,0.0,0.866,0.0,2.0,6.51
Canvot,DEF,Crystal Palace,5.0,0.6,2,2.096,,2.096,model,2.636,0.617,0.418,0.0,1.0,8.358
Mount,MID,Man United,5.5,0.1,2,2.092,,2.092,model,3.541,0.03,0.095,0.0,1.0,9.254
O'Nien,DEF,Sunderland,4.0,2.4,2,2.088,,2.088,model,2.661,0.173,0.734,0.0,1.0,6.358
C.Jones,MID,Liverpool,5.5,0.1,2,2.086,,2.086,model,2.897,0.067,0.131,0.0,1.0,8.358
Murillo,DEF,Nott'm Forest,5.5,0.2,2,2.083,,2.083,model,2.546,0.125,0.632,0.0,1.0,6.358
Delap,FWD,Chelsea,5.5,0.5,2,2.082,,2.082,model,2.939,0.0,0.0,0.0,1.0,7.353
Hato,DEF,Chelsea,4.5,1.0,2,2.075,,2.075,model,2.75,0.266,0.543,0.0,1.0,7.896
Igor Jesus,FWD,Nott'm Forest,6.0,5.1,2,2.072,,2.072,model,2.504,0.008,0.0,0.0,2.0,7.353
Ajer,DEF,Brentford,4.5,1.6,2,2.069,,2.069,model,2.583,0.199,0.631,0.0,1.0,7.358
Gomes,MID,Aston Villa,5.5,0.3,2,2.064,,2.064,model,1.832,0.053,0.178,0.0,2.0,5.627
Branthwaite,DEF,Everton,5.5,1.9,2,2.063,,2.063,model,2.509,0.009,0.681,0.0,1.0,6.358
Souza,DEF,Tottenham,4.0,0.3,2,2.061,,2.061,model,3.245,0.437,0.585,0.0,0.0,8.358
Coyle,DEF,Hull,4.0,0.5,2,2.058,,2.058,model,2.797,0.799,0.384,0.0,1.0,8.358
Adams,MID,Bournemouth,5.0,0.7,2,2.056,,2.056,model,2.124,0.12,0.201,0.0,2.0,6.627
Osula,FWD,Newcastle,6.0,1.5,2,2.055,,2.055,model,2.969,0.001,0.0,0.0,1.0,7.353
Bentancur,MID,Tottenham,5.5,0.1,2,2.054,,2.054,model,2.228,0.266,0.152,0.0,2.0,5.627
Bendito Mantato,MID,Man United,4.5,0.2,2,2.053,,2.053,model,4.135,0.128,0.183,0.0,0.0,9.358
Ayari,MID,Brighton,5.5,0.7,2,2.049,,2.049,model,2.45,0.06,0.125,0.0,2.0,8.358
Brau,DEF,Coventry,4.0,0.1,2,2.041,,2.041,model,3.451,0.461,0.626,0.0,0.0,8.358
Disasi,DEF,Chelsea,4.5,0.1,2,2.037,,2.037,model,2.772,0.0,0.777,0.0,1.0,6.358
Enes Ünal,FWD,Bournemouth,5.5,0.2,2,2.034,,2.034,model,2.724,0.001,0.0,0.0,1.0,6.353
Smith Rowe,MID,Fulham,5.5,0.4,2,2.03,,2.03,model,2.544,0.007,0.158,0.0,2.0,8.358
Hjelde,DEF,Sunderland,4.0,0.3,2,2.027,,2.027,model,2.92,0.347,0.731,0.0,0.0,8.358
Kudus,MID,Tottenham,6.5,0.2,2,2.025,,2.025,model,2.922,0.005,0.144,0.0,2.0,8.358
Diarra,MID,Sunderland,5.5,0.1,2,2.024,,2.024,model,3.077,0.019,0.158,0.0,1.0,8.358
Gallagher,MID,Tottenham,5.5,0.2,2,2.014,,2.014,model,2.677,0.24,0.13,0.0,2.0,8.358
Alleyne,DEF,Man City,5.0,0.0,2,2.013,,2.013,model,3.77,0.197,0.702,0.0,0.0,8.358
Thomas-Asante,FWD,Coventry,5.0,0.9,2,2.009,,2.009,model,3.96,0.018,0.0,0.0,0.0,7.353
Nmecha,FWD,Leeds,5.5,0.6,2,2.0,,2.0,model,3.036,0.001,0.0,0.0,1.0,7.353
Ramsay,DEF,Liverpool,4.0,0.2,2,1.996,,1.996,model,3.089,0.438,0.613,0.0,0.0,8.358
Grealish,MID,Man City,6.5,0.2,2,1.995,,1.995,model,2.983,0.041,0.158,0.0,1.0,8.358
Tel,MID,Tottenham,6.0,0.4,2,1.991,,1.991,model,2.703,0.021,0.102,0.0,1.0,8.358
Onyeka,MID,Coventry,5.0,0.2,2,1.981,,1.981,model,3.895,0.156,0.165,0.0,0.0,8.358
Dowman,MID,Arsenal,5.5,0.2,2,1.974,,1.974,model,3.551,0.177,0.189,0.0,0.0,8.358
Elanga,MID,Newcastle,6.0,0.7,2,1.974,,1.974,model,2.546,0.0,0.105,0.0,1.0,8.358
Touré,MID,Newcastle,6.0,0.2,2,1.965,,1.965,model,3.535,0.223,0.124,0.0,0.0,8.358
Marmoush,FWD,Man City,7.0,0.7,2,1.963,,1.963,model,2.984,0.001,0.0,0.0,1.0,7.353
Kesler-Hayden,DEF,Coventry,4.0,0.1,2,1.956,,1.956,model,3.254,0.471,0.601,0.0,0.0,8.358
Burrowes,MID,Aston Villa,4.5,0.9,2,1.953,,1.953,model,2.704,0.188,0.131,0.0,2.0,6.627
Berge,MID,Fulham,5.0,0.4,2,1.95,,1.95,model,1.808,0.058,0.209,0.0,2.0,5.0
Grimes,MID,Coventry,5.0,0.2,2,1.945,,1.945,model,3.741,0.145,0.161,0.0,0.0,8.627
Collyer,MID,Man United,5.0,0.0,2,1.941,,1.941,model,4.361,0.122,0.164,0.0,0.0,9.358
Garnacho,MID,Aston Villa,6.0,1.0,2,1.941,,1.941,model,2.574,0.0,0.096,0.0,1.0,8.358
Scarlett,FWD,Tottenham,4.5,1.7,2,1.937,,1.937,model,3.439,0.017,0.0,0.0,2.0,7.353
Castagne,DEF,Fulham,4.5,0.2,2,1.935,,1.935,model,2.583,0.052,0.681,0.0,1.0,6.358
Lucky,DEF,Liverpool,4.0,0.1,2,1.926,,1.926,model,3.245,0.423,0.594,0.0,0.0,8.358
Vitor Reis,DEF,Man City,4.5,0.0,2,1.907,,1.907,model,3.394,0.194,0.723,0.0,0.0,8.358
Nedeljkovic,DEF,Aston Villa,4.0,0.6,2,1.903,,1.903,model,2.722,0.372,0.527,0.0,1.0,7.358
Torp,MID,Coventry,5.5,0.2,2,1.901,,1.901,model,3.674,0.127,0.163,0.0,0.0,8.358
Barry,FWD,Everton,5.5,0.9,2,1.894,,1.894,model,2.683,0.0,0.0,0.0,1.0,7.353
Udogie,DEF,Tottenham,4.5,0.4,2,1.89,,1.89,model,2.435,0.024,0.633,0.0,1.0,6.358
Florentino,MID,Ipswich,5.0,0.0,2,1.887,,1.887,model,2.15,0.61,0.046,0.0,1.0,5.0
Simms,FWD,Coventry,5.0,0.6,2,1.884,,1.884,model,3.871,0.016,0.0,0.0,0.0,7.353
Sels,GK,Nott'm Forest,5.0,1.4,2,1.873,,1.873,model,2.027,0.0,0.696,0.0,1.0,6.51
J.Araujo,DEF,Bournemouth,4.5,0.1,2,1.87,,1.87,model,3.342,0.327,0.577,0.0,0.0,8.358
Chiesa,MID,Liverpool,5.5,0.2,2,1.868,,1.868,model,2.929,0.031,0.045,0.0,1.0,7.358
Lukić,MID,Fulham,5.0,0.1,2,1.867,,1.867,model,2.233,0.03,0.166,0.0,2.0,6.627
M.Sarr,DEF,Chelsea,4.5,0.1,2,1.866,,1.866,model,3.301,0.307,0.556,0.0,0.0,8.358
Janelt,MID,Brentford,5.0,0.1,2,1.86,,1.86,model,2.346,0.051,0.129,0.0,2.0,6.627
Lacey,MID,Man United,5.0,0.1,2,1.858,,1.858,model,3.986,0.125,0.174,0.0,0.0,8.358
Yates,MID,Nott'm Forest,4.5,7.1,2,1.857,,1.857,model,2.128,0.007,0.087,0.0,2.0,8.358
Shepherd,MID,Coventry,4.5,0.3,2,1.856,,1.856,model,3.459,0.152,0.172,0.0,0.0,8.358
Hutchinson,MID,Nott'm Forest,5.5,0.2,2,1.855,,1.855,model,2.344,0.004,0.097,0.0,2.0,7.358
Heaven,DEF,Man United,4.5,0.3,2,1.847,,1.847,model,3.024,0.227,0.568,0.0,1.0,8.358
Strand Larsen,FWD,Crystal Palace,6.0,0.6,2,1.83,,1.83,model,2.183,0.001,0.0,0.0,2.0,7.353
Yeremy,MID,Crystal Palace,5.5,0.2,2,1.828,,1.828,model,2.517,0.065,0.087,0.0,1.0,8.259
Destan,FWD,Hull,4.5,2.5,2,1.827,,1.827,model,2.851,0.012,0.0,0.0,2.0,7.353
Elliott,MID,Liverpool,5.5,0.1,2,1.823,,1.823,model,2.648,0.007,0.035,0.0,1.0,7.358
Borges Rodrigues,MID,Coventry,4.5,0.2,2,1.822,,1.822,model,3.438,0.115,0.172,0.0,0.0,8.358
Digne,DEF,Aston Villa,4.5,1.4,2,1.815,,1.815,model,2.395,0.012,0.558,0.0,1.0,6.358
Kamada,MID,Crystal Palace,5.0,0.3,2,1.813,,1.813,model,2.077,0.073,0.099,0.0,2.0,6.627
J.Ramsey,MID,Newcastle,5.0,0.4,2,1.8,,1.8,model,2.32,0.029,0.105,0.0,1.0,7.358
García,FWD,Fulham,6.0,1.4,2,1.796,,1.796,model,2.902,0.015,0.0,0.0,2.0,7.353
Hughes,MID,Crystal Palace,4.5,11.1,2,1.791,,1.791,model,1.9,0.013,0.1,0.0,2.0,5.627
Hudson-Odoi,MID,Nott'm Forest,6.0,0.0,2,1.789,,1.789,model,2.353,0.001,0.085,0.0,1.0,8.358
P.M.Sarr,MID,Tottenham,5.0,0.4,2,1.789,,1.789,model,2.428,0.053,0.107,0.0,1.0,8.358
Belloumi,MID,Hull,5.0,0.5,2,1.784,,1.784,model,2.838,0.154,0.093,0.0,2.0,5.627
McBurnie,FWD,Hull,5.5,1.7,2,1.783,,1.783,model,3.026,0.016,0.0,0.0,2.0,7.353
Adli,MID,Bournemouth,5.0,0.2,2,1.781,,1.781,model,2.673,0.116,0.07,0.0,1.0,7.627
Wilson,FWD,Brentford,5.5,0.4,2,1.778,,1.778,model,2.555,0.0,0.0,0.0,1.0,7.353
Georginio,FWD,Brighton,5.5,0.8,2,1.776,,1.776,model,2.322,0.004,0.0,0.0,1.0,7.353
Rushworth,GK,Coventry,4.5,0.9,2,1.76,,1.76,model,2.361,0.0,0.885,0.0,1.0,6.51
Sakamoto,MID,Coventry,5.0,0.1,2,1.747,,1.747,model,3.547,0.131,0.147,0.0,0.0,8.358
N.Gonzalez,MID,Man City,5.5,0.1,2,1.746,,1.746,model,2.454,0.203,0.16,0.0,1.0,7.358
Dovin,GK,Coventry,4.0,2.6,2,1.745,,1.745,model,2.552,0.0,0.869,0.0,0.0,6.51
Cook,MID,Bournemouth,5.0,0.1,2,1.743,,1.743,model,2.119,0.028,0.152,0.0,1.0,6.627
Awoniyi,FWD,Nott'm Forest,5.5,0.4,2,1.743,,1.743,model,2.387,0.0,0.0,0.0,1.0,6.353
Sanchez,DEF,Bournemouth,4.5,0.0,2,1.74,,1.74,model,3.098,0.332,0.529,0.0,0.0,8.358
J.Fletcher,MID,Man United,5.0,0.0,2,1.735,,1.735,model,3.937,0.102,0.157,0.0,0.0,8.358
McAteer,MID,Ipswich,4.5,1.6,2,1.728,,1.728,model,2.154,0.001,0.046,0.0,2.0,8.358
McConnell,MID,Liverpool,4.5,0.2,2,1.727,,1.727,model,3.317,0.141,0.142,0.0,0.0,8.358
Muniz,FWD,Fulham,5.5,0.7,2,1.724,,1.724,model,2.402,0.0,0.0,0.0,1.0,7.353
Bobb,MID,Fulham,5.5,0.4,2,1.72,,1.72,model,2.341,0.046,0.101,0.0,1.0,7.358
McCarthy,DEF,Hull,4.0,0.1,2,1.714,,1.714,model,2.748,0.665,0.327,0.0,0.0,7.358
Quenda,MID,Chelsea,5.5,0.1,2,1.714,,1.714,model,3.354,0.165,0.117,0.0,0.0,8.358
Darlow,GK,Man United,4.5,0.1,2,1.713,,1.713,model,2.492,0.0,0.845,0.0,0.0,6.51
McNair,DEF,Hull,4.0,0.1,2,1.709,,1.709,model,2.84,0.65,0.328,0.0,0.0,7.919
Phillips,DEF,Tottenham,4.5,0.1,2,1.706,,1.706,model,2.954,0.383,0.469,0.0,0.0,8.358
Tanaka,MID,Leeds,5.0,0.3,2,1.705,,1.705,model,2.47,0.182,0.074,0.0,1.0,7.358
Joelinton,MID,Newcastle,5.5,0.0,2,1.704,,1.704,model,2.493,0.055,0.105,0.0,1.0,8.358
Barco,MID,Chelsea,5.5,0.0,2,1.703,,1.703,model,3.794,0.149,0.114,0.0,0.0,8.358
Schuster,DEF,Brentford,4.5,0.1,2,1.699,,1.699,model,3.029,0.27,0.504,0.0,0.0,7.896
Johnson,MID,Crystal Palace,6.0,0.1,2,1.699,,1.699,model,2.393,0.003,0.082,0.0,1.0,8.358
Gannon-Doak,MID,Bournemouth,5.0,0.1,2,1.698,,1.698,model,3.338,0.143,0.137,0.0,0.0,8.358
Davies,DEF,Tottenham,4.0,0.8,2,1.697,,1.697,model,2.585,0.009,0.564,0.0,1.0,6.358
Nyoni,MID,Liverpool,5.0,0.1,2,1.694,,1.694,model,3.441,0.146,0.129,0.0,0.0,8.358
Maatsen,DEF,Aston Villa,4.5,0.6,2,1.687,,1.687,model,2.377,0.061,0.408,0.0,1.0,6.358
Echeverri,MID,Man City,5.0,0.0,2,1.682,,1.682,model,3.457,0.135,0.152,0.0,0.0,8.358
Furo,FWD,Brentford,4.5,0.9,2,1.681,,1.681,model,3.279,0.012,0.0,0.0,0.0,7.353
Maeda,MID,Ipswich,5.5,0.4,2,1.677,,1.677,model,2.61,0.165,0.048,0.0,2.0,7.627
Anselmino,DEF,Chelsea,4.5,0.0,2,1.675,,1.675,model,3.242,0.276,0.491,0.0,0.0,7.896
Adingra,MID,Sunderland,5.0,0.3,2,1.672,,1.672,model,2.392,0.002,0.118,0.0,1.0,7.358
Seelt,DEF,Sunderland,4.5,0.0,2,1.668,,1.668,model,3.092,0.242,0.6,0.0,0.0,7.358
Pau,DEF,Aston Villa,4.5,0.3,2,1.667,,1.667,model,2.316,0.028,0.58,0.0,1.0,6.358
Walle Egeli,FWD,Ipswich,4.5,2.1,2,1.667,,1.667,model,2.661,0.018,0.0,0.0,2.0,7.353
Rudoni,MID,Coventry,5.0,0.3,2,1.662,,1.662,model,3.9,0.108,0.139,0.0,0.0,8.358
Piroe,FWD,Leeds,5.0,0.5,2,1.655,,1.655,model,3.237,0.012,0.0,0.0,0.0,7.353
Howell,MID,Brighton,4.5,0.3,2,1.648,,1.648,model,3.016,0.155,0.101,0.0,0.0,5.031
Rowswell,DEF,Tottenham,4.0,0.1,2,1.643,,1.643,model,2.904,0.386,0.463,0.0,0.0,7.919
Dowell,MID,Hull,4.5,0.5,2,1.642,,1.642,model,2.316,0.167,0.094,0.0,2.0,5.0
Mings,DEF,Aston Villa,4.5,0.2,2,1.64,,1.64,model,2.444,0.059,0.511,0.0,1.0,6.358
Hackney,MID,Everton,5.5,0.3,2,1.64,,1.64,model,2.808,0.133,0.095,0.0,0.0,8.358
Kamara,MID,Aston Villa,5.0,0.1,2,1.637,,1.637,model,1.773,0.042,0.131,0.0,2.0,4.0
Mukasa,MID,Man City,4.5,0.1,2,1.636,,1.636,model,3.264,0.147,0.168,0.0,0.0,6.627
Gittens,MID,Chelsea,6.0,0.1,2,1.627,,1.627,model,2.33,0.014,0.041,0.0,1.0,7.358
Byfield,DEF,Tottenham,4.0,0.1,2,1.624,,1.624,model,2.791,0.383,0.452,0.0,0.0,7.358
McNeil,MID,Everton,5.5,0.1,2,1.621,,1.621,model,2.35,0.017,0.084,0.0,1.0,6.627
Moore,MID,Tottenham,5.0,0.1,2,1.618,,1.618,model,3.099,0.147,0.111,0.0,0.0,8.358
Trafford,GK,Leeds,5.0,1.9,2,1.614,,1.614,model,2.193,0.0,0.663,0.0,1.0,6.51
Rodríguez,FWD,Bournemouth,6.0,0.3,2,1.613,,1.613,model,3.342,0.017,0.0,0.0,0.0,7.353
Isidor,FWD,Sunderland,5.5,1.2,2,1.608,,1.608,model,2.299,0.001,0.0,0.0,1.0,7.353
Tsimikas,DEF,Liverpool,5.0,0.1,2,1.598,,1.598,model,2.673,0.011,0.317,0.0,1.0,6.358
Fábio Vieira,MID,Arsenal,5.5,0.0,2,1.594,,1.594,model,3.042,0.136,0.16,0.0,0.0,8.358
D.Essugo,MID,Chelsea,4.5,0.2,2,1.59,,1.59,model,2.983,0.144,0.123,0.0,0.0,6.677
Koumas,MID,Liverpool,5.0,0.0,2,1.588,,1.588,model,3.156,0.178,0.129,0.0,0.0,8.358
Ndoye,MID,Nott'm Forest,5.5,0.5,2,1.587,,1.587,model,2.14,0.075,0.068,0.0,1.0,6.627
Diakité,DEF,Bournemouth,5.0,0.2,2,1.579,,1.579,model,2.517,0.388,0.468,0.0,0.0,7.358
Neave,FWD,Newcastle,4.5,0.7,2,1.575,,1.575,model,3.066,0.017,0.0,0.0,0.0,7.353
Talbi,MID,Sunderland,5.5,0.2,2,1.572,,1.572,model,2.229,0.019,0.136,0.0,1.0,6.627
Steur,MID,Newcastle,5.0,0.1,2,1.568,,1.568,model,2.941,0.193,0.105,0.0,0.0,7.627
Longstaff,MID,Leeds,5.0,0.2,2,1.568,,1.568,model,2.306,0.057,0.068,0.0,1.0,7.358
Svoboda,DEF,Brighton,5.0,0.1,2,1.565,,1.565,model,2.705,0.277,0.41,0.0,0.0,7.358
George Hemmings,MID,Aston Villa,4.5,0.3,2,1.56,,1.56,model,2.256,0.171,0.109,0.0,0.0,5.0
Gray,MID,Tottenham,5.0,0.2,2,1.552,,1.552,model,2.022,0.015,0.12,0.0,1.0,5.627
Kovačić,MID,Man City,5.5,0.0,2,1.552,,1.552,model,2.579,0.0,0.125,0.0,1.0,7.358
Wilson,GK,Coventry,4.5,0.6,2,1.544,,1.544,model,2.307,0.0,0.752,0.0,0.0,6.51
Mheuka,FWD,Chelsea,4.5,0.4,2,1.543,,1.543,model,3.185,0.012,0.0,0.0,0.0,7.353
Livramento,DEF,Newcastle,5.0,0.1,2,1.54,,1.54,model,2.411,0.007,0.491,0.0,1.0,6.358
Yohanna,MID,Brighton,5.0,0.1,2,1.54,,1.54,model,2.826,0.165,0.087,0.0,0.0,7.664
Ji-soo,DEF,Brentford,4.5,0.0,2,1.536,,1.536,model,2.926,0.262,0.413,0.0,0.0,6.358
Gomez,DEF,Liverpool,5.0,0.1,2,1.534,,1.534,model,2.345,0.06,0.33,0.0,1.0,6.358
Palacios,MID,Fulham,5.5,0.1,2,1.531,,1.531,model,2.736,0.15,0.124,0.0,0.0,5.627
G.Jesus,FWD,Arsenal,6.0,0.4,2,1.528,,1.528,model,2.605,0.001,0.0,0.0,1.0,7.353
Woolfenden,DEF,Coventry,4.0,0.2,2,1.528,,1.528,model,2.483,0.006,0.61,0.0,0.0,6.358
Nketiah,FWD,Crystal Palace,5.5,0.5,2,1.528,,1.528,model,2.084,0.001,0.0,0.0,1.0,6.353
Lerma,MID,Crystal Palace,5.0,0.1,2,1.522,,1.522,model,1.854,0.061,0.081,0.0,1.0,5.0
Markelo,FWD,Coventry,5.0,0.1,2,1.521,,1.521,model,3.383,0.007,0.0,0.0,0.0,7.353
Monga,MID,Man City,5.0,0.0,2,1.521,,1.521,model,3.372,0.111,0.143,0.0,0.0,7.627
Gelhardt,MID,Leeds,5.0,0.0,2,1.519,,1.519,model,3.084,0.142,0.096,0.0,0.0,8.358
Eccles,MID,Coventry,5.0,0.0,2,1.519,,1.519,model,3.058,0.101,0.141,0.0,0.0,8.358
Mundle,MID,Sunderland,5.0,0.0,2,1.518,,1.518,model,1.94,0.021,0.035,0.0,1.0,7.358
Bergvall,MID,Tottenham,5.5,0.2,2,1.515,,1.515,model,2.06,0.003,0.083,0.0,1.0,6.627
Schlager,MID,Nott'm Forest,5.0,0.1,2,1.508,,1.508,model,2.827,0.148,0.071,0.0,0.0,8.358
Nørgaard,MID,Everton,5.0,0.5,2,1.499,,1.499,model,2.29,0.0,0.091,0.0,1.0,7.358
Barkley,MID,Aston Villa,5.0,0.2,2,1.497,,1.497,model,1.928,0.015,0.046,0.0,1.0,6.627
Tosin,DEF,Chelsea,4.5,0.2,2,1.493,,1.493,model,2.204,0.112,0.431,0.0,1.0,6.358
Davis,DEF,Ipswich,4.0,4.0,2,1.49,,1.49,model,2.357,0.0,0.347,0.0,1.0,6.358
Bamba,MID,Newcastle,5.0,0.1,2,1.487,,1.487,model,2.811,0.194,0.097,0.0,0.0,5.627
King,MID,Fulham,5.5,0.1,2,1.486,,1.486,model,2.012,0.053,0.084,0.0,1.0,6.627
Tóth.A,MID,Bournemouth,5.0,0.0,2,1.485,,1.485,model,2.971,0.146,0.117,0.0,0.0,6.627
Tchaouna,MID,Coventry,5.5,0.1,2,1.476,,1.476,model,2.128,0.014,0.103,0.0,1.0,6.627
Meslier,GK,Arsenal,5.0,0.1,2,1.474,,1.474,model,2.317,0.0,0.761,0.0,0.0,6.51
Hirst,FWD,Ipswich,5.0,0.4,2,1.473,,1.473,model,1.947,0.0,0.0,0.0,1.0,6.353
Aznou,DEF,Everton,4.0,0.2,2,1.466,,1.466,model,2.559,0.239,0.401,0.0,0.0,6.358
Dasilva,MID,Brentford,5.0,0.0,2,1.466,,1.466,model,3.19,0.129,0.085,0.0,0.0,5.677
Palmer,GK,Ipswich,4.0,5.9,2,1.458,,1.458,model,3.265,0.0,0.254,0.0,0.0,11.019
George,MID,Everton,5.5,0.1,2,1.457,,1.457,model,2.002,0.01,0.029,0.0,1.0,6.627
Steele,GK,Brighton,4.0,4.5,2,1.456,,1.456,model,2.005,0.0,0.594,0.0,1.0,6.51
Iroegbunam,MID,Everton,5.0,0.1,2,1.452,,1.452,model,1.921,0.173,0.072,0.0,1.0,5.0
Coppola,DEF,Brighton,4.5,0.0,2,1.448,,1.448,model,2.634,0.295,0.379,0.0,0.0,6.919
Oriola,MID,Brighton,4.5,0.2,2,1.447,,1.447,model,2.433,0.153,0.094,0.0,0.0,5.0
Núñez,MID,Ipswich,5.0,0.2,2,1.446,,1.446,model,2.482,0.143,0.039,0.0,0.0,4.0
Kipré,DEF,Ipswich,4.0,0.4,2,1.442,,1.442,model,2.376,0.617,0.195,0.0,0.0,6.358
Smith,DEF,Bournemouth,4.5,0.1,2,1.438,,1.438,model,2.139,0.018,0.468,0.0,1.0,6.358
Henry,DEF,Brentford,4.5,0.2,2,1.437,,1.437,model,2.035,0.049,0.395,0.0,1.0,6.358
Nwaneri,MID,Arsenal,5.5,0.0,2,1.43,,1.43,model,2.022,0.001,0.061,0.0,1.0,6.664
Kostoulas,FWD,Brighton,5.5,0.3,2,1.424,,1.424,model,2.186,0.024,0.0,0.0,1.0,6.353
Marc Guiu,FWD,Chelsea,5.0,0.4,2,1.417,,1.417,model,2.626,0.001,0.0,0.0,1.0,6.353
Clarke,MID,Ipswich,5.5,0.3,2,1.416,,1.416,model,1.795,0.001,0.023,0.0,1.0,5.627
Acheampong,DEF,Chelsea,4.5,0.2,2,1.414,,1.414,model,2.402,0.101,0.317,0.0,1.0,6.358
O.Richards,DEF,Nott'm Forest,4.0,0.2,2,1.409,,1.409,model,2.495,0.285,0.369,0.0,0.0,6.358
Bindon,DEF,Nott'm Forest,4.0,0.2,2,1.408,,1.408,model,2.485,0.313,0.365,0.0,0.0,6.358
Abraham,FWD,Aston Villa,5.5,0.1,2,1.406,,1.406,model,1.997,0.002,0.0,0.0,1.0,6.353
Furlong,DEF,Ipswich,4.0,0.4,2,1.406,,1.406,model,2.413,0.596,0.176,0.0,0.0,5.358
James,MID,Leeds,5.0,0.1,2,1.406,,1.406,model,2.121,0.015,0.033,0.0,1.0,7.358
Willock,MID,Newcastle,5.0,0.1,2,1.397,,1.397,model,1.857,0.011,0.056,0.0,1.0,5.627
Alcaraz,MID,Everton,5.0,0.1,2,1.397,,1.397,model,1.987,0.017,0.046,0.0,1.0,5.627
Buonanotte,MID,Brighton,5.0,0.1,2,1.395,,1.395,model,2.263,0.0,0.052,0.0,1.0,7.358
Jocelin.T,MID,Sunderland,5.0,0.0,2,1.395,,1.395,model,2.729,0.135,0.137,0.0,0.0,5.0
J.Cuenca,DEF,Fulham,4.5,0.0,2,1.393,,1.393,model,2.335,0.205,0.392,0.0,0.0,6.358
Heaton,GK,Man United,4.0,0.3,2,1.392,,1.392,model,2.408,0.0,0.709,0.0,0.0,6.51
Esse,MID,Crystal Palace,5.0,0.1,2,1.39,,1.39,model,2.457,0.152,0.079,0.0,0.0,5.0
Gruev,MID,Leeds,5.0,0.0,2,1.381,,1.381,model,2.008,0.081,0.088,0.0,1.0,5.031
Gnonto,MID,Leeds,5.0,0.1,2,1.37,,1.37,model,1.896,0.064,0.03,0.0,1.0,4.646
Abbott,DEF,Nott'm Forest,4.0,0.2,2,1.37,,1.37,model,2.656,0.272,0.334,0.0,0.0,6.358
Carvalho,MID,Brentford,5.0,0.0,2,1.361,,1.361,model,1.92,0.001,0.008,0.0,1.0,7.358
Dominguez,MID,Nott'm Forest,5.0,0.1,2,1.356,,1.356,model,1.781,0.032,0.057,0.0,1.0,4.627
Kevin,MID,Fulham,5.5,0.1,2,1.355,,1.355,model,1.756,0.035,0.057,0.0,1.0,4.627
Mingueza,DEF,Crystal Palace,4.5,0.1,2,1.353,,1.353,model,2.493,0.25,0.362,0.0,0.0,6.358
Morato,DEF,Nott'm Forest,5.0,0.1,2,1.352,,1.352,model,2.134,0.155,0.267,0.0,1.0,6.358
Kamara,MID,Hull,5.0,0.0,2,1.351,,1.351,model,2.667,0.117,0.06,0.0,0.0,5.0
Sosa,DEF,Crystal Palace,4.5,0.0,2,1.348,,1.348,model,2.624,0.287,0.337,0.0,0.0,6.358
Philogene,MID,Ipswich,5.5,0.2,2,1.347,,1.347,model,1.926,0.003,0.02,0.0,1.0,4.677
Woodman,GK,Liverpool,4.0,1.2,2,1.346,,1.346,model,2.147,0.0,0.645,0.0,0.0,6.51
Millar,MID,Hull,5.0,0.1,2,1.342,,1.342,model,2.521,0.114,0.072,0.0,0.0,5.0
Patterson,GK,Sunderland,4.0,1.0,2,1.334,,1.334,model,2.174,0.0,0.627,0.0,0.0,6.51
Bettinelli,GK,Man City,4.5,0.0,2,1.333,,1.333,model,2.243,0.0,0.679,0.0,0.0,6.51
Drakes-Thomas,MID,Crystal Palace,4.5,0.1,2,1.331,,1.331,model,2.324,0.149,0.083,0.0,0.0,5.0
Diop,DEF,Ipswich,4.0,19.1,2,1.325,,1.325,model,2.011,0.167,0.248,0.0,1.0,5.627
Forster,GK,Bournemouth,4.0,3.1,2,1.322,,1.322,model,2.349,0.0,0.586,0.0,0.0,6.51
Costinha,DEF,Brighton,4.5,0.0,2,1.313,,1.313,model,2.64,0.221,0.353,0.0,0.0,6.358
Lecomte,GK,Fulham,4.0,1.4,2,1.305,,1.305,model,2.084,0.0,0.585,0.0,0.0,6.51
Arrizabalaga,GK,Arsenal,5.0,0.1,2,1.305,,1.305,model,2.279,0.0,0.675,0.0,0.0,6.51
Kalimuendo,FWD,Nott'm Forest,5.5,0.1,2,1.303,,1.303,model,2.701,0.014,0.0,0.0,0.0,7.353
Akintola,MID,Hull,5.0,0.0,2,1.303,,1.303,model,2.539,0.114,0.068,0.0,0.0,5.0
Bailey,MID,Aston Villa,5.5,0.1,2,1.301,,1.301,model,1.841,0.006,0.049,0.0,1.0,5.627
Morita,MID,Hull,5.0,0.1,2,1.297,,1.297,model,2.207,0.107,0.07,0.0,0.0,5.0
Emersonn,FWD,Ipswich,5.5,0.3,2,1.294,,1.294,model,2.462,0.011,0.0,0.0,0.0,7.353
Fatawu,MID,Ipswich,5.5,0.3,2,1.29,,1.29,model,2.045,0.005,0.022,0.0,1.0,5.627
Nelson,MID,Arsenal,5.5,0.0,2,1.287,,1.287,model,2.376,0.029,0.036,0.0,1.0,7.358
M.França,MID,Crystal Palace,5.0,0.0,2,1.284,,1.284,model,2.385,0.149,0.071,0.0,0.0,5.0
Szmodics,MID,Ipswich,5.0,0.1,2,1.283,,1.283,model,2.163,0.001,0.028,0.0,1.0,7.358
McAtee,MID,Nott'm Forest,5.5,0.1,2,1.279,,1.279,model,1.993,0.019,0.018,0.0,1.0,6.627
Alysson,MID,Aston Villa,5.0,0.0,2,1.271,,1.271,model,2.431,0.137,0.082,0.0,0.0,4.0
Horníček,GK,Newcastle,5.0,0.3,2,1.27,,1.27,model,1.948,0.0,0.522,0.0,0.0,6.51
Iling Jr,MID,Aston Villa,5.0,0.0,2,1.265,,1.265,model,2.363,0.13,0.084,0.0,0.0,5.0
J.Rak-Sakyi,MID,Crystal Palace,5.0,0.0,2,1.264,,1.264,model,2.379,0.153,0.07,0.0,0.0,5.0
Akpom,FWD,Ipswich,5.0,0.5,2,1.264,,1.264,model,2.425,0.009,0.0,0.0,0.0,7.353
O'Riley,MID,Brighton,5.5,0.1,2,1.261,,1.261,model,2.28,0.003,0.047,0.0,1.0,6.627
Jair Cunha,DEF,Nott'm Forest,4.5,0.4,2,1.247,,1.247,model,2.087,0.147,0.248,0.0,1.0,6.358
Angulo,MID,Sunderland,5.0,0.1,2,1.243,,1.243,model,2.269,0.001,0.079,0.0,1.0,6.627
Lavia,MID,Chelsea,5.0,0.0,2,1.242,,1.242,model,1.88,0.007,0.047,0.0,1.0,4.0
Cardines,DEF,Crystal Palace,4.5,0.0,2,1.241,,1.241,model,2.33,0.278,0.299,0.0,0.0,6.358
Doucouré,MID,Crystal Palace,5.0,0.1,2,1.24,,1.24,model,2.148,0.144,0.078,0.0,0.0,4.0
Rigg,MID,Sunderland,5.0,0.1,2,1.239,,1.239,model,2.05,0.041,0.076,0.0,1.0,5.627
Mehmeti,MID,Ipswich,5.0,0.1,2,1.238,,1.238,model,2.212,0.115,0.043,0.0,0.0,4.0
Cairney,MID,Fulham,5.0,0.0,2,1.233,,1.233,model,1.727,0.012,0.049,0.0,1.0,4.627
Ömür,MID,Hull,5.0,0.0,2,1.225,,1.225,model,2.375,0.105,0.065,0.0,0.0,4.0
Guessand,MID,Aston Villa,5.5,0.0,2,1.222,,1.222,model,1.774,0.057,0.043,0.0,1.0,4.0
Pecsi,GK,Liverpool,4.0,0.1,2,1.217,,1.217,model,2.104,0.0,0.606,0.0,0.0,6.51
Hickey,DEF,Brentford,4.5,0.1,2,1.209,,1.209,model,1.885,0.097,0.195,0.0,1.0,5.627
Ogbene,MID,Ipswich,5.0,0.0,2,1.198,,1.198,model,2.156,0.126,0.034,0.0,0.0,4.0
Al-Hamadi,FWD,Ipswich,5.0,0.2,2,1.192,,1.192,model,2.343,0.01,0.0,0.0,0.0,7.353
Phillips,MID,Man City,5.0,0.0,2,1.181,,1.181,model,2.031,0.0,0.109,0.0,0.0,3.0
O'Shea,DEF,Ipswich,4.0,1.9,2,1.166,,1.166,model,1.869,0.001,0.305,0.0,1.0,5.358
Emegha,FWD,Chelsea,5.0,0.2,2,1.165,,1.165,model,3.17,0.009,0.0,0.0,0.0,7.353
Lindelöf,DEF,Aston Villa,4.5,0.2,2,1.164,,1.164,model,1.877,0.01,0.334,0.0,1.0,6.358
Lewis-Skelly,MID,Arsenal,5.5,0.3,2,1.159,,1.159,model,1.456,0.001,0.109,0.0,1.0,3.0
Davies,GK,Liverpool,4.0,0.1,2,1.151,,1.151,model,2.243,0.0,0.522,0.0,0.0,6.51
Jacob,DEF,Hull,4.0,0.0,2,1.143,,1.143,model,2.419,0.446,0.221,0.0,0.0,6.358
Armstrong,MID,Everton,5.0,0.1,2,1.14,,1.14,model,1.898,0.055,0.04,0.0,1.0,4.031
Endo,MID,Liverpool,5.0,0.0,2,1.137,,1.137,model,1.482,0.012,0.017,0.0,1.0,3.0
Mamardashvili,GK,Liverpool,5.0,0.2,2,1.13,,1.13,model,1.984,0.0,0.514,0.0,0.0,6.51
Perri,GK,Leeds,4.5,0.7,2,1.127,,1.127,model,1.995,0.0,0.455,0.0,0.0,6.51
B.Badiashile,DEF,Chelsea,4.5,0.0,2,1.122,,1.122,model,1.906,0.101,0.259,0.0,1.0,6.358
Boscagli,DEF,Brighton,4.5,0.1,2,1.121,,1.121,model,2.087,0.208,0.264,0.0,0.0,6.358
Bakwa,MID,Nott'm Forest,5.5,0.0,2,1.12,,1.12,model,1.855,0.023,0.027,0.0,1.0,4.627
Röhl,MID,Everton,5.0,0.1,2,1.114,,1.114,model,1.856,0.072,0.044,0.0,1.0,4.627
Burns,MID,Ipswich,5.0,0.1,2,1.094,,1.094,model,1.629,0.0,0.026,0.0,1.0,3.0
Dibling,MID,Everton,5.5,0.1,2,1.09,,1.09,model,1.714,0.001,0.041,0.0,1.0,3.0
Dennis,GK,Bournemouth,4.0,0.2,2,1.08,,1.08,model,1.95,0.0,0.489,0.0,0.0,6.51
Devenny,MID,Crystal Palace,5.0,0.0,2,1.079,,1.079,model,1.679,0.015,0.032,0.0,1.0,4.0
Milambo,MID,Brentford,5.0,0.0,2,1.072,,1.072,model,2.398,0.097,0.071,0.0,0.0,5.0
Phillips,GK,Hull,4.0,2.0,2,1.049,,1.049,model,1.728,0.0,0.392,0.0,0.0,5.51
Taylor,MID,Ipswich,4.5,0.2,2,1.049,,1.049,model,1.039,0.0,0.002,0.0,1.0,1.0
Penders,GK,Chelsea,4.5,0.1,2,1.029,,1.029,model,1.907,0.0,0.455,0.0,0.0,6.51
Austin,GK,Tottenham,4.0,0.6,2,1.025,,1.025,model,1.844,0.0,0.433,0.0,0.0,6.51
Matthews,GK,Crystal Palace,4.0,1.7,2,1.02,,1.02,model,1.779,0.0,0.383,0.0,0.0,5.51
Pinnock,DEF,Brentford,4.5,0.1,2,1.016,,1.016,model,2.174,0.011,0.343,0.0,0.0,6.358
Netz,DEF,Nott'm Forest,4.5,0.0,2,1.013,,1.013,model,1.584,0.005,0.135,0.0,1.0,4.358
McNally,GK,Fulham,4.0,0.2,2,0.999,,0.999,model,1.882,0.0,0.44,0.0,0.0,6.51
Tzimas,FWD,Brighton,5.5,0.0,2,0.996,,0.996,model,2.518,0.007,0.0,0.0,0.0,7.353
Bogarde,MID,Aston Villa,5.0,0.1,2,0.992,,0.992,model,1.087,0.006,0.05,0.0,1.0,3.0
Travers,GK,Everton,5.0,0.1,2,0.973,,0.973,model,1.868,0.0,0.389,0.0,0.0,5.559
Greaves,DEF,Ipswich,4.0,0.5,2,0.957,,0.957,model,1.861,0.001,0.218,0.0,0.0,5.358
Bornauw,DEF,Leeds,4.5,0.0,2,0.951,,0.951,model,1.858,0.133,0.157,0.0,0.0,4.0
Valdimarsson,GK,Brentford,4.5,0.1,2,0.949,,0.949,model,1.801,0.0,0.398,0.0,0.0,6.51
Igor,DEF,Brighton,4.5,0.1,2,0.946,,0.946,model,1.834,0.016,0.248,0.0,0.0,5.358
Gillespie,GK,Newcastle,4.5,0.0,2,0.944,,0.944,model,1.798,0.0,0.407,0.0,0.0,6.51
Jörgensen,GK,Chelsea,5.0,0.1,2,0.917,,0.917,model,1.955,0.0,0.386,0.0,0.0,6.51
Chadi Riad,DEF,Crystal Palace,4.5,0.1,2,0.906,,0.906,model,1.84,0.09,0.209,0.0,0.0,5.358
Jaouen,GK,Newcastle,4.5,0.1,2,0.874,,0.874,model,1.693,0.0,0.362,0.0,0.0,5.51
King,GK,Everton,4.5,0.1,2,0.867,,0.867,model,1.735,0.0,0.341,0.0,0.0,5.51
Odobert,MID,Tottenham,5.5,0.0,2,0.857,,0.857,model,1.334,0.0,0.001,0.0,1.0,1.0
Lo-Tutala,GK,Hull,4.0,0.2,2,0.814,,0.814,model,1.631,0.0,0.329,0.0,0.0,5.51
Johnson,DEF,Ipswich,4.0,0.1,2,0.786,,0.786,model,1.53,0.007,0.11,0.0,0.0,2.0
Tzolakis,GK,Hull,4.5,0.1,2,0.777,,0.777,model,1.585,0.0,0.305,0.0,0.0,5.51
Kroupi.Jr,MID,Bournemouth,7.5,4.1,2,0.775,,0.775,model,1.847,0.001,0.002,0.0,0.0,4.627
Benitez,GK,Crystal Palace,4.5,0.1,2,0.774,,0.774,model,1.626,0.0,0.28,0.0,0.0,5.51
Bayindir,GK,Man United,4.5,0.2,2,0.765,,0.765,model,1.965,0.0,0.356,0.0,0.0,6.51
Harrison,MID,Leeds,5.0,0.0,2,0.744,,0.744,model,1.284,0.0,0.003,0.0,1.0,1.0
Christie,MID,Bournemouth,5.0,0.0,2,0.712,,0.712,model,1.263,0.001,0.003,0.0,1.0,1.0
Patterson,DEF,Everton,4.5,0.0,2,0.696,,0.696,model,1.449,0.041,0.123,0.0,0.0,3.0
Ellborg,GK,Sunderland,4.5,0.1,2,0.653,,0.653,model,1.855,0.0,0.311,0.0,0.0,6.51
L.Miley,MID,Newcastle,5.5,0.0,2,0.628,,0.628,model,1.103,0.002,0.002,0.0,0.0,1.0
Bradley,DEF,Liverpool,5.0,0.0,2,0.597,,0.597,model,1.027,0.002,0.009,0.0,0.0,1.0
Ekitiké,FWD,Liverpool,7.5,0.2,2,0.59,,0.59,model,1.467,0.0,0.0,0.0,0.0,2.0
John,GK,Nott'm Forest,4.5,0.1,2,0.573,,0.573,model,1.57,0.0,0.203,0.0,0.0,2.0
Scherpen,GK,Ipswich,4.5,0.3,2,0.561,,0.561,model,1.255,0.0,0.164,0.0,0.0,2.0
Ugarte,MID,Man United,5.0,0.0,2,0.555,,0.555,model,1.028,0.001,0.005,0.0,0.0,1.0
Xavi,MID,Tottenham,6.0,0.0,2,0.508,,0.508,model,1.154,0.002,0.002,0.0,0.0,1.0
Henderson,MID,Chelsea,5.0,0.0,2,0.501,,0.501,model,0.916,0.005,0.002,0.0,0.0,1.0
Button,GK,Ipswich,4.0,0.5,2,0.493,,0.493,model,1.171,0.0,0.143,0.0,0.0,2.0
Van Oevelen,GK,Ipswich,4.5,0.1,2,0.492,,0.492,model,1.216,0.0,0.14,0.0,0.0,2.0
Baleba,MID,Brighton,5.0,0.5,2,0.475,,0.475,model,0.896,0.001,0.003,0.0,0.0,1.0
M.Bizot,GK,Aston Villa,4.5,0.1,2,0.452,,0.452,model,1.304,0.0,0.17,0.0,0.0,2.0
Mitoma,MID,Brighton,6.0,0.2,2,0.438,,0.438,model,1.166,0.0,0.003,0.0,0.0,1.0
Walton,GK,Ipswich,4.5,0.6,2,0.427,,0.427,model,1.234,0.0,0.111,0.0,0.0,2.0
Rodrigo,MID,Man City,6.5,0.1,2,0.41,,0.41,model,1.012,0.012,0.006,0.0,0.0,1.0
Savona,DEF,Nott'm Forest,4.5,0.0,2,0.372,,0.372,model,0.985,0.001,0.01,0.0,0.0,1.0
Onana,MID,Aston Villa,5.0,0.0,2,0.326,,0.326,model,0.798,0.003,0.003,0.0,0.0,1.0
Milosavljević,DEF,Bournemouth,5.0,0.1,2,0.291,,0.291,model,0.853,0.008,0.013,0.0,0.0,1.0
Kulusevski,MID,Tottenham,6.5,0.0,2,0.291,,0.291,model,0.993,0.0,0.002,0.0,0.0,1.0
Fofana,DEF,Chelsea,5.0,0.0,2,0.284,,0.284,model,0.721,0.003,0.007,0.0,0.0,1.0
De Ligt,DEF,Man United,5.0,0.0,2,0.216,,0.216,model,0.924,0.001,0.022,0.0,0.0,1.0
J.Timber,DEF,Arsenal,6.5,0.5,2,0.187,,0.187,model,0.792,0.001,0.019,0.0,0.0,1.0
Gudmundsson,DEF,Leeds,4.5,0.4,2,0.183,,0.183,model,0.687,0.006,0.007,0.0,0.0,1.0
Saliba,DEF,Arsenal,6.0,0.5,2,0.125,,0.125,model,0.623,0.002,0.016,0.0,0.0,1.0
Andersen,DEF,Fulham,5.0,0.1,2,0.076,,0.076,model,0.504,0.007,0.01,0.0,0.0,0.0
Garner,MID,Everton,6.0,0.6,2,0.07,,0.07,model,0.41,0.006,0.003,0.0,0.0,0.0
Leoni,DEF,Liverpool,4.0,0.1,2,0.064,,0.064,model,0.607,0.014,0.025,0.0,0.0,0.0
Danns,FWD,Liverpool,4.5,0.0,2,0.05,,0.05,model,0.732,0.0,0.0,0.0,0.0,0.0
Mateo Joseph,FWD,Leeds,4.5,0.2,2,0.045,,0.045,model,0.597,0.001,0.0,0.0,0.0,0.0
Watson,MID,Brighton,5.0,0.0,2,0.042,,0.042,model,0.506,0.005,0.001,0.0,0.0,0.0
Bassette,FWD,Coventry,4.5,0.4,2,0.04,,0.04,model,0.535,0.0,0.0,0.0,0.0,0.0
Drameh,DEF,Hull,4.0,0.1,2,0.039,,0.039,model,0.444,0.017,0.006,0.0,0.0,0.0
Burstow,FWD,Hull,4.5,0.6,2,0.034,,0.034,model,0.514,0.001,0.0,0.0,0.0,0.0
Jaros,GK,Liverpool,4.0,0.0,2,0.033,,0.033,model,0.387,0.0,0.015,0.0,0.0,0.0
Zambrano,MID,Hull,4.5,0.4,2,0.033,,0.033,model,0.34,0.002,0.002,0.0,0.0,0.0
Gyabi,MID,Hull,4.5,0.2,2,0.033,,0.033,model,0.364,0.001,0.001,0.0,0.0,0.0
Bajcetic,MID,Liverpool,5.0,0.0,2,0.03,,0.03,model,0.509,0.003,0.002,0.0,0.0,0.0
Matazo,MID,Hull,4.5,0.0,2,0.03,,0.03,model,0.372,0.003,0.001,0.0,0.0,0.0
Uche,FWD,Crystal Palace,5.0,0.0,2,0.028,,0.028,model,0.348,0.0,0.0,0.0,0.0,0.0
Matusiwa,MID,Ipswich,5.0,0.0,2,0.026,,0.026,model,0.436,0.003,0.001,0.0,0.0,0.0
Henderson,GK,Crystal Palace,5.0,3.1,2,0.026,,0.026,model,0.335,0.0,0.012,0.0,0.0,0.0
Cartwright,GK,Hull,4.0,0.1,2,0.021,,0.021,model,0.29,0.0,0.009,0.0,0.0,0.0
Ferguson,FWD,Brighton,5.0,0.0,2,0.02,,0.02,model,0.388,0.0,0.0,0.0,0.0,0.0
Butland,GK,Hull,4.5,0.9,2,0.016,,0.016,model,0.259,0.0,0.006,0.0,0.0,0.0
Haaland,FWD,Man City,15.5,74.4,3,9.079,,9.079,model,7.227,0.0,0.0,0.0,7.353,23.413
O'Reilly,DEF,Man City,6.5,22.5,3,6.118,,6.118,model,5.825,0.091,1.707,0.0,5.627,17.239
Semenyo,MID,Man City,8.5,23.2,3,6.038,,6.038,model,5.388,0.008,0.444,0.0,3.0,15.717
Guéhi,DEF,Man City,6.0,23.5,3,5.451,,5.451,model,4.284,0.091,2.019,0.0,5.627,13.254
Saka,MID,Arsenal,9.5,10.8,3,5.424,,5.424,model,5.552,0.023,0.34,0.0,3.0,15.717
Cherki,MID,Man City,7.5,9.2,3,5.326,,5.326,model,6.042,0.08,0.297,0.0,3.0,16.612
Foden,MID,Man City,7.0,7.3,3,5.194,,5.194,model,5.869,0.013,0.338,0.0,3.0,15.717
Gvardiol,DEF,Man City,5.5,12.6,3,5.147,,5.147,model,4.802,0.011,1.72,0.0,5.358,13.254
B.Fernandes,MID,Man United,12.0,48.6,3,5.098,,5.098,model,4.528,0.027,0.254,0.0,3.0,14.717
Watkins,FWD,Aston Villa,8.0,12.7,3,4.992,,4.992,model,5.086,0.0,0.0,0.0,2.0,12.707
Gabriel,DEF,Arsenal,8.0,26.5,3,4.873,,4.873,model,4.015,0.289,1.745,0.0,4.493,13.254
Mbeumo,MID,Man United,8.0,20.2,3,4.76,,4.76,model,4.395,0.0,0.247,0.0,3.0,14.717
Isak,FWD,Liverpool,9.0,11.4,3,4.746,,4.746,model,4.993,0.0,0.0,0.0,2.0,12.707
Wirtz,MID,Liverpool,7.5,12.6,3,4.479,,4.479,model,4.498,0.078,0.266,0.0,3.0,13.886
Anderson,MID,Man City,6.5,12.0,3,4.378,,4.378,model,3.582,0.503,0.437,0.0,3.0,11.358
Thiago,FWD,Brentford,8.0,16.1,3,4.374,,4.374,model,4.381,0.026,0.0,0.0,2.0,12.707
Gakpo,MID,Liverpool,7.0,3.4,3,4.337,,4.337,model,4.762,0.001,0.247,0.0,2.0,14.717
Virgil,DEF,Liverpool,6.5,16.5,3,4.274,,4.274,model,3.599,0.469,1.312,0.0,3.0,10.896
Doku,MID,Man City,7.5,6.4,3,4.257,,4.257,model,4.76,0.007,0.321,0.0,3.0,14.717
Szoboszlai,MID,Liverpool,7.0,46.5,3,4.215,,4.215,model,3.798,0.077,0.3,0.0,3.0,11.985
Rice,MID,Arsenal,7.5,22.4,3,4.135,,4.135,model,3.461,0.168,0.416,0.0,3.0,10.358
Matheus N.,DEF,Man City,6.0,4.8,3,4.088,,4.088,model,3.656,0.052,1.681,0.0,2.0,9.985
Calafiori,DEF,Arsenal,5.5,16.8,3,3.998,,3.998,model,4.395,0.131,1.353,0.0,2.0,13.254
Gibbs-White,MID,Nott'm Forest,8.0,11.6,3,3.992,,3.992,model,3.651,0.003,0.294,0.0,2.0,11.985
Groß,MID,Brighton,5.5,9.3,3,3.966,,3.966,model,3.87,0.005,0.3,0.0,2.0,11.985
Eze,MID,Arsenal,6.5,3.2,3,3.962,,3.962,model,4.545,0.0,0.293,0.0,2.0,14.717
Senesi,DEF,Tottenham,6.0,10.6,3,3.959,,3.959,model,3.087,1.162,0.915,0.0,3.0,9.896
Rúben,DEF,Man City,5.5,1.4,3,3.921,,3.921,model,3.636,0.029,1.687,0.0,2.0,9.985
Gyökeres,FWD,Arsenal,7.5,13.1,3,3.898,,3.898,model,4.568,0.001,0.0,0.0,2.0,12.707
Thiaw,DEF,Newcastle,5.0,2.0,3,3.882,,3.882,model,3.815,0.763,0.921,0.0,3.0,10.896
Donnarumma,GK,Man City,5.5,11.0,3,3.879,,3.879,model,2.659,0.0,2.079,0.0,2.0,6.51
Tzolis,MID,Arsenal,6.5,2.3,3,3.845,,3.845,model,5.137,0.349,0.34,0.0,3.0,14.717
Ndiaye,MID,Everton,6.0,15.9,3,3.84,,3.84,model,3.593,0.07,0.203,0.0,2.0,10.358
Aït-Nouri,DEF,Man City,5.5,1.1,3,3.796,,3.796,model,4.28,0.002,1.382,0.0,2.0,13.254
Cunha,MID,Man United,8.0,13.6,3,3.793,,3.793,model,3.87,0.011,0.223,0.0,2.0,11.985
Cash,DEF,Aston Villa,4.5,7.8,3,3.789,,3.789,model,3.305,0.028,1.534,0.0,2.0,9.985
Struijk,DEF,Brighton,5.0,0.5,3,3.776,,3.776,model,3.754,0.584,1.216,0.0,2.0,10.896
Schade,MID,Brentford,6.0,2.1,3,3.751,,3.751,model,4.206,0.007,0.259,0.0,2.0,13.725
Havertz,FWD,Arsenal,7.5,3.8,3,3.729,,3.729,model,4.713,0.001,0.0,0.0,2.0,12.707
Raya,GK,Arsenal,6.0,31.0,3,3.706,,3.706,model,2.535,0.0,1.947,0.0,2.0,6.51
Vuskovic,DEF,Brighton,5.0,2.9,3,3.66,,3.66,model,3.779,0.554,1.193,0.0,2.0,8.896
Hincapie,DEF,Arsenal,5.5,4.2,3,3.644,,3.644,model,3.531,0.497,1.341,0.0,2.0,8.896
Bruno G.,MID,Newcastle,7.0,10.0,3,3.618,,3.618,model,3.393,0.006,0.216,0.0,2.0,9.358
Truffert,DEF,Bournemouth,5.5,4.8,3,3.617,,3.617,model,3.016,0.911,0.877,0.0,3.0,8.896
Mosquera,DEF,Arsenal,5.5,15.7,3,3.595,,3.595,model,3.522,0.595,1.229,0.0,2.0,8.385
Collins,DEF,Brentford,5.5,2.0,3,3.586,,3.586,model,3.369,0.206,1.312,0.0,2.0,8.896
Palmer,MID,Chelsea,9.5,11.7,3,3.551,,3.551,model,3.822,0.001,0.123,0.0,2.0,11.985
Konsa,DEF,Aston Villa,4.5,16.6,3,3.53,,3.53,model,2.99,0.027,1.521,0.0,2.0,8.896
F.Kadıoğlu,DEF,Brighton,4.5,2.9,3,3.523,,3.523,model,3.38,0.118,1.276,0.0,2.0,8.985
Van den Berg,DEF,Brentford,5.0,0.7,3,3.506,,3.506,model,3.408,0.221,1.283,0.0,2.0,8.896
Kayode,DEF,Brentford,4.5,3.8,3,3.469,,3.469,model,3.012,0.209,1.37,0.0,2.0,8.358
Robinson,DEF,Fulham,4.5,2.6,3,3.468,,3.468,model,3.731,0.013,1.177,0.0,2.0,10.914
Tavernier,MID,Bournemouth,6.0,1.9,3,3.466,,3.466,model,3.764,0.045,0.154,0.0,2.0,10.358
N.Williams,DEF,Nott'm Forest,5.0,12.5,3,3.462,,3.462,model,3.221,0.107,1.245,0.0,2.0,8.896
O.Dango,MID,Brentford,6.5,1.4,3,3.45,,3.45,model,4.018,0.015,0.251,0.0,2.0,10.291
Jacquet,DEF,Liverpool,5.0,1.6,3,3.371,,3.371,model,4.141,0.509,1.039,0.0,2.0,8.896
Milenković,DEF,Nott'm Forest,5.5,2.3,3,3.352,,3.352,model,2.905,0.135,1.339,0.0,2.0,8.358
Manzambi,MID,Aston Villa,6.0,2.1,3,3.316,,3.316,model,4.679,0.227,0.284,0.0,2.0,11.985
Calvert-Lewin,FWD,Leeds,6.0,24.1,3,3.309,,3.309,model,3.529,0.0,0.0,0.0,2.0,12.707
Mukiele,DEF,Sunderland,5.5,7.5,3,3.307,,3.307,model,2.932,0.738,0.843,0.0,2.0,8.358
Van Hecke,DEF,Tottenham,5.0,8.3,3,3.299,,3.299,model,3.022,0.509,0.876,0.0,2.0,8.896
McGinn,MID,Aston Villa,5.5,2.7,3,3.298,,3.298,model,3.539,0.004,0.283,0.0,2.0,9.358
Evanilson,FWD,Bournemouth,6.0,2.0,3,3.295,,3.295,model,3.693,0.001,0.0,0.0,2.0,12.707
Sarr,MID,Crystal Palace,6.5,8.8,3,3.289,,3.289,model,3.485,0.003,0.202,0.0,2.0,9.358
Kelleher,GK,Brentford,5.0,5.6,3,3.271,,3.271,model,2.568,0.0,1.599,0.0,2.0,6.51
Shaw,DEF,Man United,4.5,24.5,3,3.222,,3.222,model,2.869,0.327,1.072,0.0,2.0,8.358
Martinez,GK,Aston Villa,5.0,4.8,3,3.201,,3.201,model,2.466,0.0,1.61,0.0,2.0,6.51
Khusanov,DEF,Man City,5.5,2.0,3,3.196,,3.196,model,3.533,0.113,1.321,0.0,2.0,8.896
Wood,FWD,Nott'm Forest,6.0,1.8,3,3.189,,3.189,model,3.858,0.0,0.0,0.0,2.0,12.707
Ampadu,MID,Leeds,5.5,1.6,3,3.189,,3.189,model,2.448,0.815,0.183,0.0,3.0,8.358
Muñoz,DEF,Crystal Palace,5.5,11.6,3,3.188,,3.188,model,3.154,0.024,1.016,0.0,2.0,8.985
Amad,MID,Man United,6.0,1.6,3,3.156,,3.156,model,3.686,0.019,0.189,0.0,2.0,9.358
Mateta,FWD,Crystal Palace,6.5,6.8,3,3.155,,3.155,model,3.595,0.0,0.0,0.0,2.0,10.98
E.Le Fée,MID,Sunderland,6.0,12.8,3,3.155,,3.155,model,2.56,0.454,0.183,0.0,2.0,8.358
Rayan,MID,Bournemouth,6.5,3.5,3,3.149,,3.149,model,3.604,0.097,0.155,0.0,2.0,9.358
Tarkowski,DEF,Everton,6.0,9.9,3,3.14,,3.14,model,3.01,0.269,0.893,0.0,2.0,8.896
Aina,DEF,Nott'm Forest,4.5,4.4,3,3.123,,3.123,model,2.888,0.034,1.26,0.0,2.0,7.896
Wieffer,DEF,Brighton,5.0,0.3,3,3.12,,3.12,model,3.835,0.583,0.764,0.0,1.0,10.896
Ballard,DEF,Sunderland,5.0,3.8,3,3.119,,3.119,model,3.159,0.851,0.744,0.0,2.0,8.358
Verbruggen,GK,Brighton,4.5,17.0,3,3.117,,3.117,model,2.402,0.0,1.49,0.0,2.0,6.51
Merino,MID,Arsenal,6.0,1.2,3,3.099,,3.099,model,4.047,0.023,0.2,0.0,1.0,11.985
Garnacho,MID,Aston Villa,6.0,1.0,3,3.086,,3.086,model,4.326,0.0,0.18,0.0,1.0,11.985
Ngumoha,MID,Liverpool,6.0,1.6,3,3.08,,3.08,model,4.169,0.036,0.143,0.0,1.0,11.985
Dunk,DEF,Brighton,4.5,0.8,3,3.077,,3.077,model,3.053,0.221,1.11,0.0,2.0,8.358
Munoz,MID,Liverpool,6.5,0.8,3,3.076,,3.076,model,4.874,0.269,0.189,0.0,2.0,11.985
A.García,DEF,Aston Villa,4.0,1.6,3,3.076,,3.076,model,3.794,0.357,1.126,0.0,2.0,8.358
Ødegaard,MID,Arsenal,6.5,2.9,3,3.076,,3.076,model,3.623,0.005,0.266,0.0,2.0,9.358
Xhaka,MID,Sunderland,5.5,5.6,3,3.067,,3.067,model,2.313,0.672,0.192,0.0,2.0,7.627
Enzo,MID,Chelsea,7.0,5.5,3,3.041,,3.041,model,2.87,0.013,0.122,0.0,2.0,8.358
Bassey,DEF,Fulham,4.5,0.6,3,3.038,,3.038,model,2.841,0.073,1.283,0.0,2.0,7.896
Leno,GK,Fulham,4.5,3.2,3,3.01,,3.01,model,2.424,0.0,1.488,0.0,2.0,6.51
Dewsbury-Hall,MID,Everton,6.5,3.8,3,2.99,,2.99,model,3.125,0.145,0.179,0.0,2.0,9.259
Barnes,MID,Newcastle,6.0,1.2,3,2.986,,2.986,model,3.982,0.0,0.121,0.0,2.0,10.254
Dalot,DEF,Man United,5.0,3.0,3,2.977,,2.977,model,3.284,0.05,0.94,0.0,2.0,8.896
A.Becker,GK,Liverpool,5.5,4.1,3,2.977,,2.977,model,2.417,0.0,1.396,0.0,2.0,6.51
Gomez,MID,Brighton,5.0,1.8,3,2.967,,2.967,model,3.598,0.068,0.208,0.0,2.0,9.358
Reijnders,MID,Man City,6.0,0.4,3,2.961,,2.961,model,4.682,0.017,0.19,0.0,1.0,13.881
Rogers,MID,Chelsea,7.5,28.8,3,2.955,,2.955,model,2.467,0.009,0.136,0.0,2.0,8.358
Mac Allister,MID,Liverpool,5.5,1.9,3,2.951,,2.951,model,3.176,0.015,0.23,0.0,2.0,9.358
Iwobi,MID,Fulham,5.5,0.9,3,2.936,,2.936,model,2.858,0.008,0.29,0.0,2.0,8.358
Alderete,DEF,Sunderland,5.0,1.1,3,2.929,,2.929,model,2.89,0.819,0.721,0.0,2.0,8.358
Digne,DEF,Aston Villa,4.5,1.4,3,2.923,,2.923,model,3.525,0.009,1.02,0.0,2.0,9.985
Richards,DEF,Crystal Palace,5.0,0.8,3,2.915,,2.915,model,2.867,0.393,0.911,0.0,2.0,8.358
Mitchell,DEF,Crystal Palace,4.5,6.8,3,2.912,,2.912,model,2.742,0.107,1.034,0.0,2.0,7.896
Scott,MID,Bournemouth,6.0,1.6,3,2.902,,2.902,model,2.958,0.503,0.145,0.0,2.0,8.627
Kerkez,DEF,Liverpool,5.5,5.5,3,2.9,,2.9,model,3.196,0.029,1.045,0.0,2.0,8.896
Savinho,MID,Man City,6.5,0.1,3,2.897,,2.897,model,4.591,0.0,0.131,0.0,1.0,12.985
Pedro Porro,DEF,Tottenham,5.5,23.5,3,2.891,,2.891,model,2.858,0.219,0.844,0.0,2.0,8.358
Botman,DEF,Newcastle,5.0,0.4,3,2.888,,2.888,model,3.598,0.675,0.577,0.0,2.0,9.896
Van de Ven,DEF,Tottenham,5.0,6.8,3,2.877,,2.877,model,2.887,0.341,0.886,0.0,2.0,8.358
Sessegnon,DEF,Fulham,4.5,0.4,3,2.877,,2.877,model,3.569,0.373,0.803,0.0,1.0,9.985
Romero,DEF,Tottenham,5.0,1.1,3,2.872,,2.872,model,2.968,0.581,0.771,0.0,2.0,8.358
Maguire,DEF,Man United,5.0,8.7,3,2.872,,2.872,model,3.072,0.149,0.96,0.0,2.0,8.358
João Pedro,FWD,Chelsea,7.5,54.9,3,2.869,,2.869,model,2.856,0.0,0.0,0.0,2.0,7.353
Wissa,FWD,Newcastle,6.0,1.4,3,2.866,,2.866,model,4.127,0.0,0.0,0.0,1.0,12.707
Zubimendi,MID,Arsenal,5.5,1.5,3,2.864,,2.864,model,3.005,0.135,0.333,0.0,2.0,9.358
Wilson,MID,Leeds,6.5,8.3,3,2.863,,2.863,model,3.053,0.013,0.157,0.0,2.0,8.403
Stach,MID,Leeds,6.0,1.2,3,2.86,,2.86,model,2.826,0.413,0.165,0.0,2.0,8.358
Rashford,MID,Man United,7.0,1.4,3,2.836,,2.836,model,3.774,0.0,0.148,0.0,2.0,9.358
Madueke,MID,Arsenal,6.5,0.4,3,2.834,,2.834,model,3.977,0.003,0.198,0.0,1.0,10.999
Fernandes,MID,Tottenham,6.0,3.3,3,2.834,,2.834,model,2.347,0.281,0.201,0.0,2.0,8.358
Hall,DEF,Newcastle,5.0,4.0,3,2.831,,2.831,model,3.145,0.057,0.843,0.0,2.0,8.896
Sels,GK,Nott'm Forest,5.0,1.4,3,2.82,,2.82,model,2.471,0.0,1.366,0.0,2.0,6.51
Rodon,DEF,Leeds,4.5,1.8,3,2.803,,2.803,model,2.764,0.742,0.697,0.0,2.0,8.358
Murillo,DEF,Nott'm Forest,5.5,0.2,3,2.801,,2.801,model,2.838,0.117,1.066,0.0,2.0,7.627
Gravenberch,MID,Liverpool,6.0,1.9,3,2.787,,2.787,model,2.42,0.043,0.271,0.0,2.0,8.358
Sangaré,MID,Brentford,5.5,1.3,3,2.783,,2.783,model,4.053,0.195,0.225,0.0,2.0,10.358
Damsgaard,MID,Brentford,5.5,0.7,3,2.782,,2.782,model,3.041,0.051,0.235,0.0,2.0,9.254
Buendía,MID,Aston Villa,6.0,0.9,3,2.782,,2.782,model,3.784,0.054,0.163,0.0,1.0,9.358
Frimpong,DEF,Liverpool,5.5,3.0,3,2.764,,2.764,model,3.18,0.034,0.815,0.0,1.0,8.896
Ajer,DEF,Brentford,4.5,1.6,3,2.76,,2.76,model,3.181,0.231,0.997,0.0,2.0,8.358
Targett,DEF,Hull,4.0,2.7,3,2.738,,2.738,model,2.822,1.147,0.487,0.0,3.0,8.358
Keane,DEF,Everton,5.0,1.6,3,2.737,,2.737,model,2.915,0.522,0.735,0.0,2.0,8.358
Hill,DEF,Bournemouth,5.5,1.2,3,2.733,,2.733,model,2.998,0.761,0.594,0.0,2.0,8.358
Anthony,MID,Brentford,6.0,0.2,3,2.718,,2.718,model,3.277,0.151,0.225,0.0,2.0,9.358
Lammens,GK,Man United,5.0,20.2,3,2.701,,2.701,model,2.311,0.0,1.194,0.0,2.0,6.51
Minteh,MID,Brighton,6.0,0.7,3,2.683,,2.683,model,3.412,0.016,0.207,0.0,2.0,9.358
Hinshelwood,MID,Brighton,6.0,0.3,3,2.669,,2.669,model,3.301,0.001,0.202,0.0,2.0,9.358
Solanke,FWD,Tottenham,6.0,2.6,3,2.664,,2.664,model,3.364,0.0,0.0,0.0,2.0,7.353
Burn,DEF,Newcastle,5.0,2.7,3,2.662,,2.662,model,2.835,0.176,0.891,0.0,2.0,8.358
Nedeljkovic,DEF,Aston Villa,4.0,0.6,3,2.658,,2.658,model,3.785,0.386,0.937,0.0,1.0,8.358
Woltemade,FWD,Newcastle,6.0,1.8,3,2.647,,2.647,model,3.658,0.007,0.0,0.0,2.0,10.98
Kusi-Asare,FWD,Fulham,4.5,7.8,3,2.643,,2.643,model,3.695,0.02,0.0,0.0,2.0,9.353
De Cuyper,DEF,Brighton,4.5,1.3,3,2.643,,2.643,model,3.725,0.078,0.62,0.0,1.0,9.985
Muharemović,DEF,Leeds,5.0,1.4,3,2.623,,2.623,model,3.048,0.619,0.649,0.0,2.0,8.358
Maatsen,DEF,Aston Villa,4.5,0.6,3,2.611,,2.611,model,3.634,0.054,0.763,0.0,1.0,9.985
Mings,DEF,Aston Villa,4.5,0.2,3,2.567,,2.567,model,3.383,0.075,0.914,0.0,1.0,8.896
Burrowes,MID,Aston Villa,4.5,0.9,3,2.556,,2.556,model,4.018,0.221,0.233,0.0,2.0,9.358
Lacroix,DEF,Chelsea,6.0,11.7,3,2.552,,2.552,model,2.511,0.502,0.574,0.0,2.0,7.896
Gomes,MID,Aston Villa,5.5,0.3,3,2.549,,2.549,model,2.563,0.06,0.291,0.0,2.0,8.358
Marmoush,FWD,Man City,7.0,0.7,3,2.541,,2.541,model,3.927,0.002,0.0,0.0,1.0,11.707
Martinelli,MID,Arsenal,6.5,0.3,3,2.538,,2.538,model,3.696,0.0,0.143,0.0,1.0,9.358
Grealish,MID,Man City,6.5,0.2,3,2.535,,2.535,model,4.027,0.043,0.193,0.0,1.0,9.358
Pau,DEF,Aston Villa,4.5,0.3,3,2.502,,2.502,model,3.14,0.026,0.995,0.0,1.0,8.358
Tete,DEF,Fulham,4.5,0.2,3,2.487,,2.487,model,3.002,0.101,0.962,0.0,2.0,8.358
Bijol,DEF,Leeds,5.0,0.3,3,2.485,,2.485,model,2.868,0.763,0.556,0.0,2.0,8.358
J.Murphy,MID,Newcastle,6.0,0.2,3,2.482,,2.482,model,3.403,0.0,0.115,0.0,1.0,9.358
Lewis,DEF,Man City,4.5,0.2,3,2.477,,2.477,model,3.623,0.0,0.811,0.0,1.0,9.254
White,DEF,Arsenal,5.5,0.4,3,2.472,,2.472,model,3.345,0.029,0.933,0.0,1.0,8.896
Schär,DEF,Newcastle,5.0,0.2,3,2.47,,2.47,model,3.297,0.05,0.683,0.0,1.0,8.896
Bogle,DEF,Leeds,4.5,0.4,3,2.462,,2.462,model,2.89,0.358,0.635,0.0,2.0,8.358
Canvot,DEF,Crystal Palace,5.0,0.6,3,2.455,,2.455,model,2.962,0.618,0.603,0.0,1.0,8.358
Hume,DEF,Sunderland,4.5,2.9,3,2.454,,2.454,model,2.745,0.221,0.726,0.0,2.0,7.896
Beto,FWD,Everton,5.5,3.2,3,2.452,,2.452,model,3.357,0.0,0.0,0.0,1.0,7.353
Pickford,GK,Everton,5.5,8.9,3,2.418,,2.418,model,2.186,0.0,0.988,0.0,2.0,6.51
C.Jones,MID,Liverpool,5.5,0.1,3,2.41,,2.41,model,3.287,0.079,0.146,0.0,1.0,9.358
Brobbey,FWD,Sunderland,6.0,18.7,3,2.406,,2.406,model,2.646,0.001,0.0,0.0,2.0,7.353
Reed,MID,Fulham,4.5,1.1,3,2.403,,2.403,model,3.519,0.237,0.235,0.0,2.0,8.358
Kluivert,MID,Bournemouth,6.0,1.1,3,2.4,,2.4,model,3.212,0.0,0.111,0.0,2.0,8.358
Maddison,MID,Tottenham,6.5,1.9,3,2.399,,2.399,model,3.172,0.0,0.113,0.0,2.0,8.358
Alleyne,DEF,Man City,5.0,0.0,3,2.397,,2.397,model,4.76,0.193,0.835,0.0,0.0,8.358
O'Brien,DEF,Everton,5.0,0.5,3,2.395,,2.395,model,2.67,0.086,0.779,0.0,2.0,6.896
Ayari,MID,Brighton,5.5,0.7,3,2.394,,2.394,model,2.87,0.089,0.208,0.0,2.0,8.358
Lewis-Potter,MID,Brentford,5.5,0.5,3,2.374,,2.374,model,2.792,0.0,0.227,0.0,2.0,8.358
van Ewijk,DEF,Coventry,4.0,15.9,3,2.371,,2.371,model,2.504,1.066,0.327,0.0,2.0,7.358
Egan,DEF,Hull,4.0,1.2,3,2.371,,2.371,model,2.847,1.004,0.388,0.0,2.0,8.358
Osula,FWD,Newcastle,6.0,1.5,3,2.353,,2.353,model,3.334,0.001,0.0,0.0,1.0,7.353
Mykolenko,DEF,Everton,4.5,1.3,3,2.352,,2.352,model,2.469,0.042,0.809,0.0,2.0,6.358
Igor Jesus,FWD,Nott'm Forest,6.0,5.1,3,2.344,,2.344,model,2.777,0.007,0.0,0.0,2.0,7.353
Sangaré,MID,Nott'm Forest,5.0,0.6,3,2.34,,2.34,model,2.594,0.395,0.186,0.0,2.0,7.664
Roefs,GK,Sunderland,5.0,5.0,3,2.323,,2.323,model,2.233,0.0,0.952,0.0,2.0,6.51
Aaronson,MID,Leeds,5.5,0.8,3,2.323,,2.323,model,2.713,0.145,0.128,0.0,2.0,8.358
Martinez,DEF,Man United,5.0,0.6,3,2.319,,2.319,model,2.938,0.056,0.761,0.0,1.0,7.896
Palestra,DEF,Chelsea,5.5,1.8,3,2.318,,2.318,model,2.809,0.546,0.532,0.0,2.0,7.896
Tonali,MID,Tottenham,5.5,4.1,3,2.314,,2.314,model,2.321,0.037,0.158,0.0,2.0,8.358
Wharton,MID,Crystal Palace,5.5,0.3,3,2.294,,2.294,model,2.515,0.209,0.168,0.0,2.0,7.627
Neto,MID,Chelsea,6.5,1.3,3,2.286,,2.286,model,2.431,0.0,0.108,0.0,2.0,8.358
Caicedo,MID,Chelsea,5.5,3.9,3,2.282,,2.282,model,1.623,0.125,0.133,0.0,2.0,5.627
Brooks,MID,Bournemouth,5.0,0.2,3,2.278,,2.278,model,3.469,0.012,0.062,0.0,1.0,9.254
Jensen,MID,Brentford,5.5,0.1,3,2.277,,2.277,model,2.902,0.085,0.179,0.0,1.0,8.358
Okafor,MID,Leeds,6.0,0.7,3,2.256,,2.256,model,2.999,0.055,0.113,0.0,2.0,8.358
Slater,MID,Hull,4.5,2.0,3,2.251,,2.251,model,2.829,0.199,0.099,0.0,2.0,8.358
Welbeck,FWD,Chelsea,6.0,2.7,3,2.231,,2.231,model,2.604,0.001,0.0,0.0,2.0,7.353
Yarmoliuk,MID,Brentford,5.0,1.5,3,2.228,,2.228,model,2.199,0.263,0.231,0.0,2.0,6.627
Masuaku,DEF,Sunderland,4.0,1.5,3,2.224,,2.224,model,2.882,0.409,0.632,0.0,1.0,7.358
Spence,DEF,Tottenham,4.5,9.0,3,2.196,,2.196,model,2.564,0.061,0.677,0.0,1.0,6.358
Šeško,FWD,Man United,7.0,2.6,3,2.196,,2.196,model,3.366,0.001,0.0,0.0,1.0,7.353
Sadiki,MID,Sunderland,5.0,0.4,3,2.19,,2.19,model,1.941,0.156,0.175,0.0,2.0,5.627
Hughes,DEF,Hull,4.0,0.9,3,2.188,,2.188,model,2.779,0.906,0.366,0.0,2.0,8.358
Dubravka,GK,Tottenham,4.0,23.3,3,2.186,,2.186,model,2.189,0.0,0.903,0.0,2.0,6.51
Smith Rowe,MID,Fulham,5.5,0.4,3,2.184,,2.184,model,2.901,0.005,0.177,0.0,1.0,8.358
Andrey Santos,MID,Man United,5.0,1.4,3,2.181,,2.181,model,2.946,0.155,0.131,0.0,1.0,8.358
Thomas,DEF,Coventry,4.0,8.7,3,2.178,,2.178,model,2.357,1.003,0.28,0.0,2.0,6.358
A.Murphy,DEF,Newcastle,4.0,0.8,3,2.175,,2.175,model,3.03,0.435,0.606,0.0,1.0,8.358
Pope,GK,Newcastle,5.0,1.1,3,2.153,,2.153,model,2.357,0.0,0.908,0.0,2.0,6.51
Dowman,MID,Arsenal,5.5,0.2,3,2.137,,2.137,model,3.971,0.167,0.207,0.0,0.0,9.358
Vitor Reis,DEF,Man City,4.5,0.0,3,2.129,,2.129,model,3.97,0.171,0.837,0.0,0.0,8.358
Hutchinson,MID,Nott'm Forest,5.5,0.2,3,2.128,,2.128,model,2.716,0.003,0.17,0.0,2.0,8.358
Castagne,DEF,Fulham,4.5,0.2,3,2.12,,2.12,model,2.853,0.045,0.771,0.0,1.0,6.358
Ramsay,DEF,Liverpool,4.0,0.2,3,2.115,,2.115,model,3.493,0.434,0.629,0.0,0.0,8.358
Olusesi,MID,Tottenham,4.5,0.9,3,2.112,,2.112,model,3.012,0.222,0.13,0.0,2.0,8.358
Berge,MID,Fulham,5.0,0.4,3,2.111,,2.111,model,2.032,0.066,0.259,0.0,2.0,5.627
Branthwaite,DEF,Everton,5.5,1.9,3,2.102,,2.102,model,2.508,0.008,0.7,0.0,1.0,6.358
Danso,DEF,Tottenham,5.0,0.2,3,2.102,,2.102,model,2.694,0.563,0.465,0.0,1.0,8.358
Richarlison,FWD,Tottenham,6.0,2.0,3,2.1,,2.1,model,2.894,0.011,0.0,0.0,1.0,7.353
Ajayi,DEF,Hull,4.0,0.7,3,2.098,,2.098,model,2.901,0.851,0.385,0.0,1.0,8.358
Elanga,MID,Newcastle,6.0,0.7,3,2.098,,2.098,model,2.821,0.0,0.109,0.0,1.0,8.358
Chalobah,DEF,Chelsea,5.5,1.9,3,2.096,,2.096,model,2.414,0.311,0.479,0.0,1.0,7.358
Dorgu,MID,Man United,6.0,1.7,3,2.095,,2.095,model,2.6,0.02,0.149,0.0,2.0,8.358
Crooks,MID,Hull,4.5,0.7,3,2.091,,2.091,model,3.066,0.157,0.084,0.0,2.0,8.358
Estêvão,MID,Chelsea,6.5,1.7,3,2.087,,2.087,model,2.623,0.022,0.063,0.0,1.0,8.358
Reinildo,DEF,Sunderland,4.5,0.5,3,2.082,,2.082,model,2.443,0.355,0.62,0.0,1.0,7.358
Petrović,GK,Bournemouth,4.5,3.7,3,2.076,,2.076,model,2.092,0.0,0.837,0.0,2.0,6.51
Yoro,DEF,Man United,5.0,0.7,3,2.074,,2.074,model,2.761,0.209,0.574,0.0,1.0,7.896
Hudson-Odoi,MID,Nott'm Forest,6.0,0.0,3,2.074,,2.074,model,2.764,0.001,0.159,0.0,1.0,8.358
Barry,FWD,Everton,5.5,0.9,3,2.07,,2.07,model,2.942,0.001,0.0,0.0,1.0,7.353
N.Gonzalez,MID,Man City,5.5,0.1,3,2.05,,2.05,model,2.932,0.191,0.218,0.0,1.0,8.358
García,FWD,Fulham,6.0,1.4,3,2.05,,2.05,model,3.594,0.018,0.0,0.0,2.0,7.353
Florentino,MID,Ipswich,5.0,0.0,3,2.044,,2.044,model,2.279,0.64,0.081,0.0,1.0,5.0
Tielemans,MID,Man United,6.0,0.9,3,2.042,,2.042,model,2.644,0.025,0.158,0.0,2.0,8.358
Georginio,FWD,Brighton,5.5,0.8,3,2.036,,2.036,model,2.819,0.004,0.0,0.0,1.0,7.353
Lukić,MID,Fulham,5.0,0.1,3,2.032,,2.032,model,2.468,0.03,0.194,0.0,2.0,8.358
Kinsky,GK,Tottenham,4.5,19.2,3,2.02,,2.02,model,2.415,0.0,0.797,0.0,2.0,6.51
Yeremy,MID,Crystal Palace,5.5,0.2,3,2.016,,2.016,model,2.775,0.077,0.124,0.0,1.0,8.358
Davis,DEF,Ipswich,4.0,4.0,3,2.014,,2.014,model,2.677,0.0,0.507,0.0,1.0,7.896
Giles,DEF,Hull,4.0,0.6,3,2.004,,2.004,model,2.657,0.847,0.32,0.0,1.0,7.358
Barkley,MID,Aston Villa,5.0,0.2,3,2.003,,2.003,model,2.958,0.017,0.096,0.0,1.0,8.358
Svoboda,DEF,Brighton,5.0,0.1,3,1.995,,1.995,model,3.36,0.268,0.681,0.0,0.0,8.358
Vicario,GK,Tottenham,4.5,1.5,3,1.991,,1.991,model,2.145,0.0,0.819,0.0,2.0,6.51
Awoniyi,FWD,Nott'm Forest,5.5,0.4,3,1.99,,1.99,model,2.808,0.0,0.0,0.0,1.0,7.353
Soler,DEF,Bournemouth,4.0,0.6,3,1.988,,1.988,model,3.056,0.421,0.53,0.0,1.0,7.896
Meunier,DEF,Sunderland,4.5,0.5,3,1.98,,1.98,model,2.892,0.364,0.58,0.0,1.0,7.358
Mainoo,MID,Man United,5.5,1.3,3,1.977,,1.977,model,2.232,0.057,0.15,0.0,2.0,6.627
Chiesa,MID,Liverpool,5.5,0.2,3,1.974,,1.974,model,3.048,0.038,0.05,0.0,1.0,8.358
Kamara,MID,Aston Villa,5.0,0.1,3,1.972,,1.972,model,2.449,0.027,0.223,0.0,2.0,8.358
Coyle,DEF,Hull,4.0,0.5,3,1.968,,1.968,model,2.896,0.792,0.325,0.0,1.0,7.358
Adams,MID,Bournemouth,5.0,0.7,3,1.967,,1.967,model,2.122,0.121,0.126,0.0,2.0,6.627
Abraham,FWD,Aston Villa,5.5,0.1,3,1.966,,1.966,model,3.083,0.001,0.0,0.0,1.0,6.403
George Hemmings,MID,Aston Villa,4.5,0.3,3,1.962,,1.962,model,3.475,0.166,0.188,0.0,0.0,8.358
Robertson,DEF,Tottenham,4.5,1.9,3,1.962,,1.962,model,2.64,0.011,0.564,0.0,1.0,6.358
Bentancur,MID,Tottenham,5.5,0.1,3,1.96,,1.96,model,2.152,0.26,0.133,0.0,2.0,5.627
Lucky,DEF,Liverpool,4.0,0.1,3,1.96,,1.96,model,3.354,0.427,0.575,0.0,0.0,8.358
Echeverri,MID,Man City,5.0,0.0,3,1.95,,1.95,model,4.227,0.123,0.183,0.0,0.0,9.358
Strand Larsen,FWD,Crystal Palace,6.0,0.6,3,1.928,,1.928,model,2.353,0.0,0.0,0.0,2.0,7.353
Hughes,MID,Crystal Palace,4.5,11.1,3,1.923,,1.923,model,2.218,0.013,0.15,0.0,2.0,6.627
Yates,MID,Nott'm Forest,4.5,7.1,3,1.921,,1.921,model,2.33,0.009,0.149,0.0,1.0,8.358
Wilson,FWD,Brentford,5.5,0.4,3,1.918,,1.918,model,2.73,0.0,0.0,0.0,1.0,7.353
Justin,DEF,Leeds,4.5,0.5,3,1.918,,1.918,model,2.539,0.081,0.529,0.0,1.0,6.358
Abbott,DEF,Nott'm Forest,4.0,0.2,3,1.916,,1.916,model,3.098,0.272,0.665,0.0,0.0,8.358
Mukasa,MID,Man City,4.5,0.1,3,1.914,,1.914,model,4.198,0.132,0.192,0.0,0.0,9.259
Bobb,MID,Fulham,5.5,0.4,3,1.911,,1.911,model,2.707,0.052,0.125,0.0,1.0,7.664
Costinha,DEF,Brighton,4.5,0.0,3,1.908,,1.908,model,3.412,0.256,0.644,0.0,0.0,8.358
Enes Ünal,FWD,Bournemouth,5.5,0.2,3,1.907,,1.907,model,2.517,0.002,0.0,0.0,1.0,6.353
Mazraoui,DEF,Man United,4.5,0.7,3,1.903,,1.903,model,2.497,0.027,0.662,0.0,1.0,6.358
McAteer,MID,Ipswich,4.5,1.6,3,1.894,,1.894,model,2.449,0.001,0.076,0.0,2.0,8.358
Monga,MID,Man City,5.0,0.0,3,1.888,,1.888,model,4.294,0.121,0.188,0.0,0.0,9.358
Muniz,FWD,Fulham,5.5,0.7,3,1.883,,1.883,model,2.7,0.001,0.0,0.0,1.0,7.353
O.Richards,DEF,Nott'm Forest,4.0,0.2,3,1.878,,1.878,model,3.079,0.265,0.639,0.0,0.0,8.358
Tel,MID,Tottenham,6.0,0.4,3,1.875,,1.875,model,2.48,0.028,0.094,0.0,1.0,8.358
Silva,DEF,Bournemouth,5.0,0.2,3,1.87,,1.87,model,3.096,0.404,0.44,0.0,0.0,7.896
Amass,DEF,Man United,4.0,0.2,3,1.869,,1.869,model,3.156,0.323,0.543,0.0,0.0,8.358
Janelt,MID,Brentford,5.0,0.1,3,1.867,,1.867,model,2.361,0.039,0.177,0.0,1.0,6.627
Steele,GK,Brighton,4.0,4.5,3,1.866,,1.866,model,2.365,0.0,0.872,0.0,1.0,6.51
Kovačić,MID,Man City,5.5,0.0,3,1.865,,1.865,model,3.115,0.0,0.156,0.0,1.0,8.358
Diarra,MID,Sunderland,5.5,0.1,3,1.862,,1.862,model,2.799,0.015,0.098,0.0,1.0,8.358
Elliott,MID,Liverpool,5.5,0.1,3,1.861,,1.861,model,2.749,0.005,0.04,0.0,1.0,7.358
Joelinton,MID,Newcastle,5.5,0.0,3,1.861,,1.861,model,2.803,0.057,0.106,0.0,1.0,8.358
Touré,MID,Newcastle,6.0,0.2,3,1.856,,1.856,model,3.476,0.176,0.11,0.0,0.0,8.358
Kudus,MID,Tottenham,6.5,0.2,3,1.854,,1.854,model,2.574,0.006,0.123,0.0,2.0,8.358
Schuster,DEF,Brentford,4.5,0.1,3,1.853,,1.853,model,3.062,0.285,0.616,0.0,0.0,8.358
Adli,MID,Bournemouth,5.0,0.2,3,1.838,,1.838,model,2.733,0.12,0.054,0.0,1.0,7.627
Furlong,DEF,Ipswich,4.0,0.4,3,1.835,,1.835,model,2.823,0.628,0.382,0.0,0.0,7.358
J.Ramsey,MID,Newcastle,5.0,0.4,3,1.834,,1.834,model,2.443,0.035,0.103,0.0,1.0,7.627
Bindon,DEF,Nott'm Forest,4.0,0.2,3,1.832,,1.832,model,3.096,0.3,0.599,0.0,0.0,8.358
Walle Egeli,FWD,Ipswich,4.5,2.1,3,1.827,,1.827,model,2.987,0.016,0.0,0.0,2.0,7.353
Neave,FWD,Newcastle,4.5,0.7,3,1.824,,1.824,model,3.488,0.014,0.0,0.0,0.0,7.353
Wright,FWD,Coventry,5.5,1.8,3,1.819,,1.819,model,2.777,0.014,0.0,0.0,2.0,7.353
Hackney,MID,Everton,5.5,0.3,3,1.81,,1.81,model,3.08,0.139,0.113,0.0,0.0,8.358
G.Jesus,FWD,Arsenal,6.0,0.4,3,1.809,,1.809,model,3.085,0.001,0.0,0.0,1.0,7.353
James,DEF,Chelsea,5.5,7.9,3,1.805,,1.805,model,2.316,0.124,0.424,0.0,1.0,6.358
Kamada,MID,Crystal Palace,5.0,0.3,3,1.805,,1.805,model,2.146,0.088,0.129,0.0,2.0,6.627
Kipré,DEF,Ipswich,4.0,0.4,3,1.805,,1.805,model,2.73,0.583,0.381,0.0,0.0,7.358
Coppola,DEF,Brighton,4.5,0.0,3,1.804,,1.804,model,3.304,0.302,0.569,0.0,0.0,8.358
Obi,FWD,Man United,4.5,1.2,3,1.804,,1.804,model,3.389,0.011,0.0,0.0,0.0,7.353
Ndoye,MID,Nott'm Forest,5.5,0.5,3,1.803,,1.803,model,2.536,0.081,0.12,0.0,1.0,7.627
Bailey,MID,Aston Villa,5.5,0.1,3,1.799,,1.799,model,2.863,0.005,0.09,0.0,1.0,8.358
Furo,FWD,Brentford,4.5,0.9,3,1.799,,1.799,model,3.581,0.014,0.0,0.0,0.0,7.353
N.Jackson,FWD,Chelsea,6.5,0.4,3,1.798,,1.798,model,2.738,0.0,0.0,0.0,1.0,7.353
Palmer,GK,Ipswich,4.0,5.9,3,1.795,,1.795,model,3.301,0.0,0.412,0.0,1.0,11.019
Howell,MID,Brighton,4.5,0.3,3,1.794,,1.794,model,3.167,0.171,0.154,0.0,0.0,8.358
Scarlett,FWD,Tottenham,4.5,1.7,3,1.794,,1.794,model,3.035,0.017,0.0,0.0,2.0,7.353
Zirkzee,FWD,Man United,5.5,0.7,3,1.79,,1.79,model,2.587,0.0,0.0,0.0,1.0,7.353
Gallagher,MID,Tottenham,5.5,0.2,3,1.787,,1.787,model,2.388,0.218,0.113,0.0,1.0,7.627
McBurnie,FWD,Hull,5.5,1.7,3,1.783,,1.783,model,2.905,0.01,0.0,0.0,2.0,7.353
Morato,DEF,Nott'm Forest,5.0,0.1,3,1.78,,1.78,model,2.645,0.193,0.482,0.0,1.0,7.896
Johnson,MID,Crystal Palace,6.0,0.1,3,1.775,,1.775,model,2.448,0.002,0.106,0.0,1.0,8.358
McConnell,MID,Liverpool,4.5,0.2,3,1.773,,1.773,model,3.302,0.161,0.146,0.0,0.0,8.358
Maeda,MID,Ipswich,5.5,0.4,3,1.757,,1.757,model,2.935,0.154,0.084,0.0,0.0,8.358
Diop,DEF,Ipswich,4.0,19.1,3,1.754,,1.754,model,2.364,0.165,0.423,0.0,1.0,6.358
Souza,DEF,Tottenham,4.0,0.3,3,1.753,,1.753,model,2.774,0.445,0.424,0.0,0.0,7.896
Ji-soo,DEF,Brentford,4.5,0.0,3,1.752,,1.752,model,3.23,0.245,0.594,0.0,0.0,8.358
Henry,DEF,Brentford,4.5,0.2,3,1.751,,1.751,model,2.361,0.038,0.599,0.0,1.0,6.358
Fletcher,MID,Man United,4.5,0.3,3,1.739,,1.739,model,3.031,0.154,0.139,0.0,0.0,8.358
Alysson,MID,Aston Villa,5.0,0.0,3,1.732,,1.732,model,3.579,0.131,0.145,0.0,0.0,8.358
Andrews,MID,Coventry,4.5,0.7,3,1.73,,1.73,model,2.479,0.169,0.043,0.0,2.0,5.627
Fábio Vieira,MID,Arsenal,5.5,0.0,3,1.722,,1.722,model,3.54,0.127,0.179,0.0,0.0,8.358
Bendito Mantato,MID,Man United,4.5,0.2,3,1.716,,1.716,model,3.246,0.146,0.132,0.0,0.0,8.358
Mount,MID,Man United,5.5,0.1,3,1.715,,1.715,model,2.704,0.035,0.072,0.0,1.0,8.358
Udogie,DEF,Tottenham,4.5,0.4,3,1.705,,1.705,model,2.231,0.023,0.543,0.0,1.0,6.358
Oriola,MID,Brighton,4.5,0.2,3,1.702,,1.702,model,3.133,0.164,0.147,0.0,0.0,8.358
Cook,MID,Bournemouth,5.0,0.1,3,1.701,,1.701,model,2.07,0.021,0.107,0.0,2.0,5.627
Destan,FWD,Hull,4.5,2.5,3,1.697,,1.697,model,2.572,0.023,0.0,0.0,2.0,7.353
Palacios,MID,Fulham,5.5,0.1,3,1.697,,1.697,model,3.428,0.135,0.153,0.0,0.0,8.358
Iling Jr,MID,Aston Villa,5.0,0.0,3,1.697,,1.697,model,3.649,0.135,0.145,0.0,0.0,8.358
Nyoni,MID,Liverpool,5.0,0.1,3,1.697,,1.697,model,3.668,0.143,0.127,0.0,0.0,8.358
O'Shea,DEF,Ipswich,4.0,1.9,3,1.696,,1.696,model,2.273,0.0,0.524,0.0,1.0,6.358
Koumas,MID,Liverpool,5.0,0.0,3,1.679,,1.679,model,3.488,0.186,0.128,0.0,0.0,8.358
McNeil,MID,Everton,5.5,0.1,3,1.668,,1.668,model,2.488,0.016,0.082,0.0,1.0,7.358
Belloumi,MID,Hull,5.0,0.5,3,1.655,,1.655,model,2.433,0.151,0.071,0.0,2.0,5.627
Sánchez,GK,Chelsea,5.0,2.0,3,1.65,,1.65,model,1.862,0.0,0.576,0.0,1.0,6.51
Colwill,DEF,Chelsea,5.0,1.7,3,1.649,,1.649,model,2.134,0.0,0.517,0.0,1.0,6.358
O'Nien,DEF,Sunderland,4.0,2.4,3,1.648,,1.648,model,2.299,0.166,0.472,0.0,1.0,6.358
Bamba,MID,Newcastle,5.0,0.1,3,1.646,,1.646,model,3.188,0.196,0.104,0.0,0.0,8.358
Buonanotte,MID,Brighton,5.0,0.1,3,1.643,,1.643,model,2.734,0.001,0.077,0.0,1.0,8.358
Nketiah,FWD,Crystal Palace,5.5,0.5,3,1.641,,1.641,model,2.224,0.0,0.0,0.0,1.0,7.353
Hirst,FWD,Ipswich,5.0,0.4,3,1.634,,1.634,model,2.293,0.0,0.0,0.0,1.0,6.353
Lacey,MID,Man United,5.0,0.1,3,1.629,,1.629,model,3.196,0.124,0.114,0.0,0.0,8.358
Byfield,DEF,Tottenham,4.0,0.1,3,1.627,,1.627,model,2.812,0.405,0.414,0.0,0.0,7.358
Steur,MID,Newcastle,5.0,0.1,3,1.625,,1.625,model,3.286,0.183,0.09,0.0,0.0,8.358
Guessand,MID,Aston Villa,5.5,0.0,3,1.619,,1.619,model,2.566,0.055,0.081,0.0,1.0,7.358
Nmecha,FWD,Leeds,5.5,0.6,3,1.616,,1.616,model,2.299,0.003,0.0,0.0,1.0,7.353
Yohanna,MID,Brighton,5.0,0.1,3,1.611,,1.611,model,2.99,0.167,0.135,0.0,0.0,8.358
P.M.Sarr,MID,Tottenham,5.0,0.4,3,1.605,,1.605,model,2.074,0.054,0.092,0.0,1.0,5.627
King,MID,Fulham,5.5,0.1,3,1.605,,1.605,model,2.317,0.045,0.097,0.0,1.0,7.358
Delap,FWD,Chelsea,5.5,0.5,3,1.604,,1.604,model,2.121,0.0,0.0,0.0,1.0,7.353
Jair Cunha,DEF,Nott'm Forest,4.5,0.4,3,1.599,,1.599,model,2.583,0.169,0.459,0.0,1.0,6.358
Mingueza,DEF,Crystal Palace,4.5,0.1,3,1.599,,1.599,model,2.767,0.285,0.488,0.0,0.0,7.358
Fredricson,DEF,Man United,4.0,0.1,3,1.595,,1.595,model,2.881,0.301,0.456,0.0,0.0,7.358
Phillips,DEF,Tottenham,4.5,0.1,3,1.59,,1.59,model,2.734,0.385,0.417,0.0,0.0,7.358
Dowell,MID,Hull,4.5,0.5,3,1.589,,1.589,model,2.345,0.133,0.073,0.0,2.0,5.0
Gusto,DEF,Chelsea,5.0,1.1,3,1.589,,1.589,model,2.211,0.029,0.373,0.0,1.0,6.358
Dominguez,MID,Nott'm Forest,5.0,0.1,3,1.585,,1.585,model,2.174,0.031,0.105,0.0,1.0,6.627
Tsimikas,DEF,Liverpool,5.0,0.1,3,1.584,,1.584,model,2.679,0.009,0.33,0.0,1.0,6.358
Schlager,MID,Nott'm Forest,5.0,0.1,3,1.583,,1.583,model,3.01,0.15,0.14,0.0,0.0,7.664
Kevin,MID,Fulham,5.5,0.1,3,1.583,,1.583,model,2.096,0.046,0.068,0.0,1.0,6.627
Hjelde,DEF,Sunderland,4.0,0.3,3,1.566,,1.566,model,2.544,0.293,0.455,0.0,0.0,6.358
J.Cuenca,DEF,Fulham,4.5,0.0,3,1.566,,1.566,model,2.579,0.217,0.495,0.0,0.0,7.64
Adingra,MID,Sunderland,5.0,0.3,3,1.565,,1.565,model,2.159,0.005,0.081,0.0,1.0,5.677
Lerma,MID,Crystal Palace,5.0,0.1,3,1.563,,1.563,model,1.918,0.066,0.119,0.0,1.0,5.0
Núñez,MID,Ipswich,5.0,0.2,3,1.551,,1.551,model,2.751,0.132,0.069,0.0,0.0,7.664
Rodríguez,FWD,Bournemouth,6.0,0.3,3,1.549,,1.549,model,3.158,0.023,0.0,0.0,0.0,7.353
Meslier,GK,Arsenal,5.0,0.1,3,1.549,,1.549,model,2.579,0.0,0.825,0.0,0.0,6.51
Gray,MID,Tottenham,5.0,0.2,3,1.545,,1.545,model,1.967,0.015,0.106,0.0,1.0,5.627
Heaven,DEF,Man United,4.5,0.3,3,1.544,,1.544,model,2.573,0.229,0.402,0.0,1.0,7.358
Lecomte,GK,Fulham,4.0,1.4,3,1.543,,1.543,model,2.359,0.0,0.765,0.0,0.0,6.51
Gomez,DEF,Liverpool,5.0,0.1,3,1.542,,1.542,model,2.458,0.06,0.304,0.0,1.0,6.358
J.Araujo,DEF,Bournemouth,4.5,0.1,3,1.538,,1.538,model,2.769,0.338,0.398,0.0,0.0,7.358
Aznou,DEF,Everton,4.0,0.2,3,1.536,,1.536,model,2.744,0.245,0.439,0.0,0.0,6.358
Lindelöf,DEF,Aston Villa,4.5,0.2,3,1.536,,1.536,model,2.363,0.007,0.577,0.0,1.0,6.358
Alcaraz,MID,Everton,5.0,0.1,3,1.533,,1.533,model,2.318,0.01,0.065,0.0,1.0,7.358
Rowswell,DEF,Tottenham,4.0,0.1,3,1.533,,1.533,model,2.73,0.375,0.414,0.0,0.0,7.358
Hickey,DEF,Brentford,4.5,0.1,3,1.531,,1.531,model,2.364,0.107,0.362,0.0,1.0,6.358
Kalimuendo,FWD,Nott'm Forest,5.5,0.1,3,1.531,,1.531,model,3.322,0.017,0.0,0.0,0.0,7.353
J.Fletcher,MID,Man United,5.0,0.0,3,1.525,,1.525,model,3.141,0.115,0.105,0.0,0.0,8.358
Cardines,DEF,Crystal Palace,4.5,0.0,3,1.52,,1.52,model,2.673,0.278,0.431,0.0,0.0,7.358
Dasilva,MID,Brentford,5.0,0.0,3,1.519,,1.519,model,3.087,0.137,0.144,0.0,0.0,7.627
Nwaneri,MID,Arsenal,5.5,0.0,3,1.516,,1.516,model,2.343,0.001,0.058,0.0,1.0,7.358
Philogene,MID,Ipswich,5.5,0.2,3,1.514,,1.514,model,2.159,0.001,0.041,0.0,1.0,7.358
McNair,DEF,Hull,4.0,0.1,3,1.514,,1.514,model,2.378,0.66,0.25,0.0,0.0,7.358
Tanaka,MID,Leeds,5.0,0.3,3,1.514,,1.514,model,2.152,0.183,0.07,0.0,1.0,5.0
Davies,DEF,Tottenham,4.0,0.8,3,1.51,,1.51,model,2.382,0.008,0.421,0.0,1.0,6.358
Willock,MID,Newcastle,5.0,0.1,3,1.5,,1.5,model,2.116,0.011,0.057,0.0,1.0,6.627
Collyer,MID,Man United,5.0,0.0,3,1.498,,1.498,model,3.036,0.12,0.103,0.0,0.0,8.358
Isidor,FWD,Sunderland,5.5,1.2,3,1.487,,1.487,model,2.103,0.001,0.0,0.0,1.0,7.353
Moore,MID,Tottenham,5.0,0.1,3,1.486,,1.486,model,2.681,0.139,0.092,0.0,0.0,8.358
Nørgaard,MID,Everton,5.0,0.5,3,1.485,,1.485,model,2.273,0.0,0.089,0.0,1.0,7.358
Livramento,DEF,Newcastle,5.0,0.1,3,1.485,,1.485,model,2.285,0.005,0.466,0.0,1.0,6.358
Piroe,FWD,Leeds,5.0,0.5,3,1.48,,1.48,model,2.741,0.009,0.0,0.0,0.0,7.353
George,MID,Everton,5.5,0.1,3,1.48,,1.48,model,2.119,0.015,0.03,0.0,1.0,7.358
Mason-Clark,MID,Coventry,5.5,0.3,3,1.478,,1.478,model,2.471,0.147,0.04,0.0,0.0,5.0
Talbi,MID,Sunderland,5.5,0.2,3,1.472,,1.472,model,2.058,0.019,0.084,0.0,1.0,5.627
McCarthy,DEF,Hull,4.0,0.1,3,1.465,,1.465,model,2.441,0.619,0.259,0.0,0.0,7.358
Kostoulas,FWD,Brighton,5.5,0.3,3,1.464,,1.464,model,2.392,0.017,0.0,0.0,1.0,6.353
Nelson,MID,Arsenal,5.5,0.0,3,1.463,,1.463,model,2.648,0.034,0.051,0.0,1.0,7.358
Clarke,MID,Ipswich,5.5,0.3,3,1.462,,1.462,model,1.91,0.0,0.038,0.0,1.0,5.627
Phillips,MID,Man City,5.0,0.0,3,1.461,,1.461,model,2.743,0.0,0.145,0.0,0.0,7.358
Esse,MID,Crystal Palace,5.0,0.1,3,1.458,,1.458,model,2.68,0.141,0.116,0.0,0.0,5.0
Shepherd,MID,Coventry,4.5,0.3,3,1.455,,1.455,model,2.243,0.167,0.04,0.0,0.0,4.0
Hato,DEF,Chelsea,4.5,1.0,3,1.452,,1.452,model,1.912,0.27,0.264,0.0,1.0,6.358
McAtee,MID,Nott'm Forest,5.5,0.1,3,1.449,,1.449,model,2.507,0.019,0.035,0.0,1.0,7.358
Tóth.A,MID,Bournemouth,5.0,0.0,3,1.446,,1.446,model,2.852,0.125,0.077,0.0,0.0,8.358
Gannon-Doak,MID,Bournemouth,5.0,0.1,3,1.444,,1.444,model,2.844,0.135,0.083,0.0,0.0,5.627
Iroegbunam,MID,Everton,5.0,0.1,3,1.442,,1.442,model,1.958,0.161,0.085,0.0,1.0,5.0
Bettinelli,GK,Man City,4.5,0.0,3,1.438,,1.438,model,2.416,0.0,0.794,0.0,0.0,6.51
Carvalho,MID,Brentford,5.0,0.0,3,1.433,,1.433,model,2.068,0.001,0.009,0.0,1.0,7.358
Emersonn,FWD,Ipswich,5.5,0.3,3,1.429,,1.429,model,2.888,0.011,0.0,0.0,0.0,7.353
Dasilva,DEF,Coventry,4.0,0.5,3,1.422,,1.422,model,2.265,0.636,0.19,0.0,0.0,5.358
Bergvall,MID,Tottenham,5.5,0.2,3,1.421,,1.421,model,1.934,0.004,0.073,0.0,1.0,4.627
Amenda,DEF,Coventry,4.0,0.5,3,1.419,,1.419,model,2.525,0.613,0.18,0.0,0.0,6.358
Sosa,DEF,Crystal Palace,4.5,0.0,3,1.417,,1.417,model,2.637,0.257,0.43,0.0,0.0,6.385
Doucouré,MID,Crystal Palace,5.0,0.1,3,1.413,,1.413,model,2.647,0.154,0.104,0.0,0.0,5.0
Greaves,DEF,Ipswich,4.0,0.5,3,1.401,,1.401,model,2.224,0.002,0.433,0.0,1.0,6.358
Drakes-Thomas,MID,Crystal Palace,4.5,0.1,3,1.399,,1.399,model,2.453,0.165,0.119,0.0,0.0,5.0
O'Riley,MID,Brighton,5.5,0.1,3,1.395,,1.395,model,2.462,0.0,0.066,0.0,1.0,7.358
Trafford,GK,Leeds,5.0,1.9,3,1.394,,1.394,model,2.151,0.0,0.522,0.0,1.0,6.51
Grimes,MID,Coventry,5.0,0.2,3,1.39,,1.39,model,2.229,0.155,0.043,0.0,0.0,4.0
Sanchez,DEF,Bournemouth,4.5,0.0,3,1.388,,1.388,model,2.688,0.33,0.315,0.0,0.0,6.358
Woodman,GK,Liverpool,4.0,1.2,3,1.387,,1.387,model,2.201,0.0,0.673,0.0,0.0,6.51
Diakité,DEF,Bournemouth,5.0,0.2,3,1.379,,1.379,model,2.269,0.385,0.296,0.0,0.0,6.358
Fatawu,MID,Ipswich,5.5,0.3,3,1.379,,1.379,model,2.22,0.003,0.049,0.0,1.0,5.627
Longstaff,MID,Leeds,5.0,0.2,3,1.378,,1.378,model,1.887,0.039,0.054,0.0,1.0,5.031
Akpom,FWD,Ipswich,5.0,0.5,3,1.377,,1.377,model,2.685,0.011,0.0,0.0,0.0,7.353
Mehmeti,MID,Ipswich,5.0,0.1,3,1.375,,1.375,model,2.608,0.123,0.06,0.0,0.0,5.0
Arrizabalaga,GK,Arsenal,5.0,0.1,3,1.375,,1.375,model,2.412,0.0,0.694,0.0,0.0,6.51
Mundle,MID,Sunderland,5.0,0.0,3,1.364,,1.364,model,1.564,0.021,0.021,0.0,1.0,4.0
Szmodics,MID,Ipswich,5.0,0.1,3,1.359,,1.359,model,2.431,0.001,0.04,0.0,1.0,7.358
D.Essugo,MID,Chelsea,4.5,0.2,3,1.358,,1.358,model,2.189,0.167,0.059,0.0,0.0,4.0
Al-Hamadi,FWD,Ipswich,5.0,0.2,3,1.357,,1.357,model,2.715,0.009,0.0,0.0,0.0,7.353
Quenda,MID,Chelsea,5.5,0.1,3,1.356,,1.356,model,2.363,0.161,0.061,0.0,0.0,5.0
Seelt,DEF,Sunderland,4.5,0.0,3,1.348,,1.348,model,2.547,0.247,0.381,0.0,0.0,6.358
Kitching,DEF,Coventry,4.0,0.5,3,1.345,,1.345,model,2.116,0.599,0.192,0.0,0.0,5.358
Pinnock,DEF,Brentford,4.5,0.1,3,1.343,,1.343,model,2.55,0.011,0.58,0.0,0.0,6.358
Matthews,GK,Crystal Palace,4.0,1.7,3,1.335,,1.335,model,2.075,0.0,0.591,0.0,0.0,6.51
Jocelin.T,MID,Sunderland,5.0,0.0,3,1.334,,1.334,model,2.627,0.131,0.085,0.0,0.0,5.0
Horníček,GK,Newcastle,5.0,0.3,3,1.331,,1.331,model,2.314,0.0,0.555,0.0,0.0,6.51
Ogbene,MID,Ipswich,5.0,0.0,3,1.327,,1.327,model,2.605,0.131,0.062,0.0,0.0,5.0
Onyeka,MID,Coventry,5.0,0.2,3,1.322,,1.322,model,2.094,0.16,0.028,0.0,0.0,4.0
Boscagli,DEF,Brighton,4.5,0.1,3,1.312,,1.312,model,2.505,0.197,0.398,0.0,0.0,6.358
Torp,MID,Coventry,5.5,0.2,3,1.307,,1.307,model,2.105,0.128,0.032,0.0,0.0,4.0
Morita,MID,Hull,5.0,0.1,3,1.306,,1.306,model,2.474,0.129,0.061,0.0,0.0,5.0
Thomas-Asante,FWD,Coventry,5.0,0.9,3,1.306,,1.306,model,2.204,0.018,0.0,0.0,0.0,7.353
Darlow,GK,Man United,4.5,0.1,3,1.304,,1.304,model,2.117,0.0,0.571,0.0,0.0,6.51
Simms,FWD,Coventry,5.0,0.6,3,1.301,,1.301,model,2.361,0.013,0.0,0.0,0.0,7.353
Gelhardt,MID,Leeds,5.0,0.0,3,1.301,,1.301,model,2.442,0.137,0.078,0.0,0.0,5.0
Cairney,MID,Fulham,5.0,0.0,3,1.301,,1.301,model,2.007,0.015,0.049,0.0,1.0,5.627
Gittens,MID,Chelsea,6.0,0.1,3,1.289,,1.289,model,1.631,0.01,0.021,0.0,1.0,4.0
M.França,MID,Crystal Palace,5.0,0.0,3,1.272,,1.272,model,2.39,0.129,0.099,0.0,0.0,5.0
Millar,MID,Hull,5.0,0.1,3,1.27,,1.27,model,2.282,0.119,0.059,0.0,0.0,4.0
Gruev,MID,Leeds,5.0,0.0,3,1.268,,1.268,model,1.777,0.078,0.072,0.0,1.0,4.0
Borges Rodrigues,MID,Coventry,4.5,0.2,3,1.264,,1.264,model,2.152,0.138,0.032,0.0,0.0,4.0
Gnonto,MID,Leeds,5.0,0.1,3,1.26,,1.26,model,1.665,0.061,0.024,0.0,1.0,4.0
Netz,DEF,Nott'm Forest,4.5,0.0,3,1.26,,1.26,model,2.078,0.003,0.292,0.0,1.0,6.358
Smith,DEF,Bournemouth,4.5,0.1,3,1.251,,1.251,model,1.913,0.018,0.34,0.0,1.0,6.358
Lewis-Skelly,MID,Arsenal,5.5,0.3,3,1.248,,1.248,model,1.668,0.001,0.122,0.0,1.0,3.0
Disasi,DEF,Chelsea,4.5,0.1,3,1.246,,1.246,model,1.901,0.0,0.337,0.0,1.0,6.358
James,MID,Leeds,5.0,0.1,3,1.244,,1.244,model,1.725,0.015,0.032,0.0,1.0,4.627
Akintola,MID,Hull,5.0,0.0,3,1.238,,1.238,model,2.319,0.107,0.059,0.0,0.0,5.0
Valdimarsson,GK,Brentford,4.5,0.1,3,1.231,,1.231,model,2.177,0.0,0.598,0.0,0.0,6.51
Mamardashvili,GK,Liverpool,5.0,0.2,3,1.226,,1.226,model,2.187,0.0,0.549,0.0,0.0,6.51
Ömür,MID,Hull,5.0,0.0,3,1.226,,1.226,model,2.23,0.105,0.057,0.0,0.0,5.0
Barco,MID,Chelsea,5.5,0.0,3,1.225,,1.225,model,2.299,0.16,0.053,0.0,0.0,4.0
J.Rak-Sakyi,MID,Crystal Palace,5.0,0.0,3,1.216,,1.216,model,2.331,0.133,0.09,0.0,0.0,4.0
M.Sarr,DEF,Chelsea,4.5,0.1,3,1.212,,1.212,model,2.252,0.287,0.293,0.0,0.0,6.358
Davies,GK,Liverpool,4.0,0.1,3,1.207,,1.207,model,2.403,0.0,0.574,0.0,0.0,6.51
Bakwa,MID,Nott'm Forest,5.5,0.0,3,1.205,,1.205,model,2.077,0.022,0.049,0.0,1.0,5.627
Kamara,MID,Hull,5.0,0.0,3,1.204,,1.204,model,2.369,0.109,0.055,0.0,0.0,4.0
Eccles,MID,Coventry,5.0,0.0,3,1.19,,1.19,model,2.189,0.123,0.033,0.0,0.0,4.0
Sakamoto,MID,Coventry,5.0,0.1,3,1.184,,1.184,model,1.929,0.142,0.032,0.0,0.0,4.0
Mheuka,FWD,Chelsea,4.5,0.4,3,1.179,,1.179,model,2.21,0.015,0.0,0.0,0.0,7.353
McNally,GK,Fulham,4.0,0.2,3,1.172,,1.172,model,2.092,0.0,0.58,0.0,0.0,6.51
Armstrong,MID,Everton,5.0,0.1,3,1.168,,1.168,model,2.05,0.055,0.04,0.0,1.0,4.627
Burns,MID,Ipswich,5.0,0.1,3,1.167,,1.167,model,1.747,0.0,0.042,0.0,1.0,3.0
Tzimas,FWD,Brighton,5.5,0.0,3,1.155,,1.155,model,3.034,0.009,0.0,0.0,0.0,7.353
Endo,MID,Liverpool,5.0,0.0,3,1.142,,1.142,model,1.522,0.013,0.023,0.0,1.0,3.0
Pecsi,GK,Liverpool,4.0,0.1,3,1.134,,1.134,model,2.145,0.0,0.517,0.0,0.0,6.51
Rigg,MID,Sunderland,5.0,0.1,3,1.133,,1.133,model,1.827,0.031,0.051,0.0,1.0,4.0
Tchaouna,MID,Coventry,5.5,0.1,3,1.131,,1.131,model,1.462,0.012,0.016,0.0,1.0,3.0
Dibling,MID,Everton,5.5,0.1,3,1.125,,1.125,model,1.823,0.002,0.05,0.0,1.0,4.627
Angulo,MID,Sunderland,5.0,0.1,3,1.114,,1.114,model,1.96,0.002,0.054,0.0,1.0,3.0
Bogarde,MID,Aston Villa,5.0,0.1,3,1.113,,1.113,model,1.406,0.011,0.097,0.0,1.0,3.0
Devenny,MID,Crystal Palace,5.0,0.0,3,1.097,,1.097,model,1.75,0.019,0.049,0.0,1.0,3.0
Milambo,MID,Brentford,5.0,0.0,3,1.095,,1.095,model,2.611,0.086,0.097,0.0,0.0,5.0
Tosin,DEF,Chelsea,4.5,0.2,3,1.089,,1.089,model,1.761,0.109,0.232,0.0,1.0,5.358
Röhl,MID,Everton,5.0,0.1,3,1.087,,1.087,model,1.908,0.066,0.039,0.0,1.0,4.0
Lavia,MID,Chelsea,5.0,0.0,3,1.078,,1.078,model,1.362,0.004,0.025,0.0,1.0,2.05
Johnson,DEF,Ipswich,4.0,0.1,3,1.072,,1.072,model,1.91,0.007,0.216,0.0,1.0,5.358
Igor,DEF,Brighton,4.5,0.1,3,1.064,,1.064,model,1.985,0.009,0.357,0.0,0.0,6.358
Taylor,MID,Ipswich,4.5,0.2,3,1.063,,1.063,model,1.129,0.0,0.002,0.0,1.0,1.0
Latibeaudiere,DEF,Coventry,4.0,0.1,3,1.062,,1.062,model,1.938,0.485,0.137,0.0,0.0,4.0
Anselmino,DEF,Chelsea,4.5,0.0,3,1.061,,1.061,model,2.166,0.265,0.24,0.0,0.0,5.358
Jacob,DEF,Hull,4.0,0.0,3,1.061,,1.061,model,2.122,0.451,0.182,0.0,0.0,5.358
Rudoni,MID,Coventry,5.0,0.3,3,1.057,,1.057,model,1.957,0.113,0.03,0.0,0.0,4.0
Marc Guiu,FWD,Chelsea,5.0,0.4,3,1.053,,1.053,model,1.757,0.0,0.0,0.0,1.0,5.627
Markelo,FWD,Coventry,5.0,0.1,3,1.052,,1.052,model,2.068,0.007,0.0,0.0,0.0,2.0
Bidwell,DEF,Coventry,4.0,0.1,3,1.047,,1.047,model,2.174,0.454,0.121,0.0,0.0,4.0
Brau,DEF,Coventry,4.0,0.1,3,1.038,,1.038,model,1.902,0.459,0.125,0.0,0.0,4.0
Chadi Riad,DEF,Crystal Palace,4.5,0.1,3,1.036,,1.036,model,2.1,0.095,0.288,0.0,0.0,6.358
Perri,GK,Leeds,4.5,0.7,3,1.025,,1.025,model,1.8,0.0,0.418,0.0,0.0,6.51
Heaton,GK,Man United,4.0,0.3,3,1.02,,1.02,model,1.893,0.0,0.46,0.0,0.0,6.51
Gillespie,GK,Newcastle,4.5,0.0,3,1.018,,1.018,model,2.001,0.0,0.419,0.0,0.0,6.51
Kesler-Hayden,DEF,Coventry,4.0,0.1,3,1.017,,1.017,model,1.88,0.485,0.151,0.0,0.0,4.0
Acheampong,DEF,Chelsea,4.5,0.2,3,1.006,,1.006,model,1.685,0.079,0.171,0.0,1.0,4.627
Patterson,GK,Sunderland,4.0,1.0,3,1.002,,1.002,model,1.853,0.0,0.406,0.0,0.0,6.51
Benitez,GK,Crystal Palace,4.5,0.1,3,0.977,,0.977,model,1.851,0.0,0.434,0.0,0.0,6.51
Travers,GK,Everton,5.0,0.1,3,0.976,,0.976,model,1.889,0.0,0.389,0.0,0.0,6.51
Forster,GK,Bournemouth,4.0,3.1,3,0.962,,0.962,model,1.893,0.0,0.332,0.0,0.0,6.51
Jaouen,GK,Newcastle,4.5,0.1,3,0.949,,0.949,model,1.834,0.0,0.392,0.0,0.0,6.51
King,GK,Everton,4.5,0.1,3,0.932,,0.932,model,1.792,0.0,0.391,0.0,0.0,6.51
Phillips,GK,Hull,4.0,2.0,3,0.93,,0.93,model,1.615,0.0,0.335,0.0,0.0,5.51
Austin,GK,Tottenham,4.0,0.6,3,0.898,,0.898,model,1.687,0.0,0.349,0.0,0.0,5.51
Dennis,GK,Bournemouth,4.0,0.2,3,0.871,,0.871,model,1.675,0.0,0.346,0.0,0.0,5.51
Bornauw,DEF,Leeds,4.5,0.0,3,0.871,,0.871,model,1.651,0.128,0.144,0.0,0.0,4.0
B.Badiashile,DEF,Chelsea,4.5,0.0,3,0.865,,0.865,model,1.414,0.087,0.122,0.0,1.0,4.0
John,GK,Nott'm Forest,4.5,0.1,3,0.864,,0.864,model,2.011,0.0,0.383,0.0,0.0,6.51
Emegha,FWD,Chelsea,5.0,0.2,3,0.831,,0.831,model,1.885,0.009,0.0,0.0,0.0,2.0
Scherpen,GK,Ipswich,4.5,0.3,3,0.821,,0.821,model,1.567,0.0,0.293,0.0,0.0,5.51
Odobert,MID,Tottenham,5.5,0.0,3,0.807,,0.807,model,1.193,0.0,0.001,0.0,1.0,1.0
Button,GK,Ipswich,4.0,0.5,3,0.772,,0.772,model,1.579,0.0,0.28,0.0,0.0,5.51
Patterson,DEF,Everton,4.5,0.0,3,0.75,,0.75,model,1.631,0.037,0.123,0.0,0.0,3.0
Kroupi.Jr,MID,Bournemouth,7.5,4.1,3,0.739,,0.739,model,1.698,0.0,0.002,0.0,0.0,4.627
Walton,GK,Ipswich,4.5,0.6,3,0.716,,0.716,model,1.698,0.0,0.251,0.0,0.0,5.51
Tzolakis,GK,Hull,4.5,0.1,3,0.715,,0.715,model,1.602,0.0,0.256,0.0,0.0,5.51
Harrison,MID,Leeds,5.0,0.0,3,0.699,,0.699,model,1.139,0.0,0.0,0.0,1.0,1.0
Christie,MID,Bournemouth,5.0,0.0,3,0.686,,0.686,model,1.175,0.001,0.001,0.0,1.0,1.0
Van Oevelen,GK,Ipswich,4.5,0.1,3,0.678,,0.678,model,1.474,0.0,0.256,0.0,0.0,5.51
Bradley,DEF,Liverpool,5.0,0.0,3,0.659,,0.659,model,1.189,0.001,0.015,0.0,1.0,1.0
Dovin,GK,Coventry,4.0,2.6,3,0.653,,0.653,model,1.383,0.0,0.215,0.0,0.0,2.0
Penders,GK,Chelsea,4.5,0.1,3,0.651,,0.651,model,1.411,0.0,0.234,0.0,0.0,4.51
Lo-Tutala,GK,Hull,4.0,0.2,3,0.651,,0.651,model,1.43,0.0,0.23,0.0,0.0,4.51
L.Miley,MID,Newcastle,5.5,0.0,3,0.631,,0.631,model,1.191,0.003,0.002,0.0,0.0,1.0
Woolfenden,DEF,Coventry,4.0,0.2,3,0.622,,0.622,model,1.308,0.009,0.135,0.0,0.0,2.0
Ekitiké,FWD,Liverpool,7.5,0.2,3,0.621,,0.621,model,1.539,0.0,0.0,0.0,0.0,4.627
Rushworth,GK,Coventry,4.5,0.9,3,0.613,,0.613,model,1.362,0.0,0.168,0.0,0.0,2.0
Bayindir,GK,Man United,4.5,0.2,3,0.611,,0.611,model,1.61,0.0,0.271,0.0,0.0,5.51
M.Bizot,GK,Aston Villa,4.5,0.1,3,0.604,,0.604,model,1.614,0.0,0.277,0.0,0.0,5.51
Wilson,GK,Coventry,4.5,0.6,3,0.556,,0.556,model,1.261,0.0,0.156,0.0,0.0,2.0
Jörgensen,GK,Chelsea,5.0,0.1,3,0.549,,0.549,model,1.278,0.0,0.162,0.0,0.0,2.0
Mitoma,MID,Brighton,6.0,0.2,3,0.527,,0.527,model,1.399,0.0,0.005,0.0,0.0,1.0
Xavi,MID,Tottenham,6.0,0.0,3,0.509,,0.509,model,1.098,0.001,0.002,0.0,0.0,1.0
Ugarte,MID,Man United,5.0,0.0,3,0.505,,0.505,model,0.865,0.003,0.004,0.0,0.0,1.0
Baleba,MID,Brighton,5.0,0.5,3,0.485,,0.485,model,0.96,0.0,0.004,0.0,0.0,1.0
Ellborg,GK,Sunderland,4.5,0.1,3,0.471,,0.471,model,1.347,0.0,0.189,0.0,0.0,2.0
Henderson,MID,Chelsea,5.0,0.0,3,0.466,,0.466,model,0.68,0.003,0.002,0.0,0.0,1.0
Rodrigo,MID,Man City,6.5,0.1,3,0.461,,0.461,model,1.273,0.009,0.005,0.0,0.0,1.0
Savona,DEF,Nott'm Forest,4.5,0.0,3,0.382,,0.382,model,0.972,0.001,0.01,0.0,0.0,1.0
Onana,MID,Aston Villa,5.0,0.0,3,0.351,,0.351,model,1.014,0.002,0.003,0.0,0.0,1.0
Kulusevski,MID,Tottenham,6.5,0.0,3,0.287,,0.287,model,0.941,0.0,0.002,0.0,0.0,1.0
Fofana,DEF,Chelsea,5.0,0.0,3,0.273,,0.273,model,0.628,0.009,0.006,0.0,0.0,1.0
Milosavljević,DEF,Bournemouth,5.0,0.1,3,0.266,,0.266,model,0.745,0.006,0.012,0.0,0.0,1.0
J.Timber,DEF,Arsenal,6.5,0.5,3,0.214,,0.214,model,0.967,0.0,0.025,0.0,0.0,1.0
De Ligt,DEF,Man United,5.0,0.0,3,0.19,,0.19,model,0.731,0.002,0.009,0.0,0.0,1.0
Gudmundsson,DEF,Leeds,4.5,0.4,3,0.161,,0.161,model,0.633,0.003,0.01,0.0,0.0,1.0
Saliba,DEF,Arsenal,6.0,0.5,3,0.148,,0.148,model,0.705,0.0,0.025,0.0,0.0,1.0
Garner,MID,Everton,6.0,0.6,3,0.079,,0.079,model,0.578,0.005,0.003,0.0,0.0,0.0
Andersen,DEF,Fulham,5.0,0.1,3,0.078,,0.078,model,0.506,0.003,0.007,0.0,0.0,0.0
Leoni,DEF,Liverpool,4.0,0.1,3,0.051,,0.051,model,0.59,0.011,0.017,0.0,0.0,0.0
Drameh,DEF,Hull,4.0,0.1,3,0.045,,0.045,model,0.54,0.015,0.004,0.0,0.0,0.0
Danns,FWD,Liverpool,4.5,0.0,3,0.042,,0.042,model,0.579,0.0,0.0,0.0,0.0,0.0
Ferguson,FWD,Brighton,5.0,0.0,3,0.042,,0.042,model,0.476,0.0,0.0,0.0,0.0,0.0
Bajcetic,MID,Liverpool,5.0,0.0,3,0.041,,0.041,model,0.525,0.003,0.005,0.0,0.0,0.0
Watson,MID,Brighton,5.0,0.0,3,0.04,,0.04,model,0.755,0.003,0.003,0.0,0.0,0.0
Mateo Joseph,FWD,Leeds,4.5,0.2,3,0.036,,0.036,model,0.45,0.0,0.0,0.0,0.0,0.0
Zambrano,MID,Hull,4.5,0.4,3,0.035,,0.035,model,0.458,0.003,0.002,0.0,0.0,0.0
Uche,FWD,Crystal Palace,5.0,0.0,3,0.034,,0.034,model,0.415,0.0,0.0,0.0,0.0,0.0
Matazo,MID,Hull,4.5,0.0,3,0.034,,0.034,model,0.382,0.002,0.002,0.0,0.0,0.0
Jaros,GK,Liverpool,4.0,0.0,3,0.032,,0.032,model,0.381,0.0,0.014,0.0,0.0,0.0
Matusiwa,MID,Ipswich,5.0,0.0,3,0.031,,0.031,model,0.395,0.004,0.002,0.0,0.0,0.0
Gyabi,MID,Hull,4.5,0.2,3,0.023,,0.023,model,0.287,0.001,0.001,0.0,0.0,0.0
Burstow,FWD,Hull,4.5,0.6,3,0.019,,0.019,model,0.209,0.0,0.0,0.0,0.0,0.0
Bassette,FWD,Coventry,4.5,0.4,3,0.018,,0.018,model,0.274,0.0,0.0,0.0,0.0,0.0
Cartwright,GK,Hull,4.0,0.1,3,0.018,,0.018,model,0.267,0.0,0.008,0.0,0.0,0.0
Henderson,GK,Crystal Palace,5.0,3.1,3,0.015,,0.015,model,0.226,0.0,0.005,0.0,0.0,0.0
Butland,GK,Hull,4.5,0.9,3,0.011,,0.011,model,0.175,0.0,0.002,0.0,0.0,0.0
Palmer,MID,Chelsea,9.5,11.7,4,6.725,,6.725,model,6.459,0.0,0.369,0.0,5.627,19.344
Haaland,FWD,Man City,15.5,74.4,4,6.419,,6.419,model,5.271,0.0,0.0,0.0,7.353,18.06
Enzo,MID,Chelsea,7.0,5.5,4,5.975,,5.975,model,5.301,0.016,0.399,0.0,3.0,15.717
João Pedro,FWD,Chelsea,7.5,54.9,4,5.794,,5.794,model,5.557,0.0,0.0,0.0,2.0,18.06
Rogers,MID,Chelsea,7.5,28.8,4,5.284,,5.284,model,4.488,0.01,0.433,0.0,3.0,14.717
Lacroix,DEF,Chelsea,6.0,11.7,4,5.126,,5.126,model,3.981,0.503,1.817,0.0,5.358,13.254
B.Fernandes,MID,Man United,12.0,48.6,4,4.838,,4.838,model,4.302,0.029,0.189,0.0,3.0,14.717
Gabriel,DEF,Arsenal,8.0,26.5,4,4.698,,4.698,model,3.656,0.286,1.931,0.0,4.627,13.254
Saka,MID,Arsenal,9.5,10.8,4,4.623,,4.623,model,4.823,0.025,0.379,0.0,3.0,14.717
Isak,FWD,Liverpool,9.0,11.4,4,4.588,,4.588,model,5.04,0.0,0.0,0.0,2.0,12.967
Palestra,DEF,Chelsea,5.5,1.8,4,4.588,,4.588,model,5.47,0.516,1.544,0.0,3.0,14.254
Senesi,DEF,Tottenham,6.0,10.6,4,4.567,,4.567,model,3.409,1.2,1.139,0.0,4.0,10.896
Mbeumo,MID,Man United,8.0,20.2,4,4.454,,4.454,model,4.102,0.0,0.173,0.0,2.0,12.985
Muñoz,DEF,Crystal Palace,5.5,11.6,4,4.424,,4.424,model,3.921,0.023,1.597,0.0,2.0,12.612
Wirtz,MID,Liverpool,7.5,12.6,4,4.367,,4.367,model,4.345,0.091,0.284,0.0,3.0,12.985
Thiago,FWD,Brentford,8.0,16.1,4,4.323,,4.323,model,4.188,0.02,0.0,0.0,2.0,12.707
Welbeck,FWD,Chelsea,6.0,2.7,4,4.302,,4.302,model,5.105,0.001,0.0,0.0,2.0,12.707
Semenyo,MID,Man City,8.5,23.2,4,4.285,,4.285,model,4.11,0.009,0.239,0.0,2.0,12.985
Neto,MID,Chelsea,6.5,1.3,4,4.277,,4.277,model,4.667,0.001,0.327,0.0,3.0,14.717
Sarr,MID,Crystal Palace,6.5,8.8,4,4.273,,4.273,model,4.544,0.001,0.312,0.0,3.0,14.717
Virgil,DEF,Liverpool,6.5,16.5,4,4.263,,4.263,model,3.527,0.501,1.294,0.0,3.0,10.896
Chalobah,DEF,Chelsea,5.5,1.9,4,4.206,,4.206,model,3.881,0.311,1.572,0.0,2.0,12.254
Watkins,FWD,Aston Villa,8.0,12.7,4,4.127,,4.127,model,4.249,0.0,0.0,0.0,2.0,12.707
Truffert,DEF,Bournemouth,5.5,4.8,4,4.089,,4.089,model,3.374,0.887,1.065,0.0,3.0,10.254
Szoboszlai,MID,Liverpool,7.0,46.5,4,4.013,,4.013,model,3.659,0.073,0.281,0.0,3.0,10.358
Mateta,FWD,Crystal Palace,6.5,6.8,4,3.996,,3.996,model,4.561,0.0,0.0,0.0,2.0,12.707
Gakpo,MID,Liverpool,7.0,3.4,4,3.983,,3.983,model,4.229,0.0,0.257,0.0,2.0,12.985
Raya,GK,Arsenal,6.0,31.0,4,3.978,,3.978,model,2.453,0.0,2.207,1.0,2.0,6.51
Calvert-Lewin,FWD,Leeds,6.0,24.1,4,3.948,,3.948,model,4.131,0.0,0.0,0.0,2.0,12.707
Groß,MID,Brighton,5.5,9.3,4,3.947,,3.947,model,3.839,0.009,0.285,0.0,2.0,11.985
Estêvão,MID,Chelsea,6.5,1.7,4,3.94,,3.94,model,5.405,0.035,0.19,0.0,2.0,14.717
Tavernier,MID,Bournemouth,6.0,1.9,4,3.911,,3.911,model,4.119,0.049,0.215,0.0,2.0,11.985
Mitchell,DEF,Crystal Palace,4.5,6.8,4,3.892,,3.892,model,3.256,0.106,1.57,0.0,2.0,8.985
Van Hecke,DEF,Tottenham,5.0,8.3,4,3.882,,3.882,model,3.239,0.535,1.215,0.0,3.0,9.267
Ndiaye,MID,Everton,6.0,15.9,4,3.843,,3.843,model,3.642,0.057,0.24,0.0,2.0,10.358
Rice,MID,Arsenal,7.5,22.4,4,3.839,,3.839,model,3.212,0.146,0.438,0.0,3.0,9.358
Calafiori,DEF,Arsenal,5.5,16.8,4,3.82,,3.82,model,3.95,0.149,1.437,0.0,2.0,12.254
James,DEF,Chelsea,5.5,7.9,4,3.74,,3.74,model,4.03,0.133,1.278,0.0,2.0,11.985
Vuskovic,DEF,Brighton,5.0,2.9,4,3.738,,3.738,model,4.089,0.541,1.232,0.0,2.0,8.896
Richards,DEF,Crystal Palace,5.0,0.8,4,3.725,,3.725,model,3.542,0.371,1.364,0.0,2.0,9.896
Cherki,MID,Man City,7.5,9.2,4,3.711,,3.711,model,4.192,0.076,0.154,0.0,2.0,11.985
Hincapie,DEF,Arsenal,5.5,4.2,4,3.705,,3.705,model,3.561,0.504,1.486,0.0,2.0,8.358
O'Reilly,DEF,Man City,6.5,22.5,4,3.698,,3.698,model,3.999,0.097,0.873,0.0,2.0,12.254
Colwill,DEF,Chelsea,5.0,1.7,4,3.668,,3.668,model,3.829,0.0,1.53,0.0,2.0,9.985
Thiaw,DEF,Newcastle,5.0,2.0,4,3.608,,3.608,model,3.576,0.761,0.866,0.0,3.0,9.9
Foden,MID,Man City,7.0,7.3,4,3.597,,3.597,model,4.15,0.016,0.172,0.0,2.0,11.985
Gusto,DEF,Chelsea,5.0,1.1,4,3.594,,3.594,model,4.037,0.029,1.209,0.0,2.0,11.541
Guéhi,DEF,Man City,6.0,23.5,4,3.582,,3.582,model,3.345,0.079,1.103,0.0,2.0,8.985
van Ewijk,DEF,Coventry,4.0,15.9,4,3.565,,3.565,model,3.214,1.046,0.892,0.0,3.0,8.358
N.Jackson,FWD,Chelsea,6.5,0.4,4,3.553,,3.553,model,5.398,0.0,0.0,0.0,1.0,12.707
Mosquera,DEF,Arsenal,5.5,15.7,4,3.552,,3.552,model,3.421,0.575,1.316,0.0,2.0,8.358
Evanilson,FWD,Bournemouth,6.0,2.0,4,3.494,,3.494,model,3.908,0.001,0.0,0.0,2.0,12.707
Cunha,MID,Man United,8.0,13.6,4,3.488,,3.488,model,3.624,0.011,0.168,0.0,2.0,9.358
Pedro Porro,DEF,Tottenham,5.5,23.5,4,3.466,,3.466,model,3.246,0.216,1.155,0.0,2.0,8.985
Rayan,MID,Bournemouth,6.5,3.5,4,3.466,,3.466,model,3.958,0.088,0.197,0.0,2.0,11.985
Gibbs-White,MID,Nott'm Forest,8.0,11.6,4,3.464,,3.464,model,3.123,0.002,0.206,0.0,2.0,9.358
Sánchez,GK,Chelsea,5.0,2.0,4,3.458,,3.458,model,2.62,0.0,1.817,0.0,2.0,6.51
Anderson,MID,Man City,6.5,12.0,4,3.456,,3.456,model,2.719,0.503,0.219,0.0,3.0,9.254
F.Kadıoğlu,DEF,Brighton,4.5,2.9,4,3.442,,3.442,model,3.368,0.127,1.206,0.0,2.0,9.267
Struijk,DEF,Brighton,5.0,0.5,4,3.42,,3.42,model,3.473,0.538,1.085,0.0,2.0,8.896
Schade,MID,Brentford,6.0,2.1,4,3.415,,3.415,model,3.965,0.005,0.134,0.0,2.0,11.985
Tzolis,MID,Arsenal,6.5,2.3,4,3.407,,3.407,model,4.263,0.355,0.366,0.0,3.0,10.358
Ampadu,MID,Leeds,5.5,1.6,4,3.377,,3.377,model,2.693,0.813,0.227,0.0,3.0,9.358
Van de Ven,DEF,Tottenham,5.0,6.8,4,3.374,,3.374,model,3.05,0.361,1.154,0.0,2.0,8.896
Bruno G.,MID,Newcastle,7.0,10.0,4,3.369,,3.369,model,3.004,0.006,0.207,0.0,2.0,9.358
Romero,DEF,Tottenham,5.0,1.1,4,3.367,,3.367,model,3.407,0.581,0.986,0.0,2.0,8.896
Tarkowski,DEF,Everton,6.0,9.9,4,3.36,,3.36,model,2.938,0.273,1.072,0.0,2.0,8.896
Thomas,DEF,Coventry,4.0,8.7,4,3.354,,3.354,model,3.144,1.009,0.78,0.0,3.0,8.358
Rodon,DEF,Leeds,4.5,1.8,4,3.324,,3.324,model,3.125,0.801,0.931,0.0,3.0,8.358
Caicedo,MID,Chelsea,5.5,3.9,4,3.312,,3.312,model,2.825,0.14,0.4,0.0,3.0,9.358
Eze,MID,Arsenal,6.5,3.2,4,3.304,,3.304,model,3.764,0.001,0.314,0.0,2.0,9.358
Jacquet,DEF,Liverpool,5.0,1.6,4,3.29,,3.29,model,4.21,0.501,1.013,0.0,2.0,8.896
Cash,DEF,Aston Villa,4.5,7.8,4,3.243,,3.243,model,2.994,0.034,1.228,0.0,2.0,8.896
Stach,MID,Leeds,6.0,1.2,4,3.24,,3.24,model,3.211,0.435,0.194,0.0,2.0,9.358
Mukiele,DEF,Sunderland,5.5,7.5,4,3.224,,3.224,model,2.779,0.787,0.827,0.0,2.0,8.358
Gvardiol,DEF,Man City,5.5,12.6,4,3.207,,3.207,model,3.584,0.007,0.888,0.0,2.0,9.985
Konsa,DEF,Aston Villa,4.5,16.6,4,3.197,,3.197,model,2.82,0.029,1.31,0.0,2.0,7.896
Wilson,MID,Leeds,6.5,8.3,4,3.151,,3.151,model,3.432,0.01,0.189,0.0,2.0,9.358
Havertz,FWD,Arsenal,7.5,3.8,4,3.148,,3.148,model,4.085,0.0,0.0,0.0,2.0,12.707
Dunk,DEF,Brighton,4.5,0.8,4,3.133,,3.133,model,3.043,0.207,1.223,0.0,2.0,8.358
Scott,MID,Bournemouth,6.0,1.6,4,3.112,,3.112,model,3.212,0.495,0.182,0.0,2.0,9.358
O.Dango,MID,Brentford,6.5,1.4,4,3.088,,3.088,model,3.748,0.013,0.13,0.0,2.0,9.358
Manzambi,MID,Aston Villa,6.0,2.1,4,3.082,,3.082,model,4.19,0.228,0.242,0.0,2.0,10.259
Hill,DEF,Bournemouth,5.5,1.2,4,3.072,,3.072,model,3.234,0.798,0.712,0.0,2.0,8.358
Gyökeres,FWD,Arsenal,7.5,13.1,4,3.056,,3.056,model,3.604,0.001,0.0,0.0,2.0,10.98
Doku,MID,Man City,7.5,6.4,4,3.051,,3.051,model,3.52,0.009,0.155,0.0,2.0,9.358
Muharemović,DEF,Leeds,5.0,1.4,4,3.051,,3.051,model,3.828,0.585,0.847,0.0,2.0,8.385
Verbruggen,GK,Brighton,4.5,17.0,4,3.047,,3.047,model,2.413,0.0,1.443,0.0,2.0,6.51
Amad,MID,Man United,6.0,1.6,4,3.018,,3.018,model,3.475,0.011,0.136,0.0,2.0,9.358
Keane,DEF,Everton,5.0,1.6,4,3.015,,3.015,model,3.046,0.53,0.921,0.0,2.0,8.358
Ballard,DEF,Sunderland,5.0,3.8,4,3.012,,3.012,model,2.945,0.871,0.739,0.0,2.0,8.358
Martinez,GK,Aston Villa,5.0,4.8,4,2.98,,2.98,model,2.487,0.0,1.416,0.0,2.0,6.51
McGinn,MID,Aston Villa,5.5,2.7,4,2.978,,2.978,model,3.225,0.003,0.247,0.0,2.0,9.358
A.Becker,GK,Liverpool,5.5,4.1,4,2.976,,2.976,model,2.535,0.0,1.369,0.0,2.0,6.51
Bogle,DEF,Leeds,4.5,0.4,4,2.973,,2.973,model,3.332,0.369,0.811,0.0,2.0,8.985
Canvot,DEF,Crystal Palace,5.0,0.6,4,2.966,,2.966,model,3.544,0.619,0.866,0.0,1.0,8.896
Fernandes,MID,Tottenham,6.0,3.3,4,2.965,,2.965,model,2.583,0.252,0.253,0.0,2.0,8.358
Wieffer,DEF,Brighton,5.0,0.3,4,2.96,,2.96,model,3.59,0.539,0.848,0.0,1.0,9.9
Gomez,MID,Brighton,5.0,1.8,4,2.944,,2.944,model,3.61,0.069,0.209,0.0,2.0,9.358
Mac Allister,MID,Liverpool,5.5,1.9,4,2.942,,2.942,model,3.072,0.018,0.246,0.0,2.0,9.358
Wood,FWD,Nott'm Forest,6.0,1.8,4,2.936,,2.936,model,3.501,0.0,0.0,0.0,2.0,10.98
Xhaka,MID,Sunderland,5.5,5.6,4,2.935,,2.935,model,2.087,0.709,0.196,0.0,3.0,6.627
Dewsbury-Hall,MID,Everton,6.5,3.8,4,2.889,,2.889,model,3.057,0.129,0.208,0.0,2.0,9.254
Alderete,DEF,Sunderland,5.0,1.1,4,2.885,,2.885,model,2.782,0.841,0.731,0.0,2.0,8.358
Solanke,FWD,Tottenham,6.0,2.6,4,2.878,,2.878,model,3.545,0.001,0.0,0.0,2.0,7.353
Ngumoha,MID,Liverpool,6.0,1.6,4,2.852,,2.852,model,3.819,0.033,0.15,0.0,1.0,10.254
Frimpong,DEF,Liverpool,5.5,3.0,4,2.851,,2.851,model,3.272,0.043,0.876,0.0,2.0,8.896
E.Le Fée,MID,Sunderland,6.0,12.8,4,2.849,,2.849,model,2.133,0.444,0.193,0.0,2.0,7.627
Kluivert,MID,Bournemouth,6.0,1.1,4,2.846,,2.846,model,3.707,0.001,0.146,0.0,2.0,9.358
Kerkez,DEF,Liverpool,5.5,5.5,4,2.839,,2.839,model,3.054,0.037,1.061,0.0,2.0,8.358
Wharton,MID,Crystal Palace,5.5,0.3,4,2.815,,2.815,model,3.086,0.219,0.266,0.0,2.0,9.254
Matheus N.,DEF,Man City,6.0,4.8,4,2.801,,2.801,model,3.008,0.062,0.899,0.0,2.0,8.896
Munoz,MID,Liverpool,6.5,0.8,4,2.793,,2.793,model,4.432,0.268,0.187,0.0,2.0,10.358
Maddison,MID,Tottenham,6.5,1.9,4,2.775,,2.775,model,3.69,0.0,0.146,0.0,2.0,9.358
Barnes,MID,Newcastle,6.0,1.2,4,2.77,,2.77,model,3.586,0.002,0.119,0.0,2.0,9.358
Ødegaard,MID,Arsenal,6.5,2.9,4,2.766,,2.766,model,3.296,0.001,0.298,0.0,2.0,9.358
Bijol,DEF,Leeds,5.0,0.3,4,2.737,,2.737,model,3.112,0.794,0.684,0.0,2.0,8.358
Disasi,DEF,Chelsea,4.5,0.1,4,2.731,,2.731,model,3.415,0.0,1.177,0.0,2.0,8.896
Okafor,MID,Leeds,6.0,0.7,4,2.726,,2.726,model,3.723,0.065,0.136,0.0,2.0,9.358
A.García,DEF,Aston Villa,4.0,1.6,4,2.724,,2.724,model,3.311,0.369,0.915,0.0,2.0,8.358
Hinshelwood,MID,Brighton,6.0,0.3,4,2.718,,2.718,model,3.458,0.005,0.197,0.0,2.0,9.358
Gravenberch,MID,Liverpool,6.0,1.9,4,2.716,,2.716,model,2.423,0.033,0.268,0.0,2.0,8.358
Botman,DEF,Newcastle,5.0,0.4,4,2.716,,2.716,model,3.281,0.675,0.587,0.0,2.0,8.358
Zubimendi,MID,Arsenal,5.5,1.5,4,2.715,,2.715,model,2.759,0.135,0.355,0.0,2.0,8.627
Delap,FWD,Chelsea,5.5,0.5,4,2.713,,2.713,model,3.887,0.0,0.0,0.0,1.0,12.707
Shaw,DEF,Man United,4.5,24.5,4,2.707,,2.707,model,2.703,0.331,0.745,0.0,2.0,8.358
Merino,MID,Arsenal,6.0,1.2,4,2.706,,2.706,model,3.562,0.023,0.23,0.0,1.0,9.358
Pickford,GK,Everton,5.5,8.9,4,2.696,,2.696,model,2.23,0.0,1.157,0.0,2.0,6.51
Minteh,MID,Brighton,6.0,0.7,4,2.692,,2.692,model,3.323,0.014,0.216,0.0,2.0,9.358
Hato,DEF,Chelsea,4.5,1.0,4,2.682,,2.682,model,3.445,0.269,0.841,0.0,1.0,8.385
Aaronson,MID,Leeds,5.5,0.8,4,2.676,,2.676,model,3.197,0.147,0.163,0.0,2.0,9.358
De Cuyper,DEF,Brighton,4.5,1.3,4,2.623,,2.623,model,3.652,0.087,0.635,0.0,1.0,9.985
Spence,DEF,Tottenham,4.5,9.0,4,2.619,,2.619,model,2.87,0.061,0.915,0.0,2.0,8.358
N.Williams,DEF,Nott'm Forest,5.0,12.5,4,2.616,,2.616,model,2.773,0.098,0.769,0.0,2.0,7.9
Robinson,DEF,Fulham,4.5,2.6,4,2.614,,2.614,model,3.308,0.016,0.599,0.0,1.0,8.896
Mykolenko,DEF,Everton,4.5,1.3,4,2.599,,2.599,model,2.598,0.034,0.953,0.0,2.0,6.358
Iwobi,MID,Fulham,5.5,0.9,4,2.597,,2.597,model,2.537,0.009,0.148,0.0,2.0,8.358
Rúben,DEF,Man City,5.5,1.4,4,2.586,,2.586,model,2.824,0.033,0.87,0.0,2.0,7.896
Donnarumma,GK,Man City,5.5,11.0,4,2.586,,2.586,model,2.31,0.0,1.088,0.0,2.0,6.51
Digne,DEF,Aston Villa,4.5,1.4,4,2.585,,2.585,model,3.162,0.011,0.883,0.0,1.0,8.896
Collins,DEF,Brentford,5.5,2.0,4,2.578,,2.578,model,2.84,0.23,0.7,0.0,2.0,8.358
Rashford,MID,Man United,7.0,1.4,4,2.576,,2.576,model,3.497,0.001,0.098,0.0,2.0,9.254
Milenković,DEF,Nott'm Forest,5.5,2.3,4,2.575,,2.575,model,2.511,0.133,0.872,0.0,2.0,6.358
Kayode,DEF,Brentford,4.5,3.8,4,2.569,,2.569,model,2.709,0.227,0.722,0.0,2.0,7.896
Hall,DEF,Newcastle,5.0,4.0,4,2.569,,2.569,model,2.843,0.081,0.764,0.0,2.0,8.254
Dubravka,GK,Tottenham,4.0,23.3,4,2.564,,2.564,model,2.361,0.0,1.172,0.0,2.0,6.51
Garnacho,MID,Aston Villa,6.0,1.0,4,2.55,,2.55,model,3.668,0.001,0.136,0.0,1.0,9.358
Wissa,FWD,Newcastle,6.0,1.4,4,2.55,,2.55,model,3.716,0.0,0.0,0.0,1.0,10.98
O'Brien,DEF,Everton,5.0,0.5,4,2.527,,2.527,model,2.731,0.092,0.899,0.0,2.0,7.358
Anthony,MID,Brentford,6.0,0.2,4,2.525,,2.525,model,3.161,0.163,0.115,0.0,2.0,8.358
Yeremy,MID,Crystal Palace,5.5,0.2,4,2.524,,2.524,model,3.55,0.078,0.172,0.0,1.0,9.358
Van den Berg,DEF,Brentford,5.0,0.7,4,2.522,,2.522,model,2.952,0.217,0.646,0.0,2.0,8.358
Tonali,MID,Tottenham,5.5,4.1,4,2.522,,2.522,model,2.563,0.041,0.217,0.0,2.0,8.358
Sangaré,MID,Brentford,5.5,1.3,4,2.519,,2.519,model,3.563,0.214,0.126,0.0,2.0,8.358
Burn,DEF,Newcastle,5.0,2.7,4,2.515,,2.515,model,2.634,0.166,0.796,0.0,2.0,7.896
Danso,DEF,Tottenham,5.0,0.2,4,2.494,,2.494,model,2.961,0.569,0.702,0.0,1.0,8.358
Damsgaard,MID,Brentford,5.5,0.7,4,2.482,,2.482,model,2.784,0.043,0.128,0.0,2.0,8.358
Vicario,GK,Tottenham,4.5,1.5,4,2.481,,2.481,model,2.351,0.0,1.163,0.0,2.0,6.51
Dalot,DEF,Man United,5.0,3.0,4,2.469,,2.469,model,2.941,0.049,0.661,0.0,2.0,8.358
Brooks,MID,Bournemouth,5.0,0.2,4,2.465,,2.465,model,3.843,0.013,0.07,0.0,1.0,9.358
Aït-Nouri,DEF,Man City,5.5,1.1,4,2.453,,2.453,model,3.235,0.001,0.694,0.0,1.0,8.896
Buendía,MID,Aston Villa,6.0,0.9,4,2.424,,2.424,model,3.276,0.053,0.141,0.0,1.0,9.358
Petrović,GK,Bournemouth,4.5,3.7,4,2.422,,2.422,model,2.283,0.0,1.066,0.0,2.0,6.51
Madueke,MID,Arsenal,6.5,0.4,4,2.411,,2.411,model,3.486,0.0,0.195,0.0,1.0,9.358
Woltemade,FWD,Newcastle,6.0,1.8,4,2.401,,2.401,model,3.159,0.011,0.0,0.0,2.0,7.353
Kusi-Asare,FWD,Fulham,4.5,7.8,4,2.387,,2.387,model,3.262,0.017,0.0,0.0,2.0,7.353
Gomes,MID,Aston Villa,5.5,0.3,4,2.378,,2.378,model,2.321,0.049,0.255,0.0,2.0,8.358
Kinsky,GK,Tottenham,4.5,19.2,4,2.377,,2.377,model,2.57,0.0,1.069,0.0,2.0,6.51
Hume,DEF,Sunderland,4.5,2.9,4,2.374,,2.374,model,2.572,0.236,0.745,0.0,2.0,7.358
Nedeljkovic,DEF,Aston Villa,4.0,0.6,4,2.372,,2.372,model,3.448,0.367,0.766,0.0,1.0,8.358
Maguire,DEF,Man United,5.0,8.7,4,2.372,,2.372,model,2.825,0.153,0.642,0.0,1.0,8.358
Burrowes,MID,Aston Villa,4.5,0.9,4,2.361,,2.361,model,3.612,0.198,0.199,0.0,2.0,8.358
Branthwaite,DEF,Everton,5.5,1.9,4,2.348,,2.348,model,2.671,0.005,0.869,0.0,2.0,6.358
M.Sarr,DEF,Chelsea,4.5,0.1,4,2.34,,2.34,model,4.384,0.287,0.816,0.0,0.0,8.358
Aina,DEF,Nott'm Forest,4.5,4.4,4,2.339,,2.339,model,2.381,0.027,0.815,0.0,2.0,6.358
Roefs,GK,Sunderland,5.0,5.0,4,2.335,,2.335,model,2.197,0.0,0.947,0.0,2.0,6.51
Olusesi,MID,Tottenham,4.5,0.9,4,2.335,,2.335,model,3.246,0.207,0.195,0.0,2.0,8.358
White,DEF,Arsenal,5.5,0.4,4,2.324,,2.324,model,3.187,0.017,0.957,0.0,1.0,6.358
Strand Larsen,FWD,Crystal Palace,6.0,0.6,4,2.317,,2.317,model,2.931,0.0,0.0,0.0,2.0,7.353
Ayari,MID,Brighton,5.5,0.7,4,2.313,,2.313,model,2.846,0.077,0.199,0.0,2.0,8.358
Beto,FWD,Everton,5.5,3.2,4,2.304,,2.304,model,3.076,0.0,0.0,0.0,1.0,7.353
Robertson,DEF,Tottenham,4.5,1.9,4,2.287,,2.287,model,3.049,0.008,0.696,0.0,1.0,8.896
Masuaku,DEF,Sunderland,4.0,1.5,4,2.265,,2.265,model,2.833,0.423,0.66,0.0,1.0,8.358
Pau,DEF,Aston Villa,4.5,0.3,4,2.263,,2.263,model,2.935,0.028,0.87,0.0,1.0,7.358
J.Murphy,MID,Newcastle,6.0,0.2,4,2.262,,2.262,model,2.986,0.001,0.111,0.0,2.0,8.358
Soler,DEF,Bournemouth,4.0,0.6,4,2.254,,2.254,model,3.525,0.425,0.629,0.0,1.0,8.358
Khusanov,DEF,Man City,5.5,2.0,4,2.249,,2.249,model,2.78,0.127,0.705,0.0,1.0,7.896
Targett,DEF,Hull,4.0,2.7,4,2.248,,2.248,model,2.45,1.147,0.27,0.0,2.0,7.358
Mings,DEF,Aston Villa,4.5,0.2,4,2.243,,2.243,model,3.123,0.085,0.769,0.0,1.0,8.358
Johnson,MID,Crystal Palace,6.0,0.1,4,2.239,,2.239,model,3.294,0.001,0.159,0.0,1.0,9.358
Maatsen,DEF,Aston Villa,4.5,0.6,4,2.225,,2.225,model,3.038,0.047,0.648,0.0,1.0,8.896
Quenda,MID,Chelsea,5.5,0.1,4,2.224,,2.224,model,4.989,0.169,0.198,0.0,0.0,9.358
Murillo,DEF,Nott'm Forest,5.5,0.2,4,2.22,,2.22,model,2.56,0.121,0.745,0.0,2.0,6.358
Martinelli,MID,Arsenal,6.5,0.3,4,2.218,,2.218,model,3.243,0.001,0.156,0.0,1.0,9.358
Schär,DEF,Newcastle,5.0,0.2,4,2.216,,2.216,model,3.016,0.049,0.636,0.0,1.0,7.896
Lewis-Potter,MID,Brentford,5.5,0.5,4,2.211,,2.211,model,2.586,0.0,0.119,0.0,2.0,8.358
Richarlison,FWD,Tottenham,6.0,2.0,4,2.21,,2.21,model,3.078,0.014,0.0,0.0,1.0,7.353
Šeško,FWD,Man United,7.0,2.6,4,2.196,,2.196,model,3.249,0.0,0.0,0.0,1.0,7.353
Justin,DEF,Leeds,4.5,0.5,4,2.194,,2.194,model,2.776,0.103,0.681,0.0,1.0,7.896
D.Essugo,MID,Chelsea,4.5,0.2,4,2.184,,2.184,model,4.512,0.16,0.204,0.0,0.0,9.358
Hughes,MID,Crystal Palace,4.5,11.1,4,2.164,,2.164,model,2.397,0.014,0.222,0.0,2.0,8.358
Jensen,MID,Brentford,5.5,0.1,4,2.15,,2.15,model,2.837,0.077,0.103,0.0,1.0,8.358
Sessegnon,DEF,Fulham,4.5,0.4,4,2.147,,2.147,model,3.009,0.372,0.423,0.0,1.0,8.358
Ramsay,DEF,Liverpool,4.0,0.2,4,2.144,,2.144,model,3.289,0.46,0.681,0.0,0.0,8.358
Barco,MID,Chelsea,5.5,0.0,4,2.142,,2.142,model,4.726,0.161,0.177,0.0,0.0,10.358
Lammens,GK,Man United,5.0,20.2,4,2.139,,2.139,model,1.998,0.0,0.807,0.0,2.0,6.51
Nketiah,FWD,Crystal Palace,5.5,0.5,4,2.137,,2.137,model,3.114,0.001,0.0,0.0,1.0,7.353
Sangaré,MID,Nott'm Forest,5.0,0.6,4,2.127,,2.127,model,2.305,0.376,0.114,0.0,2.0,5.627
Kelleher,GK,Brentford,5.0,5.6,4,2.127,,2.127,model,2.194,0.0,0.794,0.0,2.0,6.51
Yarmoliuk,MID,Brentford,5.0,1.5,4,2.123,,2.123,model,2.126,0.249,0.132,0.0,2.0,5.627
Sels,GK,Nott'm Forest,5.0,1.4,4,2.122,,2.122,model,2.16,0.0,0.84,0.0,2.0,6.51
Davis,DEF,Ipswich,4.0,4.0,4,2.12,,2.12,model,2.636,0.0,0.67,0.0,1.0,6.358
Anselmino,DEF,Chelsea,4.5,0.0,4,2.11,,2.11,model,4.029,0.253,0.722,0.0,0.0,8.358
Kamada,MID,Crystal Palace,5.0,0.3,4,2.11,,2.11,model,2.578,0.079,0.199,0.0,2.0,8.358
Crooks,MID,Hull,4.5,0.7,4,2.104,,2.104,model,3.137,0.155,0.051,0.0,2.0,8.358
C.Jones,MID,Liverpool,5.5,0.1,4,2.102,,2.102,model,2.906,0.067,0.142,0.0,1.0,8.358
Tosin,DEF,Chelsea,4.5,0.2,4,2.101,,2.101,model,3.149,0.12,0.715,0.0,1.0,8.358
Reed,MID,Fulham,4.5,1.1,4,2.101,,2.101,model,2.913,0.245,0.114,0.0,2.0,8.358
Mheuka,FWD,Chelsea,4.5,0.4,4,2.094,,2.094,model,4.704,0.014,0.0,0.0,0.0,12.707
Igor Jesus,FWD,Nott'm Forest,6.0,5.1,4,2.093,,2.093,model,2.415,0.006,0.0,0.0,2.0,7.353
Pope,GK,Newcastle,5.0,1.1,4,2.092,,2.092,model,2.247,0.0,0.864,0.0,2.0,6.51
Brobbey,FWD,Sunderland,6.0,18.7,4,2.091,,2.091,model,2.192,0.001,0.0,0.0,2.0,7.353
Slater,MID,Hull,4.5,2.0,4,2.088,,2.088,model,2.371,0.214,0.066,0.0,2.0,5.627
Reinildo,DEF,Sunderland,4.5,0.5,4,2.086,,2.086,model,2.409,0.377,0.631,0.0,1.0,7.358
Enes Ünal,FWD,Bournemouth,5.5,0.2,4,2.086,,2.086,model,2.833,0.001,0.0,0.0,1.0,7.353
Silva,DEF,Bournemouth,5.0,0.2,4,2.079,,2.079,model,3.454,0.413,0.545,0.0,0.0,8.358
Adams,MID,Bournemouth,5.0,0.7,4,2.073,,2.073,model,2.234,0.119,0.162,0.0,2.0,7.358
Sadiki,MID,Sunderland,5.0,0.4,4,2.072,,2.072,model,1.72,0.168,0.168,0.0,2.0,5.0
A.Murphy,DEF,Newcastle,4.0,0.8,4,2.072,,2.072,model,2.988,0.405,0.523,0.0,1.0,8.358
Kitching,DEF,Coventry,4.0,0.5,4,2.061,,2.061,model,2.926,0.609,0.513,0.0,1.0,8.358
Mingueza,DEF,Crystal Palace,4.5,0.1,4,2.052,,2.052,model,3.429,0.277,0.751,0.0,0.0,8.358
Amenda,DEF,Coventry,4.0,0.5,4,2.046,,2.046,model,2.841,0.617,0.49,0.0,1.0,8.358
Dorgu,MID,Man United,6.0,1.7,4,2.045,,2.045,model,2.601,0.019,0.11,0.0,2.0,8.358
Reijnders,MID,Man City,6.0,0.4,4,2.045,,2.045,model,3.231,0.019,0.103,0.0,1.0,8.358
Savinho,MID,Man City,6.5,0.1,4,2.042,,2.042,model,3.221,0.0,0.069,0.0,1.0,8.358
Bentancur,MID,Tottenham,5.5,0.1,4,2.04,,2.04,model,2.269,0.253,0.182,0.0,2.0,5.627
Dasilva,DEF,Coventry,4.0,0.5,4,2.039,,2.039,model,2.848,0.619,0.481,0.0,1.0,7.896
Bassey,DEF,Fulham,4.5,0.6,4,2.036,,2.036,model,2.377,0.073,0.596,0.0,1.0,6.358
Wright,FWD,Coventry,5.5,1.8,4,2.019,,2.019,model,3.331,0.011,0.0,0.0,2.0,7.353
Smith Rowe,MID,Fulham,5.5,0.4,4,2.018,,2.018,model,2.663,0.006,0.091,0.0,1.0,8.358
Leno,GK,Fulham,4.5,3.2,4,2.012,,2.012,model,2.083,0.0,0.765,0.0,2.0,6.51
Marmoush,FWD,Man City,7.0,0.7,4,2.01,,2.01,model,3.154,0.001,0.0,0.0,1.0,7.353
Udogie,DEF,Tottenham,4.5,0.4,4,2.01,,2.01,model,2.504,0.02,0.737,0.0,1.0,6.358
Tel,MID,Tottenham,6.0,0.4,4,1.999,,1.999,model,2.718,0.019,0.122,0.0,1.0,8.358
Sosa,DEF,Crystal Palace,4.5,0.0,4,1.988,,1.988,model,3.39,0.275,0.716,0.0,0.0,8.358
Kudus,MID,Tottenham,6.5,0.2,4,1.98,,1.98,model,2.72,0.006,0.155,0.0,2.0,8.358
Georginio,FWD,Brighton,5.5,0.8,4,1.979,,1.979,model,2.841,0.005,0.0,0.0,1.0,7.353
Chiesa,MID,Liverpool,5.5,0.2,4,1.972,,1.972,model,2.921,0.039,0.045,0.0,1.0,8.358
Palmer,GK,Ipswich,4.0,5.9,4,1.967,,1.967,model,3.567,0.0,0.504,0.0,1.0,12.019
Barry,FWD,Everton,5.5,0.9,4,1.958,,1.958,model,2.705,0.001,0.0,0.0,1.0,7.353
Osula,FWD,Newcastle,6.0,1.5,4,1.955,,1.955,model,2.754,0.0,0.0,0.0,1.0,7.353
Ajer,DEF,Brentford,4.5,1.6,4,1.954,,1.954,model,2.551,0.214,0.507,0.0,1.0,7.358
Furlong,DEF,Ipswich,4.0,0.4,4,1.948,,1.948,model,2.788,0.619,0.437,0.0,0.0,8.358
Diop,DEF,Ipswich,4.0,19.1,4,1.944,,1.944,model,2.476,0.161,0.551,0.0,1.0,6.358
Steele,GK,Brighton,4.0,4.5,4,1.941,,1.941,model,2.423,0.0,0.918,0.0,1.0,6.51
Svoboda,DEF,Brighton,5.0,0.1,4,1.939,,1.939,model,3.394,0.269,0.651,0.0,0.0,8.358
Cardines,DEF,Crystal Palace,4.5,0.0,4,1.931,,1.931,model,3.448,0.281,0.687,0.0,0.0,8.358
Kipré,DEF,Ipswich,4.0,0.4,4,1.927,,1.927,model,2.808,0.629,0.421,0.0,0.0,8.358
Gittens,MID,Chelsea,6.0,0.1,4,1.924,,1.924,model,2.957,0.011,0.063,0.0,1.0,7.358
Souza,DEF,Tottenham,4.0,0.3,4,1.92,,1.92,model,3.068,0.404,0.574,0.0,0.0,8.358
Dowman,MID,Arsenal,5.5,0.2,4,1.92,,1.92,model,3.331,0.158,0.235,0.0,0.0,8.358
Wilson,FWD,Brentford,5.5,0.4,4,1.914,,1.914,model,2.772,0.0,0.0,0.0,1.0,7.353
Elanga,MID,Newcastle,6.0,0.7,4,1.913,,1.913,model,2.564,0.0,0.102,0.0,1.0,8.358
Florentino,MID,Ipswich,5.0,0.0,4,1.908,,1.908,model,2.132,0.595,0.095,0.0,1.0,5.0
Hutchinson,MID,Nott'm Forest,5.5,0.2,4,1.905,,1.905,model,2.36,0.003,0.114,0.0,2.0,7.358
Lucky,DEF,Liverpool,4.0,0.1,4,1.905,,1.905,model,3.299,0.401,0.569,0.0,0.0,8.358
Egan,DEF,Hull,4.0,1.2,4,1.903,,1.903,model,2.382,0.974,0.234,0.0,2.0,7.358
Meunier,DEF,Sunderland,4.5,0.5,4,1.902,,1.902,model,2.686,0.377,0.54,0.0,1.0,7.358
Nmecha,FWD,Leeds,5.5,0.6,4,1.897,,1.897,model,2.786,0.005,0.0,0.0,1.0,7.353
Berge,MID,Fulham,5.0,0.4,4,1.895,,1.895,model,1.805,0.065,0.129,0.0,2.0,5.627
O'Shea,DEF,Ipswich,4.0,1.9,4,1.894,,1.894,model,2.341,0.0,0.665,0.0,1.0,6.358
Hudson-Odoi,MID,Nott'm Forest,6.0,0.0,4,1.882,,1.882,model,2.408,0.001,0.099,0.0,1.0,8.358
Andrews,MID,Coventry,4.5,0.7,4,1.876,,1.876,model,2.834,0.171,0.125,0.0,2.0,8.358
Andrey Santos,MID,Man United,5.0,1.4,4,1.873,,1.873,model,2.488,0.125,0.085,0.0,1.0,8.358
George Hemmings,MID,Aston Villa,4.5,0.3,4,1.869,,1.869,model,3.336,0.173,0.152,0.0,0.0,8.358
Martinez,DEF,Man United,5.0,0.6,4,1.866,,1.866,model,2.533,0.047,0.508,0.0,1.0,6.358
Lerma,MID,Crystal Palace,5.0,0.1,4,1.865,,1.865,model,2.375,0.076,0.179,0.0,1.0,7.358
Marc Guiu,FWD,Chelsea,5.0,0.4,4,1.864,,1.864,model,3.569,0.001,0.0,0.0,1.0,7.353
Hughes,DEF,Hull,4.0,0.9,4,1.858,,1.858,model,2.41,0.923,0.222,0.0,1.0,7.358
Howell,MID,Brighton,4.5,0.3,4,1.845,,1.845,model,3.206,0.159,0.16,0.0,0.0,8.358
Acheampong,DEF,Chelsea,4.5,0.2,4,1.844,,1.844,model,3.081,0.098,0.519,0.0,1.0,8.358
Tielemans,MID,Man United,6.0,0.9,4,1.836,,1.836,model,2.341,0.021,0.11,0.0,2.0,6.627
García,FWD,Fulham,6.0,1.4,4,1.828,,1.828,model,3.103,0.021,0.0,0.0,2.0,7.353
Gallagher,MID,Tottenham,5.5,0.2,4,1.823,,1.823,model,2.501,0.193,0.147,0.0,1.0,7.627
Hackney,MID,Everton,5.5,0.3,4,1.822,,1.822,model,3.166,0.121,0.133,0.0,0.0,8.358
Kamara,MID,Aston Villa,5.0,0.1,4,1.815,,1.815,model,2.114,0.031,0.192,0.0,2.0,6.627
Grealish,MID,Man City,6.5,0.2,4,1.812,,1.812,model,2.85,0.043,0.096,0.0,1.0,8.358
Phillips,DEF,Tottenham,4.5,0.1,4,1.811,,1.811,model,3.185,0.366,0.524,0.0,0.0,8.358
Scarlett,FWD,Tottenham,4.5,1.7,4,1.802,,1.802,model,3.262,0.014,0.0,0.0,0.0,7.353
Adli,MID,Bournemouth,5.0,0.2,4,1.802,,1.802,model,2.794,0.125,0.052,0.0,1.0,7.358
J.Ramsey,MID,Newcastle,5.0,0.4,4,1.801,,1.801,model,2.351,0.025,0.095,0.0,1.0,7.358
Barkley,MID,Aston Villa,5.0,0.2,4,1.8,,1.8,model,2.608,0.022,0.088,0.0,1.0,7.358
Davies,DEF,Tottenham,4.0,0.8,4,1.799,,1.799,model,2.652,0.01,0.628,0.0,1.0,6.358
P.M.Sarr,MID,Tottenham,5.0,0.4,4,1.792,,1.792,model,2.389,0.059,0.109,0.0,1.0,8.358
Bobb,MID,Fulham,5.5,0.4,4,1.792,,1.792,model,2.409,0.053,0.063,0.0,1.0,7.358
Janelt,MID,Brentford,5.0,0.1,4,1.792,,1.792,model,2.254,0.038,0.089,0.0,2.0,6.627
Tete,DEF,Fulham,4.5,0.2,4,1.791,,1.791,model,2.503,0.121,0.532,0.0,1.0,6.358
McAteer,MID,Ipswich,4.5,1.6,4,1.785,,1.785,model,2.251,0.001,0.102,0.0,2.0,6.627
McConnell,MID,Liverpool,4.5,0.2,4,1.78,,1.78,model,3.459,0.165,0.142,0.0,0.0,8.358
Lukić,MID,Fulham,5.0,0.1,4,1.776,,1.776,model,2.203,0.023,0.104,0.0,2.0,6.627
Coppola,DEF,Brighton,4.5,0.0,4,1.775,,1.775,model,3.298,0.296,0.575,0.0,0.0,8.358
Zirkzee,FWD,Man United,5.5,0.7,4,1.763,,1.763,model,2.52,0.0,0.0,0.0,1.0,7.353
Oriola,MID,Brighton,4.5,0.2,4,1.762,,1.762,model,3.247,0.153,0.157,0.0,0.0,8.358
Mainoo,MID,Man United,5.5,1.3,4,1.755,,1.755,model,1.888,0.041,0.116,0.0,2.0,5.627
Obi,FWD,Man United,4.5,1.2,4,1.748,,1.748,model,3.095,0.012,0.0,0.0,0.0,7.353
J.Araujo,DEF,Bournemouth,4.5,0.1,4,1.745,,1.745,model,3.214,0.328,0.469,0.0,0.0,8.358
Walle Egeli,FWD,Ipswich,4.5,2.1,4,1.739,,1.739,model,2.793,0.017,0.0,0.0,2.0,7.353
Meslier,GK,Arsenal,5.0,0.1,4,1.735,,1.735,model,2.587,0.0,0.93,0.0,0.0,6.51
Yoro,DEF,Man United,5.0,0.7,4,1.733,,1.733,model,2.411,0.216,0.352,0.0,1.0,7.358
Ajayi,DEF,Hull,4.0,0.7,4,1.73,,1.73,model,2.418,0.867,0.224,0.0,1.0,7.358
Rowswell,DEF,Tottenham,4.0,0.1,4,1.73,,1.73,model,2.967,0.365,0.504,0.0,0.0,8.358
Lewis,DEF,Man City,4.5,0.2,4,1.727,,1.727,model,2.822,0.0,0.427,0.0,1.0,7.896
Diarra,MID,Sunderland,5.5,0.1,4,1.725,,1.725,model,2.443,0.012,0.108,0.0,1.0,8.358
Yates,MID,Nott'm Forest,4.5,7.1,4,1.723,,1.723,model,1.873,0.014,0.103,0.0,1.0,5.627
Touré,MID,Newcastle,6.0,0.2,4,1.722,,1.722,model,3.127,0.208,0.097,0.0,0.0,8.358
Aznou,DEF,Everton,4.0,0.2,4,1.722,,1.722,model,2.919,0.237,0.543,0.0,0.0,7.385
Alleyne,DEF,Man City,5.0,0.0,4,1.72,,1.72,model,3.513,0.192,0.466,0.0,0.0,7.896
O'Nien,DEF,Sunderland,4.0,2.4,4,1.72,,1.72,model,2.36,0.171,0.504,0.0,1.0,6.358
Piroe,FWD,Leeds,5.0,0.5,4,1.719,,1.719,model,3.557,0.009,0.0,0.0,0.0,7.353
Elliott,MID,Liverpool,5.5,0.1,4,1.718,,1.718,model,2.53,0.009,0.039,0.0,1.0,7.358
Cook,MID,Bournemouth,5.0,0.1,4,1.717,,1.717,model,2.079,0.02,0.134,0.0,1.0,6.627
Matthews,GK,Crystal Palace,4.0,1.7,4,1.716,,1.716,model,2.41,0.0,0.897,0.0,0.0,6.51
Mason-Clark,MID,Coventry,5.5,0.3,4,1.715,,1.715,model,2.973,0.145,0.101,0.0,0.0,8.358
Esse,MID,Crystal Palace,5.0,0.1,4,1.713,,1.713,model,3.243,0.151,0.168,0.0,0.0,8.358
Yohanna,MID,Brighton,5.0,0.1,4,1.711,,1.711,model,3.494,0.172,0.142,0.0,0.0,8.358
Trafford,GK,Leeds,5.0,1.9,4,1.701,,1.701,model,2.347,0.0,0.714,0.0,1.0,6.51
Costinha,DEF,Brighton,4.5,0.0,4,1.701,,1.701,model,3.163,0.246,0.574,0.0,0.0,8.358
Byfield,DEF,Tottenham,4.0,0.1,4,1.698,,1.698,model,2.886,0.381,0.53,0.0,0.0,7.358
Awoniyi,FWD,Nott'm Forest,5.5,0.4,4,1.687,,1.687,model,2.25,0.001,0.0,0.0,1.0,6.353
Joelinton,MID,Newcastle,5.5,0.0,4,1.687,,1.687,model,2.46,0.045,0.11,0.0,1.0,8.358
Abraham,FWD,Aston Villa,5.5,0.1,4,1.686,,1.686,model,2.621,0.003,0.0,0.0,1.0,6.353
N.Gonzalez,MID,Man City,5.5,0.1,4,1.686,,1.686,model,2.326,0.204,0.114,0.0,1.0,5.627
Mukasa,MID,Man City,4.5,0.1,4,1.684,,1.684,model,3.564,0.151,0.097,0.0,0.0,8.358
McNeil,MID,Everton,5.5,0.1,4,1.679,,1.679,model,2.379,0.015,0.109,0.0,1.0,7.358
Bailey,MID,Aston Villa,5.5,0.1,4,1.678,,1.678,model,2.64,0.009,0.079,0.0,1.0,7.358
Koumas,MID,Liverpool,5.0,0.0,4,1.673,,1.673,model,3.461,0.171,0.131,0.0,0.0,8.358
Destan,FWD,Hull,4.5,2.5,4,1.67,,1.67,model,2.549,0.015,0.0,0.0,2.0,7.353
Giles,DEF,Hull,4.0,0.6,4,1.669,,1.669,model,2.31,0.859,0.183,0.0,1.0,6.358
Gannon-Doak,MID,Bournemouth,5.0,0.1,4,1.66,,1.66,model,3.622,0.133,0.106,0.0,0.0,8.358
Latibeaudiere,DEF,Coventry,4.0,0.1,4,1.655,,1.655,model,2.833,0.494,0.392,0.0,0.0,7.358
Furo,FWD,Brentford,4.5,0.9,4,1.654,,1.654,model,2.972,0.011,0.0,0.0,0.0,7.353
Muniz,FWD,Fulham,5.5,0.7,4,1.654,,1.654,model,2.267,0.0,0.0,0.0,1.0,7.353
Coyle,DEF,Hull,4.0,0.5,4,1.651,,1.651,model,2.488,0.817,0.198,0.0,0.0,6.358
Tsimikas,DEF,Liverpool,5.0,0.1,4,1.648,,1.648,model,2.676,0.013,0.339,0.0,1.0,7.896
Tanaka,MID,Leeds,5.0,0.3,4,1.647,,1.647,model,2.467,0.171,0.067,0.0,1.0,7.358
Fletcher,MID,Man United,4.5,0.3,4,1.641,,1.641,model,2.827,0.139,0.095,0.0,0.0,6.627
Sanchez,DEF,Bournemouth,4.5,0.0,4,1.633,,1.633,model,3.15,0.327,0.431,0.0,0.0,7.896
Mount,MID,Man United,5.5,0.1,4,1.629,,1.629,model,2.415,0.029,0.052,0.0,1.0,7.358
Bendito Mantato,MID,Man United,4.5,0.2,4,1.627,,1.627,model,3.038,0.141,0.091,0.0,0.0,8.358
Rodríguez,FWD,Bournemouth,6.0,0.3,4,1.623,,1.623,model,3.412,0.012,0.0,0.0,0.0,7.353
Doucouré,MID,Crystal Palace,5.0,0.1,4,1.621,,1.621,model,3.126,0.139,0.156,0.0,0.0,8.358
Longstaff,MID,Leeds,5.0,0.2,4,1.616,,1.616,model,2.287,0.05,0.076,0.0,1.0,7.358
Kesler-Hayden,DEF,Coventry,4.0,0.1,4,1.614,,1.614,model,2.791,0.47,0.382,0.0,0.0,7.358
Nørgaard,MID,Everton,5.0,0.5,4,1.611,,1.611,model,2.306,0.0,0.113,0.0,1.0,8.358
Maeda,MID,Ipswich,5.5,0.4,4,1.61,,1.61,model,2.442,0.16,0.1,0.0,0.0,6.627
Hjelde,DEF,Sunderland,4.0,0.3,4,1.607,,1.607,model,2.497,0.311,0.478,0.0,0.0,6.358
Belloumi,MID,Hull,5.0,0.5,4,1.606,,1.606,model,2.52,0.143,0.041,0.0,2.0,5.627
Neave,FWD,Newcastle,4.5,0.7,4,1.606,,1.606,model,3.151,0.011,0.0,0.0,0.0,7.353
Brau,DEF,Coventry,4.0,0.1,4,1.604,,1.604,model,2.82,0.467,0.381,0.0,0.0,7.358
Monga,MID,Man City,5.0,0.0,4,1.596,,1.596,model,3.405,0.133,0.1,0.0,0.0,8.358
M.França,MID,Crystal Palace,5.0,0.0,4,1.594,,1.594,model,3.379,0.145,0.149,0.0,0.0,6.627
J.Rak-Sakyi,MID,Crystal Palace,5.0,0.0,4,1.593,,1.593,model,3.183,0.143,0.148,0.0,0.0,8.358
Kostoulas,FWD,Brighton,5.5,0.3,4,1.59,,1.59,model,2.617,0.016,0.0,0.0,1.0,6.353
G.Jesus,FWD,Arsenal,6.0,0.4,4,1.586,,1.586,model,2.684,0.001,0.0,0.0,1.0,7.353
Arrizabalaga,GK,Arsenal,5.0,0.1,4,1.579,,1.579,model,2.569,0.0,0.842,0.0,0.0,6.51
Bidwell,DEF,Coventry,4.0,0.1,4,1.577,,1.577,model,2.783,0.453,0.407,0.0,0.0,7.358
Mazraoui,DEF,Man United,4.5,0.7,4,1.576,,1.576,model,2.238,0.025,0.458,0.0,1.0,6.358
Bindon,DEF,Nott'm Forest,4.0,0.2,4,1.576,,1.576,model,2.66,0.319,0.424,0.0,0.0,7.358
Bamba,MID,Newcastle,5.0,0.1,4,1.573,,1.573,model,2.983,0.207,0.094,0.0,0.0,6.677
Ndoye,MID,Nott'm Forest,5.5,0.5,4,1.564,,1.564,model,2.085,0.083,0.08,0.0,1.0,5.627
Thomas-Asante,FWD,Coventry,5.0,0.9,4,1.562,,1.562,model,2.797,0.012,0.0,0.0,0.0,7.353
Fábio Vieira,MID,Arsenal,5.5,0.0,4,1.561,,1.561,model,3.063,0.13,0.192,0.0,0.0,6.627
Nyoni,MID,Liverpool,5.0,0.1,4,1.56,,1.56,model,2.961,0.138,0.134,0.0,0.0,8.358
Dowell,MID,Hull,4.5,0.5,4,1.558,,1.558,model,2.252,0.16,0.038,0.0,2.0,4.0
Steur,MID,Newcastle,5.0,0.1,4,1.558,,1.558,model,2.966,0.181,0.098,0.0,0.0,8.358
Amass,DEF,Man United,4.0,0.2,4,1.552,,1.552,model,2.737,0.353,0.392,0.0,0.0,7.358
Drakes-Thomas,MID,Crystal Palace,4.5,0.1,4,1.551,,1.551,model,3.08,0.144,0.156,0.0,0.0,5.677
Torp,MID,Coventry,5.5,0.2,4,1.547,,1.547,model,2.65,0.133,0.093,0.0,0.0,6.627
O.Richards,DEF,Nott'm Forest,4.0,0.2,4,1.544,,1.544,model,2.656,0.281,0.414,0.0,0.0,7.358
Abbott,DEF,Nott'm Forest,4.0,0.2,4,1.542,,1.542,model,2.771,0.274,0.411,0.0,0.0,7.358
Emegha,FWD,Chelsea,5.0,0.2,4,1.541,,1.541,model,4.074,0.009,0.0,0.0,0.0,7.353
Guessand,MID,Aston Villa,5.5,0.0,4,1.538,,1.538,model,2.459,0.059,0.072,0.0,1.0,7.358
Echeverri,MID,Man City,5.0,0.0,4,1.536,,1.536,model,3.355,0.136,0.089,0.0,0.0,8.358
McBurnie,FWD,Hull,5.5,1.7,4,1.536,,1.536,model,2.41,0.017,0.0,0.0,2.0,7.353
Gray,MID,Tottenham,5.0,0.2,4,1.532,,1.532,model,1.965,0.009,0.136,0.0,1.0,5.627
Buonanotte,MID,Brighton,5.0,0.1,4,1.531,,1.531,model,2.737,0.001,0.058,0.0,1.0,7.358
Shepherd,MID,Coventry,4.5,0.3,4,1.525,,1.525,model,2.462,0.127,0.116,0.0,0.0,5.0
Hirst,FWD,Ipswich,5.0,0.4,4,1.522,,1.522,model,2.084,0.0,0.0,0.0,1.0,6.353
Diakité,DEF,Bournemouth,5.0,0.2,4,1.52,,1.52,model,2.599,0.373,0.392,0.0,0.0,7.358
Castagne,DEF,Fulham,4.5,0.2,4,1.518,,1.518,model,2.272,0.042,0.398,0.0,1.0,6.358
Kovačić,MID,Man City,5.5,0.0,4,1.516,,1.516,model,2.415,0.0,0.08,0.0,1.0,6.627
Grimes,MID,Coventry,5.0,0.2,4,1.516,,1.516,model,2.675,0.14,0.087,0.0,0.0,5.627
Onyeka,MID,Coventry,5.0,0.2,4,1.507,,1.507,model,2.665,0.16,0.093,0.0,0.0,5.0
Núñez,MID,Ipswich,5.0,0.2,4,1.498,,1.498,model,2.53,0.145,0.101,0.0,0.0,5.0
Willock,MID,Newcastle,5.0,0.1,4,1.495,,1.495,model,2.126,0.015,0.058,0.0,1.0,6.627
Lacey,MID,Man United,5.0,0.1,4,1.493,,1.493,model,2.878,0.13,0.078,0.0,0.0,8.358
Alcaraz,MID,Everton,5.0,0.1,4,1.491,,1.491,model,2.254,0.018,0.069,0.0,1.0,6.627
Tóth.A,MID,Bournemouth,5.0,0.0,4,1.49,,1.49,model,2.984,0.133,0.101,0.0,0.0,8.358
Iroegbunam,MID,Everton,5.0,0.1,4,1.489,,1.489,model,1.9,0.191,0.089,0.0,1.0,5.0
King,MID,Fulham,5.5,0.1,4,1.489,,1.489,model,2.005,0.045,0.049,0.0,1.0,5.627
Simms,FWD,Coventry,5.0,0.6,4,1.476,,1.476,model,2.82,0.011,0.0,0.0,0.0,7.353
Moore,MID,Tottenham,5.0,0.1,4,1.474,,1.474,model,2.762,0.147,0.13,0.0,0.0,5.031
Greaves,DEF,Ipswich,4.0,0.5,4,1.473,,1.473,model,2.209,0.0,0.479,0.0,1.0,6.358
Bergvall,MID,Tottenham,5.5,0.2,4,1.467,,1.467,model,1.953,0.007,0.097,0.0,1.0,5.627
Livramento,DEF,Newcastle,5.0,0.1,4,1.465,,1.465,model,2.28,0.007,0.466,0.0,1.0,6.358
Lavia,MID,Chelsea,5.0,0.0,4,1.461,,1.461,model,2.262,0.004,0.074,0.0,1.0,6.627
O'Riley,MID,Brighton,5.5,0.1,4,1.46,,1.46,model,2.609,0.0,0.071,0.0,1.0,7.358
Vitor Reis,DEF,Man City,4.5,0.0,4,1.453,,1.453,model,2.958,0.185,0.405,0.0,0.0,6.358
Palacios,MID,Fulham,5.5,0.1,4,1.449,,1.449,model,2.82,0.148,0.076,0.0,0.0,5.627
Collyer,MID,Man United,5.0,0.0,4,1.448,,1.448,model,3.057,0.108,0.065,0.0,0.0,8.358
Gomez,DEF,Liverpool,5.0,0.1,4,1.448,,1.448,model,2.186,0.053,0.301,0.0,1.0,6.358
Dominguez,MID,Nott'm Forest,5.0,0.1,4,1.441,,1.441,model,1.962,0.029,0.07,0.0,1.0,5.627
Gelhardt,MID,Leeds,5.0,0.0,4,1.44,,1.44,model,2.875,0.132,0.106,0.0,0.0,5.0
Kevin,MID,Fulham,5.5,0.1,4,1.438,,1.438,model,1.745,0.036,0.035,0.0,1.0,4.646
Smith,DEF,Bournemouth,4.5,0.1,4,1.431,,1.431,model,2.235,0.013,0.429,0.0,1.0,6.358
James,MID,Leeds,5.0,0.1,4,1.43,,1.43,model,2.101,0.021,0.04,0.0,1.0,7.358
Borges Rodrigues,MID,Coventry,4.5,0.2,4,1.426,,1.426,model,2.436,0.121,0.099,0.0,0.0,5.0
Schuster,DEF,Brentford,4.5,0.1,4,1.425,,1.425,model,2.855,0.261,0.341,0.0,0.0,6.385
Lindelöf,DEF,Aston Villa,4.5,0.2,4,1.413,,1.413,model,2.23,0.006,0.503,0.0,1.0,6.358
Alysson,MID,Aston Villa,5.0,0.0,4,1.411,,1.411,model,2.972,0.111,0.123,0.0,0.0,8.358
Isidor,FWD,Sunderland,5.5,1.2,4,1.409,,1.409,model,1.834,0.002,0.0,0.0,1.0,6.353
Carvalho,MID,Brentford,5.0,0.0,4,1.409,,1.409,model,2.185,0.001,0.006,0.0,1.0,7.358
Iling Jr,MID,Aston Villa,5.0,0.0,4,1.406,,1.406,model,2.855,0.122,0.113,0.0,0.0,5.627
George,MID,Everton,5.5,0.1,4,1.404,,1.404,model,1.851,0.009,0.032,0.0,1.0,5.627
Fredricson,DEF,Man United,4.0,0.1,4,1.398,,1.398,model,2.666,0.299,0.372,0.0,0.0,6.358
Penders,GK,Chelsea,4.5,0.1,4,1.396,,1.396,model,2.514,0.0,0.741,0.0,0.0,6.51
Adingra,MID,Sunderland,5.0,0.3,4,1.395,,1.395,model,1.685,0.002,0.073,0.0,1.0,4.627
Woodman,GK,Liverpool,4.0,1.2,4,1.394,,1.394,model,2.196,0.0,0.655,0.0,0.0,6.51
Nwaneri,MID,Arsenal,5.5,0.0,4,1.394,,1.394,model,2.003,0.0,0.071,0.0,1.0,5.627
Clarke,MID,Ipswich,5.5,0.3,4,1.393,,1.393,model,1.794,0.0,0.053,0.0,1.0,4.627
Schlager,MID,Nott'm Forest,5.0,0.1,4,1.382,,1.382,model,2.492,0.153,0.074,0.0,0.0,5.0
Akpom,FWD,Ipswich,5.0,0.5,4,1.38,,1.38,model,2.63,0.007,0.0,0.0,0.0,7.353
Sakamoto,MID,Coventry,5.0,0.1,4,1.379,,1.379,model,2.659,0.119,0.087,0.0,0.0,5.0
Gruev,MID,Leeds,5.0,0.0,4,1.375,,1.375,model,1.881,0.081,0.102,0.0,1.0,5.0
Fatawu,MID,Ipswich,5.5,0.3,4,1.375,,1.375,model,2.154,0.005,0.058,0.0,1.0,5.627
Morato,DEF,Nott'm Forest,5.0,0.1,4,1.373,,1.373,model,2.163,0.168,0.289,0.0,1.0,6.358
Gnonto,MID,Leeds,5.0,0.1,4,1.368,,1.368,model,1.858,0.056,0.03,0.0,1.0,5.0
J.Fletcher,MID,Man United,5.0,0.0,4,1.366,,1.366,model,2.815,0.115,0.079,0.0,0.0,5.031
Talbi,MID,Sunderland,5.5,0.2,4,1.365,,1.365,model,1.847,0.011,0.09,0.0,1.0,3.0
Philogene,MID,Ipswich,5.5,0.2,4,1.364,,1.364,model,1.929,0.001,0.042,0.0,1.0,4.627
Kalimuendo,FWD,Nott'm Forest,5.5,0.1,4,1.362,,1.362,model,2.718,0.011,0.0,0.0,0.0,7.353
Dasilva,MID,Brentford,5.0,0.0,4,1.361,,1.361,model,2.799,0.132,0.071,0.0,0.0,5.0
Ogbene,MID,Ipswich,5.0,0.0,4,1.347,,1.347,model,2.498,0.135,0.082,0.0,0.0,5.0
Benitez,GK,Crystal Palace,4.5,0.1,4,1.344,,1.344,model,2.242,0.0,0.673,0.0,0.0,6.51
Mundle,MID,Sunderland,5.0,0.0,4,1.342,,1.342,model,1.509,0.024,0.026,0.0,1.0,4.0
Jair Cunha,DEF,Nott'm Forest,4.5,0.4,4,1.334,,1.334,model,2.325,0.148,0.286,0.0,1.0,6.358
Heaven,DEF,Man United,4.5,0.3,4,1.327,,1.327,model,2.247,0.231,0.309,0.0,0.0,6.358
Ji-soo,DEF,Brentford,4.5,0.0,4,1.326,,1.326,model,2.749,0.249,0.32,0.0,0.0,6.358
Mehmeti,MID,Ipswich,5.0,0.1,4,1.325,,1.325,model,2.463,0.124,0.078,0.0,0.0,5.0
Chadi Riad,DEF,Crystal Palace,4.5,0.1,4,1.317,,1.317,model,2.632,0.087,0.418,0.0,0.0,6.358
Horníček,GK,Newcastle,5.0,0.3,4,1.316,,1.316,model,1.966,0.0,0.546,0.0,0.0,6.51
McAtee,MID,Nott'm Forest,5.5,0.1,4,1.315,,1.315,model,2.042,0.019,0.024,0.0,1.0,7.358
Boscagli,DEF,Brighton,4.5,0.1,4,1.311,,1.311,model,2.453,0.198,0.391,0.0,0.0,6.372
Devenny,MID,Crystal Palace,5.0,0.0,4,1.311,,1.311,model,2.181,0.023,0.067,0.0,1.0,7.358
B.Badiashile,DEF,Chelsea,4.5,0.0,4,1.31,,1.31,model,2.491,0.079,0.373,0.0,1.0,6.358
Seelt,DEF,Sunderland,4.5,0.0,4,1.293,,1.293,model,2.314,0.247,0.372,0.0,0.0,6.358
Henry,DEF,Brentford,4.5,0.2,4,1.281,,1.281,model,1.823,0.044,0.312,0.0,1.0,6.358
Rushworth,GK,Coventry,4.5,0.9,4,1.28,,1.28,model,1.942,0.0,0.511,0.0,0.0,6.51
Szmodics,MID,Ipswich,5.0,0.1,4,1.267,,1.267,model,2.237,0.0,0.053,0.0,1.0,5.627
McNair,DEF,Hull,4.0,0.1,4,1.265,,1.265,model,2.223,0.625,0.132,0.0,0.0,4.0
Emersonn,FWD,Ipswich,5.5,0.3,4,1.261,,1.261,model,2.457,0.011,0.0,0.0,0.0,7.353
Tchaouna,MID,Coventry,5.5,0.1,4,1.256,,1.256,model,1.661,0.014,0.063,0.0,1.0,3.0
Rudoni,MID,Coventry,5.0,0.3,4,1.249,,1.249,model,2.519,0.117,0.076,0.0,0.0,5.0
McCarthy,DEF,Hull,4.0,0.1,4,1.249,,1.249,model,2.175,0.64,0.135,0.0,0.0,4.0
Nelson,MID,Arsenal,5.5,0.0,4,1.248,,1.248,model,2.135,0.026,0.047,0.0,1.0,7.358
Phillips,MID,Man City,5.0,0.0,4,1.219,,1.219,model,2.235,0.0,0.069,0.0,0.0,5.627
Markelo,FWD,Coventry,5.0,0.1,4,1.216,,1.216,model,2.445,0.011,0.0,0.0,0.0,7.353
Mamardashvili,GK,Liverpool,5.0,0.2,4,1.213,,1.213,model,2.153,0.0,0.517,0.0,0.0,6.51
Austin,GK,Tottenham,4.0,0.6,4,1.209,,1.209,model,2.147,0.0,0.55,0.0,0.0,6.51
Jörgensen,GK,Chelsea,5.0,0.1,4,1.208,,1.208,model,2.379,0.0,0.612,0.0,0.0,6.51
Cairney,MID,Fulham,5.0,0.0,4,1.205,,1.205,model,1.664,0.005,0.032,0.0,1.0,4.627
Morita,MID,Hull,5.0,0.1,4,1.204,,1.204,model,2.146,0.115,0.033,0.0,0.0,4.0
Millar,MID,Hull,5.0,0.1,4,1.201,,1.201,model,2.177,0.117,0.036,0.0,0.0,4.0
Eccles,MID,Coventry,5.0,0.0,4,1.197,,1.197,model,2.317,0.101,0.072,0.0,0.0,4.0
J.Cuenca,DEF,Fulham,4.5,0.0,4,1.194,,1.194,model,1.986,0.203,0.272,0.0,0.0,6.358
Perri,GK,Leeds,4.5,0.7,4,1.19,,1.19,model,2.071,0.0,0.529,0.0,0.0,6.51
Al-Hamadi,FWD,Ipswich,5.0,0.2,4,1.187,,1.187,model,2.451,0.007,0.0,0.0,0.0,7.353
Travers,GK,Everton,5.0,0.1,4,1.182,,1.182,model,2.125,0.0,0.516,0.0,0.0,6.51
Lewis-Skelly,MID,Arsenal,5.5,0.3,4,1.18,,1.18,model,1.547,0.0,0.125,0.0,1.0,3.0
Forster,GK,Bournemouth,4.0,3.1,4,1.179,,1.179,model,2.183,0.0,0.499,0.0,0.0,6.51
Akintola,MID,Hull,5.0,0.0,4,1.175,,1.175,model,2.24,0.105,0.032,0.0,0.0,4.0
Pecsi,GK,Liverpool,4.0,0.1,4,1.173,,1.173,model,2.155,0.0,0.574,0.0,0.0,6.51
Dovin,GK,Coventry,4.0,2.6,4,1.171,,1.171,model,1.848,0.0,0.457,0.0,0.0,6.51
Hickey,DEF,Brentford,4.5,0.1,4,1.167,,1.167,model,1.814,0.087,0.158,0.0,1.0,5.358
Armstrong,MID,Everton,5.0,0.1,4,1.158,,1.158,model,1.959,0.048,0.047,0.0,1.0,4.627
Jocelin.T,MID,Sunderland,5.0,0.0,4,1.154,,1.154,model,2.066,0.119,0.083,0.0,0.0,4.0
Wilson,GK,Coventry,4.5,0.6,4,1.152,,1.152,model,1.96,0.0,0.477,0.0,0.0,6.51
Milambo,MID,Brentford,5.0,0.0,4,1.145,,1.145,model,2.62,0.111,0.06,0.0,0.0,5.0
Igor,DEF,Brighton,4.5,0.1,4,1.14,,1.14,model,2.06,0.005,0.382,0.0,0.0,6.358
Ömür,MID,Hull,5.0,0.0,4,1.14,,1.14,model,2.062,0.119,0.029,0.0,0.0,4.0
Burns,MID,Ipswich,5.0,0.1,4,1.137,,1.137,model,1.647,0.0,0.041,0.0,1.0,3.0
Bakwa,MID,Nott'm Forest,5.5,0.0,4,1.135,,1.135,model,1.823,0.023,0.029,0.0,1.0,4.627
Röhl,MID,Everton,5.0,0.1,4,1.135,,1.135,model,2.024,0.085,0.053,0.0,1.0,4.627
Endo,MID,Liverpool,5.0,0.0,4,1.129,,1.129,model,1.478,0.011,0.018,0.0,1.0,3.0
Kamara,MID,Hull,5.0,0.0,4,1.125,,1.125,model,2.126,0.104,0.033,0.0,0.0,4.0
Davies,GK,Liverpool,4.0,0.1,4,1.117,,1.117,model,2.023,0.0,0.522,0.0,0.0,6.51
Netz,DEF,Nott'm Forest,4.5,0.0,4,1.112,,1.112,model,1.799,0.005,0.19,0.0,1.0,5.358
Tzimas,FWD,Brighton,5.5,0.0,4,1.105,,1.105,model,3.041,0.009,0.0,0.0,0.0,7.353
Dibling,MID,Everton,5.5,0.1,4,1.097,,1.097,model,1.865,0.001,0.056,0.0,1.0,3.0
Johnson,DEF,Ipswich,4.0,0.1,4,1.097,,1.097,model,1.881,0.001,0.251,0.0,1.0,6.358
Woolfenden,DEF,Coventry,4.0,0.2,4,1.078,,1.078,model,1.902,0.007,0.344,0.0,0.0,6.358
Bogarde,MID,Aston Villa,5.0,0.1,4,1.064,,1.064,model,1.297,0.008,0.078,0.0,1.0,3.0
Patterson,GK,Sunderland,4.0,1.0,4,1.054,,1.054,model,1.823,0.0,0.418,0.0,0.0,6.51
Darlow,GK,Man United,4.5,0.1,4,1.052,,1.052,model,1.876,0.0,0.415,0.0,0.0,6.51
Taylor,MID,Ipswich,4.5,0.2,4,1.047,,1.047,model,1.055,0.0,0.003,0.0,1.0,1.0
Angulo,MID,Sunderland,5.0,0.1,4,1.04,,1.04,model,1.721,0.001,0.051,0.0,1.0,3.0
King,GK,Everton,4.5,0.1,4,1.016,,1.016,model,1.869,0.0,0.452,0.0,0.0,6.51
Lecomte,GK,Fulham,4.0,1.4,4,1.01,,1.01,model,1.769,0.0,0.398,0.0,0.0,6.51
Rigg,MID,Sunderland,5.0,0.1,4,1.003,,1.003,model,1.46,0.027,0.047,0.0,1.0,3.0
Dennis,GK,Bournemouth,4.0,0.2,4,0.962,,0.962,model,1.858,0.0,0.413,0.0,0.0,6.51
Bornauw,DEF,Leeds,4.5,0.0,4,0.95,,0.95,model,1.855,0.135,0.157,0.0,0.0,4.0
Pinnock,DEF,Brentford,4.5,0.1,4,0.947,,0.947,model,2.038,0.007,0.295,0.0,0.0,6.358
Scherpen,GK,Ipswich,4.5,0.3,4,0.909,,0.909,model,1.722,0.0,0.374,0.0,0.0,5.51
Button,GK,Ipswich,4.0,0.5,4,0.906,,0.906,model,1.792,0.0,0.383,0.0,0.0,5.51
Bettinelli,GK,Man City,4.5,0.0,4,0.904,,0.904,model,1.752,0.0,0.385,0.0,0.0,6.51
Gillespie,GK,Newcastle,4.5,0.0,4,0.898,,0.898,model,1.731,0.0,0.379,0.0,0.0,6.51
Jaouen,GK,Newcastle,4.5,0.1,4,0.898,,0.898,model,1.768,0.0,0.376,0.0,0.0,6.51
Heaton,GK,Man United,4.0,0.3,4,0.875,,0.875,model,1.675,0.0,0.346,0.0,0.0,5.51
Valdimarsson,GK,Brentford,4.5,0.1,4,0.85,,0.85,model,1.679,0.0,0.326,0.0,0.0,5.51
Van Oevelen,GK,Ipswich,4.5,0.1,4,0.845,,0.845,model,1.659,0.0,0.331,0.0,0.0,5.51
Odobert,MID,Tottenham,5.5,0.0,4,0.824,,0.824,model,1.327,0.0,0.003,0.0,1.0,1.0
Kroupi.Jr,MID,Bournemouth,7.5,4.1,4,0.82,,0.82,model,1.942,0.0,0.003,0.0,0.0,7.358
Jacob,DEF,Hull,4.0,0.0,4,0.816,,0.816,model,1.762,0.423,0.108,0.0,0.0,4.0
Walton,GK,Ipswich,4.5,0.6,4,0.789,,0.789,model,1.654,0.0,0.307,0.0,0.0,5.51
Christie,MID,Bournemouth,5.0,0.0,4,0.781,,0.781,model,1.401,0.0,0.003,0.0,1.0,2.0
Harrison,MID,Leeds,5.0,0.0,4,0.771,,0.771,model,1.315,0.0,0.003,0.0,1.0,1.0
Patterson,DEF,Everton,4.5,0.0,4,0.751,,0.751,model,1.577,0.038,0.151,0.0,0.0,4.0
McNally,GK,Fulham,4.0,0.2,4,0.734,,0.734,model,1.515,0.0,0.274,0.0,0.0,5.51
Phillips,GK,Hull,4.0,2.0,4,0.653,,0.653,model,1.462,0.0,0.212,0.0,0.0,2.0
Bradley,DEF,Liverpool,5.0,0.0,4,0.639,,0.639,model,1.15,0.004,0.012,0.0,0.0,1.0
Ekitiké,FWD,Liverpool,7.5,0.2,4,0.635,,0.635,model,1.557,0.0,0.0,0.0,0.0,4.627
L.Miley,MID,Newcastle,5.5,0.0,4,0.631,,0.631,model,1.136,0.002,0.003,0.0,0.0,1.0
John,GK,Nott'm Forest,4.5,0.1,4,0.619,,0.619,model,1.569,0.0,0.251,0.0,0.0,5.51
Henderson,MID,Chelsea,5.0,0.0,4,0.606,,0.606,model,1.22,0.005,0.007,0.0,0.0,1.0
M.Bizot,GK,Aston Villa,4.5,0.1,4,0.585,,0.585,model,1.53,0.0,0.251,0.0,0.0,5.51
Xavi,MID,Tottenham,6.0,0.0,4,0.522,,0.522,model,1.232,0.004,0.003,0.0,0.0,1.0
Mitoma,MID,Brighton,6.0,0.2,4,0.518,,0.518,model,1.344,0.0,0.004,0.0,0.0,1.0
Bayindir,GK,Man United,4.5,0.2,4,0.516,,0.516,model,1.415,0.0,0.189,0.0,0.0,2.0
Ugarte,MID,Man United,5.0,0.0,4,0.501,,0.501,model,0.958,0.001,0.003,0.0,0.0,1.0
Baleba,MID,Brighton,5.0,0.5,4,0.471,,0.471,model,0.927,0.001,0.003,0.0,0.0,1.0
Ellborg,GK,Sunderland,4.5,0.1,4,0.46,,0.46,model,1.32,0.0,0.183,0.0,0.0,2.0
Lo-Tutala,GK,Hull,4.0,0.2,4,0.444,,0.444,model,1.143,0.0,0.126,0.0,0.0,2.0
Tzolakis,GK,Hull,4.5,0.1,4,0.441,,0.441,model,1.165,0.0,0.131,0.0,0.0,2.0
Rodrigo,MID,Man City,6.5,0.1,4,0.396,,0.396,model,0.986,0.007,0.001,0.0,0.0,1.0
Onana,MID,Aston Villa,5.0,0.0,4,0.356,,0.356,model,0.902,0.002,0.004,0.0,0.0,1.0
Savona,DEF,Nott'm Forest,4.5,0.0,4,0.352,,0.352,model,0.804,0.001,0.009,0.0,0.0,1.0
Fofana,DEF,Chelsea,5.0,0.0,4,0.345,,0.345,model,1.103,0.007,0.029,0.0,0.0,1.0
Milosavljević,DEF,Bournemouth,5.0,0.1,4,0.275,,0.275,model,0.854,0.013,0.017,0.0,0.0,1.0
Kulusevski,MID,Tottenham,6.5,0.0,4,0.267,,0.267,model,0.858,0.0,0.005,0.0,0.0,1.0
J.Timber,DEF,Arsenal,6.5,0.5,4,0.188,,0.188,model,0.818,0.0,0.017,0.0,0.0,1.0
Gudmundsson,DEF,Leeds,4.5,0.4,4,0.179,,0.179,model,0.683,0.006,0.015,0.0,0.0,1.0
De Ligt,DEF,Man United,5.0,0.0,4,0.174,,0.174,model,0.691,0.001,0.009,0.0,0.0,1.0
Saliba,DEF,Arsenal,6.0,0.5,4,0.124,,0.124,model,0.604,0.001,0.015,0.0,0.0,1.0
Andersen,DEF,Fulham,5.0,0.1,4,0.094,,0.094,model,0.64,0.005,0.015,0.0,0.0,1.0
Garner,MID,Everton,6.0,0.6,4,0.058,,0.058,model,0.471,0.005,0.001,0.0,0.0,0.0
Uche,FWD,Crystal Palace,5.0,0.0,4,0.056,,0.056,model,0.811,0.001,0.0,0.0,0.0,0.0
Danns,FWD,Liverpool,4.5,0.0,4,0.043,,0.043,model,0.49,0.0,0.0,0.0,0.0,0.0
Ferguson,FWD,Brighton,5.0,0.0,4,0.041,,0.041,model,0.631,0.001,0.0,0.0,0.0,0.0
Watson,MID,Brighton,5.0,0.0,4,0.036,,0.036,model,0.671,0.001,0.002,0.0,0.0,0.0
Drameh,DEF,Hull,4.0,0.1,4,0.036,,0.036,model,0.382,0.019,0.004,0.0,0.0,0.0
Leoni,DEF,Liverpool,4.0,0.1,4,0.034,,0.034,model,0.438,0.009,0.01,0.0,0.0,0.0
Matazo,MID,Hull,4.5,0.0,4,0.034,,0.034,model,0.537,0.005,0.0,0.0,0.0,0.0
Mateo Joseph,FWD,Leeds,4.5,0.2,4,0.034,,0.034,model,0.37,0.001,0.0,0.0,0.0,0.0
Gyabi,MID,Hull,4.5,0.2,4,0.032,,0.032,model,0.335,0.005,0.002,0.0,0.0,0.0
Bajcetic,MID,Liverpool,5.0,0.0,4,0.032,,0.032,model,0.402,0.003,0.003,0.0,0.0,0.0
Matusiwa,MID,Ipswich,5.0,0.0,4,0.031,,0.031,model,0.353,0.005,0.002,0.0,0.0,0.0
Henderson,GK,Crystal Palace,5.0,3.1,4,0.028,,0.028,model,0.347,0.0,0.011,0.0,0.0,0.0
Burstow,FWD,Hull,4.5,0.6,4,0.027,,0.027,model,0.354,0.0,0.0,0.0,0.0,0.0
Bassette,FWD,Coventry,4.5,0.4,4,0.025,,0.025,model,0.343,0.001,0.0,0.0,0.0,0.0
Jaros,GK,Liverpool,4.0,0.0,4,0.025,,0.025,model,0.345,0.0,0.012,0.0,0.0,0.0
Zambrano,MID,Hull,4.5,0.4,4,0.021,,0.021,model,0.249,0.002,0.0,0.0,0.0,0.0
Butland,GK,Hull,4.5,0.9,4,0.017,,0.017,model,0.26,0.0,0.008,0.0,0.0,0.0
Cartwright,GK,Hull,4.0,0.1,4,0.014,,0.014,model,0.214,0.0,0.005,0.0,0.0,0.0
Haaland,FWD,Man City,15.5,74.4,5,7.46,,7.46,model,6.1,0.0,0.0,0.0,7.353,18.06
Thiaw,DEF,Newcastle,5.0,2.0,5,5.389,,5.389,model,4.896,0.785,1.521,0.0,4.0,15.254
O'Reilly,DEF,Man City,6.5,22.5,5,5.253,,5.253,model,4.951,0.085,1.649,0.0,5.358,13.254
Semenyo,MID,Man City,8.5,23.2,5,5.029,,5.029,model,4.444,0.007,0.446,0.0,3.0,14.717
B.Fernandes,MID,Man United,12.0,48.6,5,5.021,,5.021,model,4.378,0.031,0.245,0.0,3.0,12.985
Guéhi,DEF,Man City,6.0,23.5,5,5.005,,5.005,model,3.711,0.082,1.973,0.0,5.358,13.254
Mbeumo,MID,Man United,8.0,20.2,5,4.884,,4.884,model,4.579,0.0,0.261,0.0,3.0,14.717
Gvardiol,DEF,Man City,5.5,12.6,5,4.728,,4.728,model,4.159,0.007,1.848,0.0,5.358,13.254
Palmer,MID,Chelsea,9.5,11.7,5,4.714,,4.714,model,4.771,0.002,0.167,0.0,2.0,14.717
Bruno G.,MID,Newcastle,7.0,10.0,5,4.644,,4.644,model,4.067,0.01,0.408,0.0,3.0,12.985
Thiago,FWD,Brentford,8.0,16.1,5,4.628,,4.628,model,4.479,0.017,0.0,0.0,2.0,12.707
Ndiaye,MID,Everton,6.0,15.9,5,4.589,,4.589,model,4.153,0.073,0.368,0.0,3.0,12.985
Gibbs-White,MID,Nott'm Forest,8.0,11.6,5,4.509,,4.509,model,4.127,0.002,0.351,0.0,3.0,12.985
Saka,MID,Arsenal,9.5,10.8,5,4.427,,4.427,model,4.734,0.021,0.3,0.0,3.0,14.717
Cherki,MID,Man City,7.5,9.2,5,4.413,,4.413,model,4.889,0.079,0.285,0.0,3.0,14.717
Tarkowski,DEF,Everton,6.0,9.9,5,4.335,,4.335,model,3.456,0.277,1.608,0.0,4.0,10.896
Gabriel,DEF,Arsenal,8.0,26.5,5,4.327,,4.327,model,3.564,0.293,1.62,0.0,3.814,10.896
Senesi,DEF,Tottenham,6.0,10.6,5,4.264,,4.264,model,3.372,1.165,1.03,0.0,4.0,10.896
Isak,FWD,Liverpool,9.0,11.4,5,4.129,,4.129,model,4.606,0.0,0.0,0.0,2.0,12.707
Barnes,MID,Newcastle,6.0,1.2,5,4.097,,4.097,model,5.11,0.001,0.221,0.0,2.0,14.717
Foden,MID,Man City,7.0,7.3,5,4.044,,4.044,model,4.615,0.009,0.314,0.0,2.0,13.881
Botman,DEF,Newcastle,5.0,0.4,5,4.018,,4.018,model,4.458,0.7,1.209,0.0,2.0,12.254
Enzo,MID,Chelsea,7.0,5.5,5,3.967,,3.967,model,3.755,0.011,0.176,0.0,2.0,11.985
Watkins,FWD,Aston Villa,8.0,12.7,5,3.96,,3.96,model,4.127,0.0,0.0,0.0,2.0,12.707
Hall,DEF,Newcastle,5.0,4.0,5,3.956,,3.956,model,3.871,0.067,1.451,0.0,2.0,10.896
Matheus N.,DEF,Man City,6.0,4.8,5,3.924,,3.924,model,3.508,0.055,1.7,0.0,2.0,9.985
João Pedro,FWD,Chelsea,7.5,54.9,5,3.921,,3.921,model,3.923,0.001,0.0,0.0,2.0,12.707
Cunha,MID,Man United,8.0,13.6,5,3.903,,3.903,model,3.971,0.012,0.222,0.0,2.0,11.985
N.Williams,DEF,Nott'm Forest,5.0,12.5,5,3.898,,3.898,model,3.448,0.104,1.453,0.0,2.0,9.985
Schade,MID,Brentford,6.0,2.1,5,3.897,,3.897,model,4.364,0.009,0.17,0.0,2.0,14.717
Truffert,DEF,Bournemouth,5.5,4.8,5,3.858,,3.858,model,3.297,0.891,0.95,0.0,3.0,9.896
Keane,DEF,Everton,5.0,1.6,5,3.853,,3.853,model,3.671,0.525,1.36,0.0,2.0,8.896
Milenković,DEF,Nott'm Forest,5.5,2.3,5,3.823,,3.823,model,3.197,0.137,1.585,0.0,2.0,8.896
Anderson,MID,Man City,6.5,12.0,5,3.807,,3.807,model,2.99,0.475,0.422,0.0,3.0,9.358
Tavernier,MID,Bournemouth,6.0,1.9,5,3.796,,3.796,model,4.083,0.052,0.175,0.0,2.0,11.985
Burn,DEF,Newcastle,5.0,2.7,5,3.772,,3.772,model,3.502,0.168,1.543,0.0,2.0,8.896
Wirtz,MID,Liverpool,7.5,12.6,5,3.741,,3.741,model,3.926,0.079,0.152,0.0,2.0,11.985
Donnarumma,GK,Man City,5.5,11.0,5,3.738,,3.738,model,2.567,0.0,1.996,0.0,2.0,6.51
Wissa,FWD,Newcastle,6.0,1.4,5,3.72,,3.72,model,5.279,0.0,0.0,0.0,1.0,14.607
Szoboszlai,MID,Liverpool,7.0,46.5,5,3.72,,3.72,model,3.398,0.069,0.177,0.0,2.0,10.254
Rice,MID,Arsenal,7.5,22.4,5,3.706,,3.706,model,3.122,0.16,0.4,0.0,3.0,9.358
Calvert-Lewin,FWD,Leeds,6.0,24.1,5,3.649,,3.649,model,3.827,0.0,0.0,0.0,2.0,12.707
Dewsbury-Hall,MID,Everton,6.5,3.8,5,3.635,,3.635,model,3.815,0.139,0.308,0.0,2.0,11.358
Rúben,DEF,Man City,5.5,1.4,5,3.63,,3.63,model,3.317,0.036,1.653,0.0,2.0,8.896
O.Dango,MID,Brentford,6.5,1.4,5,3.626,,3.626,model,4.377,0.015,0.16,0.0,2.0,12.985
Rogers,MID,Chelsea,7.5,28.8,5,3.604,,3.604,model,3.187,0.009,0.194,0.0,2.0,9.358
Rodon,DEF,Leeds,4.5,1.8,5,3.584,,3.584,model,3.201,0.775,1.183,0.0,3.0,8.358
Van Hecke,DEF,Tottenham,5.0,8.3,5,3.553,,3.553,model,3.171,0.53,0.946,0.0,2.0,8.896
Pickford,GK,Everton,5.5,8.9,5,3.542,,3.542,model,2.564,0.0,1.783,0.0,2.0,6.51
Aït-Nouri,DEF,Man City,5.5,1.1,5,3.523,,3.523,model,3.969,0.004,1.347,0.0,2.0,9.985
Ampadu,MID,Leeds,5.5,1.6,5,3.509,,3.509,model,2.718,0.844,0.289,0.0,3.0,9.358
Raya,GK,Arsenal,6.0,31.0,5,3.507,,3.507,model,2.436,0.0,1.816,0.0,2.0,6.51
Mykolenko,DEF,Everton,4.5,1.3,5,3.502,,3.502,model,3.007,0.04,1.543,0.0,2.0,8.896
Gakpo,MID,Liverpool,7.0,3.4,5,3.481,,3.481,model,3.76,0.001,0.138,0.0,2.0,9.358
Calafiori,DEF,Arsenal,5.5,16.8,5,3.463,,3.463,model,3.764,0.141,1.19,0.0,2.0,10.896
Aina,DEF,Nott'm Forest,4.5,4.4,5,3.45,,3.45,model,3.117,0.035,1.437,0.0,2.0,8.896
Evanilson,FWD,Bournemouth,6.0,2.0,5,3.434,,3.434,model,3.867,0.0,0.0,0.0,2.0,12.707
Wood,FWD,Nott'm Forest,6.0,1.8,5,3.424,,3.424,model,4.117,0.0,0.0,0.0,2.0,12.707
Mateta,FWD,Crystal Palace,6.5,6.8,5,3.42,,3.42,model,3.863,0.001,0.0,0.0,2.0,12.707
O'Brien,DEF,Everton,5.0,0.5,5,3.417,,3.417,model,3.173,0.089,1.438,0.0,2.0,8.896
Rayan,MID,Bournemouth,6.5,3.5,5,3.398,,3.398,model,4.028,0.093,0.17,0.0,2.0,11.985
Mosquera,DEF,Arsenal,5.5,15.7,5,3.398,,3.398,model,3.242,0.579,1.201,0.0,2.0,8.358
Doku,MID,Man City,7.5,6.4,5,3.391,,3.391,model,3.867,0.007,0.297,0.0,2.0,11.985
Sarr,MID,Crystal Palace,6.5,8.8,5,3.361,,3.361,model,3.659,0.002,0.185,0.0,2.0,9.358
Tzolis,MID,Arsenal,6.5,2.3,5,3.354,,3.354,model,4.133,0.35,0.301,0.0,2.0,10.358
Wilson,MID,Leeds,6.5,8.3,5,3.332,,3.332,model,3.621,0.011,0.252,0.0,2.0,9.358
Schär,DEF,Newcastle,5.0,0.2,5,3.327,,3.327,model,3.934,0.039,1.206,0.0,2.0,12.254
Virgil,DEF,Liverpool,6.5,16.5,5,3.316,,3.316,model,3.085,0.504,0.792,0.0,2.0,8.896
Muharemović,DEF,Leeds,5.0,1.4,5,3.306,,3.306,model,3.914,0.587,1.049,0.0,2.0,8.358
Woltemade,FWD,Newcastle,6.0,1.8,5,3.289,,3.289,model,4.477,0.009,0.0,0.0,2.0,12.707
Stach,MID,Leeds,6.0,1.2,5,3.266,,3.266,model,3.199,0.438,0.252,0.0,2.0,9.358
Eze,MID,Arsenal,6.5,3.2,5,3.264,,3.264,model,3.786,0.001,0.272,0.0,2.0,9.358
van Ewijk,DEF,Coventry,4.0,15.9,5,3.254,,3.254,model,3.055,1.032,0.705,0.0,3.0,8.358
Bogle,DEF,Leeds,4.5,0.4,5,3.229,,3.229,model,3.487,0.39,0.988,0.0,2.0,8.896
Lacroix,DEF,Chelsea,6.0,11.7,5,3.204,,3.204,model,3.031,0.499,0.86,0.0,2.0,8.896
Hincapie,DEF,Arsenal,5.5,4.2,5,3.193,,3.193,model,3.226,0.464,1.095,0.0,2.0,8.358
Pedro Porro,DEF,Tottenham,5.5,23.5,5,3.18,,3.18,model,3.019,0.218,0.973,0.0,2.0,8.896
A.Murphy,DEF,Newcastle,4.0,0.8,5,3.154,,3.154,model,4.14,0.404,1.185,0.0,2.0,8.358
Murillo,DEF,Nott'm Forest,5.5,0.2,5,3.154,,3.154,model,3.059,0.128,1.302,0.0,2.0,8.358
Gyökeres,FWD,Arsenal,7.5,13.1,5,3.151,,3.151,model,3.711,0.001,0.0,0.0,2.0,11.757
Muñoz,DEF,Crystal Palace,5.5,11.6,5,3.141,,3.141,model,3.06,0.027,1.01,0.0,2.0,8.896
Shaw,DEF,Man United,4.5,24.5,5,3.126,,3.126,model,2.832,0.312,1.01,0.0,2.0,8.358
Khusanov,DEF,Man City,5.5,2.0,5,3.109,,3.109,model,3.34,0.145,1.344,0.0,2.0,8.358
Sels,GK,Nott'm Forest,5.0,1.4,5,3.107,,3.107,model,2.562,0.0,1.538,0.0,2.0,6.51
Pope,GK,Newcastle,5.0,1.1,5,3.106,,3.106,model,2.782,0.0,1.625,0.0,2.0,6.51
J.Murphy,MID,Newcastle,6.0,0.2,5,3.102,,3.102,model,4.166,0.001,0.211,0.0,2.0,11.985
Van de Ven,DEF,Tottenham,5.0,6.8,5,3.077,,3.077,model,2.987,0.358,0.917,0.0,2.0,8.896
Scott,MID,Bournemouth,6.0,1.6,5,3.074,,3.074,model,3.183,0.48,0.157,0.0,2.0,9.358
Groß,MID,Brighton,5.5,9.3,5,3.065,,3.065,model,2.997,0.005,0.193,0.0,2.0,9.254
Collins,DEF,Brentford,5.5,2.0,5,3.044,,3.044,model,3.204,0.229,0.875,0.0,2.0,8.896
Branthwaite,DEF,Everton,5.5,1.9,5,3.039,,3.039,model,3.117,0.005,1.267,0.0,2.0,7.896
Thomas,DEF,Coventry,4.0,8.7,5,3.033,,3.033,model,2.978,0.963,0.655,0.0,3.0,8.358
Havertz,FWD,Arsenal,7.5,3.8,5,3.032,,3.032,model,3.923,0.001,0.0,0.0,2.0,12.707
Van den Berg,DEF,Brentford,5.0,0.7,5,3.028,,3.028,model,3.245,0.208,0.863,0.0,2.0,8.896
Amad,MID,Man United,6.0,1.6,5,3.022,,3.022,model,3.604,0.017,0.176,0.0,2.0,9.358
Romero,DEF,Tottenham,5.0,1.1,5,3.003,,3.003,model,3.225,0.561,0.779,0.0,2.0,8.896
Bijol,DEF,Leeds,5.0,0.3,5,2.999,,2.999,model,3.342,0.786,0.854,0.0,2.0,8.358
Manzambi,MID,Aston Villa,6.0,2.1,5,2.99,,2.99,model,3.996,0.248,0.204,0.0,2.0,9.358
Welbeck,FWD,Chelsea,6.0,2.7,5,2.941,,2.941,model,3.54,0.0,0.0,0.0,2.0,10.98
Richards,DEF,Crystal Palace,5.0,0.8,5,2.931,,2.931,model,2.971,0.387,0.88,0.0,2.0,8.358
Neto,MID,Chelsea,6.5,1.3,5,2.929,,2.929,model,3.236,0.001,0.147,0.0,2.0,9.358
Beto,FWD,Everton,5.5,3.2,5,2.919,,2.919,model,3.949,0.001,0.0,0.0,1.0,12.707
Dalot,DEF,Man United,5.0,3.0,5,2.914,,2.914,model,3.182,0.046,0.966,0.0,2.0,8.896
Cash,DEF,Aston Villa,4.5,7.8,5,2.897,,2.897,model,2.785,0.025,1.02,0.0,2.0,7.896
Fernandes,MID,Tottenham,6.0,3.3,5,2.884,,2.884,model,2.485,0.251,0.209,0.0,2.0,8.358
Kayode,DEF,Brentford,4.5,3.8,5,2.884,,2.884,model,2.9,0.225,0.899,0.0,2.0,8.358
Palestra,DEF,Chelsea,5.5,1.8,5,2.871,,2.871,model,3.625,0.528,0.668,0.0,2.0,8.896
Xhaka,MID,Sunderland,5.5,5.6,5,2.864,,2.864,model,2.05,0.703,0.117,0.0,2.0,5.627
Mitchell,DEF,Crystal Palace,4.5,6.8,5,2.843,,2.843,model,2.804,0.11,0.957,0.0,2.0,8.358
McGinn,MID,Aston Villa,5.5,2.7,5,2.839,,2.839,model,2.96,0.005,0.209,0.0,2.0,8.358
Iwobi,MID,Fulham,5.5,0.9,5,2.835,,2.835,model,2.74,0.006,0.171,0.0,2.0,8.358
Hill,DEF,Bournemouth,5.5,1.2,5,2.832,,2.832,model,3.088,0.775,0.652,0.0,2.0,8.358
Damsgaard,MID,Brentford,5.5,0.7,5,2.828,,2.828,model,3.224,0.037,0.16,0.0,2.0,9.254
Konsa,DEF,Aston Villa,4.5,16.6,5,2.823,,2.823,model,2.592,0.024,1.11,0.0,2.0,6.358
Struijk,DEF,Brighton,5.0,0.5,5,2.821,,2.821,model,2.968,0.539,0.808,0.0,2.0,8.358
Osula,FWD,Newcastle,6.0,1.5,5,2.803,,2.803,model,4.129,0.0,0.0,0.0,1.0,12.707
Maguire,DEF,Man United,5.0,8.7,5,2.791,,2.791,model,3.138,0.148,0.92,0.0,2.0,8.358
Vuskovic,DEF,Brighton,5.0,2.9,5,2.791,,2.791,model,3.085,0.5,0.825,0.0,2.0,8.358
Solanke,FWD,Tottenham,6.0,2.6,5,2.789,,2.789,model,3.448,0.0,0.0,0.0,2.0,7.353
E.Le Fée,MID,Sunderland,6.0,12.8,5,2.779,,2.779,model,2.138,0.437,0.123,0.0,2.0,7.627
Maddison,MID,Tottenham,6.5,1.9,5,2.774,,2.774,model,3.769,0.0,0.125,0.0,2.0,9.358
Aaronson,MID,Leeds,5.5,0.8,5,2.725,,2.725,model,3.138,0.143,0.204,0.0,2.0,9.358
Rashford,MID,Man United,7.0,1.4,5,2.721,,2.721,model,3.631,0.001,0.14,0.0,2.0,9.358
F.Kadıoğlu,DEF,Brighton,4.5,2.9,5,2.706,,2.706,model,2.75,0.113,0.902,0.0,2.0,7.896
Chalobah,DEF,Chelsea,5.5,1.9,5,2.704,,2.704,model,2.858,0.295,0.792,0.0,2.0,8.358
Robinson,DEF,Fulham,4.5,2.6,5,2.7,,2.7,model,3.302,0.01,0.718,0.0,2.0,8.896
Estêvão,MID,Chelsea,6.5,1.7,5,2.69,,2.69,model,3.459,0.037,0.101,0.0,1.0,9.358
Okafor,MID,Leeds,6.0,0.7,5,2.685,,2.685,model,3.611,0.058,0.182,0.0,2.0,9.358
Kluivert,MID,Bournemouth,6.0,1.1,5,2.672,,2.672,model,3.502,0.001,0.127,0.0,2.0,9.358
Mukiele,DEF,Sunderland,5.5,7.5,5,2.668,,2.668,model,2.579,0.759,0.543,0.0,2.0,7.985
Lammens,GK,Man United,5.0,20.2,5,2.659,,2.659,model,2.269,0.0,1.183,0.0,2.0,6.51
Zubimendi,MID,Arsenal,5.5,1.5,5,2.652,,2.652,model,2.751,0.131,0.308,0.0,2.0,8.358
Munoz,MID,Liverpool,6.5,0.8,5,2.651,,2.651,model,4.135,0.287,0.115,0.0,2.0,10.358
Mac Allister,MID,Liverpool,5.5,1.9,5,2.65,,2.65,model,2.852,0.017,0.137,0.0,2.0,8.358
Anthony,MID,Brentford,6.0,0.2,5,2.644,,2.644,model,3.232,0.155,0.154,0.0,2.0,9.358
Caicedo,MID,Chelsea,5.5,3.9,5,2.633,,2.633,model,2.149,0.129,0.179,0.0,2.0,6.627
Jacquet,DEF,Liverpool,5.0,1.6,5,2.628,,2.628,model,3.485,0.516,0.599,0.0,2.0,8.358
Sangaré,MID,Brentford,5.5,1.3,5,2.62,,2.62,model,3.952,0.189,0.17,0.0,2.0,9.358
Igor Jesus,FWD,Nott'm Forest,6.0,5.1,5,2.609,,2.609,model,3.236,0.007,0.0,0.0,2.0,7.353
Merino,MID,Arsenal,6.0,1.2,5,2.597,,2.597,model,3.588,0.025,0.188,0.0,1.0,9.358
Ballard,DEF,Sunderland,5.0,3.8,5,2.59,,2.59,model,2.698,0.905,0.477,0.0,2.0,8.358
Ødegaard,MID,Arsenal,6.5,2.9,5,2.588,,2.588,model,3.041,0.005,0.248,0.0,2.0,9.254
Elanga,MID,Newcastle,6.0,0.7,5,2.587,,2.587,model,3.553,0.0,0.18,0.0,1.0,9.358
Justin,DEF,Leeds,4.5,0.5,5,2.577,,2.577,model,2.982,0.085,0.949,0.0,2.0,8.358
Kelleher,GK,Brentford,5.0,5.6,5,2.574,,2.574,model,2.447,0.0,1.064,0.0,2.0,6.51
Gravenberch,MID,Liverpool,6.0,1.9,5,2.55,,2.55,model,2.351,0.042,0.159,0.0,2.0,8.358
Savinho,MID,Man City,6.5,0.1,5,2.549,,2.549,model,3.981,0.0,0.135,0.0,1.0,10.254
Kusi-Asare,FWD,Fulham,4.5,7.8,5,2.538,,2.538,model,3.629,0.024,0.0,0.0,2.0,7.353
Martinez,GK,Aston Villa,5.0,4.8,5,2.533,,2.533,model,2.271,0.0,1.099,0.0,2.0,6.51
Dunk,DEF,Brighton,4.5,0.8,5,2.524,,2.524,model,2.696,0.214,0.862,0.0,2.0,7.896
Ngumoha,MID,Liverpool,6.0,1.6,5,2.522,,2.522,model,3.418,0.031,0.091,0.0,1.0,9.358
A.García,DEF,Aston Villa,4.0,1.6,5,2.518,,2.518,model,3.26,0.389,0.751,0.0,2.0,8.358
Alderete,DEF,Sunderland,5.0,1.1,5,2.504,,2.504,model,2.591,0.845,0.487,0.0,2.0,8.358
Sangaré,MID,Nott'm Forest,5.0,0.6,5,2.487,,2.487,model,2.747,0.389,0.226,0.0,2.0,8.358
Wharton,MID,Crystal Palace,5.5,0.3,5,2.477,,2.477,model,2.66,0.219,0.172,0.0,2.0,8.358
Verbruggen,GK,Brighton,4.5,17.0,5,2.476,,2.476,model,2.224,0.0,1.052,0.0,2.0,6.51
Brooks,MID,Bournemouth,5.0,0.2,5,2.455,,2.455,model,3.725,0.009,0.061,0.0,1.0,9.358
Lewis-Potter,MID,Brentford,5.5,0.5,5,2.449,,2.449,model,2.963,0.001,0.16,0.0,2.0,8.358
Tonali,MID,Tottenham,5.5,4.1,5,2.447,,2.447,model,2.489,0.04,0.179,0.0,2.0,8.358
Barry,FWD,Everton,5.5,0.9,5,2.436,,2.436,model,3.499,0.0,0.0,0.0,1.0,7.353
Targett,DEF,Hull,4.0,2.7,5,2.434,,2.434,model,2.643,1.17,0.331,0.0,2.0,7.358
Sessegnon,DEF,Fulham,4.5,0.4,5,2.432,,2.432,model,3.336,0.362,0.482,0.0,1.0,8.896
Spence,DEF,Tottenham,4.5,9.0,5,2.429,,2.429,model,2.84,0.065,0.779,0.0,2.0,7.896
Touré,MID,Newcastle,6.0,0.2,5,2.42,,2.42,model,4.531,0.203,0.211,0.0,0.0,10.358
Canvot,DEF,Crystal Palace,5.0,0.6,5,2.413,,2.413,model,3.119,0.609,0.559,0.0,1.0,8.358
Buendía,MID,Aston Villa,6.0,0.9,5,2.409,,2.409,model,3.24,0.054,0.101,0.0,1.0,9.259
Garnacho,MID,Aston Villa,6.0,1.0,5,2.4,,2.4,model,3.437,0.0,0.11,0.0,1.0,9.254
N.Jackson,FWD,Chelsea,6.5,0.4,5,2.395,,2.395,model,3.666,0.0,0.0,0.0,1.0,10.98
Reijnders,MID,Man City,6.0,0.4,5,2.394,,2.394,model,3.717,0.022,0.2,0.0,1.0,9.358
Wieffer,DEF,Brighton,5.0,0.3,5,2.377,,2.377,model,2.99,0.551,0.54,0.0,1.0,8.358
Dubravka,GK,Tottenham,4.0,23.3,5,2.372,,2.372,model,2.246,0.0,1.021,0.0,2.0,6.51
James,DEF,Chelsea,5.5,7.9,5,2.331,,2.331,model,2.884,0.129,0.581,0.0,1.0,8.358
Šeško,FWD,Man United,7.0,2.6,5,2.318,,2.318,model,3.417,0.0,0.0,0.0,1.0,7.353
Digne,DEF,Aston Villa,4.5,1.4,5,2.311,,2.311,model,3.004,0.015,0.699,0.0,1.0,8.896
Bassey,DEF,Fulham,4.5,0.6,5,2.307,,2.307,model,2.548,0.071,0.78,0.0,2.0,6.358
Madueke,MID,Arsenal,6.5,0.4,5,2.307,,2.307,model,3.228,0.0,0.18,0.0,1.0,9.259
Hutchinson,MID,Nott'm Forest,5.5,0.2,5,2.305,,2.305,model,2.966,0.005,0.2,0.0,2.0,9.254
Gomes,MID,Aston Villa,5.5,0.3,5,2.301,,2.301,model,2.304,0.058,0.205,0.0,2.0,8.358
Lewis,DEF,Man City,4.5,0.2,5,2.284,,2.284,model,3.352,0.001,0.783,0.0,1.0,8.896
Martinez,DEF,Man United,5.0,0.6,5,2.271,,2.271,model,2.772,0.06,0.79,0.0,1.0,7.358
Yarmoliuk,MID,Brentford,5.0,1.5,5,2.265,,2.265,model,2.283,0.265,0.157,0.0,2.0,7.627
Jensen,MID,Brentford,5.5,0.1,5,2.261,,2.261,model,2.939,0.091,0.117,0.0,1.0,8.358
Colwill,DEF,Chelsea,5.0,1.7,5,2.259,,2.259,model,2.782,0.0,0.76,0.0,1.0,7.896
Dorgu,MID,Man United,6.0,1.7,5,2.259,,2.259,model,2.746,0.023,0.144,0.0,2.0,8.358
Danso,DEF,Tottenham,5.0,0.2,5,2.258,,2.258,model,2.734,0.59,0.536,0.0,1.0,8.358
Frimpong,DEF,Liverpool,5.5,3.0,5,2.258,,2.258,model,2.979,0.037,0.524,0.0,1.0,8.358
Gomez,MID,Brighton,5.0,1.8,5,2.256,,2.256,model,2.693,0.067,0.144,0.0,2.0,8.358
Richarlison,FWD,Tottenham,6.0,2.0,5,2.254,,2.254,model,3.095,0.017,0.0,0.0,1.0,7.353
Joelinton,MID,Newcastle,5.5,0.0,5,2.25,,2.25,model,3.357,0.058,0.204,0.0,1.0,9.358
Petrović,GK,Bournemouth,4.5,3.7,5,2.248,,2.248,model,2.219,0.0,0.915,0.0,2.0,6.51
J.Ramsey,MID,Newcastle,5.0,0.4,5,2.228,,2.228,model,3.035,0.029,0.195,0.0,1.0,8.358
Neave,FWD,Newcastle,4.5,0.7,5,2.221,,2.221,model,4.753,0.015,0.0,0.0,0.0,12.707
Ajer,DEF,Brentford,4.5,1.6,5,2.221,,2.221,model,2.848,0.185,0.674,0.0,1.0,7.896
Vicario,GK,Tottenham,4.5,1.5,5,2.219,,2.219,model,2.284,0.0,0.95,0.0,2.0,6.51
Marmoush,FWD,Man City,7.0,0.7,5,2.206,,2.206,model,3.395,0.0,0.0,0.0,1.0,9.254
Livramento,DEF,Newcastle,5.0,0.1,5,2.195,,2.195,model,3.044,0.005,0.882,0.0,1.0,6.358
Hudson-Odoi,MID,Nott'm Forest,6.0,0.0,5,2.185,,2.185,model,3.035,0.002,0.182,0.0,1.0,8.358
Leno,GK,Fulham,4.5,3.2,5,2.184,,2.184,model,2.087,0.0,0.87,0.0,2.0,6.51
Sánchez,GK,Chelsea,5.0,2.0,5,2.175,,2.175,model,2.092,0.0,0.864,0.0,2.0,6.51
Grealish,MID,Man City,6.5,0.2,5,2.172,,2.172,model,3.386,0.043,0.186,0.0,1.0,9.358
Olusesi,MID,Tottenham,4.5,0.9,5,2.168,,2.168,model,3.2,0.213,0.149,0.0,2.0,8.358
Hinshelwood,MID,Brighton,6.0,0.3,5,2.166,,2.166,model,2.662,0.004,0.145,0.0,2.0,8.358
White,DEF,Arsenal,5.5,0.4,5,2.166,,2.166,model,2.966,0.025,0.853,0.0,1.0,6.358
Nedeljkovic,DEF,Aston Villa,4.0,0.6,5,2.165,,2.165,model,3.088,0.363,0.638,0.0,1.0,8.358
Vitor Reis,DEF,Man City,4.5,0.0,5,2.152,,2.152,model,4.031,0.193,0.827,0.0,0.0,8.358
Awoniyi,FWD,Nott'm Forest,5.5,0.4,5,2.142,,2.142,model,2.961,0.0,0.0,0.0,1.0,7.353
Soler,DEF,Bournemouth,4.0,0.6,5,2.137,,2.137,model,3.315,0.417,0.568,0.0,1.0,8.358
Reed,MID,Fulham,4.5,1.1,5,2.136,,2.136,model,3.026,0.226,0.141,0.0,2.0,8.358
Martinelli,MID,Arsenal,6.5,0.3,5,2.135,,2.135,model,3.2,0.0,0.136,0.0,1.0,8.403
Kerkez,DEF,Liverpool,5.5,5.5,5,2.129,,2.129,model,2.57,0.042,0.588,0.0,1.0,6.896
Alleyne,DEF,Man City,5.0,0.0,5,2.113,,2.113,model,3.763,0.194,0.832,0.0,0.0,8.358
Kinsky,GK,Tottenham,4.5,19.2,5,2.105,,2.105,model,2.347,0.0,0.846,0.0,2.0,6.51
Slater,MID,Hull,4.5,2.0,5,2.103,,2.103,model,2.415,0.208,0.069,0.0,2.0,6.627
Gusto,DEF,Chelsea,5.0,1.1,5,2.103,,2.103,model,2.803,0.036,0.535,0.0,1.0,7.896
A.Becker,GK,Liverpool,5.5,4.1,5,2.101,,2.101,model,2.108,0.0,0.779,0.0,2.0,6.51
Silva,DEF,Bournemouth,5.0,0.2,5,2.1,,2.1,model,3.566,0.445,0.481,0.0,0.0,8.358
Tete,DEF,Fulham,4.5,0.2,5,2.087,,2.087,model,2.784,0.117,0.648,0.0,1.0,7.358
O.Richards,DEF,Nott'm Forest,4.0,0.2,5,2.083,,2.083,model,3.569,0.263,0.731,0.0,0.0,8.358
Brobbey,FWD,Sunderland,6.0,18.7,5,2.083,,2.083,model,2.2,0.003,0.0,0.0,2.0,7.353
Burrowes,MID,Aston Villa,4.5,0.9,5,2.082,,2.082,model,3.106,0.206,0.17,0.0,2.0,8.358
Minteh,MID,Brighton,6.0,0.7,5,2.081,,2.081,model,2.396,0.011,0.147,0.0,2.0,8.358
Robertson,DEF,Tottenham,4.5,1.9,5,2.08,,2.08,model,2.857,0.009,0.549,0.0,1.0,7.896
Smith Rowe,MID,Fulham,5.5,0.4,5,2.074,,2.074,model,2.665,0.006,0.11,0.0,2.0,8.358
Tielemans,MID,Man United,6.0,0.9,5,2.072,,2.072,model,2.707,0.014,0.143,0.0,2.0,8.358
Enes Ünal,FWD,Bournemouth,5.5,0.2,5,2.068,,2.068,model,2.762,0.0,0.0,0.0,1.0,7.353
Bindon,DEF,Nott'm Forest,4.0,0.2,5,2.064,,2.064,model,3.488,0.311,0.718,0.0,0.0,8.358
Yeremy,MID,Crystal Palace,5.5,0.2,5,2.063,,2.063,model,2.977,0.064,0.105,0.0,1.0,8.358
Delap,FWD,Chelsea,5.5,0.5,5,2.063,,2.063,model,2.862,0.0,0.0,0.0,1.0,7.353
Maatsen,DEF,Aston Villa,4.5,0.6,5,2.048,,2.048,model,2.868,0.063,0.508,0.0,1.0,7.896
Abbott,DEF,Nott'm Forest,4.0,0.2,5,2.042,,2.042,model,3.214,0.265,0.782,0.0,0.0,8.358
Andrey Santos,MID,Man United,5.0,1.4,5,2.041,,2.041,model,2.775,0.159,0.12,0.0,1.0,8.358
De Cuyper,DEF,Brighton,4.5,1.3,5,2.041,,2.041,model,2.82,0.087,0.49,0.0,1.0,7.896
Adams,MID,Bournemouth,5.0,0.7,5,2.031,,2.031,model,2.228,0.106,0.139,0.0,2.0,7.358
Aznou,DEF,Everton,4.0,0.2,5,2.03,,2.03,model,3.326,0.221,0.757,0.0,0.0,8.358
McNeil,MID,Everton,5.5,0.1,5,2.028,,2.028,model,2.945,0.014,0.152,0.0,1.0,8.358
Yates,MID,Nott'm Forest,4.5,7.1,5,2.024,,2.024,model,2.465,0.013,0.179,0.0,1.0,8.358
C.Jones,MID,Liverpool,5.5,0.1,5,2.024,,2.024,model,2.827,0.072,0.093,0.0,1.0,8.358
Crooks,MID,Hull,4.5,0.7,5,2.021,,2.021,model,2.947,0.161,0.058,0.0,2.0,8.358
Yoro,DEF,Man United,5.0,0.7,5,2.019,,2.019,model,2.679,0.195,0.54,0.0,1.0,7.896
Sadiki,MID,Sunderland,5.0,0.4,5,2.016,,2.016,model,1.697,0.155,0.104,0.0,2.0,4.05
Wright,FWD,Coventry,5.5,1.8,5,2.013,,2.013,model,3.28,0.011,0.0,0.0,2.0,7.353
Kudus,MID,Tottenham,6.5,0.2,5,2.013,,2.013,model,2.881,0.003,0.13,0.0,2.0,8.358
Hackney,MID,Everton,5.5,0.3,5,2.013,,2.013,model,3.614,0.115,0.2,0.0,0.0,9.358
Mings,DEF,Aston Villa,4.5,0.2,5,2.01,,2.01,model,2.877,0.079,0.612,0.0,1.0,7.896
Bentancur,MID,Tottenham,5.5,0.1,5,2.007,,2.007,model,2.228,0.231,0.146,0.0,2.0,6.627
Bamba,MID,Newcastle,5.0,0.1,5,2.001,,2.001,model,4.107,0.199,0.164,0.0,0.0,9.358
Egan,DEF,Hull,4.0,1.2,5,1.997,,1.997,model,2.478,0.981,0.263,0.0,2.0,7.358
Dowman,MID,Arsenal,5.5,0.2,5,1.996,,1.996,model,3.436,0.189,0.196,0.0,0.0,9.358
García,FWD,Fulham,6.0,1.4,5,1.986,,1.986,model,3.558,0.02,0.0,0.0,2.0,7.353
Mainoo,MID,Man United,5.5,1.3,5,1.98,,1.98,model,2.184,0.043,0.169,0.0,2.0,6.627
Berge,MID,Fulham,5.0,0.4,5,1.978,,1.978,model,1.933,0.065,0.149,0.0,2.0,5.627
Morato,DEF,Nott'm Forest,5.0,0.1,5,1.971,,1.971,model,3.004,0.177,0.574,0.0,1.0,8.358
Tel,MID,Tottenham,6.0,0.4,5,1.971,,1.971,model,2.854,0.017,0.104,0.0,1.0,8.358
Steur,MID,Newcastle,5.0,0.1,5,1.97,,1.97,model,4.159,0.193,0.18,0.0,0.0,9.358
Pau,DEF,Aston Villa,4.5,0.3,5,1.956,,1.956,model,2.613,0.029,0.7,0.0,1.0,6.358
Strand Larsen,FWD,Crystal Palace,6.0,0.6,5,1.954,,1.954,model,2.35,0.0,0.0,0.0,2.0,7.353
Horníček,GK,Newcastle,5.0,0.3,5,1.952,,1.952,model,2.558,0.0,1.031,0.0,1.0,6.51
Trafford,GK,Leeds,5.0,1.9,5,1.948,,1.948,model,2.541,0.0,0.896,0.0,1.0,6.51
Davis,DEF,Ipswich,4.0,4.0,5,1.943,,1.943,model,2.643,0.001,0.543,0.0,1.0,6.358
Florentino,MID,Ipswich,5.0,0.0,5,1.943,,1.943,model,2.205,0.618,0.092,0.0,1.0,5.0
Kamada,MID,Crystal Palace,5.0,0.3,5,1.919,,1.919,model,2.226,0.078,0.136,0.0,2.0,6.627
Palmer,GK,Ipswich,4.0,5.9,5,1.917,,1.917,model,3.384,0.0,0.473,0.0,1.0,12.019
Muniz,FWD,Fulham,5.5,0.7,5,1.915,,1.915,model,2.747,0.0,0.0,0.0,1.0,7.353
Hume,DEF,Sunderland,4.5,2.9,5,1.914,,1.914,model,2.295,0.205,0.469,0.0,1.0,6.358
Ayari,MID,Brighton,5.5,0.7,5,1.913,,1.913,model,2.141,0.073,0.139,0.0,2.0,6.627
Hughes,DEF,Hull,4.0,0.9,5,1.912,,1.912,model,2.522,0.899,0.225,0.0,1.0,7.358
Wilson,FWD,Brentford,5.5,0.4,5,1.909,,1.909,model,2.885,0.0,0.0,0.0,1.0,7.353
Scarlett,FWD,Tottenham,4.5,1.7,5,1.907,,1.907,model,3.368,0.017,0.0,0.0,0.0,7.353
Ndoye,MID,Nott'm Forest,5.5,0.5,5,1.905,,1.905,model,2.789,0.08,0.128,0.0,1.0,8.358
Dasilva,DEF,Coventry,4.0,0.5,5,1.897,,1.897,model,2.707,0.617,0.4,0.0,1.0,7.358
Obi,FWD,Man United,4.5,1.2,5,1.896,,1.896,model,3.699,0.015,0.0,0.0,0.0,7.353
Hughes,MID,Crystal Palace,4.5,11.1,5,1.882,,1.882,model,1.998,0.014,0.136,0.0,2.0,5.627
McAteer,MID,Ipswich,4.5,1.6,5,1.879,,1.879,model,2.349,0.004,0.092,0.0,2.0,8.358
Adli,MID,Bournemouth,5.0,0.2,5,1.876,,1.876,model,2.784,0.123,0.054,0.0,1.0,8.358
Monga,MID,Man City,5.0,0.0,5,1.875,,1.875,model,4.148,0.144,0.188,0.0,0.0,8.372
Furlong,DEF,Ipswich,4.0,0.4,5,1.874,,1.874,model,2.793,0.637,0.389,0.0,0.0,8.358
Zirkzee,FWD,Man United,5.5,0.7,5,1.873,,1.873,model,2.745,0.0,0.0,0.0,1.0,7.353
Souza,DEF,Tottenham,4.0,0.3,5,1.872,,1.872,model,3.008,0.427,0.492,0.0,0.0,8.358
Udogie,DEF,Tottenham,4.5,0.4,5,1.869,,1.869,model,2.362,0.025,0.629,0.0,1.0,6.358
Nørgaard,MID,Everton,5.0,0.5,5,1.868,,1.868,model,2.914,0.0,0.177,0.0,1.0,8.358
Johnson,MID,Crystal Palace,6.0,0.1,5,1.863,,1.863,model,2.67,0.003,0.1,0.0,1.0,8.358
Furo,FWD,Brentford,4.5,0.9,5,1.852,,1.852,model,3.681,0.009,0.0,0.0,0.0,7.353
N.Gonzalez,MID,Man City,5.5,0.1,5,1.852,,1.852,model,2.521,0.199,0.215,0.0,1.0,6.627
Diop,DEF,Ipswich,4.0,19.1,5,1.85,,1.85,model,2.436,0.163,0.469,0.0,1.0,6.358
Kitching,DEF,Coventry,4.0,0.5,5,1.847,,1.847,model,2.656,0.6,0.413,0.0,0.0,7.358
Fletcher,MID,Man United,4.5,0.3,5,1.847,,1.847,model,3.229,0.137,0.13,0.0,0.0,8.358
Andrews,MID,Coventry,4.5,0.7,5,1.846,,1.846,model,2.641,0.163,0.101,0.0,2.0,6.677
Mazraoui,DEF,Man United,4.5,0.7,5,1.843,,1.843,model,2.483,0.023,0.626,0.0,1.0,6.358
Lukić,MID,Fulham,5.0,0.1,5,1.84,,1.84,model,2.323,0.034,0.123,0.0,2.0,7.358
Janelt,MID,Brentford,5.0,0.1,5,1.835,,1.835,model,2.38,0.042,0.129,0.0,2.0,6.627
Mukasa,MID,Man City,4.5,0.1,5,1.83,,1.83,model,3.51,0.136,0.205,0.0,0.0,8.358
Amenda,DEF,Coventry,4.0,0.5,5,1.828,,1.828,model,2.702,0.595,0.407,0.0,0.0,7.358
Amass,DEF,Man United,4.0,0.2,5,1.827,,1.827,model,3.041,0.355,0.543,0.0,0.0,8.358
Barkley,MID,Aston Villa,5.0,0.2,5,1.824,,1.824,model,2.574,0.02,0.071,0.0,1.0,8.358
Masuaku,DEF,Sunderland,4.0,1.5,5,1.816,,1.816,model,2.458,0.415,0.452,0.0,1.0,6.358
Gallagher,MID,Tottenham,5.5,0.2,5,1.807,,1.807,model,2.548,0.181,0.12,0.0,1.0,8.358
Ajayi,DEF,Hull,4.0,0.7,5,1.806,,1.806,model,2.456,0.849,0.24,0.0,1.0,7.358
Jair Cunha,DEF,Nott'm Forest,4.5,0.4,5,1.804,,1.804,model,2.85,0.138,0.574,0.0,1.0,7.896
Nmecha,FWD,Leeds,5.5,0.6,5,1.796,,1.796,model,2.676,0.001,0.0,0.0,1.0,7.353
Kipré,DEF,Ipswich,4.0,0.4,5,1.796,,1.796,model,2.594,0.617,0.385,0.0,0.0,7.358
O'Shea,DEF,Ipswich,4.0,1.9,5,1.789,,1.789,model,2.235,0.0,0.601,0.0,1.0,6.358
Chiesa,MID,Liverpool,5.5,0.2,5,1.775,,1.775,model,2.709,0.043,0.031,0.0,1.0,7.358
Hato,DEF,Chelsea,4.5,1.0,5,1.765,,1.765,model,2.382,0.239,0.381,0.0,1.0,6.919
J.Araujo,DEF,Bournemouth,4.5,0.1,5,1.764,,1.764,model,3.548,0.318,0.426,0.0,0.0,8.358
Diarra,MID,Sunderland,5.5,0.1,5,1.762,,1.762,model,2.631,0.015,0.054,0.0,1.0,8.358
George Hemmings,MID,Aston Villa,4.5,0.3,5,1.76,,1.76,model,3.033,0.166,0.127,0.0,0.0,8.358
Giles,DEF,Hull,4.0,0.6,5,1.759,,1.759,model,2.612,0.846,0.202,0.0,1.0,6.358
Willock,MID,Newcastle,5.0,0.1,5,1.75,,1.75,model,2.768,0.013,0.101,0.0,1.0,7.358
Davies,DEF,Tottenham,4.0,0.8,5,1.748,,1.748,model,2.541,0.019,0.542,0.0,1.0,6.358
Bobb,MID,Fulham,5.5,0.4,5,1.74,,1.74,model,2.439,0.047,0.069,0.0,1.0,7.358
Roefs,GK,Sunderland,5.0,5.0,5,1.737,,1.737,model,1.858,0.0,0.606,0.0,1.0,6.51
Kalimuendo,FWD,Nott'm Forest,5.5,0.1,5,1.734,,1.734,model,3.98,0.016,0.0,0.0,0.0,7.353
Coyle,DEF,Hull,4.0,0.5,5,1.732,,1.732,model,2.452,0.826,0.241,0.0,0.0,7.358
Bendito Mantato,MID,Man United,4.5,0.2,5,1.731,,1.731,model,3.312,0.129,0.121,0.0,0.0,8.358
P.M.Sarr,MID,Tottenham,5.0,0.4,5,1.73,,1.73,model,2.257,0.053,0.094,0.0,1.0,7.358
Ramsay,DEF,Liverpool,4.0,0.2,5,1.728,,1.728,model,3.141,0.433,0.401,0.0,0.0,7.896
Echeverri,MID,Man City,5.0,0.0,5,1.727,,1.727,model,3.658,0.131,0.194,0.0,0.0,8.358
Mount,MID,Man United,5.5,0.1,5,1.72,,1.72,model,2.727,0.025,0.069,0.0,1.0,8.358
Walle Egeli,FWD,Ipswich,4.5,2.1,5,1.72,,1.72,model,2.728,0.016,0.0,0.0,2.0,7.353
Alcaraz,MID,Everton,5.0,0.1,5,1.71,,1.71,model,2.698,0.011,0.099,0.0,1.0,8.358
Kamara,MID,Aston Villa,5.0,0.1,5,1.696,,1.696,model,1.947,0.02,0.165,0.0,2.0,5.627
Gannon-Doak,MID,Bournemouth,5.0,0.1,5,1.695,,1.695,model,3.515,0.125,0.09,0.0,0.0,8.358
Schuster,DEF,Brentford,4.5,0.1,5,1.694,,1.694,model,3.192,0.266,0.477,0.0,0.0,7.896
Tanaka,MID,Leeds,5.0,0.3,5,1.694,,1.694,model,2.608,0.171,0.097,0.0,1.0,7.358
Castagne,DEF,Fulham,4.5,0.2,5,1.693,,1.693,model,2.409,0.057,0.471,0.0,1.0,6.358
Dominguez,MID,Nott'm Forest,5.0,0.1,5,1.693,,1.693,model,2.418,0.03,0.121,0.0,1.0,7.358
Nketiah,FWD,Crystal Palace,5.5,0.5,5,1.691,,1.691,model,2.415,0.001,0.0,0.0,1.0,7.353
Schlager,MID,Nott'm Forest,5.0,0.1,5,1.689,,1.689,model,3.401,0.143,0.154,0.0,0.0,8.358
Piroe,FWD,Leeds,5.0,0.5,5,1.688,,1.688,model,3.427,0.013,0.0,0.0,0.0,7.353
Cook,MID,Bournemouth,5.0,0.1,5,1.677,,1.677,model,2.063,0.021,0.116,0.0,1.0,5.627
Reinildo,DEF,Sunderland,4.5,0.5,5,1.672,,1.672,model,2.157,0.362,0.4,0.0,1.0,6.358
Mason-Clark,MID,Coventry,5.5,0.3,5,1.67,,1.67,model,2.808,0.167,0.08,0.0,0.0,8.358
Sanchez,DEF,Bournemouth,4.5,0.0,5,1.669,,1.669,model,3.236,0.357,0.429,0.0,0.0,8.358
Fredricson,DEF,Man United,4.0,0.1,5,1.669,,1.669,model,2.887,0.321,0.479,0.0,0.0,7.358
Disasi,DEF,Chelsea,4.5,0.1,5,1.657,,1.657,model,2.488,0.0,0.54,0.0,1.0,6.358
Kovačić,MID,Man City,5.5,0.0,5,1.656,,1.656,model,2.608,0.0,0.152,0.0,1.0,7.358
Elliott,MID,Liverpool,5.5,0.1,5,1.644,,1.644,model,2.344,0.009,0.023,0.0,1.0,7.358
D.Essugo,MID,Chelsea,4.5,0.2,5,1.642,,1.642,model,3.057,0.16,0.091,0.0,0.0,5.677
Maeda,MID,Ipswich,5.5,0.4,5,1.635,,1.635,model,2.58,0.15,0.086,0.0,0.0,5.627
Byfield,DEF,Tottenham,4.0,0.1,5,1.623,,1.623,model,2.895,0.383,0.408,0.0,0.0,8.358
Phillips,DEF,Tottenham,4.5,0.1,5,1.621,,1.621,model,2.838,0.365,0.429,0.0,0.0,7.358
M.Sarr,DEF,Chelsea,4.5,0.1,5,1.62,,1.62,model,3.002,0.295,0.427,0.0,0.0,7.358
Rowswell,DEF,Tottenham,4.0,0.1,5,1.616,,1.616,model,2.838,0.381,0.468,0.0,0.0,8.358
Lerma,MID,Crystal Palace,5.0,0.1,5,1.615,,1.615,model,1.961,0.063,0.116,0.0,1.0,5.627
Dowell,MID,Hull,4.5,0.5,5,1.601,,1.601,model,2.425,0.161,0.055,0.0,2.0,5.0
George,MID,Everton,5.5,0.1,5,1.601,,1.601,model,2.395,0.009,0.048,0.0,1.0,7.358
Rodríguez,FWD,Bournemouth,6.0,0.3,5,1.598,,1.598,model,3.31,0.019,0.0,0.0,0.0,7.353
Svoboda,DEF,Brighton,5.0,0.1,5,1.596,,1.596,model,2.642,0.277,0.494,0.0,0.0,7.358
Belloumi,MID,Hull,5.0,0.5,5,1.595,,1.595,model,2.338,0.144,0.053,0.0,2.0,5.627
Lucky,DEF,Liverpool,4.0,0.1,5,1.59,,1.59,model,2.806,0.403,0.359,0.0,0.0,7.627
McConnell,MID,Liverpool,4.5,0.2,5,1.582,,1.582,model,2.905,0.158,0.084,0.0,0.0,8.358
McBurnie,FWD,Hull,5.5,1.7,5,1.58,,1.58,model,2.585,0.009,0.0,0.0,2.0,7.353
Torp,MID,Coventry,5.5,0.2,5,1.578,,1.578,model,2.773,0.133,0.084,0.0,0.0,6.677
McAtee,MID,Nott'm Forest,5.5,0.1,5,1.572,,1.572,model,2.716,0.021,0.044,0.0,1.0,7.358
Destan,FWD,Hull,4.5,2.5,5,1.566,,1.566,model,2.41,0.015,0.0,0.0,2.0,7.353
Cardines,DEF,Crystal Palace,4.5,0.0,5,1.566,,1.566,model,2.842,0.29,0.436,0.0,0.0,7.358
Steele,GK,Brighton,4.0,4.5,5,1.566,,1.566,model,2.04,0.0,0.652,0.0,1.0,6.51
Longstaff,MID,Leeds,5.0,0.2,5,1.562,,1.562,model,2.236,0.042,0.094,0.0,1.0,6.627
Nyoni,MID,Liverpool,5.0,0.1,5,1.562,,1.562,model,3.141,0.165,0.081,0.0,0.0,8.358
Iroegbunam,MID,Everton,5.0,0.1,5,1.559,,1.559,model,2.117,0.155,0.132,0.0,1.0,5.627
Georginio,FWD,Brighton,5.5,0.8,5,1.549,,1.549,model,1.989,0.005,0.0,0.0,1.0,6.403
Kesler-Hayden,DEF,Coventry,4.0,0.1,5,1.549,,1.549,model,2.761,0.491,0.323,0.0,0.0,7.358
Gray,MID,Tottenham,5.0,0.2,5,1.54,,1.54,model,1.977,0.012,0.11,0.0,1.0,5.627
Mingueza,DEF,Crystal Palace,4.5,0.1,5,1.539,,1.539,model,2.718,0.268,0.446,0.0,0.0,6.919
Grimes,MID,Coventry,5.0,0.2,5,1.539,,1.539,model,2.651,0.141,0.082,0.0,0.0,5.627
Fábio Vieira,MID,Arsenal,5.5,0.0,5,1.537,,1.537,model,2.914,0.14,0.156,0.0,0.0,8.358
Hirst,FWD,Ipswich,5.0,0.4,5,1.536,,1.536,model,2.017,0.0,0.0,0.0,1.0,6.353
Palacios,MID,Fulham,5.5,0.1,5,1.536,,1.536,model,3.121,0.154,0.083,0.0,0.0,8.358
Tóth.A,MID,Bournemouth,5.0,0.0,5,1.529,,1.529,model,3.062,0.141,0.087,0.0,0.0,8.358
Abraham,FWD,Aston Villa,5.5,0.1,5,1.529,,1.529,model,2.211,0.001,0.0,0.0,1.0,6.353
Shepherd,MID,Coventry,4.5,0.3,5,1.527,,1.527,model,2.449,0.13,0.088,0.0,0.0,5.0
King,MID,Fulham,5.5,0.1,5,1.525,,1.525,model,2.167,0.047,0.057,0.0,1.0,7.358
Howell,MID,Brighton,4.5,0.3,5,1.523,,1.523,model,2.465,0.157,0.111,0.0,0.0,5.0
Meslier,GK,Arsenal,5.0,0.1,5,1.522,,1.522,model,2.355,0.0,0.786,0.0,0.0,6.51
Mheuka,FWD,Chelsea,4.5,0.4,5,1.522,,1.522,model,3.129,0.011,0.0,0.0,0.0,7.353
Moore,MID,Tottenham,5.0,0.1,5,1.521,,1.521,model,2.87,0.139,0.114,0.0,0.0,6.627
Arrizabalaga,GK,Arsenal,5.0,0.1,5,1.52,,1.52,model,2.49,0.0,0.783,0.0,0.0,6.51
Onyeka,MID,Coventry,5.0,0.2,5,1.519,,1.519,model,2.545,0.164,0.08,0.0,0.0,5.627
Barco,MID,Chelsea,5.5,0.0,5,1.518,,1.518,model,3.111,0.156,0.084,0.0,0.0,8.358
Lacey,MID,Man United,5.0,0.1,5,1.515,,1.515,model,3.177,0.107,0.118,0.0,0.0,8.358
Meunier,DEF,Sunderland,4.5,0.5,5,1.515,,1.515,model,2.427,0.348,0.349,0.0,0.0,6.358
Bailey,MID,Aston Villa,5.5,0.1,5,1.509,,1.509,model,2.334,0.003,0.058,0.0,1.0,7.358
G.Jesus,FWD,Arsenal,6.0,0.4,5,1.508,,1.508,model,2.586,0.001,0.0,0.0,1.0,6.353
Ji-soo,DEF,Brentford,4.5,0.0,5,1.508,,1.508,model,2.935,0.249,0.423,0.0,0.0,7.358
Carvalho,MID,Brentford,5.0,0.0,5,1.507,,1.507,model,2.219,0.001,0.006,0.0,1.0,7.358
Esse,MID,Crystal Palace,5.0,0.1,5,1.5,,1.5,model,2.667,0.162,0.108,0.0,0.0,5.627
Latibeaudiere,DEF,Coventry,4.0,0.1,5,1.499,,1.499,model,2.507,0.483,0.34,0.0,0.0,7.358
Dasilva,MID,Brentford,5.0,0.0,5,1.495,,1.495,model,3.132,0.137,0.095,0.0,0.0,6.627
Iling Jr,MID,Aston Villa,5.0,0.0,5,1.494,,1.494,model,3.028,0.143,0.104,0.0,0.0,5.627
Quenda,MID,Chelsea,5.5,0.1,5,1.491,,1.491,model,2.78,0.163,0.081,0.0,0.0,5.677
Kevin,MID,Fulham,5.5,0.1,5,1.491,,1.491,model,1.995,0.04,0.05,0.0,1.0,5.627
Brau,DEF,Coventry,4.0,0.1,5,1.487,,1.487,model,2.601,0.493,0.304,0.0,0.0,7.358
Núñez,MID,Ipswich,5.0,0.2,5,1.483,,1.483,model,2.535,0.133,0.08,0.0,0.0,5.0
Henry,DEF,Brentford,4.5,0.2,5,1.481,,1.481,model,2.072,0.044,0.449,0.0,1.0,6.358
Koumas,MID,Liverpool,5.0,0.0,5,1.477,,1.477,model,2.899,0.169,0.073,0.0,0.0,8.358
Gelhardt,MID,Leeds,5.0,0.0,5,1.476,,1.476,model,2.883,0.134,0.121,0.0,0.0,8.358
Thomas-Asante,FWD,Coventry,5.0,0.9,5,1.47,,1.47,model,2.631,0.009,0.0,0.0,0.0,7.353
Anselmino,DEF,Chelsea,4.5,0.0,5,1.463,,1.463,model,2.857,0.305,0.37,0.0,0.0,7.358
Sosa,DEF,Crystal Palace,4.5,0.0,5,1.461,,1.461,model,2.596,0.275,0.426,0.0,0.0,6.358
Alysson,MID,Aston Villa,5.0,0.0,5,1.46,,1.46,model,3.083,0.139,0.107,0.0,0.0,5.627
Diakité,DEF,Bournemouth,5.0,0.2,5,1.458,,1.458,model,2.378,0.387,0.336,0.0,0.0,7.358
Heaven,DEF,Man United,4.5,0.3,5,1.458,,1.458,model,2.459,0.203,0.372,0.0,1.0,7.358
Oriola,MID,Brighton,4.5,0.2,5,1.451,,1.451,model,2.304,0.153,0.109,0.0,0.0,5.0
J.Fletcher,MID,Man United,5.0,0.0,5,1.446,,1.446,model,2.941,0.128,0.107,0.0,0.0,5.627
Gittens,MID,Chelsea,6.0,0.1,5,1.444,,1.444,model,1.97,0.009,0.03,0.0,1.0,5.627
Bettinelli,GK,Man City,4.5,0.0,5,1.444,,1.444,model,2.457,0.0,0.779,0.0,0.0,6.51
Collyer,MID,Man United,5.0,0.0,5,1.437,,1.437,model,3.055,0.114,0.101,0.0,0.0,5.627
Greaves,DEF,Ipswich,4.0,0.5,5,1.43,,1.43,model,2.202,0.002,0.449,0.0,1.0,6.358
Coppola,DEF,Brighton,4.5,0.0,5,1.429,,1.429,model,2.58,0.275,0.434,0.0,0.0,7.358
Yohanna,MID,Brighton,5.0,0.1,5,1.425,,1.425,model,2.454,0.17,0.097,0.0,0.0,5.0
Gruev,MID,Leeds,5.0,0.0,5,1.42,,1.42,model,1.918,0.075,0.132,0.0,1.0,5.0
Clarke,MID,Ipswich,5.5,0.3,5,1.42,,1.42,model,1.756,0.001,0.041,0.0,1.0,4.627
Isidor,FWD,Sunderland,5.5,1.2,5,1.42,,1.42,model,1.881,0.001,0.0,0.0,1.0,6.353
Bidwell,DEF,Coventry,4.0,0.1,5,1.419,,1.419,model,2.465,0.461,0.314,0.0,0.0,6.664
Guessand,MID,Aston Villa,5.5,0.0,5,1.415,,1.415,model,2.156,0.045,0.062,0.0,1.0,6.627
Nwaneri,MID,Arsenal,5.5,0.0,5,1.413,,1.413,model,2.043,0.001,0.068,0.0,1.0,6.627
Simms,FWD,Coventry,5.0,0.6,5,1.409,,1.409,model,2.606,0.019,0.0,0.0,0.0,7.353
Jaouen,GK,Newcastle,4.5,0.1,5,1.407,,1.407,model,2.526,0.0,0.716,0.0,0.0,6.51
Doucouré,MID,Crystal Palace,5.0,0.1,5,1.405,,1.405,model,2.707,0.155,0.094,0.0,0.0,5.0
Bergvall,MID,Tottenham,5.5,0.2,5,1.404,,1.404,model,1.878,0.011,0.066,0.0,1.0,4.646
Travers,GK,Everton,5.0,0.1,5,1.394,,1.394,model,2.276,0.0,0.694,0.0,0.0,6.51
Smith,DEF,Bournemouth,4.5,0.1,5,1.386,,1.386,model,2.121,0.011,0.413,0.0,1.0,6.358
Tosin,DEF,Chelsea,4.5,0.2,5,1.386,,1.386,model,2.194,0.137,0.298,0.0,1.0,6.358
McNair,DEF,Hull,4.0,0.1,5,1.384,,1.384,model,2.304,0.665,0.208,0.0,0.0,6.358
Costinha,DEF,Brighton,4.5,0.0,5,1.383,,1.383,model,2.49,0.247,0.417,0.0,0.0,6.358
Drakes-Thomas,MID,Crystal Palace,4.5,0.1,5,1.38,,1.38,model,2.539,0.139,0.1,0.0,0.0,5.0
James,MID,Leeds,5.0,0.1,5,1.378,,1.378,model,1.995,0.015,0.043,0.0,1.0,6.627
Tsimikas,DEF,Liverpool,5.0,0.1,5,1.363,,1.363,model,2.384,0.013,0.19,0.0,1.0,6.358
Gnonto,MID,Leeds,5.0,0.1,5,1.362,,1.362,model,1.816,0.074,0.04,0.0,1.0,4.627
Szmodics,MID,Ipswich,5.0,0.1,5,1.354,,1.354,model,2.284,0.0,0.048,0.0,1.0,7.358
Borges Rodrigues,MID,Coventry,4.5,0.2,5,1.338,,1.338,model,2.13,0.135,0.075,0.0,0.0,4.0
Perri,GK,Leeds,4.5,0.7,5,1.336,,1.336,model,2.148,0.0,0.637,0.0,0.0,6.51
O'Nien,DEF,Sunderland,4.0,2.4,5,1.336,,1.336,model,1.89,0.159,0.339,0.0,1.0,6.358
King,GK,Everton,4.5,0.1,5,1.334,,1.334,model,2.306,0.0,0.685,0.0,0.0,6.51
M.França,MID,Crystal Palace,5.0,0.0,5,1.332,,1.332,model,2.501,0.145,0.1,0.0,0.0,5.0
Hickey,DEF,Brentford,4.5,0.1,5,1.332,,1.332,model,2.114,0.095,0.225,0.0,1.0,6.358
Akpom,FWD,Ipswich,5.0,0.5,5,1.329,,1.329,model,2.508,0.013,0.0,0.0,0.0,7.353
J.Rak-Sakyi,MID,Crystal Palace,5.0,0.0,5,1.329,,1.329,model,2.609,0.133,0.089,0.0,0.0,5.0
Gillespie,GK,Newcastle,4.5,0.0,5,1.328,,1.328,model,2.44,0.0,0.672,0.0,0.0,6.51
Phillips,MID,Man City,5.0,0.0,5,1.32,,1.32,model,2.411,0.001,0.139,0.0,0.0,6.627
Marc Guiu,FWD,Chelsea,5.0,0.4,5,1.318,,1.318,model,2.386,0.0,0.0,0.0,1.0,6.353
McCarthy,DEF,Hull,4.0,0.1,5,1.317,,1.317,model,2.35,0.637,0.153,0.0,0.0,4.0
Fatawu,MID,Ipswich,5.5,0.3,5,1.316,,1.316,model,1.942,0.003,0.048,0.0,1.0,5.627
Armstrong,MID,Everton,5.0,0.1,5,1.316,,1.316,model,2.321,0.053,0.072,0.0,1.0,7.358
Adingra,MID,Sunderland,5.0,0.3,5,1.308,,1.308,model,1.676,0.001,0.05,0.0,1.0,3.0
Darlow,GK,Man United,4.5,0.1,5,1.306,,1.306,model,2.089,0.0,0.571,0.0,0.0,6.51
Bakwa,MID,Nott'm Forest,5.5,0.0,5,1.302,,1.302,model,2.323,0.025,0.06,0.0,1.0,6.627
Netz,DEF,Nott'm Forest,4.5,0.0,5,1.299,,1.299,model,2.217,0.005,0.28,0.0,1.0,6.358
Morita,MID,Hull,5.0,0.1,5,1.296,,1.296,model,2.48,0.126,0.041,0.0,0.0,5.0
Mundle,MID,Sunderland,5.0,0.0,5,1.295,,1.295,model,1.361,0.025,0.011,0.0,1.0,4.0
Philogene,MID,Ipswich,5.5,0.2,5,1.289,,1.289,model,1.771,0.001,0.043,0.0,1.0,3.0
Matthews,GK,Crystal Palace,4.0,1.7,5,1.288,,1.288,model,2.024,0.0,0.571,0.0,0.0,6.51
Emersonn,FWD,Ipswich,5.5,0.3,5,1.287,,1.287,model,2.419,0.007,0.0,0.0,0.0,7.353
Lavia,MID,Chelsea,5.0,0.0,5,1.285,,1.285,model,1.85,0.011,0.035,0.0,1.0,4.627
Mehmeti,MID,Ipswich,5.0,0.1,5,1.284,,1.284,model,2.24,0.119,0.069,0.0,0.0,4.0
Al-Hamadi,FWD,Ipswich,5.0,0.2,5,1.284,,1.284,model,2.617,0.014,0.0,0.0,0.0,7.353
Cairney,MID,Fulham,5.0,0.0,5,1.282,,1.282,model,1.796,0.009,0.034,0.0,1.0,5.627
Sakamoto,MID,Coventry,5.0,0.1,5,1.282,,1.282,model,2.314,0.119,0.067,0.0,0.0,4.0
Millar,MID,Hull,5.0,0.1,5,1.276,,1.276,model,2.277,0.117,0.045,0.0,0.0,4.0
Buonanotte,MID,Brighton,5.0,0.1,5,1.274,,1.274,model,1.909,0.001,0.055,0.0,1.0,5.627
Talbi,MID,Sunderland,5.5,0.2,5,1.273,,1.273,model,1.679,0.015,0.055,0.0,1.0,3.0
Acheampong,DEF,Chelsea,4.5,0.2,5,1.272,,1.272,model,2.163,0.097,0.248,0.0,1.0,6.358
Dibling,MID,Everton,5.5,0.1,5,1.267,,1.267,model,2.158,0.002,0.083,0.0,1.0,6.627
Gomez,DEF,Liverpool,5.0,0.1,5,1.265,,1.265,model,1.981,0.071,0.185,0.0,1.0,6.358
Tchaouna,MID,Coventry,5.5,0.1,5,1.263,,1.263,model,1.681,0.018,0.051,0.0,1.0,4.0
Hjelde,DEF,Sunderland,4.0,0.3,5,1.259,,1.259,model,2.121,0.307,0.26,0.0,0.0,6.358
J.Cuenca,DEF,Fulham,4.5,0.0,5,1.249,,1.249,model,2.116,0.213,0.286,0.0,0.0,6.358
Markelo,FWD,Coventry,5.0,0.1,5,1.246,,1.246,model,2.522,0.008,0.0,0.0,0.0,7.353
Eccles,MID,Coventry,5.0,0.0,5,1.244,,1.244,model,2.284,0.126,0.07,0.0,0.0,5.0
Kamara,MID,Hull,5.0,0.0,5,1.23,,1.23,model,2.407,0.117,0.034,0.0,0.0,4.0
Röhl,MID,Everton,5.0,0.1,5,1.229,,1.229,model,2.245,0.069,0.08,0.0,1.0,5.627
Nelson,MID,Arsenal,5.5,0.0,5,1.228,,1.228,model,2.195,0.027,0.04,0.0,1.0,6.627
Lindelöf,DEF,Aston Villa,4.5,0.2,5,1.227,,1.227,model,1.888,0.012,0.356,0.0,1.0,6.358
Ömür,MID,Hull,5.0,0.0,5,1.225,,1.225,model,2.305,0.114,0.042,0.0,0.0,4.0
Ogbene,MID,Ipswich,5.0,0.0,5,1.218,,1.218,model,2.207,0.121,0.063,0.0,0.0,4.0
Kostoulas,FWD,Brighton,5.5,0.3,5,1.217,,1.217,model,1.841,0.021,0.0,0.0,1.0,6.353
Lewis-Skelly,MID,Arsenal,5.5,0.3,5,1.189,,1.189,model,1.489,0.0,0.112,0.0,1.0,3.0
Milambo,MID,Brentford,5.0,0.0,5,1.158,,1.158,model,2.787,0.098,0.069,0.0,0.0,5.627
Devenny,MID,Crystal Palace,5.0,0.0,5,1.15,,1.15,model,1.858,0.02,0.037,0.0,1.0,4.0
Jocelin.T,MID,Sunderland,5.0,0.0,5,1.139,,1.139,model,2.074,0.134,0.062,0.0,0.0,4.0
Rushworth,GK,Coventry,4.5,0.9,5,1.135,,1.135,model,1.775,0.0,0.44,0.0,0.0,6.51
Rudoni,MID,Coventry,5.0,0.3,5,1.128,,1.128,model,2.248,0.107,0.058,0.0,0.0,4.0
Dovin,GK,Coventry,4.0,2.6,5,1.122,,1.122,model,1.816,0.0,0.449,0.0,0.0,6.51
Pinnock,DEF,Brentford,4.5,0.1,5,1.118,,1.118,model,2.3,0.008,0.362,0.0,0.0,6.358
Akintola,MID,Hull,5.0,0.0,5,1.116,,1.116,model,2.219,0.111,0.035,0.0,0.0,4.0
Austin,GK,Tottenham,4.0,0.6,5,1.112,,1.112,model,2.403,0.0,0.486,0.0,0.0,6.51
Seelt,DEF,Sunderland,4.5,0.0,5,1.106,,1.106,model,2.309,0.25,0.243,0.0,0.0,5.358
Johnson,DEF,Ipswich,4.0,0.1,5,1.106,,1.106,model,1.844,0.003,0.248,0.0,1.0,5.358
Bogarde,MID,Aston Villa,5.0,0.1,5,1.104,,1.104,model,1.383,0.007,0.066,0.0,1.0,3.0
Forster,GK,Bournemouth,4.0,3.1,5,1.099,,1.099,model,2.211,0.0,0.437,0.0,0.0,6.51
O'Riley,MID,Brighton,5.5,0.1,5,1.095,,1.095,model,1.834,0.001,0.044,0.0,1.0,4.627
Burns,MID,Ipswich,5.0,0.1,5,1.092,,1.092,model,1.556,0.0,0.045,0.0,1.0,3.0
Lecomte,GK,Fulham,4.0,1.4,5,1.078,,1.078,model,1.841,0.0,0.418,0.0,0.0,6.51
Emegha,FWD,Chelsea,5.0,0.2,5,1.074,,1.074,model,2.779,0.019,0.0,0.0,0.0,7.353
Endo,MID,Liverpool,5.0,0.0,5,1.069,,1.069,model,1.361,0.009,0.009,0.0,1.0,2.0
Boscagli,DEF,Brighton,4.5,0.1,5,1.066,,1.066,model,1.935,0.201,0.257,0.0,0.0,5.372
Taylor,MID,Ipswich,4.5,0.2,5,1.059,,1.059,model,1.132,0.0,0.003,0.0,1.0,1.0
Heaton,GK,Man United,4.0,0.3,5,1.045,,1.045,model,1.892,0.0,0.467,0.0,0.0,6.51
Wilson,GK,Coventry,4.5,0.6,5,1.025,,1.025,model,1.796,0.0,0.388,0.0,0.0,5.51
Rigg,MID,Sunderland,5.0,0.1,5,1.024,,1.024,model,1.566,0.035,0.033,0.0,1.0,3.0
Woodman,GK,Liverpool,4.0,1.2,5,1.023,,1.023,model,1.837,0.0,0.407,0.0,0.0,6.51
Angulo,MID,Sunderland,5.0,0.1,5,0.999,,0.999,model,1.605,0.001,0.036,0.0,1.0,3.0
B.Badiashile,DEF,Chelsea,4.5,0.0,5,0.99,,0.99,model,1.708,0.091,0.166,0.0,1.0,4.018
Valdimarsson,GK,Brentford,4.5,0.1,5,0.984,,0.984,model,1.866,0.0,0.389,0.0,0.0,6.51
Bornauw,DEF,Leeds,4.5,0.0,5,0.983,,0.983,model,1.873,0.125,0.227,0.0,0.0,6.358
Benitez,GK,Crystal Palace,4.5,0.1,5,0.966,,0.966,model,1.804,0.0,0.406,0.0,0.0,6.51
Woolfenden,DEF,Coventry,4.0,0.2,5,0.963,,0.963,model,1.796,0.007,0.264,0.0,0.0,5.358
Jacob,DEF,Hull,4.0,0.0,5,0.96,,0.96,model,1.957,0.466,0.129,0.0,0.0,4.0
Chadi Riad,DEF,Crystal Palace,4.5,0.1,5,0.959,,0.959,model,1.927,0.085,0.267,0.0,0.0,6.358
Patterson,DEF,Everton,4.5,0.0,5,0.894,,0.894,model,2.067,0.031,0.216,0.0,0.0,6.358
Dennis,GK,Bournemouth,4.0,0.2,5,0.893,,0.893,model,1.749,0.0,0.356,0.0,0.0,5.51
Scherpen,GK,Ipswich,4.5,0.3,5,0.889,,0.889,model,1.669,0.0,0.338,0.0,0.0,5.51
John,GK,Nott'm Forest,4.5,0.1,5,0.887,,0.887,model,2.064,0.0,0.412,0.0,0.0,6.51
Igor,DEF,Brighton,4.5,0.1,5,0.874,,0.874,model,1.58,0.009,0.253,0.0,0.0,5.358
Penders,GK,Chelsea,4.5,0.1,5,0.871,,0.871,model,1.706,0.0,0.355,0.0,0.0,5.51
Odobert,MID,Tottenham,5.5,0.0,5,0.842,,0.842,model,1.332,0.001,0.003,0.0,1.0,1.0
Mamardashvili,GK,Liverpool,5.0,0.2,5,0.839,,0.839,model,1.666,0.0,0.293,0.0,0.0,5.51
Pecsi,GK,Liverpool,4.0,0.1,5,0.831,,0.831,model,1.678,0.0,0.362,0.0,0.0,5.51
Tzimas,FWD,Brighton,5.5,0.0,5,0.827,,0.827,model,2.004,0.003,0.0,0.0,0.0,2.0
Patterson,GK,Sunderland,4.0,1.0,5,0.821,,0.821,model,1.624,0.0,0.307,0.0,0.0,5.51
McNally,GK,Fulham,4.0,0.2,5,0.814,,0.814,model,1.644,0.0,0.335,0.0,0.0,5.51
Davies,GK,Liverpool,4.0,0.1,5,0.808,,0.808,model,1.615,0.0,0.307,0.0,0.0,5.51
Kroupi.Jr,MID,Bournemouth,7.5,4.1,5,0.799,,0.799,model,1.829,0.0,0.003,0.0,0.0,4.627
Harrison,MID,Leeds,5.0,0.0,5,0.794,,0.794,model,1.39,0.0,0.004,0.0,1.0,2.0
Button,GK,Ipswich,4.0,0.5,5,0.792,,0.792,model,1.63,0.0,0.292,0.0,0.0,5.51
Christie,MID,Bournemouth,5.0,0.0,5,0.759,,0.759,model,1.318,0.0,0.002,0.0,1.0,1.0
Van Oevelen,GK,Ipswich,4.5,0.1,5,0.741,,0.741,model,1.645,0.0,0.278,0.0,0.0,5.51
Jörgensen,GK,Chelsea,5.0,0.1,5,0.71,,0.71,model,1.57,0.0,0.247,0.0,0.0,5.51
Walton,GK,Ipswich,4.5,0.6,5,0.706,,0.706,model,1.626,0.0,0.244,0.0,0.0,4.559
L.Miley,MID,Newcastle,5.5,0.0,5,0.696,,0.696,model,1.39,0.005,0.004,0.0,0.0,1.0
Phillips,GK,Hull,4.0,2.0,5,0.68,,0.68,model,1.353,0.0,0.209,0.0,0.0,2.0
Bradley,DEF,Liverpool,5.0,0.0,5,0.63,,0.63,model,1.09,0.005,0.012,0.0,1.0,1.0
Bayindir,GK,Man United,4.5,0.2,5,0.601,,0.601,model,1.663,0.0,0.245,0.0,0.0,5.51
Ekitiké,FWD,Liverpool,7.5,0.2,5,0.567,,0.567,model,1.482,0.0,0.0,0.0,0.0,1.0
Ugarte,MID,Man United,5.0,0.0,5,0.532,,0.532,model,0.942,0.0,0.003,0.0,0.0,1.0
Lo-Tutala,GK,Hull,4.0,0.2,5,0.526,,0.526,model,1.256,0.0,0.155,0.0,0.0,2.0
Tzolakis,GK,Hull,4.5,0.1,5,0.519,,0.519,model,1.434,0.0,0.174,0.0,0.0,2.0
Xavi,MID,Tottenham,6.0,0.0,5,0.514,,0.514,model,1.113,0.001,0.002,0.0,0.0,1.0
Henderson,MID,Chelsea,5.0,0.0,5,0.507,,0.507,model,0.879,0.008,0.004,0.0,0.0,1.0
M.Bizot,GK,Aston Villa,4.5,0.1,5,0.502,,0.502,model,1.42,0.0,0.195,0.0,0.0,2.0
Baleba,MID,Brighton,5.0,0.5,5,0.426,,0.426,model,0.742,0.0,0.005,0.0,0.0,1.0
Savona,DEF,Nott'm Forest,4.5,0.0,5,0.412,,0.412,model,1.131,0.002,0.026,0.0,0.0,1.0
Mitoma,MID,Brighton,6.0,0.2,5,0.407,,0.407,model,0.95,0.0,0.001,0.0,0.0,1.0
Rodrigo,MID,Man City,6.5,0.1,5,0.379,,0.379,model,0.976,0.003,0.005,0.0,0.0,1.0
Ellborg,GK,Sunderland,4.5,0.1,5,0.34,,0.34,model,1.113,0.0,0.123,0.0,0.0,2.0
Kulusevski,MID,Tottenham,6.5,0.0,5,0.335,,0.335,model,1.116,0.0,0.002,0.0,0.0,1.0
Onana,MID,Aston Villa,5.0,0.0,5,0.323,,0.323,model,0.852,0.005,0.002,0.0,0.0,1.0
Milosavljević,DEF,Bournemouth,5.0,0.1,5,0.28,,0.28,model,0.917,0.013,0.009,0.0,0.0,1.0
Fofana,DEF,Chelsea,5.0,0.0,5,0.279,,0.279,model,0.647,0.009,0.012,0.0,0.0,1.0
De Ligt,DEF,Man United,5.0,0.0,5,0.199,,0.199,model,0.773,0.003,0.007,0.0,0.0,1.0
Gudmundsson,DEF,Leeds,4.5,0.4,5,0.182,,0.182,model,0.701,0.005,0.012,0.0,0.0,1.0
J.Timber,DEF,Arsenal,6.5,0.5,5,0.173,,0.173,model,0.756,0.0,0.013,0.0,0.0,1.0
Saliba,DEF,Arsenal,6.0,0.5,5,0.142,,0.142,model,0.655,0.001,0.017,0.0,0.0,1.0
Andersen,DEF,Fulham,5.0,0.1,5,0.086,,0.086,model,0.586,0.007,0.016,0.0,0.0,0.0
Garner,MID,Everton,6.0,0.6,5,0.079,,0.079,model,0.565,0.007,0.005,0.0,0.0,0.0
Uche,FWD,Crystal Palace,5.0,0.0,5,0.049,,0.049,model,0.669,0.001,0.0,0.0,0.0,0.0
Gyabi,MID,Hull,4.5,0.2,5,0.038,,0.038,model,0.443,0.004,0.002,0.0,0.0,0.0
Bajcetic,MID,Liverpool,5.0,0.0,5,0.035,,0.035,model,0.351,0.003,0.003,0.0,0.0,0.0
Burstow,FWD,Hull,4.5,0.6,5,0.035,,0.035,model,0.46,0.001,0.0,0.0,0.0,0.0
Matusiwa,MID,Ipswich,5.0,0.0,5,0.035,,0.035,model,0.536,0.004,0.002,0.0,0.0,0.0
Danns,FWD,Liverpool,4.5,0.0,5,0.032,,0.032,model,0.475,0.0,0.0,0.0,0.0,0.0
Drameh,DEF,Hull,4.0,0.1,5,0.032,,0.032,model,0.47,0.015,0.004,0.0,0.0,0.0
Mateo Joseph,FWD,Leeds,4.5,0.2,5,0.03,,0.03,model,0.383,0.001,0.0,0.0,0.0,0.0
Ferguson,FWD,Brighton,5.0,0.0,5,0.027,,0.027,model,0.33,0.001,0.0,0.0,0.0,0.0
Zambrano,MID,Hull,4.5,0.4,5,0.024,,0.024,model,0.27,0.001,0.001,0.0,0.0,0.0
Watson,MID,Brighton,5.0,0.0,5,0.022,,0.022,model,0.298,0.003,0.003,0.0,0.0,0.0
Matazo,MID,Hull,4.5,0.0,5,0.022,,0.022,model,0.341,0.002,0.001,0.0,0.0,0.0
Butland,GK,Hull,4.5,0.9,5,0.02,,0.02,model,0.29,0.0,0.009,0.0,0.0,0.0
Jaros,GK,Liverpool,4.0,0.0,5,0.02,,0.02,model,0.267,0.0,0.006,0.0,0.0,0.0
Bassette,FWD,Coventry,4.5,0.4,5,0.019,,0.019,model,0.252,0.0,0.0,0.0,0.0,0.0
Cartwright,GK,Hull,4.0,0.1,5,0.018,,0.018,model,0.24,0.0,0.006,0.0,0.0,0.0
Leoni,DEF,Liverpool,4.0,0.1,5,0.018,,0.018,model,0.256,0.007,0.003,0.0,0.0,0.0
Henderson,GK,Crystal Palace,5.0,3.1,5,0.016,,0.016,model,0.255,0.0,0.006,0.0,0.0,0.0
Haaland,FWD,Man City,15.5,74.4,6,6.608,,6.608,model,5.557,0.0,0.0,0.0,7.353,18.06
B.Fernandes,MID,Man United,12.0,48.6,6,6.002,,6.002,model,5.181,0.023,0.34,0.0,5.627,15.717
Mbeumo,MID,Man United,8.0,20.2,6,5.898,,5.898,model,5.17,0.0,0.33,0.0,3.0,15.717
Saka,MID,Arsenal,9.5,10.8,6,5.459,,5.459,model,5.576,0.021,0.363,0.0,3.0,15.717
Gabriel,DEF,Arsenal,8.0,26.5,6,5.136,,5.136,model,4.144,0.281,1.957,0.0,5.358,13.254
Palmer,MID,Chelsea,9.5,11.7,6,5.069,,5.069,model,5.041,0.001,0.207,0.0,3.0,14.717
Enzo,MID,Chelsea,7.0,5.5,6,4.712,,4.712,model,4.417,0.013,0.244,0.0,3.0,14.717
Cunha,MID,Man United,8.0,13.6,6,4.668,,4.668,model,4.657,0.012,0.283,0.0,3.0,14.717
Ndiaye,MID,Everton,6.0,15.9,6,4.456,,4.456,model,4.045,0.069,0.353,0.0,3.0,12.985
João Pedro,FWD,Chelsea,7.5,54.9,6,4.427,,4.427,model,4.496,0.001,0.0,0.0,2.0,12.707
Semenyo,MID,Man City,8.5,23.2,6,4.42,,4.42,model,4.138,0.009,0.261,0.0,2.0,13.03
Rice,MID,Arsenal,7.5,22.4,6,4.337,,4.337,model,3.695,0.155,0.453,0.0,3.0,11.985
Tarkowski,DEF,Everton,6.0,9.9,6,4.283,,4.283,model,3.339,0.311,1.607,0.0,4.0,9.985
Calafiori,DEF,Arsenal,5.5,16.8,6,4.239,,4.239,model,4.363,0.131,1.524,0.0,2.0,13.254
Thiago,FWD,Brentford,8.0,16.1,6,4.192,,4.192,model,4.17,0.022,0.0,0.0,2.0,12.707
Watkins,FWD,Aston Villa,8.0,12.7,6,4.135,,4.135,model,4.31,0.0,0.0,0.0,2.0,12.707
O'Reilly,DEF,Man City,6.5,22.5,6,4.097,,4.097,model,4.443,0.085,0.978,0.0,2.0,13.254
Rogers,MID,Chelsea,7.5,28.8,6,4.053,,4.053,model,3.641,0.009,0.237,0.0,2.0,11.985
Raya,GK,Arsenal,6.0,31.0,6,4.03,,4.03,model,2.536,0.0,2.219,1.0,2.0,6.51
Thiaw,DEF,Newcastle,5.0,2.0,6,3.994,,3.994,model,3.824,0.716,1.039,0.0,3.0,10.896
Isak,FWD,Liverpool,9.0,11.4,6,3.919,,3.919,model,4.384,0.0,0.0,0.0,2.0,12.707
Tzolis,MID,Arsenal,6.5,2.3,6,3.91,,3.91,model,5.249,0.355,0.372,0.0,3.0,15.717
Cherki,MID,Man City,7.5,9.2,6,3.896,,3.896,model,4.375,0.089,0.174,0.0,2.0,12.881
Mosquera,DEF,Arsenal,5.5,15.7,6,3.868,,3.868,model,3.714,0.581,1.459,0.0,2.0,8.896
Amad,MID,Man United,6.0,1.6,6,3.816,,3.816,model,4.331,0.015,0.238,0.0,2.0,12.985
Havertz,FWD,Arsenal,7.5,3.8,6,3.794,,3.794,model,4.869,0.0,0.0,0.0,2.0,12.707
Eze,MID,Arsenal,6.5,3.2,6,3.792,,3.792,model,4.508,0.002,0.318,0.0,2.0,12.985
Guéhi,DEF,Man City,6.0,23.5,6,3.781,,3.781,model,3.437,0.091,1.12,0.0,2.0,9.896
Mukiele,DEF,Sunderland,5.5,7.5,6,3.765,,3.765,model,3.154,0.745,1.188,0.0,3.0,8.358
Keane,DEF,Everton,5.0,1.6,6,3.763,,3.763,model,3.619,0.488,1.339,0.0,2.0,8.999
Foden,MID,Man City,7.0,7.3,6,3.745,,3.745,model,4.37,0.016,0.182,0.0,2.0,12.985
Lacroix,DEF,Chelsea,6.0,11.7,6,3.723,,3.723,model,3.398,0.477,1.061,0.0,2.0,9.896
Muñoz,DEF,Crystal Palace,5.5,11.6,6,3.719,,3.719,model,3.461,0.026,1.244,0.0,2.0,9.985
Hincapie,DEF,Arsenal,5.5,4.2,6,3.717,,3.717,model,3.685,0.489,1.438,0.0,2.0,9.985
Sarr,MID,Crystal Palace,6.5,8.8,6,3.692,,3.692,model,3.966,0.003,0.257,0.0,2.0,10.254
Gyökeres,FWD,Arsenal,7.5,13.1,6,3.688,,3.688,model,4.343,0.001,0.0,0.0,2.0,12.707
Bruno G.,MID,Newcastle,7.0,10.0,6,3.669,,3.669,model,3.291,0.007,0.269,0.0,2.0,9.358
Shaw,DEF,Man United,4.5,24.5,6,3.649,,3.649,model,3.168,0.32,1.316,0.0,2.0,8.896
Gvardiol,DEF,Man City,5.5,12.6,6,3.622,,3.622,model,3.885,0.008,1.007,0.0,2.0,12.254
Ballard,DEF,Sunderland,5.0,3.8,6,3.604,,3.604,model,3.379,0.891,1.02,0.0,3.0,8.896
van Ewijk,DEF,Coventry,4.0,15.9,6,3.603,,3.603,model,3.206,1.079,0.859,0.0,3.0,8.358
Gibbs-White,MID,Nott'm Forest,8.0,11.6,6,3.599,,3.599,model,3.281,0.001,0.267,0.0,2.0,9.358
Wirtz,MID,Liverpool,7.5,12.6,6,3.558,,3.558,model,3.662,0.086,0.146,0.0,2.0,10.259
Dewsbury-Hall,MID,Everton,6.5,3.8,6,3.557,,3.557,model,3.819,0.136,0.291,0.0,2.0,11.358
Anderson,MID,Man City,6.5,12.0,6,3.553,,3.553,model,2.944,0.516,0.232,0.0,3.0,9.358
Mykolenko,DEF,Everton,4.5,1.3,6,3.55,,3.55,model,3.005,0.042,1.562,0.0,2.0,8.896
Pickford,GK,Everton,5.5,8.9,6,3.497,,3.497,model,2.536,0.0,1.766,0.0,2.0,6.51
Groß,MID,Brighton,5.5,9.3,6,3.485,,3.485,model,3.414,0.004,0.278,0.0,2.0,9.358
Dalot,DEF,Man United,5.0,3.0,6,3.472,,3.472,model,3.585,0.052,1.167,0.0,2.0,9.985
Vuskovic,DEF,Brighton,5.0,2.9,6,3.458,,3.458,model,3.509,0.527,1.175,0.0,2.0,8.358
Alderete,DEF,Sunderland,5.0,1.1,6,3.431,,3.431,model,3.311,0.835,1.011,0.0,3.0,8.358
Mitchell,DEF,Crystal Palace,4.5,6.8,6,3.395,,3.395,model,3.017,0.106,1.35,0.0,2.0,8.896
Szoboszlai,MID,Liverpool,7.0,46.5,6,3.388,,3.388,model,3.065,0.081,0.176,0.0,2.0,9.358
Truffert,DEF,Bournemouth,5.5,4.8,6,3.379,,3.379,model,3.018,0.891,0.719,0.0,3.0,8.896
Thomas,DEF,Coventry,4.0,8.7,6,3.371,,3.371,model,3.237,0.997,0.777,0.0,3.0,8.358
Schade,MID,Brentford,6.0,2.1,6,3.363,,3.363,model,3.838,0.009,0.156,0.0,2.0,9.358
Mateta,FWD,Crystal Palace,6.5,6.8,6,3.363,,3.363,model,3.849,0.0,0.0,0.0,2.0,12.707
Senesi,DEF,Tottenham,6.0,10.6,6,3.359,,3.359,model,3.015,1.16,0.501,0.0,3.0,8.896
Rashford,MID,Man United,7.0,1.4,6,3.356,,3.356,model,4.394,0.0,0.188,0.0,2.0,12.886
Struijk,DEF,Brighton,5.0,0.5,6,3.352,,3.352,model,3.336,0.555,1.052,0.0,2.0,8.896
Tavernier,MID,Bournemouth,6.0,1.9,6,3.332,,3.332,model,3.569,0.039,0.139,0.0,2.0,9.358
E.Le Fée,MID,Sunderland,6.0,12.8,6,3.33,,3.33,model,2.7,0.455,0.291,0.0,3.0,8.627
O'Brien,DEF,Everton,5.0,0.5,6,3.317,,3.317,model,3.198,0.081,1.395,0.0,2.0,8.896
Virgil,DEF,Liverpool,6.5,16.5,6,3.312,,3.312,model,3.2,0.488,0.822,0.0,2.0,8.896
Richards,DEF,Crystal Palace,5.0,0.8,6,3.303,,3.303,model,3.233,0.343,1.165,0.0,2.0,8.896
Xhaka,MID,Sunderland,5.5,5.6,6,3.299,,3.299,model,2.557,0.7,0.278,0.0,3.0,8.358
Palestra,DEF,Chelsea,5.5,1.8,6,3.286,,3.286,model,4.011,0.529,0.863,0.0,2.0,8.896
Welbeck,FWD,Chelsea,6.0,2.7,6,3.284,,3.284,model,4.0,0.0,0.0,0.0,2.0,12.707
F.Kadıoğlu,DEF,Brighton,4.5,2.9,6,3.254,,3.254,model,3.166,0.131,1.183,0.0,2.0,8.896
Robinson,DEF,Fulham,4.5,2.6,6,3.251,,3.251,model,3.64,0.016,1.014,0.0,2.0,9.985
Neto,MID,Chelsea,6.5,1.3,6,3.251,,3.251,model,3.541,0.0,0.182,0.0,2.0,9.358
Gakpo,MID,Liverpool,7.0,3.4,6,3.241,,3.241,model,3.619,0.002,0.126,0.0,2.0,9.358
Maguire,DEF,Man United,5.0,8.7,6,3.227,,3.227,model,3.349,0.151,1.124,0.0,2.0,8.896
Merino,MID,Arsenal,6.0,1.2,6,3.219,,3.219,model,4.258,0.022,0.246,0.0,1.0,11.985
Ødegaard,MID,Arsenal,6.5,2.9,6,3.18,,3.18,model,3.862,0.001,0.311,0.0,2.0,10.254
Doku,MID,Man City,7.5,6.4,6,3.18,,3.18,model,3.707,0.015,0.174,0.0,2.0,10.254
N.Williams,DEF,Nott'm Forest,5.0,12.5,6,3.159,,3.159,model,2.996,0.103,1.12,0.0,2.0,8.896
Evanilson,FWD,Bournemouth,6.0,2.0,6,3.134,,3.134,model,3.553,0.0,0.0,0.0,2.0,10.98
Cash,DEF,Aston Villa,4.5,7.8,6,3.088,,3.088,model,2.953,0.027,1.145,0.0,2.0,8.896
Manzambi,MID,Aston Villa,6.0,2.1,6,3.087,,3.087,model,4.224,0.241,0.206,0.0,2.0,10.358
O.Dango,MID,Brentford,6.5,1.4,6,3.067,,3.067,model,3.636,0.011,0.151,0.0,2.0,9.358
Targett,DEF,Hull,4.0,2.7,6,3.056,,3.056,model,3.105,1.165,0.61,0.0,3.0,8.358
Hall,DEF,Newcastle,5.0,4.0,6,3.048,,3.048,model,3.221,0.079,0.981,0.0,2.0,8.896
Rayan,MID,Bournemouth,6.5,3.5,6,3.044,,3.044,model,3.474,0.087,0.135,0.0,2.0,9.358
Estêvão,MID,Chelsea,6.5,1.7,6,3.034,,3.034,model,3.932,0.03,0.117,0.0,1.0,10.39
Milenković,DEF,Nott'm Forest,5.5,2.3,6,3.026,,3.026,model,2.719,0.139,1.178,0.0,2.0,7.896
Lammens,GK,Man United,5.0,20.2,6,3.01,,3.01,model,2.409,0.0,1.404,0.0,2.0,6.51
Verbruggen,GK,Brighton,4.5,17.0,6,3.003,,3.003,model,2.387,0.0,1.42,0.0,2.0,6.51
Burn,DEF,Newcastle,5.0,2.7,6,2.995,,2.995,model,3.019,0.17,1.068,0.0,2.0,8.385
Madueke,MID,Arsenal,6.5,0.4,6,2.99,,2.99,model,4.203,0.001,0.225,0.0,1.0,10.986
Zubimendi,MID,Arsenal,5.5,1.5,6,2.989,,2.989,model,3.149,0.121,0.369,0.0,2.0,9.358
Barnes,MID,Newcastle,6.0,1.2,6,2.986,,2.986,model,3.998,0.001,0.148,0.0,2.0,9.358
Dunk,DEF,Brighton,4.5,0.8,6,2.98,,2.98,model,2.91,0.208,1.162,0.0,2.0,8.358
Hume,DEF,Sunderland,4.5,2.9,6,2.977,,2.977,model,2.981,0.221,1.071,0.0,2.0,8.358
Ampadu,MID,Leeds,5.5,1.6,6,2.974,,2.974,model,2.183,0.847,0.115,0.0,3.0,7.627
Konsa,DEF,Aston Villa,4.5,16.6,6,2.961,,2.961,model,2.749,0.026,1.136,0.0,2.0,6.896
Iwobi,MID,Fulham,5.5,0.9,6,2.947,,2.947,model,2.846,0.007,0.255,0.0,2.0,8.403
Chalobah,DEF,Chelsea,5.5,1.9,6,2.944,,2.944,model,3.104,0.292,0.886,0.0,2.0,8.896
Botman,DEF,Newcastle,5.0,0.4,6,2.933,,2.933,model,3.538,0.669,0.722,0.0,2.0,8.896
McGinn,MID,Aston Villa,5.5,2.7,6,2.923,,2.923,model,3.035,0.005,0.224,0.0,2.0,9.254
Matheus N.,DEF,Man City,6.0,4.8,6,2.921,,2.921,model,3.107,0.05,1.007,0.0,2.0,8.896
Branthwaite,DEF,Everton,5.5,1.9,6,2.919,,2.919,model,2.95,0.009,1.249,0.0,2.0,6.385
N.Jackson,FWD,Chelsea,6.5,0.4,6,2.917,,2.917,model,4.461,0.0,0.0,0.0,1.0,12.707
Scott,MID,Bournemouth,6.0,1.6,6,2.91,,2.91,model,2.968,0.489,0.12,0.0,2.0,8.627
Calvert-Lewin,FWD,Leeds,6.0,24.1,6,2.887,,2.887,model,3.008,0.0,0.0,0.0,2.0,7.353
Sessegnon,DEF,Fulham,4.5,0.4,6,2.877,,2.877,model,3.683,0.386,0.761,0.0,1.0,9.985
Beto,FWD,Everton,5.5,3.2,6,2.869,,2.869,model,3.836,0.0,0.0,0.0,1.0,12.707
Leno,GK,Fulham,4.5,3.2,6,2.867,,2.867,model,2.397,0.0,1.386,0.0,2.0,6.51
Wissa,FWD,Newcastle,6.0,1.4,6,2.843,,2.843,model,4.073,0.0,0.0,0.0,1.0,12.707
Roefs,GK,Sunderland,5.0,5.0,6,2.83,,2.83,model,2.349,0.0,1.3,0.0,2.0,6.51
Wood,FWD,Nott'm Forest,6.0,1.8,6,2.82,,2.82,model,3.453,0.0,0.0,0.0,2.0,7.353
Bassey,DEF,Fulham,4.5,0.6,6,2.818,,2.818,model,2.885,0.07,1.09,0.0,2.0,7.896
Donnarumma,GK,Man City,5.5,11.0,6,2.805,,2.805,model,2.383,0.0,1.225,0.0,2.0,6.51
Rúben,DEF,Man City,5.5,1.4,6,2.795,,2.795,model,2.907,0.039,0.997,0.0,2.0,7.896
Aina,DEF,Nott'm Forest,4.5,4.4,6,2.775,,2.775,model,2.634,0.035,1.074,0.0,2.0,6.358
Caicedo,MID,Chelsea,5.5,3.9,6,2.768,,2.768,model,2.403,0.128,0.227,0.0,2.0,8.358
Aït-Nouri,DEF,Man City,5.5,1.1,6,2.753,,2.753,model,3.54,0.001,0.825,0.0,1.0,9.985
Masuaku,DEF,Sunderland,4.0,1.5,6,2.732,,2.732,model,3.397,0.427,0.908,0.0,2.0,8.358
Fernandes,MID,Tottenham,6.0,3.3,6,2.715,,2.715,model,2.3,0.267,0.111,0.0,2.0,8.358
Canvot,DEF,Crystal Palace,5.0,0.6,6,2.706,,2.706,model,3.319,0.604,0.732,0.0,1.0,8.358
Kusi-Asare,FWD,Fulham,4.5,7.8,6,2.681,,2.681,model,3.926,0.022,0.0,0.0,2.0,12.707
Martinez,GK,Aston Villa,5.0,4.8,6,2.677,,2.677,model,2.304,0.0,1.224,0.0,2.0,6.51
James,DEF,Chelsea,5.5,7.9,6,2.674,,2.674,model,3.212,0.141,0.684,0.0,1.0,8.896
Van Hecke,DEF,Tottenham,5.0,8.3,6,2.674,,2.674,model,2.703,0.546,0.556,0.0,2.0,8.358
Kayode,DEF,Brentford,4.5,3.8,6,2.666,,2.666,model,2.809,0.225,0.821,0.0,2.0,8.358
Wieffer,DEF,Brighton,5.0,0.3,6,2.654,,2.654,model,3.285,0.527,0.661,0.0,1.0,8.358
Colwill,DEF,Chelsea,5.0,1.7,6,2.651,,2.651,model,3.04,0.0,0.879,0.0,2.0,8.896
Collins,DEF,Brentford,5.5,2.0,6,2.643,,2.643,model,2.856,0.219,0.793,0.0,2.0,8.358
Hill,DEF,Bournemouth,5.5,1.2,6,2.639,,2.639,model,3.042,0.764,0.49,0.0,2.0,8.358
Van den Berg,DEF,Brentford,5.0,0.7,6,2.624,,2.624,model,2.981,0.216,0.71,0.0,2.0,8.358
Martinez,DEF,Man United,5.0,0.6,6,2.618,,2.618,model,3.136,0.059,0.965,0.0,2.0,8.358
Stach,MID,Leeds,6.0,1.2,6,2.615,,2.615,model,2.454,0.424,0.1,0.0,2.0,8.358
White,DEF,Arsenal,5.5,0.4,6,2.613,,2.613,model,3.624,0.017,1.05,0.0,1.0,8.985
Martinelli,MID,Arsenal,6.5,0.3,6,2.61,,2.61,model,3.862,0.001,0.165,0.0,1.0,9.358
Solanke,FWD,Tottenham,6.0,2.6,6,2.598,,2.598,model,3.244,0.0,0.0,0.0,2.0,7.353
A.García,DEF,Aston Villa,4.0,1.6,6,2.597,,2.597,model,3.477,0.393,0.83,0.0,2.0,8.358
Šeško,FWD,Man United,7.0,2.6,6,2.586,,2.586,model,3.899,0.001,0.0,0.0,1.0,12.707
Murillo,DEF,Nott'm Forest,5.5,0.2,6,2.583,,2.583,model,2.635,0.123,1.021,0.0,2.0,6.358
Mac Allister,MID,Liverpool,5.5,1.9,6,2.573,,2.573,model,2.737,0.024,0.132,0.0,2.0,8.358
Garnacho,MID,Aston Villa,6.0,1.0,6,2.565,,2.565,model,3.534,0.001,0.12,0.0,1.0,9.358
Gomez,MID,Brighton,5.0,1.8,6,2.559,,2.559,model,3.106,0.067,0.191,0.0,2.0,9.358
Egan,DEF,Hull,4.0,1.2,6,2.556,,2.556,model,3.11,0.99,0.507,0.0,2.0,8.358
Schär,DEF,Newcastle,5.0,0.2,6,2.554,,2.554,model,3.208,0.051,0.843,0.0,1.0,8.896
Woltemade,FWD,Newcastle,6.0,1.8,6,2.547,,2.547,model,3.382,0.004,0.0,0.0,2.0,7.353
Gusto,DEF,Chelsea,5.0,1.1,6,2.534,,2.534,model,3.271,0.037,0.69,0.0,1.0,8.896
Sels,GK,Nott'm Forest,5.0,1.4,6,2.533,,2.533,model,2.311,0.0,1.123,0.0,2.0,6.51
Jacquet,DEF,Liverpool,5.0,1.6,6,2.503,,2.503,model,3.397,0.507,0.555,0.0,2.0,8.358
Wharton,MID,Crystal Palace,5.5,0.3,6,2.5,,2.5,model,2.757,0.191,0.211,0.0,2.0,8.358
Buendía,MID,Aston Villa,6.0,0.9,6,2.493,,2.493,model,3.214,0.049,0.117,0.0,1.0,9.358
Anthony,MID,Brentford,6.0,0.2,6,2.485,,2.485,model,3.112,0.154,0.119,0.0,2.0,8.358
Damsgaard,MID,Brentford,5.5,0.7,6,2.481,,2.481,model,2.783,0.043,0.135,0.0,2.0,8.358
Yoro,DEF,Man United,5.0,0.7,6,2.47,,2.47,model,3.245,0.187,0.758,0.0,1.0,8.358
Reinildo,DEF,Sunderland,4.5,0.5,6,2.468,,2.468,model,2.681,0.378,0.86,0.0,2.0,8.358
Tete,DEF,Fulham,4.5,0.2,6,2.45,,2.45,model,3.033,0.115,0.909,0.0,1.0,8.358
Davis,DEF,Ipswich,4.0,4.0,6,2.441,,2.441,model,2.891,0.001,0.793,0.0,2.0,7.896
Sánchez,GK,Chelsea,5.0,2.0,6,2.432,,2.432,model,2.23,0.0,1.049,0.0,2.0,6.51
Gomes,MID,Aston Villa,5.5,0.3,6,2.429,,2.429,model,2.449,0.061,0.209,0.0,2.0,8.358
Sangaré,MID,Brentford,5.5,1.3,6,2.423,,2.423,model,3.371,0.192,0.144,0.0,2.0,8.358
Hughes,DEF,Hull,4.0,0.9,6,2.42,,2.42,model,2.872,0.915,0.522,0.0,2.0,8.358
J.Murphy,MID,Newcastle,6.0,0.2,6,2.418,,2.418,model,3.261,0.001,0.142,0.0,2.0,9.254
Gravenberch,MID,Liverpool,6.0,1.9,6,2.416,,2.416,model,2.047,0.034,0.16,0.0,2.0,8.358
Andrey Santos,MID,Man United,5.0,1.4,6,2.409,,2.409,model,3.324,0.164,0.157,0.0,1.0,9.358
Brobbey,FWD,Sunderland,6.0,18.7,6,2.39,,2.39,model,2.592,0.001,0.0,0.0,2.0,7.353
Kluivert,MID,Bournemouth,6.0,1.1,6,2.384,,2.384,model,3.091,0.001,0.111,0.0,2.0,8.358
Dorgu,MID,Man United,6.0,1.7,6,2.383,,2.383,model,3.091,0.023,0.178,0.0,2.0,8.372
Minteh,MID,Brighton,6.0,0.7,6,2.383,,2.383,model,2.893,0.011,0.191,0.0,2.0,8.358
A.Murphy,DEF,Newcastle,4.0,0.8,6,2.383,,2.383,model,3.26,0.418,0.703,0.0,1.0,8.358
Wilson,MID,Leeds,6.5,8.3,6,2.383,,2.383,model,2.49,0.015,0.087,0.0,2.0,8.358
Munoz,MID,Liverpool,6.5,0.8,6,2.382,,2.382,model,3.552,0.289,0.117,0.0,2.0,8.358
Romero,DEF,Tottenham,5.0,1.1,6,2.377,,2.377,model,2.799,0.579,0.466,0.0,2.0,8.358
Digne,DEF,Aston Villa,4.5,1.4,6,2.373,,2.373,model,2.998,0.013,0.738,0.0,1.0,8.896
Pope,GK,Newcastle,5.0,1.1,6,2.366,,2.366,model,2.428,0.0,1.073,0.0,2.0,6.51
Ajayi,DEF,Hull,4.0,0.7,6,2.356,,2.356,model,2.991,0.882,0.514,0.0,2.0,8.358
Khusanov,DEF,Man City,5.5,2.0,6,2.351,,2.351,model,2.843,0.132,0.78,0.0,1.0,7.896
Reed,MID,Fulham,4.5,1.1,6,2.34,,2.34,model,3.559,0.231,0.197,0.0,2.0,8.358
Ngumoha,MID,Liverpool,6.0,1.6,6,2.336,,2.336,model,3.137,0.034,0.091,0.0,1.0,8.358
Smith Rowe,MID,Fulham,5.5,0.4,6,2.312,,2.312,model,3.042,0.005,0.165,0.0,2.0,8.358
Yeremy,MID,Crystal Palace,5.5,0.2,6,2.306,,2.306,model,3.384,0.069,0.143,0.0,1.0,9.254
Maddison,MID,Tottenham,6.5,1.9,6,2.304,,2.304,model,3.122,0.0,0.067,0.0,1.0,8.358
Hinshelwood,MID,Brighton,6.0,0.3,6,2.299,,2.299,model,2.85,0.005,0.191,0.0,2.0,8.358
Van de Ven,DEF,Tottenham,5.0,6.8,6,2.292,,2.292,model,2.566,0.365,0.548,0.0,2.0,7.358
Barry,FWD,Everton,5.5,0.9,6,2.291,,2.291,model,3.256,0.0,0.0,0.0,1.0,7.353
Burrowes,MID,Aston Villa,4.5,0.9,6,2.29,,2.29,model,3.479,0.202,0.171,0.0,2.0,8.358
Pedro Porro,DEF,Tottenham,5.5,23.5,6,2.285,,2.285,model,2.582,0.215,0.516,0.0,2.0,7.896
Tielemans,MID,Man United,6.0,0.9,6,2.275,,2.275,model,3.066,0.019,0.174,0.0,2.0,8.372
Rodon,DEF,Leeds,4.5,1.8,6,2.268,,2.268,model,2.319,0.761,0.43,0.0,2.0,7.358
Sadiki,MID,Sunderland,5.0,0.4,6,2.256,,2.256,model,2.078,0.155,0.234,0.0,2.0,5.677
Giles,DEF,Hull,4.0,0.6,6,2.242,,2.242,model,2.952,0.861,0.446,0.0,1.0,8.358
De Cuyper,DEF,Brighton,4.5,1.3,6,2.24,,2.24,model,3.167,0.091,0.54,0.0,1.0,8.896
Meunier,DEF,Sunderland,4.5,0.5,6,2.234,,2.234,model,3.13,0.342,0.758,0.0,1.0,8.358
Coyle,DEF,Hull,4.0,0.5,6,2.229,,2.229,model,3.032,0.819,0.446,0.0,1.0,8.358
Reijnders,MID,Man City,6.0,0.4,6,2.225,,2.225,model,3.585,0.019,0.111,0.0,1.0,9.358
Kelleher,GK,Brentford,5.0,5.6,6,2.224,,2.224,model,2.177,0.0,0.857,0.0,2.0,6.51
Nedeljkovic,DEF,Aston Villa,4.0,0.6,6,2.222,,2.222,model,3.346,0.369,0.667,0.0,1.0,8.358
Crooks,MID,Hull,4.5,0.7,6,2.22,,2.22,model,3.135,0.171,0.112,0.0,2.0,8.358
Osula,FWD,Newcastle,6.0,1.5,6,2.218,,2.218,model,3.222,0.0,0.0,0.0,1.0,7.353
Dowman,MID,Arsenal,5.5,0.2,6,2.201,,2.201,model,4.214,0.155,0.235,0.0,0.0,9.358
Delap,FWD,Chelsea,5.5,0.5,6,2.201,,2.201,model,3.16,0.0,0.0,0.0,1.0,7.353
Slater,MID,Hull,4.5,2.0,6,2.201,,2.201,model,2.642,0.189,0.124,0.0,2.0,8.358
Obi,FWD,Man United,4.5,1.2,6,2.189,,2.189,model,4.212,0.013,0.0,0.0,0.0,12.707
Tonali,MID,Tottenham,5.5,4.1,6,2.186,,2.186,model,2.134,0.033,0.098,0.0,2.0,8.358
Castagne,DEF,Fulham,4.5,0.2,6,2.166,,2.166,model,2.969,0.049,0.723,0.0,1.0,7.896
Palmer,GK,Ipswich,4.0,5.9,6,2.163,,2.163,model,3.636,0.0,0.637,0.0,1.0,12.019
Sangaré,MID,Nott'm Forest,5.0,0.6,6,2.162,,2.162,model,2.269,0.388,0.155,0.0,2.0,5.627
Brooks,MID,Bournemouth,5.0,0.2,6,2.154,,2.154,model,3.169,0.007,0.046,0.0,1.0,8.358
Mainoo,MID,Man United,5.5,1.3,6,2.152,,2.152,model,2.546,0.053,0.2,0.0,2.0,8.358
Muharemović,DEF,Leeds,5.0,1.4,6,2.148,,2.148,model,2.719,0.656,0.424,0.0,1.0,7.358
Elanga,MID,Newcastle,6.0,0.7,6,2.148,,2.148,model,2.863,0.0,0.134,0.0,1.0,8.358
Diop,DEF,Ipswich,4.0,19.1,6,2.148,,2.148,model,2.649,0.181,0.689,0.0,1.0,7.896
Igor Jesus,FWD,Nott'm Forest,6.0,5.1,6,2.147,,2.147,model,2.506,0.009,0.0,0.0,2.0,7.353
Maatsen,DEF,Aston Villa,4.5,0.6,6,2.136,,2.136,model,2.946,0.054,0.545,0.0,1.0,7.9
Wright,FWD,Coventry,5.5,1.8,6,2.132,,2.132,model,3.553,0.017,0.0,0.0,2.0,7.353
Mazraoui,DEF,Man United,4.5,0.7,6,2.125,,2.125,model,2.75,0.021,0.755,0.0,1.0,6.358
Savinho,MID,Man City,6.5,0.1,6,2.123,,2.123,model,3.276,0.001,0.085,0.0,1.0,8.358
Ayari,MID,Brighton,5.5,0.7,6,2.118,,2.118,model,2.479,0.073,0.187,0.0,2.0,8.358
Dasilva,DEF,Coventry,4.0,0.5,6,2.116,,2.116,model,3.007,0.613,0.516,0.0,1.0,8.358
Frimpong,DEF,Liverpool,5.5,3.0,6,2.116,,2.116,model,2.808,0.033,0.481,0.0,1.0,7.896
Amass,DEF,Man United,4.0,0.2,6,2.107,,2.107,model,3.702,0.345,0.639,0.0,0.0,8.358
Berge,MID,Fulham,5.0,0.4,6,2.104,,2.104,model,2.028,0.053,0.237,0.0,2.0,5.627
Furlong,DEF,Ipswich,4.0,0.4,6,2.1,,2.1,model,3.184,0.592,0.516,0.0,0.0,8.358
Amenda,DEF,Coventry,4.0,0.5,6,2.1,,2.1,model,3.028,0.635,0.449,0.0,1.0,8.358
Pau,DEF,Aston Villa,4.5,0.3,6,2.099,,2.099,model,2.787,0.021,0.76,0.0,1.0,6.358
Kerkez,DEF,Liverpool,5.5,5.5,6,2.096,,2.096,model,2.572,0.033,0.616,0.0,1.0,6.896
Aznou,DEF,Everton,4.0,0.2,6,2.095,,2.095,model,3.454,0.234,0.79,0.0,0.0,8.358
A.Becker,GK,Liverpool,5.5,4.1,6,2.093,,2.093,model,2.07,0.0,0.773,0.0,2.0,6.51
Kipré,DEF,Ipswich,4.0,0.4,6,2.084,,2.084,model,2.955,0.635,0.501,0.0,0.0,8.358
Mings,DEF,Aston Villa,4.5,0.2,6,2.081,,2.081,model,3.059,0.073,0.648,0.0,1.0,8.358
Lewis-Potter,MID,Brentford,5.5,0.5,6,2.08,,2.08,model,2.451,0.0,0.129,0.0,2.0,8.358
Zirkzee,FWD,Man United,5.5,0.7,6,2.077,,2.077,model,3.104,0.0,0.0,0.0,1.0,7.353
O'Shea,DEF,Ipswich,4.0,1.9,6,2.076,,2.076,model,2.491,0.0,0.738,0.0,1.0,6.358
Hackney,MID,Everton,5.5,0.3,6,2.074,,2.074,model,3.681,0.134,0.195,0.0,0.0,9.358
García,FWD,Fulham,6.0,1.4,6,2.036,,2.036,model,3.509,0.017,0.0,0.0,2.0,7.353
Yarmoliuk,MID,Brentford,5.0,1.5,6,2.035,,2.035,model,1.954,0.229,0.139,0.0,2.0,5.627
Florentino,MID,Ipswich,5.0,0.0,6,2.028,,2.028,model,2.315,0.631,0.114,0.0,1.0,5.0
Richarlison,FWD,Tottenham,6.0,2.0,6,2.028,,2.028,model,2.727,0.013,0.0,0.0,1.0,7.353
Aaronson,MID,Leeds,5.5,0.8,6,2.026,,2.026,model,2.278,0.136,0.08,0.0,2.0,7.664
Touré,MID,Newcastle,6.0,0.2,6,2.023,,2.023,model,3.73,0.219,0.136,0.0,0.0,8.627
Hjelde,DEF,Sunderland,4.0,0.3,6,2.017,,2.017,model,3.197,0.32,0.68,0.0,0.0,8.358
Strand Larsen,FWD,Crystal Palace,6.0,0.6,6,2.017,,2.017,model,2.436,0.0,0.0,0.0,2.0,7.353
Mount,MID,Man United,5.5,0.1,6,2.013,,2.013,model,3.188,0.025,0.088,0.0,1.0,8.358
Bijol,DEF,Leeds,5.0,0.3,6,2.009,,2.009,model,2.381,0.769,0.325,0.0,1.0,7.358
Hughes,MID,Crystal Palace,4.5,11.1,6,2.008,,2.008,model,2.14,0.019,0.189,0.0,2.0,6.627
Johnson,MID,Crystal Palace,6.0,0.1,6,2.008,,2.008,model,2.852,0.003,0.144,0.0,1.0,8.358
Kitching,DEF,Coventry,4.0,0.5,6,2.006,,2.006,model,2.863,0.613,0.479,0.0,0.0,8.358
O'Nien,DEF,Sunderland,4.0,2.4,6,2.005,,2.005,model,2.65,0.175,0.69,0.0,1.0,7.358
Hutchinson,MID,Nott'm Forest,5.5,0.2,6,2.005,,2.005,model,2.482,0.003,0.165,0.0,2.0,8.358
Bobb,MID,Fulham,5.5,0.4,6,2.0,,2.0,model,2.791,0.054,0.117,0.0,1.0,8.358
Marmoush,FWD,Man City,7.0,0.7,6,1.996,,1.996,model,3.112,0.001,0.0,0.0,1.0,7.353
McAteer,MID,Ipswich,4.5,1.6,6,1.995,,1.995,model,2.473,0.001,0.12,0.0,2.0,8.358
Muniz,FWD,Fulham,5.5,0.7,6,1.991,,1.991,model,2.855,0.0,0.0,0.0,1.0,7.353
Okafor,MID,Leeds,6.0,0.7,6,1.989,,1.989,model,2.589,0.063,0.072,0.0,2.0,8.358
Hato,DEF,Chelsea,4.5,1.0,6,1.982,,1.982,model,2.763,0.261,0.475,0.0,1.0,7.896
Fletcher,MID,Man United,4.5,0.3,6,1.981,,1.981,model,3.593,0.135,0.163,0.0,0.0,8.358
Adams,MID,Bournemouth,5.0,0.7,6,1.975,,1.975,model,2.099,0.117,0.116,0.0,2.0,5.627
Andrews,MID,Coventry,4.5,0.7,6,1.975,,1.975,model,2.899,0.177,0.116,0.0,2.0,8.358
Kamada,MID,Crystal Palace,5.0,0.3,6,1.975,,1.975,model,2.502,0.069,0.17,0.0,1.0,7.627
G.Jesus,FWD,Arsenal,6.0,0.4,6,1.967,,1.967,model,3.39,0.002,0.0,0.0,1.0,7.353
Ajer,DEF,Brentford,4.5,1.6,6,1.962,,1.962,model,2.468,0.209,0.545,0.0,1.0,6.896
Lukić,MID,Fulham,5.0,0.1,6,1.96,,1.96,model,2.538,0.022,0.179,0.0,2.0,8.358
Steele,GK,Brighton,4.0,4.5,6,1.934,,1.934,model,2.368,0.0,0.917,0.0,1.0,6.51
Olusesi,MID,Tottenham,4.5,0.9,6,1.928,,1.928,model,2.723,0.205,0.08,0.0,2.0,5.627
Bogle,DEF,Leeds,4.5,0.4,6,1.927,,1.927,model,2.515,0.375,0.384,0.0,1.0,7.358
Jensen,MID,Brentford,5.5,0.1,6,1.923,,1.923,model,2.56,0.078,0.095,0.0,1.0,8.259
Grealish,MID,Man City,6.5,0.2,6,1.922,,1.922,model,2.956,0.039,0.114,0.0,1.0,8.358
Diarra,MID,Sunderland,5.5,0.1,6,1.921,,1.921,model,2.848,0.013,0.141,0.0,1.0,8.358
McNeil,MID,Everton,5.5,0.1,6,1.916,,1.916,model,2.876,0.015,0.153,0.0,1.0,8.358
Disasi,DEF,Chelsea,4.5,0.1,6,1.909,,1.909,model,2.725,0.0,0.622,0.0,1.0,6.358
Joelinton,MID,Newcastle,5.5,0.0,6,1.884,,1.884,model,2.785,0.057,0.136,0.0,1.0,8.358
C.Jones,MID,Liverpool,5.5,0.1,6,1.883,,1.883,model,2.615,0.077,0.073,0.0,1.0,8.358
Enes Ünal,FWD,Bournemouth,5.5,0.2,6,1.866,,1.866,model,2.475,0.0,0.0,0.0,1.0,6.353
Bentancur,MID,Tottenham,5.5,0.1,6,1.863,,1.863,model,1.94,0.259,0.079,0.0,2.0,5.0
Petrović,GK,Bournemouth,4.5,3.7,6,1.862,,1.862,model,1.966,0.0,0.669,0.0,1.0,6.51
J.Ramsey,MID,Newcastle,5.0,0.4,6,1.859,,1.859,model,2.419,0.032,0.13,0.0,1.0,7.358
Kamara,MID,Aston Villa,5.0,0.1,6,1.856,,1.856,model,2.183,0.029,0.168,0.0,2.0,6.627
Hudson-Odoi,MID,Nott'm Forest,6.0,0.0,6,1.853,,1.853,model,2.357,0.001,0.141,0.0,1.0,7.358
Soler,DEF,Bournemouth,4.0,0.6,6,1.851,,1.851,model,2.882,0.408,0.434,0.0,1.0,7.358
Fredricson,DEF,Man United,4.0,0.1,6,1.84,,1.84,model,3.344,0.324,0.594,0.0,0.0,8.358
Yates,MID,Nott'm Forest,4.5,7.1,6,1.837,,1.837,model,2.034,0.009,0.151,0.0,1.0,6.627
Bendito Mantato,MID,Man United,4.5,0.2,6,1.833,,1.833,model,3.589,0.133,0.152,0.0,0.0,8.358
Neave,FWD,Newcastle,4.5,0.7,6,1.832,,1.832,model,3.82,0.015,0.0,0.0,0.0,7.353
Nketiah,FWD,Crystal Palace,5.5,0.5,6,1.824,,1.824,model,2.621,0.001,0.0,0.0,1.0,7.353
Barkley,MID,Aston Villa,5.0,0.2,6,1.808,,1.808,model,2.505,0.022,0.077,0.0,1.0,7.358
Svoboda,DEF,Brighton,5.0,0.1,6,1.803,,1.803,model,3.098,0.258,0.607,0.0,0.0,8.358
Mingueza,DEF,Crystal Palace,4.5,0.1,6,1.794,,1.794,model,3.182,0.283,0.596,0.0,0.0,7.372
Livramento,DEF,Newcastle,5.0,0.1,6,1.792,,1.792,model,2.682,0.006,0.635,0.0,1.0,6.358
Heaven,DEF,Man United,4.5,0.3,6,1.79,,1.79,model,2.842,0.241,0.519,0.0,1.0,8.358
Lacey,MID,Man United,5.0,0.1,6,1.789,,1.789,model,3.759,0.124,0.139,0.0,0.0,8.358
Maeda,MID,Ipswich,5.5,0.4,6,1.786,,1.786,model,2.887,0.136,0.118,0.0,2.0,8.358
Bindon,DEF,Nott'm Forest,4.0,0.2,6,1.77,,1.77,model,2.917,0.311,0.548,0.0,0.0,7.358
Lewis,DEF,Man City,4.5,0.2,6,1.77,,1.77,model,2.727,0.001,0.449,0.0,1.0,6.358
Kudus,MID,Tottenham,6.5,0.2,6,1.767,,1.767,model,2.543,0.007,0.061,0.0,2.0,8.358
D.Essugo,MID,Chelsea,4.5,0.2,6,1.765,,1.765,model,3.456,0.161,0.113,0.0,0.0,8.358
Nørgaard,MID,Everton,5.0,0.5,6,1.765,,1.765,model,2.694,0.0,0.159,0.0,1.0,8.358
M.Sarr,DEF,Chelsea,4.5,0.1,6,1.762,,1.762,model,3.163,0.291,0.513,0.0,0.0,8.358
George Hemmings,MID,Aston Villa,4.5,0.3,6,1.756,,1.756,model,3.194,0.143,0.137,0.0,0.0,8.358
Silva,DEF,Bournemouth,5.0,0.2,6,1.749,,1.749,model,3.024,0.416,0.363,0.0,0.0,7.358
Walle Egeli,FWD,Ipswich,4.5,2.1,6,1.74,,1.74,model,2.865,0.016,0.0,0.0,2.0,7.353
Coppola,DEF,Brighton,4.5,0.0,6,1.74,,1.74,model,3.115,0.307,0.533,0.0,0.0,8.358
Chiesa,MID,Liverpool,5.5,0.2,6,1.734,,1.734,model,2.564,0.039,0.03,0.0,1.0,7.358
Destan,FWD,Hull,4.5,2.5,6,1.731,,1.731,model,2.781,0.016,0.0,0.0,2.0,7.353
Abraham,FWD,Aston Villa,5.5,0.1,6,1.729,,1.729,model,2.566,0.002,0.0,0.0,1.0,6.353
J.Fletcher,MID,Man United,5.0,0.0,6,1.725,,1.725,model,3.847,0.113,0.138,0.0,0.0,8.358
Tel,MID,Tottenham,6.0,0.4,6,1.723,,1.723,model,2.393,0.017,0.051,0.0,1.0,7.627
Belloumi,MID,Hull,5.0,0.5,6,1.722,,1.722,model,2.584,0.153,0.097,0.0,2.0,5.627
Danso,DEF,Tottenham,5.0,0.2,6,1.721,,1.721,model,2.22,0.559,0.286,0.0,1.0,6.358
N.Gonzalez,MID,Man City,5.5,0.1,6,1.72,,1.72,model,2.368,0.223,0.119,0.0,1.0,5.627
Quenda,MID,Chelsea,5.5,0.1,6,1.72,,1.72,model,3.435,0.159,0.095,0.0,0.0,8.358
Alleyne,DEF,Man City,5.0,0.0,6,1.719,,1.719,model,3.481,0.184,0.519,0.0,0.0,7.358
Mason-Clark,MID,Coventry,5.5,0.3,6,1.715,,1.715,model,2.901,0.14,0.104,0.0,0.0,8.358
O.Richards,DEF,Nott'm Forest,4.0,0.2,6,1.715,,1.715,model,2.741,0.27,0.565,0.0,0.0,7.358
Fábio Vieira,MID,Arsenal,5.5,0.0,6,1.705,,1.705,model,3.598,0.122,0.186,0.0,0.0,8.358
Georginio,FWD,Brighton,5.5,0.8,6,1.704,,1.704,model,2.242,0.008,0.0,0.0,1.0,7.353
Howell,MID,Brighton,4.5,0.3,6,1.704,,1.704,model,2.803,0.163,0.165,0.0,0.0,5.627
Adli,MID,Bournemouth,5.0,0.2,6,1.704,,1.704,model,2.463,0.131,0.037,0.0,1.0,7.358
Meslier,GK,Arsenal,5.0,0.1,6,1.703,,1.703,model,2.659,0.0,0.948,0.0,0.0,6.51
Collyer,MID,Man United,5.0,0.0,6,1.702,,1.702,model,3.865,0.125,0.123,0.0,0.0,8.358
Scarlett,FWD,Tottenham,4.5,1.7,6,1.702,,1.702,model,2.788,0.018,0.0,0.0,2.0,7.353
Mheuka,FWD,Chelsea,4.5,0.4,6,1.689,,1.689,model,3.574,0.011,0.0,0.0,0.0,7.353
Ramsay,DEF,Liverpool,4.0,0.2,6,1.688,,1.688,model,2.851,0.473,0.368,0.0,0.0,7.358
Spence,DEF,Tottenham,4.5,9.0,6,1.687,,1.687,model,2.308,0.063,0.401,0.0,1.0,6.358
Janelt,MID,Brentford,5.0,0.1,6,1.681,,1.681,model,2.198,0.053,0.101,0.0,2.0,5.627
George,MID,Everton,5.5,0.1,6,1.676,,1.676,model,2.521,0.017,0.049,0.0,1.0,7.358
Gittens,MID,Chelsea,6.0,0.1,6,1.676,,1.676,model,2.491,0.013,0.038,0.0,1.0,7.358
Awoniyi,FWD,Nott'm Forest,5.5,0.4,6,1.676,,1.676,model,2.418,0.0,0.0,0.0,1.0,6.353
King,MID,Fulham,5.5,0.1,6,1.673,,1.673,model,2.503,0.049,0.083,0.0,1.0,7.627
Greaves,DEF,Ipswich,4.0,0.5,6,1.673,,1.673,model,2.45,0.002,0.571,0.0,1.0,6.358
Palacios,MID,Fulham,5.5,0.1,6,1.671,,1.671,model,3.328,0.129,0.127,0.0,0.0,8.358
Barco,MID,Chelsea,5.5,0.0,6,1.667,,1.667,model,3.497,0.167,0.1,0.0,0.0,8.358
Wilson,FWD,Brentford,5.5,0.4,6,1.659,,1.659,model,2.416,0.0,0.0,0.0,1.0,7.353
Cardines,DEF,Crystal Palace,4.5,0.0,6,1.657,,1.657,model,3.053,0.258,0.558,0.0,0.0,8.358
Echeverri,MID,Man City,5.0,0.0,6,1.656,,1.656,model,3.491,0.121,0.114,0.0,0.0,8.358
Sosa,DEF,Crystal Palace,4.5,0.0,6,1.654,,1.654,model,2.902,0.257,0.552,0.0,0.0,7.896
Hirst,FWD,Ipswich,5.0,0.4,6,1.652,,1.652,model,2.281,0.0,0.0,0.0,1.0,6.353
Abbott,DEF,Nott'm Forest,4.0,0.2,6,1.65,,1.65,model,2.727,0.256,0.548,0.0,0.0,7.358
Elliott,MID,Liverpool,5.5,0.1,6,1.649,,1.649,model,2.338,0.008,0.022,0.0,1.0,7.358
Steur,MID,Newcastle,5.0,0.1,6,1.647,,1.647,model,3.19,0.179,0.113,0.0,0.0,8.358
Adingra,MID,Sunderland,5.0,0.3,6,1.647,,1.647,model,2.315,0.004,0.098,0.0,1.0,7.358
Shepherd,MID,Coventry,4.5,0.3,6,1.645,,1.645,model,2.876,0.144,0.098,0.0,0.0,5.627
Dowell,MID,Hull,4.5,0.5,6,1.645,,1.645,model,2.462,0.159,0.095,0.0,2.0,5.627
Oriola,MID,Brighton,4.5,0.2,6,1.644,,1.644,model,2.886,0.15,0.149,0.0,0.0,5.627
McNair,DEF,Hull,4.0,0.1,6,1.644,,1.644,model,2.835,0.613,0.312,0.0,0.0,7.358
Lerma,MID,Crystal Palace,5.0,0.1,6,1.641,,1.641,model,2.055,0.056,0.138,0.0,1.0,5.627
Gallagher,MID,Tottenham,5.5,0.2,6,1.639,,1.639,model,2.256,0.213,0.056,0.0,1.0,5.627
Torp,MID,Coventry,5.5,0.2,6,1.636,,1.636,model,3.013,0.136,0.094,0.0,0.0,8.358
Isidor,FWD,Sunderland,5.5,1.2,6,1.634,,1.634,model,2.295,0.001,0.0,0.0,1.0,7.353
Nwaneri,MID,Arsenal,5.5,0.0,6,1.628,,1.628,model,2.562,0.002,0.075,0.0,1.0,7.358
Vitor Reis,DEF,Man City,4.5,0.0,6,1.628,,1.628,model,3.353,0.191,0.481,0.0,0.0,7.358
Furo,FWD,Brentford,4.5,0.9,6,1.619,,1.619,model,3.166,0.013,0.0,0.0,0.0,7.353
Alcaraz,MID,Everton,5.0,0.1,6,1.613,,1.613,model,2.423,0.009,0.088,0.0,1.0,7.358
Bamba,MID,Newcastle,5.0,0.1,6,1.612,,1.612,model,3.124,0.189,0.119,0.0,0.0,8.358
Cook,MID,Bournemouth,5.0,0.1,6,1.611,,1.611,model,1.907,0.021,0.092,0.0,2.0,5.627
Costinha,DEF,Brighton,4.5,0.0,6,1.61,,1.61,model,2.78,0.239,0.578,0.0,0.0,7.358
McCarthy,DEF,Hull,4.0,0.1,6,1.608,,1.608,model,2.605,0.629,0.33,0.0,0.0,7.358
P.M.Sarr,MID,Tottenham,5.0,0.4,6,1.604,,1.604,model,2.014,0.055,0.05,0.0,1.0,5.627
Simms,FWD,Coventry,5.0,0.6,6,1.599,,1.599,model,3.101,0.01,0.0,0.0,0.0,7.353
Bailey,MID,Aston Villa,5.5,0.1,6,1.594,,1.594,model,2.477,0.006,0.062,0.0,1.0,7.358
Thomas-Asante,FWD,Coventry,5.0,0.9,6,1.59,,1.59,model,2.962,0.005,0.0,0.0,0.0,7.353
Morato,DEF,Nott'm Forest,5.0,0.1,6,1.59,,1.59,model,2.401,0.163,0.442,0.0,1.0,6.358
Bidwell,DEF,Coventry,4.0,0.1,6,1.589,,1.589,model,2.769,0.483,0.359,0.0,0.0,7.358
Monga,MID,Man City,5.0,0.0,6,1.589,,1.589,model,3.474,0.106,0.109,0.0,0.0,8.358
Grimes,MID,Coventry,5.0,0.2,6,1.586,,1.586,model,2.864,0.131,0.094,0.0,0.0,6.627
Onyeka,MID,Coventry,5.0,0.2,6,1.583,,1.583,model,2.689,0.156,0.1,0.0,0.0,6.627
Arrizabalaga,GK,Arsenal,5.0,0.1,6,1.582,,1.582,model,2.632,0.0,0.872,0.0,0.0,6.51
Kevin,MID,Fulham,5.5,0.1,6,1.577,,1.577,model,2.133,0.053,0.065,0.0,1.0,7.358
Iroegbunam,MID,Everton,5.0,0.1,6,1.577,,1.577,model,2.178,0.163,0.13,0.0,1.0,5.0
Gannon-Doak,MID,Bournemouth,5.0,0.1,6,1.573,,1.573,model,3.275,0.151,0.079,0.0,0.0,8.358
Anselmino,DEF,Chelsea,4.5,0.0,6,1.572,,1.572,model,2.983,0.263,0.423,0.0,0.0,7.358
McBurnie,FWD,Hull,5.5,1.7,6,1.562,,1.562,model,2.549,0.017,0.0,0.0,0.0,7.353
Seelt,DEF,Sunderland,4.5,0.0,6,1.557,,1.557,model,2.794,0.249,0.527,0.0,0.0,7.358
Dubravka,GK,Tottenham,4.0,23.3,6,1.551,,1.551,model,1.852,0.0,0.532,0.0,1.0,6.51
Acheampong,DEF,Chelsea,4.5,0.2,6,1.55,,1.55,model,2.759,0.102,0.315,0.0,1.0,7.896
Darlow,GK,Man United,4.5,0.1,6,1.549,,1.549,model,2.52,0.0,0.708,0.0,0.0,6.51
Yohanna,MID,Brighton,5.0,0.1,6,1.548,,1.548,model,2.797,0.174,0.13,0.0,0.0,5.627
Borges Rodrigues,MID,Coventry,4.5,0.2,6,1.541,,1.541,model,2.726,0.137,0.089,0.0,0.0,5.627
Willock,MID,Newcastle,5.0,0.1,6,1.54,,1.54,model,2.236,0.013,0.076,0.0,1.0,7.358
Koumas,MID,Liverpool,5.0,0.0,6,1.536,,1.536,model,2.916,0.185,0.073,0.0,0.0,8.358
Latibeaudiere,DEF,Coventry,4.0,0.1,6,1.532,,1.532,model,2.631,0.458,0.365,0.0,0.0,7.358
Justin,DEF,Leeds,4.5,0.5,6,1.532,,1.532,model,2.231,0.079,0.405,0.0,1.0,6.358
Iling Jr,MID,Aston Villa,5.0,0.0,6,1.531,,1.531,model,3.413,0.133,0.1,0.0,0.0,8.358
McConnell,MID,Liverpool,4.5,0.2,6,1.525,,1.525,model,2.711,0.145,0.085,0.0,0.0,5.0
Philogene,MID,Ipswich,5.5,0.2,6,1.524,,1.524,model,2.291,0.001,0.052,0.0,1.0,7.358
Marc Guiu,FWD,Chelsea,5.0,0.4,6,1.522,,1.522,model,2.846,0.0,0.0,0.0,1.0,6.353
Kovačić,MID,Man City,5.5,0.0,6,1.517,,1.517,model,2.472,0.0,0.097,0.0,1.0,7.358
Brau,DEF,Coventry,4.0,0.1,6,1.514,,1.514,model,2.656,0.453,0.34,0.0,0.0,7.358
Kesler-Hayden,DEF,Coventry,4.0,0.1,6,1.512,,1.512,model,2.598,0.463,0.366,0.0,0.0,7.358
Tosin,DEF,Chelsea,4.5,0.2,6,1.509,,1.509,model,2.361,0.105,0.407,0.0,1.0,6.358
Ndoye,MID,Nott'm Forest,5.5,0.5,6,1.505,,1.505,model,1.999,0.085,0.088,0.0,1.0,5.627
Akpom,FWD,Ipswich,5.0,0.5,6,1.504,,1.504,model,2.898,0.009,0.0,0.0,0.0,7.353
Doucouré,MID,Crystal Palace,5.0,0.1,6,1.503,,1.503,model,3.001,0.143,0.128,0.0,0.0,5.627
Dominguez,MID,Nott'm Forest,5.0,0.1,6,1.503,,1.503,model,1.974,0.033,0.086,0.0,1.0,5.627
Guessand,MID,Aston Villa,5.5,0.0,6,1.502,,1.502,model,2.361,0.047,0.062,0.0,1.0,7.358
Robertson,DEF,Tottenham,4.5,1.9,6,1.496,,1.496,model,2.322,0.011,0.292,0.0,1.0,6.358
Souza,DEF,Tottenham,4.0,0.3,6,1.495,,1.495,model,2.614,0.439,0.273,0.0,0.0,6.358
Rodríguez,FWD,Bournemouth,6.0,0.3,6,1.494,,1.494,model,3.208,0.015,0.0,0.0,0.0,7.353
Mukasa,MID,Man City,4.5,0.1,6,1.492,,1.492,model,2.899,0.126,0.109,0.0,0.0,5.627
J.Araujo,DEF,Bournemouth,4.5,0.1,6,1.488,,1.488,model,2.823,0.336,0.311,0.0,0.0,7.358
Talbi,MID,Sunderland,5.5,0.2,6,1.486,,1.486,model,2.063,0.017,0.118,0.0,1.0,5.677
Alysson,MID,Aston Villa,5.0,0.0,6,1.486,,1.486,model,3.052,0.136,0.112,0.0,0.0,5.627
Nelson,MID,Arsenal,5.5,0.0,6,1.474,,1.474,model,2.881,0.025,0.047,0.0,1.0,7.358
Horníček,GK,Newcastle,5.0,0.3,6,1.467,,1.467,model,2.143,0.0,0.643,0.0,0.0,6.51
Schuster,DEF,Brentford,4.5,0.1,6,1.466,,1.466,model,2.818,0.259,0.379,0.0,0.0,6.358
Clarke,MID,Ipswich,5.5,0.3,6,1.46,,1.46,model,1.858,0.0,0.061,0.0,1.0,5.627
Travers,GK,Everton,5.0,0.1,6,1.459,,1.459,model,2.391,0.0,0.723,0.0,0.0,6.51
J.Cuenca,DEF,Fulham,4.5,0.0,6,1.459,,1.459,model,2.442,0.215,0.408,0.0,0.0,7.358
Matthews,GK,Crystal Palace,4.0,1.7,6,1.456,,1.456,model,2.22,0.0,0.678,0.0,0.0,6.51
Schlager,MID,Nott'm Forest,5.0,0.1,6,1.454,,1.454,model,2.649,0.155,0.11,0.0,0.0,5.0
Esse,MID,Crystal Palace,5.0,0.1,6,1.454,,1.454,model,2.719,0.145,0.132,0.0,0.0,5.0
Nyoni,MID,Liverpool,5.0,0.1,6,1.447,,1.447,model,2.782,0.153,0.069,0.0,0.0,5.031
Tanaka,MID,Leeds,5.0,0.3,6,1.44,,1.44,model,1.916,0.173,0.046,0.0,1.0,5.0
Buonanotte,MID,Brighton,5.0,0.1,6,1.439,,1.439,model,2.276,0.0,0.072,0.0,1.0,7.358
Kinsky,GK,Tottenham,4.5,19.2,6,1.436,,1.436,model,1.852,0.0,0.473,0.0,1.0,6.51
Núñez,MID,Ipswich,5.0,0.2,6,1.431,,1.431,model,2.474,0.123,0.088,0.0,0.0,5.0
Tóth.A,MID,Bournemouth,5.0,0.0,6,1.429,,1.429,model,3.027,0.13,0.067,0.0,0.0,5.627
Jair Cunha,DEF,Nott'm Forest,4.5,0.4,6,1.428,,1.428,model,2.32,0.152,0.366,0.0,1.0,6.358
Mehmeti,MID,Ipswich,5.0,0.1,6,1.424,,1.424,model,2.586,0.129,0.097,0.0,0.0,5.627
Sakamoto,MID,Coventry,5.0,0.1,6,1.418,,1.418,model,2.645,0.133,0.084,0.0,0.0,5.0
Kostoulas,FWD,Brighton,5.5,0.3,6,1.417,,1.417,model,2.322,0.017,0.0,0.0,1.0,6.353
Vicario,GK,Tottenham,4.5,1.5,6,1.415,,1.415,model,1.767,0.0,0.464,0.0,1.0,5.51
Drakes-Thomas,MID,Crystal Palace,4.5,0.1,6,1.414,,1.414,model,2.576,0.153,0.133,0.0,0.0,5.0
Szmodics,MID,Ipswich,5.0,0.1,6,1.414,,1.414,model,2.382,0.0,0.068,0.0,1.0,7.358
Fatawu,MID,Ipswich,5.5,0.3,6,1.413,,1.413,model,2.229,0.003,0.066,0.0,1.0,6.627
Morita,MID,Hull,5.0,0.1,6,1.4,,1.4,model,2.598,0.12,0.074,0.0,0.0,5.627
Mundle,MID,Sunderland,5.0,0.0,6,1.399,,1.399,model,1.604,0.017,0.032,0.0,1.0,4.627
Nmecha,FWD,Leeds,5.5,0.6,6,1.394,,1.394,model,1.776,0.005,0.0,0.0,1.0,6.353
J.Rak-Sakyi,MID,Crystal Palace,5.0,0.0,6,1.379,,1.379,model,2.67,0.143,0.122,0.0,0.0,5.0
Carvalho,MID,Brentford,5.0,0.0,6,1.378,,1.378,model,2.008,0.002,0.007,0.0,1.0,7.358
Tchaouna,MID,Coventry,5.5,0.1,6,1.373,,1.373,model,1.96,0.013,0.056,0.0,1.0,5.627
Dasilva,MID,Brentford,5.0,0.0,6,1.369,,1.369,model,2.793,0.137,0.077,0.0,0.0,5.0
Moore,MID,Tottenham,5.0,0.1,6,1.366,,1.366,model,2.582,0.14,0.059,0.0,0.0,5.0
Lucky,DEF,Liverpool,4.0,0.1,6,1.365,,1.365,model,2.413,0.388,0.289,0.0,0.0,6.358
Sanchez,DEF,Bournemouth,4.5,0.0,6,1.364,,1.364,model,2.754,0.325,0.301,0.0,0.0,7.358
Phillips,DEF,Tottenham,4.5,0.1,6,1.359,,1.359,model,2.556,0.385,0.279,0.0,0.0,6.358
Ji-soo,DEF,Brentford,4.5,0.0,6,1.358,,1.358,model,2.773,0.261,0.339,0.0,0.0,6.358
M.França,MID,Crystal Palace,5.0,0.0,6,1.357,,1.357,model,2.558,0.151,0.119,0.0,0.0,5.0
Markelo,FWD,Coventry,5.0,0.1,6,1.353,,1.353,model,2.86,0.009,0.0,0.0,0.0,7.353
Emersonn,FWD,Ipswich,5.5,0.3,6,1.348,,1.348,model,2.795,0.009,0.0,0.0,0.0,7.353
Udogie,DEF,Tottenham,4.5,0.4,6,1.345,,1.345,model,1.953,0.027,0.328,0.0,1.0,6.358
Patterson,GK,Sunderland,4.0,1.0,6,1.342,,1.342,model,2.157,0.0,0.624,0.0,0.0,6.51
McAtee,MID,Nott'm Forest,5.5,0.1,6,1.341,,1.341,model,2.077,0.02,0.035,0.0,1.0,7.358
Lecomte,GK,Fulham,4.0,1.4,6,1.333,,1.333,model,2.123,0.0,0.613,0.0,0.0,6.51
Lavia,MID,Chelsea,5.0,0.0,6,1.333,,1.333,model,1.943,0.006,0.045,0.0,1.0,5.627
Gray,MID,Tottenham,5.0,0.2,6,1.33,,1.33,model,1.699,0.007,0.058,0.0,1.0,3.0
Jocelin.T,MID,Sunderland,5.0,0.0,6,1.32,,1.32,model,2.53,0.138,0.11,0.0,0.0,5.0
Armstrong,MID,Everton,5.0,0.1,6,1.318,,1.318,model,2.366,0.047,0.073,0.0,1.0,7.358
Tsimikas,DEF,Liverpool,5.0,0.1,6,1.314,,1.314,model,2.225,0.009,0.216,0.0,1.0,6.358
Bergvall,MID,Tottenham,5.5,0.2,6,1.314,,1.314,model,1.756,0.009,0.046,0.0,1.0,4.0
Boscagli,DEF,Brighton,4.5,0.1,6,1.314,,1.314,model,2.385,0.206,0.408,0.0,0.0,6.358
Diakité,DEF,Bournemouth,5.0,0.2,6,1.313,,1.313,model,2.221,0.374,0.293,0.0,0.0,6.358
Kalimuendo,FWD,Nott'm Forest,5.5,0.1,6,1.31,,1.31,model,2.795,0.019,0.0,0.0,0.0,7.353
Millar,MID,Hull,5.0,0.1,6,1.309,,1.309,model,2.465,0.102,0.083,0.0,0.0,4.0
Eccles,MID,Coventry,5.0,0.0,6,1.306,,1.306,model,2.645,0.104,0.082,0.0,0.0,5.0
Cairney,MID,Fulham,5.0,0.0,6,1.302,,1.302,model,1.937,0.005,0.049,0.0,1.0,5.627
Lindelöf,DEF,Aston Villa,4.5,0.2,6,1.301,,1.301,model,2.01,0.005,0.407,0.0,1.0,6.358
Gomez,DEF,Liverpool,5.0,0.1,6,1.3,,1.3,model,1.929,0.065,0.212,0.0,1.0,6.358
King,GK,Everton,4.5,0.1,6,1.3,,1.3,model,2.236,0.0,0.688,0.0,0.0,6.51
Henry,DEF,Brentford,4.5,0.2,6,1.295,,1.295,model,1.919,0.043,0.283,0.0,1.0,6.358
Al-Hamadi,FWD,Ipswich,5.0,0.2,6,1.289,,1.289,model,2.582,0.012,0.0,0.0,0.0,7.353
Ogbene,MID,Ipswich,5.0,0.0,6,1.283,,1.283,model,2.485,0.117,0.078,0.0,0.0,5.0
Johnson,DEF,Ipswich,4.0,0.1,6,1.279,,1.279,model,2.27,0.006,0.298,0.0,1.0,6.358
Byfield,DEF,Tottenham,4.0,0.1,6,1.279,,1.279,model,2.294,0.395,0.243,0.0,0.0,6.358
Dovin,GK,Coventry,4.0,2.6,6,1.269,,1.269,model,1.967,0.0,0.532,0.0,0.0,6.51
Longstaff,MID,Leeds,5.0,0.2,6,1.267,,1.267,model,1.576,0.042,0.036,0.0,1.0,4.0
Rudoni,MID,Coventry,5.0,0.3,6,1.259,,1.259,model,2.65,0.104,0.07,0.0,0.0,5.0
Emegha,FWD,Chelsea,5.0,0.2,6,1.257,,1.257,model,3.127,0.011,0.0,0.0,0.0,7.353
Rowswell,DEF,Tottenham,4.0,0.1,6,1.251,,1.251,model,2.44,0.371,0.26,0.0,0.0,6.358
Rushworth,GK,Coventry,4.5,0.9,6,1.25,,1.25,model,2.169,0.0,0.489,0.0,0.0,6.51
Kamara,MID,Hull,5.0,0.0,6,1.246,,1.246,model,2.335,0.113,0.072,0.0,0.0,4.0
Dibling,MID,Everton,5.5,0.1,6,1.245,,1.245,model,2.184,0.0,0.08,0.0,1.0,5.627
Röhl,MID,Everton,5.0,0.1,6,1.239,,1.239,model,2.237,0.077,0.077,0.0,1.0,5.627
Benitez,GK,Crystal Palace,4.5,0.1,6,1.233,,1.233,model,2.181,0.0,0.592,0.0,0.0,6.51
Lewis-Skelly,MID,Arsenal,5.5,0.3,6,1.232,,1.232,model,1.629,0.0,0.132,0.0,1.0,3.0
Burns,MID,Ipswich,5.0,0.1,6,1.232,,1.232,model,1.954,0.0,0.061,0.0,1.0,4.627
Akintola,MID,Hull,5.0,0.0,6,1.225,,1.225,model,2.429,0.105,0.066,0.0,0.0,4.0
Phillips,MID,Man City,5.0,0.0,6,1.223,,1.223,model,2.103,0.0,0.088,0.0,0.0,5.627
Ömür,MID,Hull,5.0,0.0,6,1.216,,1.216,model,2.222,0.119,0.073,0.0,0.0,5.0
Piroe,FWD,Leeds,5.0,0.5,6,1.195,,1.195,model,2.145,0.013,0.0,0.0,0.0,7.353
O'Riley,MID,Brighton,5.5,0.1,6,1.192,,1.192,model,2.171,0.0,0.067,0.0,1.0,5.627
Jacob,DEF,Hull,4.0,0.0,6,1.187,,1.187,model,2.489,0.44,0.232,0.0,0.0,7.358
Davies,DEF,Tottenham,4.0,0.8,6,1.182,,1.182,model,1.986,0.01,0.282,0.0,1.0,5.919
Angulo,MID,Sunderland,5.0,0.1,6,1.176,,1.176,model,2.067,0.001,0.078,0.0,1.0,4.677
Gruev,MID,Leeds,5.0,0.0,6,1.176,,1.176,model,1.57,0.075,0.045,0.0,1.0,4.0
Rigg,MID,Sunderland,5.0,0.1,6,1.173,,1.173,model,1.949,0.04,0.065,0.0,1.0,4.627
Devenny,MID,Crystal Palace,5.0,0.0,6,1.167,,1.167,model,1.911,0.017,0.048,0.0,1.0,4.627
Hickey,DEF,Brentford,4.5,0.1,6,1.166,,1.166,model,1.899,0.088,0.18,0.0,1.0,5.358
B.Badiashile,DEF,Chelsea,4.5,0.0,6,1.165,,1.165,model,1.928,0.112,0.282,0.0,1.0,6.358
Gnonto,MID,Leeds,5.0,0.1,6,1.164,,1.164,model,1.42,0.061,0.013,0.0,1.0,4.0
Smith,DEF,Bournemouth,4.5,0.1,6,1.159,,1.159,model,1.844,0.012,0.305,0.0,1.0,5.627
Bakwa,MID,Nott'm Forest,5.5,0.0,6,1.144,,1.144,model,1.885,0.021,0.047,0.0,1.0,4.627
Netz,DEF,Nott'm Forest,4.5,0.0,6,1.135,,1.135,model,1.774,0.007,0.241,0.0,1.0,6.358
Gillespie,GK,Newcastle,4.5,0.0,6,1.13,,1.13,model,2.017,0.0,0.525,0.0,0.0,6.51
Chadi Riad,DEF,Crystal Palace,4.5,0.1,6,1.13,,1.13,model,2.277,0.084,0.341,0.0,0.0,6.358
Gelhardt,MID,Leeds,5.0,0.0,6,1.126,,1.126,model,2.016,0.113,0.05,0.0,0.0,4.0
James,MID,Leeds,5.0,0.1,6,1.122,,1.122,model,1.405,0.017,0.016,0.0,1.0,3.0
Heaton,GK,Man United,4.0,0.3,6,1.115,,1.115,model,2.045,0.0,0.528,0.0,0.0,6.51
Woolfenden,DEF,Coventry,4.0,0.2,6,1.109,,1.109,model,1.886,0.007,0.312,0.0,0.0,6.358
McNally,GK,Fulham,4.0,0.2,6,1.105,,1.105,model,2.003,0.0,0.52,0.0,0.0,6.51
Endo,MID,Liverpool,5.0,0.0,6,1.102,,1.102,model,1.429,0.017,0.009,0.0,1.0,2.0
Wilson,GK,Coventry,4.5,0.6,6,1.098,,1.098,model,1.833,0.0,0.448,0.0,0.0,6.51
Bettinelli,GK,Man City,4.5,0.0,6,1.095,,1.095,model,2.043,0.0,0.498,0.0,0.0,6.51
Bogarde,MID,Aston Villa,5.0,0.1,6,1.09,,1.09,model,1.325,0.008,0.073,0.0,1.0,3.0
Taylor,MID,Ipswich,4.5,0.2,6,1.087,,1.087,model,1.172,0.0,0.001,0.0,1.0,1.0
Phillips,GK,Hull,4.0,2.0,6,1.066,,1.066,model,1.777,0.0,0.415,0.0,0.0,5.559
Igor,DEF,Brighton,4.5,0.1,6,1.061,,1.061,model,1.918,0.007,0.36,0.0,0.0,6.358
Trafford,GK,Leeds,5.0,1.9,6,1.056,,1.056,model,1.709,0.0,0.364,0.0,0.0,5.51
Jaouen,GK,Newcastle,4.5,0.1,6,1.047,,1.047,model,1.952,0.0,0.486,0.0,0.0,6.51
Milambo,MID,Brentford,5.0,0.0,6,1.022,,1.022,model,2.434,0.092,0.055,0.0,0.0,4.0
Pinnock,DEF,Brentford,4.5,0.1,6,0.992,,0.992,model,2.042,0.011,0.353,0.0,0.0,6.358
Woodman,GK,Liverpool,4.0,1.2,6,0.981,,0.981,model,1.726,0.0,0.38,0.0,0.0,5.51
Scherpen,GK,Ipswich,4.5,0.3,6,0.974,,0.974,model,1.785,0.0,0.406,0.0,0.0,6.51
Penders,GK,Chelsea,4.5,0.1,6,0.974,,0.974,model,1.884,0.0,0.442,0.0,0.0,6.51
Van Oevelen,GK,Ipswich,4.5,0.1,6,0.965,,0.965,model,1.798,0.0,0.421,0.0,0.0,6.51
Button,GK,Ipswich,4.0,0.5,6,0.96,,0.96,model,1.845,0.0,0.415,0.0,0.0,6.51
Tzimas,FWD,Brighton,5.5,0.0,6,0.941,,0.941,model,2.353,0.011,0.0,0.0,0.0,7.353
Patterson,DEF,Everton,4.5,0.0,6,0.896,,0.896,model,1.882,0.044,0.216,0.0,0.0,6.358
Forster,GK,Bournemouth,4.0,3.1,6,0.89,,0.89,model,1.763,0.0,0.313,0.0,0.0,5.51
Mamardashvili,GK,Liverpool,5.0,0.2,6,0.883,,0.883,model,1.74,0.0,0.329,0.0,0.0,5.51
Valdimarsson,GK,Brentford,4.5,0.1,6,0.861,,0.861,model,1.681,0.0,0.352,0.0,0.0,5.51
Walton,GK,Ipswich,4.5,0.6,6,0.854,,0.854,model,1.836,0.0,0.356,0.0,0.0,6.51
Tzolakis,GK,Hull,4.5,0.1,6,0.825,,0.825,model,1.678,0.0,0.319,0.0,0.0,5.51
Pecsi,GK,Liverpool,4.0,0.1,6,0.802,,0.802,model,1.653,0.0,0.31,0.0,0.0,5.51
Odobert,MID,Tottenham,5.5,0.0,6,0.797,,0.797,model,1.157,0.0,0.002,0.0,1.0,1.0
Lo-Tutala,GK,Hull,4.0,0.2,6,0.792,,0.792,model,1.546,0.0,0.286,0.0,0.0,5.51
Jörgensen,GK,Chelsea,5.0,0.1,6,0.777,,0.777,model,1.726,0.0,0.293,0.0,0.0,5.51
John,GK,Nott'm Forest,4.5,0.1,6,0.769,,0.769,model,1.8,0.0,0.355,0.0,0.0,6.51
Kroupi.Jr,MID,Bournemouth,7.5,4.1,6,0.762,,0.762,model,1.841,0.0,0.002,0.0,0.0,4.627
Davies,GK,Liverpool,4.0,0.1,6,0.76,,0.76,model,1.551,0.0,0.287,0.0,0.0,5.51
Perri,GK,Leeds,4.5,0.7,6,0.756,,0.756,model,1.539,0.0,0.266,0.0,0.0,5.51
Bayindir,GK,Man United,4.5,0.2,6,0.749,,0.749,model,1.968,0.0,0.343,0.0,0.0,6.51
Dennis,GK,Bournemouth,4.0,0.2,6,0.726,,0.726,model,1.703,0.0,0.26,0.0,0.0,5.51
Christie,MID,Bournemouth,5.0,0.0,6,0.721,,0.721,model,1.242,0.001,0.001,0.0,1.0,1.0
Bornauw,DEF,Leeds,4.5,0.0,6,0.721,,0.721,model,1.312,0.137,0.064,0.0,0.0,3.0
Austin,GK,Tottenham,4.0,0.6,6,0.68,,0.68,model,1.487,0.0,0.238,0.0,0.0,4.51
Harrison,MID,Leeds,5.0,0.0,6,0.676,,0.676,model,0.971,0.0,0.001,0.0,1.0,1.0
Bradley,DEF,Liverpool,5.0,0.0,6,0.633,,0.633,model,1.125,0.005,0.017,0.0,0.0,1.0
L.Miley,MID,Newcastle,5.5,0.0,6,0.629,,0.629,model,1.257,0.001,0.004,0.0,0.0,1.0
Ellborg,GK,Sunderland,4.5,0.1,6,0.581,,0.581,model,1.74,0.0,0.253,0.0,0.0,5.51
Ekitiké,FWD,Liverpool,7.5,0.2,6,0.559,,0.559,model,1.373,0.0,0.0,0.0,0.0,1.0
Henderson,MID,Chelsea,5.0,0.0,6,0.542,,0.542,model,1.106,0.003,0.003,0.0,0.0,1.0
Ugarte,MID,Man United,5.0,0.0,6,0.521,,0.521,model,0.92,0.0,0.003,0.0,0.0,1.0
Xavi,MID,Tottenham,6.0,0.0,6,0.51,,0.51,model,1.126,0.001,0.001,0.0,0.0,1.0
M.Bizot,GK,Aston Villa,4.5,0.1,6,0.494,,0.494,model,1.343,0.0,0.191,0.0,0.0,2.0
Baleba,MID,Brighton,5.0,0.5,6,0.459,,0.459,model,0.822,0.001,0.004,0.0,0.0,1.0
Mitoma,MID,Brighton,6.0,0.2,6,0.452,,0.452,model,1.171,0.0,0.004,0.0,0.0,1.0
Savona,DEF,Nott'm Forest,4.5,0.0,6,0.37,,0.37,model,0.858,0.001,0.012,0.0,0.0,1.0
Rodrigo,MID,Man City,6.5,0.1,6,0.366,,0.366,model,0.945,0.008,0.001,0.0,0.0,1.0
Onana,MID,Aston Villa,5.0,0.0,6,0.341,,0.341,model,0.903,0.003,0.002,0.0,0.0,1.0
Fofana,DEF,Chelsea,5.0,0.0,6,0.282,,0.282,model,0.752,0.006,0.007,0.0,0.0,1.0
Milosavljević,DEF,Bournemouth,5.0,0.1,6,0.266,,0.266,model,0.775,0.015,0.004,0.0,0.0,1.0
Kulusevski,MID,Tottenham,6.5,0.0,6,0.265,,0.265,model,0.755,0.0,0.001,0.0,0.0,1.0
De Ligt,DEF,Man United,5.0,0.0,6,0.2,,0.2,model,0.789,0.001,0.009,0.0,0.0,1.0
J.Timber,DEF,Arsenal,6.5,0.5,6,0.197,,0.197,model,0.844,0.001,0.026,0.0,0.0,1.0
Gudmundsson,DEF,Leeds,4.5,0.4,6,0.156,,0.156,model,0.598,0.002,0.007,0.0,0.0,1.0
Saliba,DEF,Arsenal,6.0,0.5,6,0.129,,0.129,model,0.658,0.001,0.02,0.0,0.0,1.0
Garner,MID,Everton,6.0,0.6,6,0.101,,0.101,model,0.73,0.005,0.005,0.0,0.0,0.0
Andersen,DEF,Fulham,5.0,0.1,6,0.096,,0.096,model,0.623,0.004,0.022,0.0,0.0,1.0
Watson,MID,Brighton,5.0,0.0,6,0.049,,0.049,model,0.559,0.003,0.006,0.0,0.0,0.0
Leoni,DEF,Liverpool,4.0,0.1,6,0.04,,0.04,model,0.49,0.01,0.013,0.0,0.0,0.0
Ferguson,FWD,Brighton,5.0,0.0,6,0.037,,0.037,model,0.53,0.0,0.0,0.0,0.0,0.0
Uche,FWD,Crystal Palace,5.0,0.0,6,0.037,,0.037,model,0.598,0.0,0.0,0.0,0.0,0.0
Burstow,FWD,Hull,4.5,0.6,6,0.035,,0.035,model,0.446,0.0,0.0,0.0,0.0,0.0
Bajcetic,MID,Liverpool,5.0,0.0,6,0.034,,0.034,model,0.445,0.003,0.001,0.0,0.0,0.0
Danns,FWD,Liverpool,4.5,0.0,6,0.033,,0.033,model,0.651,0.0,0.0,0.0,0.0,0.0
Henderson,GK,Crystal Palace,5.0,3.1,6,0.032,,0.032,model,0.407,0.0,0.018,0.0,0.0,0.0
Drameh,DEF,Hull,4.0,0.1,6,0.03,,0.03,model,0.351,0.016,0.004,0.0,0.0,0.0
Bassette,FWD,Coventry,4.5,0.4,6,0.029,,0.029,model,0.381,0.001,0.0,0.0,0.0,0.0
Matazo,MID,Hull,4.5,0.0,6,0.028,,0.028,model,0.384,0.001,0.001,0.0,0.0,0.0
Cartwright,GK,Hull,4.0,0.1,6,0.027,,0.027,model,0.338,0.0,0.011,0.0,0.0,0.0
Jaros,GK,Liverpool,4.0,0.0,6,0.026,,0.026,model,0.351,0.0,0.012,0.0,0.0,0.0
Zambrano,MID,Hull,4.5,0.4,6,0.026,,0.026,model,0.316,0.003,0.002,0.0,0.0,0.0
Gyabi,MID,Hull,4.5,0.2,6,0.025,,0.025,model,0.245,0.001,0.002,0.0,0.0,0.0
Butland,GK,Hull,4.5,0.9,6,0.025,,0.025,model,0.33,0.0,0.011,0.0,0.0,0.0
Matusiwa,MID,Ipswich,5.0,0.0,6,0.023,,0.023,model,0.301,0.003,0.002,0.0,0.0,0.0
Mateo Joseph,FWD,Leeds,4.5,0.2,6,0.022,,0.022,model,0.265,0.0,0.0,0.0,0.0,0.0
Haaland,FWD,Man City,15.5,74.4,7,9.283,,9.283,model,7.295,0.0,0.0,0.0,7.353,23.413
O'Reilly,DEF,Man City,6.5,22.5,7,6.133,,6.133,model,5.808,0.081,1.687,0.0,5.627,16.881
Semenyo,MID,Man City,8.5,23.2,7,6.126,,6.126,model,5.511,0.008,0.454,0.0,3.0,15.717
Guéhi,DEF,Man City,6.0,23.5,7,5.618,,5.618,model,4.352,0.089,2.075,0.0,6.358,13.254
Cherki,MID,Man City,7.5,9.2,7,5.545,,5.545,model,6.006,0.086,0.314,0.0,3.0,17.612
Gvardiol,DEF,Man City,5.5,12.6,7,5.334,,5.334,model,5.047,0.008,1.796,0.0,5.358,14.281
Foden,MID,Man City,7.0,7.3,7,5.304,,5.304,model,5.898,0.012,0.338,0.0,3.0,16.612
B.Fernandes,MID,Man United,12.0,48.6,7,5.207,,5.207,model,4.534,0.025,0.24,0.0,3.0,14.717
Senesi,DEF,Tottenham,6.0,10.6,7,5.102,,5.102,model,3.737,1.167,1.402,0.0,4.0,11.985
Mbeumo,MID,Man United,8.0,20.2,7,5.081,,5.081,model,4.536,0.0,0.236,0.0,3.0,14.717
Thiago,FWD,Brentford,8.0,16.1,7,4.644,,4.644,model,4.546,0.021,0.0,0.0,2.0,12.707
Saka,MID,Arsenal,9.5,10.8,7,4.623,,4.623,model,4.823,0.031,0.31,0.0,3.0,14.717
Palmer,MID,Chelsea,9.5,11.7,7,4.563,,4.563,model,4.799,0.002,0.204,0.0,2.0,14.717
Truffert,DEF,Bournemouth,5.5,4.8,7,4.511,,4.511,model,3.412,0.911,1.387,0.0,4.0,10.896
Gabriel,DEF,Arsenal,8.0,26.5,7,4.49,,4.49,model,3.684,0.309,1.694,0.0,4.0,11.985
Anderson,MID,Man City,6.5,12.0,7,4.427,,4.427,model,3.598,0.499,0.454,0.0,3.0,11.358
Van Hecke,DEF,Tottenham,5.0,8.3,7,4.385,,4.385,model,3.516,0.507,1.44,0.0,4.0,10.896
Doku,MID,Man City,7.5,6.4,7,4.335,,4.335,model,4.875,0.007,0.325,0.0,3.0,14.717
Matheus N.,DEF,Man City,6.0,4.8,7,4.243,,4.243,model,3.8,0.059,1.723,0.0,2.0,10.999
Robinson,DEF,Fulham,4.5,2.6,7,4.145,,4.145,model,4.212,0.026,1.572,0.0,2.0,13.254
Cunha,MID,Man United,8.0,13.6,7,4.07,,4.07,model,4.024,0.007,0.211,0.0,2.0,11.985
Donnarumma,GK,Man City,5.5,11.0,7,4.027,,4.027,model,2.712,0.0,2.195,0.0,2.0,6.51
Enzo,MID,Chelsea,7.0,5.5,7,3.982,,3.982,model,3.751,0.012,0.229,0.0,2.0,11.985
Rúben,DEF,Man City,5.5,1.4,7,3.98,,3.98,model,3.64,0.037,1.691,0.0,2.0,9.985
Isak,FWD,Liverpool,9.0,11.4,7,3.951,,3.951,model,4.467,0.0,0.0,0.0,2.0,12.707
Ndiaye,MID,Everton,6.0,15.9,7,3.949,,3.949,model,3.725,0.065,0.238,0.0,2.0,10.358
Aït-Nouri,DEF,Man City,5.5,1.1,7,3.933,,3.933,model,4.365,0.001,1.408,0.0,2.0,13.254
Watkins,FWD,Aston Villa,8.0,12.7,7,3.869,,3.869,model,4.033,0.0,0.0,0.0,2.0,12.707
Vuskovic,DEF,Brighton,5.0,2.9,7,3.864,,3.864,model,3.987,0.514,1.353,0.0,2.0,8.896
Pedro Porro,DEF,Tottenham,5.5,23.5,7,3.853,,3.853,model,3.428,0.207,1.299,0.0,2.0,9.985
João Pedro,FWD,Chelsea,7.5,54.9,7,3.836,,3.836,model,3.852,0.0,0.0,0.0,2.0,12.707
Wirtz,MID,Liverpool,7.5,12.6,7,3.809,,3.809,model,3.951,0.081,0.17,0.0,2.0,11.985
Thiaw,DEF,Newcastle,5.0,2.0,7,3.809,,3.809,model,3.759,0.76,0.898,0.0,3.0,10.896
Schade,MID,Brentford,6.0,2.1,7,3.776,,3.776,model,4.266,0.005,0.178,0.0,2.0,12.985
Calafiori,DEF,Arsenal,5.5,16.8,7,3.77,,3.77,model,3.942,0.149,1.297,0.0,2.0,12.254
Struijk,DEF,Brighton,5.0,0.5,7,3.758,,3.758,model,3.628,0.541,1.308,0.0,2.0,9.985
Van de Ven,DEF,Tottenham,5.0,6.8,7,3.729,,3.729,model,3.262,0.363,1.329,0.0,2.0,8.896
Szoboszlai,MID,Liverpool,7.0,46.5,7,3.715,,3.715,model,3.386,0.079,0.191,0.0,2.0,9.358
Calvert-Lewin,FWD,Leeds,6.0,24.1,7,3.705,,3.705,model,3.904,0.0,0.0,0.0,2.0,12.707
Raya,GK,Arsenal,6.0,31.0,7,3.697,,3.697,model,2.484,0.0,1.959,0.0,2.0,6.51
F.Kadıoğlu,DEF,Brighton,4.5,2.9,7,3.694,,3.694,model,3.469,0.123,1.398,0.0,2.0,9.985
Groß,MID,Brighton,5.5,9.3,7,3.673,,3.673,model,3.604,0.006,0.339,0.0,2.0,10.254
Rice,MID,Arsenal,7.5,22.4,7,3.66,,3.66,model,3.126,0.152,0.378,0.0,3.0,9.358
Tavernier,MID,Bournemouth,6.0,1.9,7,3.656,,3.656,model,3.902,0.043,0.268,0.0,2.0,10.259
Romero,DEF,Tottenham,5.0,1.1,7,3.634,,3.634,model,3.675,0.571,1.116,0.0,2.0,10.896
Bassey,DEF,Fulham,4.5,0.6,7,3.632,,3.632,model,3.268,0.069,1.636,0.0,2.0,8.896
Mosquera,DEF,Arsenal,5.5,15.7,7,3.577,,3.577,model,3.358,0.581,1.29,0.0,2.0,8.358
Hincapie,DEF,Arsenal,5.5,4.2,7,3.564,,3.564,model,3.555,0.469,1.332,0.0,2.0,8.896
Rogers,MID,Chelsea,7.5,28.8,7,3.54,,3.54,model,3.014,0.008,0.245,0.0,2.0,9.358
Iwobi,MID,Fulham,5.5,0.9,7,3.522,,3.522,model,3.536,0.008,0.366,0.0,3.0,9.358
Gakpo,MID,Liverpool,7.0,3.4,7,3.522,,3.522,model,3.919,0.001,0.165,0.0,2.0,11.985
Sessegnon,DEF,Fulham,4.5,0.4,7,3.504,,3.504,model,4.305,0.39,1.037,0.0,1.0,11.985
O.Dango,MID,Brentford,6.5,1.4,7,3.493,,3.493,model,4.154,0.018,0.16,0.0,2.0,11.985
Bruno G.,MID,Newcastle,7.0,10.0,7,3.487,,3.487,model,3.203,0.005,0.235,0.0,2.0,9.358
Leno,GK,Fulham,4.5,3.2,7,3.479,,3.479,model,2.568,0.0,1.835,0.0,2.0,6.51
Tzolis,MID,Arsenal,6.5,2.3,7,3.465,,3.465,model,4.372,0.334,0.315,0.0,2.0,11.358
Lacroix,DEF,Chelsea,6.0,11.7,7,3.46,,3.46,model,3.037,0.48,1.021,0.0,2.0,8.896
Virgil,DEF,Liverpool,6.5,16.5,7,3.437,,3.437,model,3.13,0.495,0.917,0.0,2.0,8.896
Tarkowski,DEF,Everton,6.0,9.9,7,3.435,,3.435,model,3.034,0.292,1.093,0.0,2.0,8.896
Hill,DEF,Bournemouth,5.5,1.2,7,3.432,,3.432,model,3.468,0.787,1.042,0.0,3.0,8.358
Rayan,MID,Bournemouth,6.5,3.5,7,3.417,,3.417,model,3.878,0.089,0.275,0.0,2.0,10.254
Verbruggen,GK,Brighton,4.5,17.0,7,3.399,,3.399,model,2.444,0.0,1.729,0.0,2.0,6.51
Fernandes,MID,Tottenham,6.0,3.3,7,3.369,,3.369,model,2.939,0.264,0.309,0.0,2.0,9.358
Khusanov,DEF,Man City,5.5,2.0,7,3.348,,3.348,model,3.614,0.118,1.39,0.0,2.0,8.896
Gyökeres,FWD,Arsenal,7.5,13.1,7,3.341,,3.341,model,3.929,0.001,0.0,0.0,2.0,12.707
Evanilson,FWD,Bournemouth,6.0,2.0,7,3.337,,3.337,model,3.762,0.0,0.0,0.0,2.0,12.707
Ampadu,MID,Leeds,5.5,1.6,7,3.329,,3.329,model,2.737,0.815,0.163,0.0,3.0,8.627
Eze,MID,Arsenal,6.5,3.2,7,3.327,,3.327,model,3.785,0.001,0.283,0.0,2.0,9.358
van Ewijk,DEF,Coventry,4.0,15.9,7,3.305,,3.305,model,2.909,1.071,0.741,0.0,3.0,8.358
Solanke,FWD,Tottenham,6.0,2.6,7,3.278,,3.278,model,4.142,0.001,0.0,0.0,2.0,12.707
Maddison,MID,Tottenham,6.5,1.9,7,3.278,,3.278,model,4.603,0.001,0.18,0.0,2.0,12.881
Mukiele,DEF,Sunderland,5.5,7.5,7,3.224,,3.224,model,2.797,0.769,0.783,0.0,2.0,8.358
Wieffer,DEF,Brighton,5.0,0.3,7,3.21,,3.21,model,3.745,0.588,0.92,0.0,1.0,9.896
Amad,MID,Man United,6.0,1.6,7,3.203,,3.203,model,3.698,0.014,0.175,0.0,2.0,9.358
Stach,MID,Leeds,6.0,1.2,7,3.203,,3.203,model,3.227,0.445,0.157,0.0,2.0,9.358
Dunk,DEF,Brighton,4.5,0.8,7,3.182,,3.182,model,3.14,0.218,1.262,0.0,2.0,8.358
Thomas,DEF,Coventry,4.0,8.7,7,3.18,,3.18,model,3.138,0.975,0.71,0.0,3.0,8.358
Shaw,DEF,Man United,4.5,24.5,7,3.177,,3.177,model,2.893,0.339,1.016,0.0,2.0,8.358
Kusi-Asare,FWD,Fulham,4.5,7.8,7,3.176,,3.176,model,4.946,0.023,0.0,0.0,2.0,12.707
Scott,MID,Bournemouth,6.0,1.6,7,3.161,,3.161,model,3.202,0.494,0.249,0.0,2.0,9.403
E.Le Fée,MID,Sunderland,6.0,12.8,7,3.149,,3.149,model,2.664,0.458,0.18,0.0,2.0,8.358
Wilson,MID,Leeds,6.5,8.3,7,3.141,,3.141,model,3.472,0.02,0.144,0.0,2.0,9.358
Dewsbury-Hall,MID,Everton,6.5,3.8,7,3.123,,3.123,model,3.212,0.125,0.205,0.0,2.0,9.358
Havertz,FWD,Arsenal,7.5,3.8,7,3.104,,3.104,model,3.921,0.0,0.0,0.0,2.0,12.707
Palestra,DEF,Chelsea,5.5,1.8,7,3.099,,3.099,model,3.823,0.512,0.84,0.0,2.0,8.896
Xhaka,MID,Sunderland,5.5,5.6,7,3.08,,3.08,model,2.288,0.678,0.187,0.0,3.0,7.627
Sarr,MID,Crystal Palace,6.5,8.8,7,3.067,,3.067,model,3.192,0.002,0.183,0.0,2.0,9.358
Mateta,FWD,Crystal Palace,6.5,6.8,7,3.051,,3.051,model,3.535,0.001,0.0,0.0,2.0,10.98
Spence,DEF,Tottenham,4.5,9.0,7,3.041,,3.041,model,3.224,0.059,1.124,0.0,2.0,8.896
Ballard,DEF,Sunderland,5.0,3.8,7,3.035,,3.035,model,3.13,0.863,0.644,0.0,2.0,8.385
Collins,DEF,Brentford,5.5,2.0,7,3.031,,3.031,model,3.159,0.223,0.899,0.0,2.0,8.896
Neto,MID,Chelsea,6.5,1.3,7,3.023,,3.023,model,3.363,0.0,0.19,0.0,2.0,9.358
Gibbs-White,MID,Nott'm Forest,8.0,11.6,7,2.992,,2.992,model,2.685,0.002,0.2,0.0,2.0,8.358
Keane,DEF,Everton,5.0,1.6,7,2.987,,2.987,model,3.1,0.499,0.862,0.0,2.0,8.358
Tete,DEF,Fulham,4.5,0.2,7,2.98,,2.98,model,3.571,0.116,1.193,0.0,2.0,8.896
Barnes,MID,Newcastle,6.0,1.2,7,2.978,,2.978,model,3.948,0.001,0.137,0.0,2.0,9.358
Reijnders,MID,Man City,6.0,0.4,7,2.961,,2.961,model,4.814,0.021,0.205,0.0,1.0,13.717
Kayode,DEF,Brentford,4.5,3.8,7,2.949,,2.949,model,2.987,0.228,0.908,0.0,2.0,8.896
Botman,DEF,Newcastle,5.0,0.4,7,2.942,,2.942,model,3.447,0.685,0.696,0.0,2.0,8.896
Muñoz,DEF,Crystal Palace,5.5,11.6,7,2.927,,2.927,model,2.991,0.029,0.907,0.0,2.0,8.896
Rodon,DEF,Leeds,4.5,1.8,7,2.906,,2.906,model,2.804,0.828,0.649,0.0,2.0,8.358
Petrović,GK,Bournemouth,4.5,3.7,7,2.894,,2.894,model,2.445,0.0,1.425,0.0,2.0,6.51
Dubravka,GK,Tottenham,4.0,23.3,7,2.893,,2.893,model,2.495,0.0,1.398,0.0,2.0,6.51
Gomez,MID,Brighton,5.0,1.8,7,2.886,,2.886,model,3.644,0.067,0.227,0.0,2.0,9.358
Welbeck,FWD,Chelsea,6.0,2.7,7,2.879,,2.879,model,3.496,0.0,0.0,0.0,2.0,10.98
Van den Berg,DEF,Brentford,5.0,0.7,7,2.879,,2.879,model,3.168,0.205,0.832,0.0,2.0,8.896
Dalot,DEF,Man United,5.0,3.0,7,2.862,,2.862,model,3.326,0.04,0.896,0.0,2.0,8.896
Manzambi,MID,Aston Villa,6.0,2.1,7,2.839,,2.839,model,3.579,0.239,0.163,0.0,2.0,9.358
Smith Rowe,MID,Fulham,5.5,0.4,7,2.835,,2.835,model,3.824,0.005,0.218,0.0,2.0,9.358
Ødegaard,MID,Arsenal,6.5,2.9,7,2.832,,2.832,model,3.238,0.001,0.279,0.0,2.0,9.358
Alderete,DEF,Sunderland,5.0,1.1,7,2.807,,2.807,model,2.848,0.824,0.655,0.0,2.0,8.358
Maguire,DEF,Man United,5.0,8.7,7,2.805,,2.805,model,3.132,0.14,0.864,0.0,2.0,8.896
Damsgaard,MID,Brentford,5.5,0.7,7,2.804,,2.804,model,3.179,0.045,0.161,0.0,2.0,9.254
Rashford,MID,Man United,7.0,1.4,7,2.798,,2.798,model,3.998,0.0,0.126,0.0,2.0,9.358
Reed,MID,Fulham,4.5,1.1,7,2.794,,2.794,model,4.272,0.235,0.28,0.0,2.0,10.358
Chalobah,DEF,Chelsea,5.5,1.9,7,2.793,,2.793,model,2.891,0.31,0.869,0.0,2.0,8.358
Anthony,MID,Brentford,6.0,0.2,7,2.792,,2.792,model,3.398,0.151,0.158,0.0,2.0,9.358
Tonali,MID,Tottenham,5.5,4.1,7,2.79,,2.79,model,2.953,0.045,0.265,0.0,2.0,9.254
Savinho,MID,Man City,6.5,0.1,7,2.785,,2.785,model,4.475,0.001,0.136,0.0,1.0,12.985
Jacquet,DEF,Liverpool,5.0,1.6,7,2.772,,2.772,model,3.516,0.519,0.668,0.0,2.0,8.358
Burn,DEF,Newcastle,5.0,2.7,7,2.763,,2.763,model,2.854,0.167,0.944,0.0,2.0,7.896
McGinn,MID,Aston Villa,5.5,2.7,7,2.758,,2.758,model,2.981,0.003,0.168,0.0,2.0,8.358
Zubimendi,MID,Arsenal,5.5,1.5,7,2.752,,2.752,model,2.875,0.152,0.326,0.0,2.0,8.658
Hall,DEF,Newcastle,5.0,4.0,7,2.751,,2.751,model,3.111,0.063,0.893,0.0,2.0,8.896
Mitchell,DEF,Crystal Palace,4.5,6.8,7,2.738,,2.738,model,2.712,0.107,0.936,0.0,2.0,7.896
Richards,DEF,Crystal Palace,5.0,0.8,7,2.729,,2.729,model,2.862,0.396,0.814,0.0,2.0,8.358
Merino,MID,Arsenal,6.0,1.2,7,2.728,,2.728,model,3.642,0.027,0.199,0.0,1.0,9.358
Richarlison,FWD,Tottenham,6.0,2.0,7,2.715,,2.715,model,3.609,0.019,0.0,0.0,1.0,10.98
Vicario,GK,Tottenham,4.5,1.5,7,2.695,,2.695,model,2.533,0.0,1.305,0.0,2.0,6.51
Woltemade,FWD,Newcastle,6.0,1.8,7,2.69,,2.69,model,3.556,0.011,0.0,0.0,2.0,9.254
Robertson,DEF,Tottenham,4.5,1.9,7,2.685,,2.685,model,3.409,0.008,0.84,0.0,1.0,8.999
Mac Allister,MID,Liverpool,5.5,1.9,7,2.683,,2.683,model,2.865,0.013,0.159,0.0,2.0,8.358
Kinsky,GK,Tottenham,4.5,19.2,7,2.682,,2.682,model,2.746,0.0,1.296,0.0,2.0,6.51
Pickford,GK,Everton,5.5,8.9,7,2.68,,2.68,model,2.291,0.0,1.148,0.0,2.0,6.51
Cash,DEF,Aston Villa,4.5,7.8,7,2.673,,2.673,model,2.732,0.028,0.888,0.0,2.0,7.896
Munoz,MID,Liverpool,6.5,0.8,7,2.669,,2.669,model,4.259,0.289,0.13,0.0,2.0,10.358
De Cuyper,DEF,Brighton,4.5,1.3,7,2.668,,2.668,model,3.594,0.106,0.718,0.0,1.0,9.985
Danso,DEF,Tottenham,5.0,0.2,7,2.667,,2.667,model,3.233,0.579,0.766,0.0,1.0,8.358
Marmoush,FWD,Man City,7.0,0.7,7,2.667,,2.667,model,4.234,0.001,0.0,0.0,1.0,12.707
O'Brien,DEF,Everton,5.0,0.5,7,2.665,,2.665,model,2.83,0.092,0.979,0.0,2.0,7.896
Minteh,MID,Brighton,6.0,0.7,7,2.653,,2.653,model,3.294,0.011,0.221,0.0,2.0,9.358
Kluivert,MID,Bournemouth,6.0,1.1,7,2.653,,2.653,model,3.458,0.001,0.199,0.0,2.0,9.358
Aaronson,MID,Leeds,5.5,0.8,7,2.652,,2.652,model,3.129,0.169,0.132,0.0,2.0,9.254
Grealish,MID,Man City,6.5,0.2,7,2.627,,2.627,model,4.105,0.044,0.181,0.0,1.0,10.999
Ngumoha,MID,Liverpool,6.0,1.6,7,2.623,,2.623,model,3.578,0.027,0.093,0.0,1.0,9.254
Hinshelwood,MID,Brighton,6.0,0.3,7,2.613,,2.613,model,3.22,0.003,0.236,0.0,2.0,9.358
Lammens,GK,Man United,5.0,20.2,7,2.61,,2.61,model,2.293,0.0,1.13,0.0,2.0,6.51
Mykolenko,DEF,Everton,4.5,1.3,7,2.608,,2.608,model,2.559,0.044,0.907,0.0,2.0,6.358
Castagne,DEF,Fulham,4.5,0.2,7,2.607,,2.607,model,3.38,0.053,1.027,0.0,1.0,8.896
Sangaré,MID,Brentford,5.5,1.3,7,2.605,,2.605,model,3.898,0.203,0.151,0.0,2.0,9.358
James,DEF,Chelsea,5.5,7.9,7,2.6,,2.6,model,2.963,0.145,0.767,0.0,2.0,8.358
Beto,FWD,Everton,5.5,3.2,7,2.581,,2.581,model,3.505,0.0,0.0,0.0,1.0,7.353
Targett,DEF,Hull,4.0,2.7,7,2.573,,2.573,model,2.704,1.148,0.404,0.0,2.0,8.358
Wissa,FWD,Newcastle,6.0,1.4,7,2.567,,2.567,model,3.789,0.0,0.0,0.0,1.0,10.98
Caicedo,MID,Chelsea,5.5,3.9,7,2.565,,2.565,model,1.978,0.121,0.223,0.0,2.0,6.627
Konsa,DEF,Aston Villa,4.5,16.6,7,2.555,,2.555,model,2.468,0.025,0.933,0.0,2.0,6.358
García,FWD,Fulham,6.0,1.4,7,2.55,,2.55,model,4.812,0.013,0.0,0.0,2.0,12.707
Muharemović,DEF,Leeds,5.0,1.4,7,2.546,,2.546,model,3.231,0.609,0.584,0.0,2.0,8.358
Wood,FWD,Nott'm Forest,6.0,1.8,7,2.542,,2.542,model,3.094,0.0,0.0,0.0,2.0,7.353
Lewis,DEF,Man City,4.5,0.2,7,2.538,,2.538,model,3.93,0.0,0.782,0.0,1.0,9.985
Okafor,MID,Leeds,6.0,0.7,7,2.531,,2.531,model,3.412,0.066,0.104,0.0,2.0,9.358
Soler,DEF,Bournemouth,4.0,0.6,7,2.53,,2.53,model,3.67,0.397,0.883,0.0,1.0,8.358
Milenković,DEF,Nott'm Forest,5.5,2.3,7,2.525,,2.525,model,2.408,0.136,0.883,0.0,2.0,6.358
Bogle,DEF,Leeds,4.5,0.4,7,2.524,,2.524,model,3.064,0.365,0.587,0.0,2.0,8.358
Estêvão,MID,Chelsea,6.5,1.7,7,2.501,,2.501,model,3.29,0.037,0.105,0.0,1.0,9.254
N.Williams,DEF,Nott'm Forest,5.0,12.5,7,2.497,,2.497,model,2.617,0.111,0.789,0.0,2.0,7.358
Hume,DEF,Sunderland,4.5,2.9,7,2.465,,2.465,model,2.826,0.205,0.716,0.0,2.0,7.919
Gravenberch,MID,Liverpool,6.0,1.9,7,2.451,,2.451,model,2.103,0.031,0.178,0.0,2.0,8.358
Kelleher,GK,Brentford,5.0,5.6,7,2.445,,2.445,model,2.34,0.0,0.953,0.0,2.0,6.51
Berge,MID,Fulham,5.0,0.4,7,2.442,,2.442,model,2.492,0.056,0.33,0.0,2.0,8.358
Colwill,DEF,Chelsea,5.0,1.7,7,2.441,,2.441,model,2.737,0.0,0.904,0.0,2.0,6.358
Bijol,DEF,Leeds,5.0,0.3,7,2.434,,2.434,model,2.874,0.768,0.481,0.0,2.0,8.358
Sánchez,GK,Chelsea,5.0,2.0,7,2.433,,2.433,model,2.247,0.0,1.051,0.0,2.0,6.51
Garnacho,MID,Aston Villa,6.0,1.0,7,2.422,,2.422,model,3.289,0.0,0.1,0.0,1.0,8.403
Brobbey,FWD,Sunderland,6.0,18.7,7,2.388,,2.388,model,2.679,0.001,0.0,0.0,2.0,7.353
Branthwaite,DEF,Everton,5.5,1.9,7,2.376,,2.376,model,2.764,0.007,0.863,0.0,2.0,6.358
Kudus,MID,Tottenham,6.5,0.2,7,2.373,,2.373,model,3.563,0.003,0.191,0.0,2.0,9.358
A.García,DEF,Aston Villa,4.0,1.6,7,2.358,,2.358,model,3.198,0.349,0.665,0.0,1.0,8.358
N.Jackson,FWD,Chelsea,6.5,0.4,7,2.351,,2.351,model,3.638,0.0,0.0,0.0,1.0,9.254
Bobb,MID,Fulham,5.5,0.4,7,2.349,,2.349,model,3.449,0.052,0.164,0.0,1.0,9.358
Gusto,DEF,Chelsea,5.0,1.1,7,2.344,,2.344,model,2.999,0.027,0.644,0.0,1.0,8.896
J.Murphy,MID,Newcastle,6.0,0.2,7,2.343,,2.343,model,3.189,0.0,0.124,0.0,1.0,9.254
Madueke,MID,Arsenal,6.5,0.4,7,2.34,,2.34,model,3.251,0.001,0.194,0.0,1.0,9.358
Lukić,MID,Fulham,5.0,0.1,7,2.339,,2.339,model,2.999,0.026,0.258,0.0,2.0,8.372
Brooks,MID,Bournemouth,5.0,0.2,7,2.339,,2.339,model,3.464,0.009,0.092,0.0,1.0,9.358
Wharton,MID,Crystal Palace,5.5,0.3,7,2.33,,2.33,model,2.432,0.205,0.153,0.0,2.0,7.627
Silva,DEF,Bournemouth,5.0,0.2,7,2.321,,2.321,model,3.661,0.417,0.713,0.0,0.0,8.358
Lewis-Potter,MID,Brentford,5.5,0.5,7,2.321,,2.321,model,2.758,0.0,0.143,0.0,2.0,8.358
Buendía,MID,Aston Villa,6.0,0.9,7,2.32,,2.32,model,3.119,0.057,0.091,0.0,1.0,8.358
Udogie,DEF,Tottenham,4.5,0.4,7,2.318,,2.318,model,2.808,0.029,0.901,0.0,1.0,6.358
Martinez,GK,Aston Villa,5.0,4.8,7,2.315,,2.315,model,2.202,0.0,0.968,0.0,2.0,6.51
Schär,DEF,Newcastle,5.0,0.2,7,2.311,,2.311,model,3.018,0.035,0.694,0.0,1.0,8.358
Šeško,FWD,Man United,7.0,2.6,7,2.303,,2.303,model,3.538,0.001,0.0,0.0,1.0,7.353
Roefs,GK,Sunderland,5.0,5.0,7,2.302,,2.302,model,2.263,0.0,0.953,0.0,2.0,6.51
Ayari,MID,Brighton,5.5,0.7,7,2.302,,2.302,model,2.794,0.077,0.225,0.0,2.0,8.358
Jensen,MID,Brentford,5.5,0.1,7,2.296,,2.296,model,2.961,0.083,0.123,0.0,1.0,8.358
Tel,MID,Tottenham,6.0,0.4,7,2.296,,2.296,model,3.263,0.025,0.14,0.0,1.0,9.254
Sadiki,MID,Sunderland,5.0,0.4,7,2.294,,2.294,model,2.002,0.161,0.177,0.0,2.0,5.677
A.Murphy,DEF,Newcastle,4.0,0.8,7,2.293,,2.293,model,3.187,0.427,0.687,0.0,1.0,8.358
Pope,GK,Newcastle,5.0,1.1,7,2.287,,2.287,model,2.321,0.0,1.01,0.0,2.0,6.51
White,DEF,Arsenal,5.5,0.4,7,2.281,,2.281,model,3.067,0.035,0.893,0.0,1.0,7.896
Aina,DEF,Nott'm Forest,4.5,4.4,7,2.279,,2.279,model,2.343,0.043,0.786,0.0,2.0,6.358
Olusesi,MID,Tottenham,4.5,0.9,7,2.279,,2.279,model,3.296,0.204,0.209,0.0,2.0,8.358
Alleyne,DEF,Man City,5.0,0.0,7,2.278,,2.278,model,4.61,0.171,0.846,0.0,0.0,8.358
Martinez,DEF,Man United,5.0,0.6,7,2.274,,2.274,model,2.874,0.051,0.702,0.0,1.0,7.896
Gomes,MID,Aston Villa,5.5,0.3,7,2.264,,2.264,model,2.259,0.053,0.18,0.0,2.0,7.627
Bentancur,MID,Tottenham,5.5,0.1,7,2.249,,2.249,model,2.542,0.267,0.215,0.0,2.0,8.358
Muniz,FWD,Fulham,5.5,0.7,7,2.247,,2.247,model,3.38,0.0,0.0,0.0,1.0,7.353
Yarmoliuk,MID,Brentford,5.0,1.5,7,2.246,,2.246,model,2.25,0.243,0.157,0.0,2.0,7.627
Vitor Reis,DEF,Man City,4.5,0.0,7,2.242,,2.242,model,4.43,0.169,0.859,0.0,0.0,8.358
Egan,DEF,Hull,4.0,1.2,7,2.241,,2.241,model,2.703,0.987,0.349,0.0,2.0,7.358
Canvot,DEF,Crystal Palace,5.0,0.6,7,2.219,,2.219,model,2.779,0.603,0.488,0.0,1.0,8.358
Dorgu,MID,Man United,6.0,1.7,7,2.217,,2.217,model,2.791,0.02,0.142,0.0,2.0,8.358
Martinelli,MID,Arsenal,6.5,0.3,7,2.216,,2.216,model,3.245,0.0,0.144,0.0,1.0,9.358
Scarlett,FWD,Tottenham,4.5,1.7,7,2.215,,2.215,model,4.217,0.016,0.0,0.0,2.0,12.707
A.Becker,GK,Liverpool,5.5,4.1,7,2.214,,2.214,model,2.053,0.0,0.84,0.0,2.0,6.51
Andrey Santos,MID,Man United,5.0,1.4,7,2.209,,2.209,model,2.987,0.145,0.116,0.0,1.0,8.358
Frimpong,DEF,Liverpool,5.5,3.0,7,2.204,,2.204,model,2.879,0.035,0.51,0.0,1.0,7.985
Masuaku,DEF,Sunderland,4.0,1.5,7,2.193,,2.193,model,2.871,0.441,0.596,0.0,1.0,7.896
Kerkez,DEF,Liverpool,5.5,5.5,7,2.19,,2.19,model,2.581,0.037,0.68,0.0,1.0,6.358
Digne,DEF,Aston Villa,4.5,1.4,7,2.165,,2.165,model,2.863,0.015,0.597,0.0,1.0,7.896
Burrowes,MID,Aston Villa,4.5,0.9,7,2.155,,2.155,model,3.104,0.209,0.142,0.0,2.0,8.358
Souza,DEF,Tottenham,4.0,0.3,7,2.152,,2.152,model,3.427,0.413,0.713,0.0,0.0,8.358
Hughes,DEF,Hull,4.0,0.9,7,2.149,,2.149,model,2.696,0.926,0.37,0.0,2.0,7.358
Osula,FWD,Newcastle,6.0,1.5,7,2.132,,2.132,model,3.069,0.001,0.0,0.0,1.0,7.353
Adams,MID,Bournemouth,5.0,0.7,7,2.131,,2.131,model,2.21,0.122,0.224,0.0,2.0,7.627
Ajer,DEF,Brentford,4.5,1.6,7,2.127,,2.127,model,2.756,0.208,0.599,0.0,1.0,7.896
Steele,GK,Brighton,4.0,4.5,7,2.115,,2.115,model,2.509,0.0,1.075,0.0,1.0,6.51
Murillo,DEF,Nott'm Forest,5.5,0.2,7,2.105,,2.105,model,2.322,0.123,0.723,0.0,2.0,6.358
Sels,GK,Nott'm Forest,5.0,1.4,7,2.105,,2.105,model,2.102,0.0,0.831,0.0,2.0,6.51
Davies,DEF,Tottenham,4.0,0.8,7,2.098,,2.098,model,3.0,0.012,0.757,0.0,1.0,7.896
Phillips,DEF,Tottenham,4.5,0.1,7,2.09,,2.09,model,3.639,0.403,0.677,0.0,0.0,8.358
Slater,MID,Hull,4.5,2.0,7,2.079,,2.079,model,2.45,0.186,0.088,0.0,2.0,5.677
Barry,FWD,Everton,5.5,0.9,7,2.071,,2.071,model,3.013,0.0,0.0,0.0,1.0,7.353
Svoboda,DEF,Brighton,5.0,0.1,7,2.064,,2.064,model,3.396,0.269,0.742,0.0,0.0,8.358
Yoro,DEF,Man United,5.0,0.7,7,2.062,,2.062,model,2.821,0.211,0.497,0.0,1.0,8.358
Elanga,MID,Newcastle,6.0,0.7,7,2.06,,2.06,model,2.724,0.0,0.112,0.0,1.0,8.358
Crooks,MID,Hull,4.5,0.7,7,2.053,,2.053,model,2.841,0.173,0.075,0.0,2.0,8.358
N.Gonzalez,MID,Man City,5.5,0.1,7,2.05,,2.05,model,2.955,0.18,0.221,0.0,1.0,8.358
Meunier,DEF,Sunderland,4.5,0.5,7,2.047,,2.047,model,3.049,0.393,0.543,0.0,1.0,8.358
Gallagher,MID,Tottenham,5.5,0.2,7,2.046,,2.046,model,2.807,0.207,0.172,0.0,1.0,8.358
Echeverri,MID,Man City,5.0,0.0,7,2.043,,2.043,model,4.733,0.135,0.187,0.0,0.0,9.358
Enes Ünal,FWD,Bournemouth,5.5,0.2,7,2.035,,2.035,model,2.896,0.001,0.0,0.0,1.0,6.353
Hato,DEF,Chelsea,4.5,1.0,7,2.035,,2.035,model,2.618,0.284,0.538,0.0,1.0,7.919
Reinildo,DEF,Sunderland,4.5,0.5,7,2.03,,2.03,model,2.449,0.333,0.616,0.0,1.0,6.358
King,MID,Fulham,5.5,0.1,7,2.028,,2.028,model,3.077,0.057,0.134,0.0,1.0,8.372
Tielemans,MID,Man United,6.0,0.9,7,2.02,,2.02,model,2.702,0.02,0.146,0.0,2.0,8.358
Mukasa,MID,Man City,4.5,0.1,7,2.013,,2.013,model,4.919,0.127,0.195,0.0,0.0,9.358
Sangaré,MID,Nott'm Forest,5.0,0.6,7,1.998,,1.998,model,2.024,0.377,0.119,0.0,2.0,5.0
P.M.Sarr,MID,Tottenham,5.0,0.4,7,1.991,,1.991,model,2.702,0.052,0.144,0.0,1.0,8.358
Wright,FWD,Coventry,5.5,1.8,7,1.99,,1.99,model,3.237,0.014,0.0,0.0,2.0,7.353
Kitching,DEF,Coventry,4.0,0.5,7,1.986,,1.986,model,2.79,0.625,0.462,0.0,1.0,8.358
Delap,FWD,Chelsea,5.5,0.5,7,1.98,,1.98,model,2.835,0.0,0.0,0.0,1.0,7.353
Byfield,DEF,Tottenham,4.0,0.1,7,1.974,,1.974,model,3.384,0.395,0.591,0.0,0.0,8.358
J.Araujo,DEF,Bournemouth,4.5,0.1,7,1.973,,1.973,model,3.2,0.351,0.652,0.0,0.0,8.358
Justin,DEF,Leeds,4.5,0.5,7,1.97,,1.97,model,2.643,0.091,0.497,0.0,1.0,7.896
Dowman,MID,Arsenal,5.5,0.2,7,1.967,,1.967,model,3.405,0.174,0.202,0.0,0.0,8.627
Ajayi,DEF,Hull,4.0,0.7,7,1.967,,1.967,model,2.523,0.863,0.328,0.0,1.0,7.358
Rowswell,DEF,Tottenham,4.0,0.1,7,1.963,,1.963,model,3.281,0.39,0.619,0.0,0.0,8.358
Maatsen,DEF,Aston Villa,4.5,0.6,7,1.961,,1.961,model,2.759,0.06,0.455,0.0,1.0,7.896
Mainoo,MID,Man United,5.5,1.3,7,1.958,,1.958,model,2.232,0.055,0.141,0.0,2.0,6.627
Georginio,FWD,Brighton,5.5,0.8,7,1.956,,1.956,model,2.732,0.005,0.0,0.0,1.0,7.353
Giles,DEF,Hull,4.0,0.6,7,1.952,,1.952,model,2.573,0.862,0.324,0.0,1.0,7.358
Sanchez,DEF,Bournemouth,4.5,0.0,7,1.945,,1.945,model,3.325,0.345,0.655,0.0,0.0,8.358
Nedeljkovic,DEF,Aston Villa,4.0,0.6,7,1.943,,1.943,model,3.013,0.371,0.52,0.0,1.0,7.358
Wilson,FWD,Brentford,5.5,0.4,7,1.943,,1.943,model,2.934,0.0,0.0,0.0,1.0,7.353
Amenda,DEF,Coventry,4.0,0.5,7,1.936,,1.936,model,2.935,0.632,0.381,0.0,1.0,8.358
Yeremy,MID,Crystal Palace,5.5,0.2,7,1.936,,1.936,model,2.7,0.069,0.104,0.0,1.0,8.358
Obi,FWD,Man United,4.5,1.2,7,1.93,,1.93,model,3.864,0.009,0.0,0.0,0.0,7.353
Dasilva,DEF,Coventry,4.0,0.5,7,1.93,,1.93,model,2.869,0.599,0.421,0.0,0.0,7.896
Igor Jesus,FWD,Nott'm Forest,6.0,5.1,7,1.921,,1.921,model,2.176,0.009,0.0,0.0,2.0,7.353
C.Jones,MID,Liverpool,5.5,0.1,7,1.912,,1.912,model,2.568,0.069,0.09,0.0,1.0,8.358
Coyle,DEF,Hull,4.0,0.5,7,1.912,,1.912,model,2.602,0.826,0.324,0.0,1.0,7.358
Disasi,DEF,Chelsea,4.5,0.1,7,1.902,,1.902,model,2.632,0.0,0.697,0.0,1.0,6.358
Costinha,DEF,Brighton,4.5,0.0,7,1.899,,1.899,model,3.327,0.26,0.676,0.0,0.0,8.358
Strand Larsen,FWD,Crystal Palace,6.0,0.6,7,1.896,,1.896,model,2.221,0.0,0.0,0.0,2.0,7.353
Diarra,MID,Sunderland,5.5,0.1,7,1.896,,1.896,model,2.815,0.014,0.098,0.0,1.0,8.358
Nmecha,FWD,Leeds,5.5,0.6,7,1.885,,1.885,model,2.876,0.003,0.0,0.0,1.0,7.353
Florentino,MID,Ipswich,5.0,0.0,7,1.88,,1.88,model,2.03,0.65,0.035,0.0,1.0,4.0
Palacios,MID,Fulham,5.5,0.1,7,1.879,,1.879,model,4.532,0.139,0.179,0.0,0.0,8.358
Coppola,DEF,Brighton,4.5,0.0,7,1.877,,1.877,model,3.283,0.294,0.671,0.0,0.0,8.358
Mings,DEF,Aston Villa,4.5,0.2,7,1.874,,1.874,model,2.726,0.067,0.556,0.0,1.0,7.896
Mazraoui,DEF,Man United,4.5,0.7,7,1.865,,1.865,model,2.501,0.021,0.635,0.0,1.0,6.358
Andrews,MID,Coventry,4.5,0.7,7,1.861,,1.861,model,2.642,0.179,0.109,0.0,2.0,6.627
Adli,MID,Bournemouth,5.0,0.2,7,1.854,,1.854,model,2.85,0.127,0.076,0.0,1.0,8.358
J.Ramsey,MID,Newcastle,5.0,0.4,7,1.85,,1.85,model,2.476,0.034,0.103,0.0,1.0,8.358
Monga,MID,Man City,5.0,0.0,7,1.843,,1.843,model,4.215,0.131,0.192,0.0,0.0,9.358
Touré,MID,Newcastle,6.0,0.2,7,1.835,,1.835,model,3.477,0.191,0.108,0.0,0.0,8.358
Howell,MID,Brighton,4.5,0.3,7,1.83,,1.83,model,2.959,0.171,0.199,0.0,0.0,8.358
Mount,MID,Man United,5.5,0.1,7,1.827,,1.827,model,3.019,0.025,0.072,0.0,1.0,8.358
Kovačić,MID,Man City,5.5,0.0,7,1.826,,1.826,model,3.235,0.0,0.14,0.0,1.0,8.358
Zirkzee,FWD,Man United,5.5,0.7,7,1.813,,1.813,model,2.645,0.0,0.0,0.0,1.0,7.353
Kamada,MID,Crystal Palace,5.0,0.3,7,1.811,,1.811,model,2.15,0.067,0.113,0.0,2.0,6.627
Cook,MID,Bournemouth,5.0,0.1,7,1.799,,1.799,model,2.17,0.019,0.18,0.0,2.0,6.627
Hackney,MID,Everton,5.5,0.3,7,1.798,,1.798,model,3.116,0.131,0.122,0.0,0.0,8.358
Furo,FWD,Brentford,4.5,0.9,7,1.793,,1.793,model,3.364,0.021,0.0,0.0,0.0,7.353
Hughes,MID,Crystal Palace,4.5,11.1,7,1.791,,1.791,model,1.87,0.014,0.129,0.0,2.0,5.627
Janelt,MID,Brentford,5.0,0.1,7,1.79,,1.79,model,2.362,0.038,0.107,0.0,1.0,7.358
Fletcher,MID,Man United,4.5,0.3,7,1.788,,1.788,model,3.03,0.145,0.124,0.0,0.0,8.358
Lecomte,GK,Fulham,4.0,1.4,7,1.786,,1.786,model,2.561,0.0,0.983,0.0,0.0,6.51
Joelinton,MID,Newcastle,5.5,0.0,7,1.784,,1.784,model,2.65,0.051,0.114,0.0,1.0,8.358
Chiesa,MID,Liverpool,5.5,0.2,7,1.781,,1.781,model,2.794,0.038,0.029,0.0,1.0,7.358
Pau,DEF,Aston Villa,4.5,0.3,7,1.774,,1.774,model,2.507,0.029,0.562,0.0,1.0,6.358
Rodríguez,FWD,Bournemouth,6.0,0.3,7,1.773,,1.773,model,3.612,0.024,0.0,0.0,0.0,7.353
George Hemmings,MID,Aston Villa,4.5,0.3,7,1.772,,1.772,model,3.06,0.15,0.112,0.0,0.0,8.358
Kamara,MID,Aston Villa,5.0,0.1,7,1.767,,1.767,model,2.076,0.039,0.132,0.0,2.0,5.627
Amass,DEF,Man United,4.0,0.2,7,1.76,,1.76,model,2.868,0.337,0.532,0.0,0.0,8.358
J.Cuenca,DEF,Fulham,4.5,0.0,7,1.754,,1.754,model,2.921,0.214,0.61,0.0,0.0,8.358
McNeil,MID,Everton,5.5,0.1,7,1.754,,1.754,model,2.572,0.014,0.101,0.0,1.0,7.627
Hutchinson,MID,Nott'm Forest,5.5,0.2,7,1.75,,1.75,model,2.142,0.005,0.101,0.0,2.0,6.627
Kevin,MID,Fulham,5.5,0.1,7,1.748,,1.748,model,2.547,0.041,0.086,0.0,1.0,7.358
McConnell,MID,Liverpool,4.5,0.2,7,1.744,,1.744,model,3.457,0.153,0.093,0.0,0.0,8.358
Mason-Clark,MID,Coventry,5.5,0.3,7,1.734,,1.734,model,2.882,0.145,0.091,0.0,0.0,8.358
Johnson,MID,Crystal Palace,6.0,0.1,7,1.732,,1.732,model,2.407,0.002,0.087,0.0,1.0,8.358
Moore,MID,Tottenham,5.0,0.1,7,1.73,,1.73,model,3.529,0.135,0.154,0.0,0.0,8.358
Diakité,DEF,Bournemouth,5.0,0.2,7,1.722,,1.722,model,2.689,0.415,0.519,0.0,0.0,8.358
Neave,FWD,Newcastle,4.5,0.7,7,1.713,,1.713,model,3.459,0.012,0.0,0.0,0.0,7.353
O'Nien,DEF,Sunderland,4.0,2.4,7,1.696,,1.696,model,2.443,0.17,0.482,0.0,1.0,6.358
Ramsay,DEF,Liverpool,4.0,0.2,7,1.693,,1.693,model,2.939,0.425,0.413,0.0,0.0,7.358
Tanaka,MID,Leeds,5.0,0.3,7,1.682,,1.682,model,2.485,0.181,0.061,0.0,1.0,7.358
Bendito Mantato,MID,Man United,4.5,0.2,7,1.679,,1.679,model,3.224,0.137,0.114,0.0,0.0,8.358
M.Sarr,DEF,Chelsea,4.5,0.1,7,1.679,,1.679,model,3.185,0.292,0.456,0.0,0.0,8.358
Barkley,MID,Aston Villa,5.0,0.2,7,1.666,,1.666,model,2.283,0.021,0.049,0.0,1.0,7.358
Yates,MID,Nott'm Forest,4.5,7.1,7,1.665,,1.665,model,1.661,0.008,0.106,0.0,1.0,3.0
Hudson-Odoi,MID,Nott'm Forest,6.0,0.0,7,1.663,,1.663,model,2.044,0.0,0.113,0.0,1.0,5.627
Belloumi,MID,Hull,5.0,0.5,7,1.66,,1.66,model,2.418,0.171,0.068,0.0,2.0,5.627
Elliott,MID,Liverpool,5.5,0.1,7,1.653,,1.653,model,2.297,0.011,0.026,0.0,1.0,7.358
Fábio Vieira,MID,Arsenal,5.5,0.0,7,1.652,,1.652,model,3.299,0.119,0.176,0.0,0.0,8.358
Destan,FWD,Hull,4.5,2.5,7,1.634,,1.634,model,2.488,0.015,0.0,0.0,2.0,7.353
Quenda,MID,Chelsea,5.5,0.1,7,1.634,,1.634,model,3.084,0.175,0.111,0.0,0.0,8.358
McAteer,MID,Ipswich,4.5,1.6,7,1.633,,1.633,model,1.877,0.0,0.034,0.0,2.0,5.627
Aznou,DEF,Everton,4.0,0.2,7,1.631,,1.631,model,2.744,0.239,0.53,0.0,0.0,7.358
Lacey,MID,Man United,5.0,0.1,7,1.627,,1.627,model,3.422,0.117,0.111,0.0,0.0,8.358
Oriola,MID,Brighton,4.5,0.2,7,1.625,,1.625,model,2.902,0.157,0.171,0.0,0.0,5.627
Isidor,FWD,Sunderland,5.5,1.2,7,1.615,,1.615,model,2.234,0.0,0.0,0.0,1.0,7.353
Yohanna,MID,Brighton,5.0,0.1,7,1.614,,1.614,model,3.062,0.17,0.164,0.0,0.0,6.627
Gray,MID,Tottenham,5.0,0.2,7,1.614,,1.614,model,2.153,0.012,0.159,0.0,1.0,6.627
Nketiah,FWD,Crystal Palace,5.5,0.5,7,1.612,,1.612,model,2.241,0.001,0.0,0.0,1.0,7.353
D.Essugo,MID,Chelsea,4.5,0.2,7,1.61,,1.61,model,2.871,0.141,0.108,0.0,0.0,8.358
Hjelde,DEF,Sunderland,4.0,0.3,7,1.608,,1.608,model,2.569,0.307,0.453,0.0,0.0,6.358
Maeda,MID,Ipswich,5.5,0.4,7,1.602,,1.602,model,2.469,0.163,0.035,0.0,2.0,5.627
Latibeaudiere,DEF,Coventry,4.0,0.1,7,1.599,,1.599,model,2.684,0.507,0.363,0.0,0.0,7.358
McBurnie,FWD,Hull,5.5,1.7,7,1.593,,1.593,model,2.569,0.016,0.0,0.0,2.0,7.353
Fredricson,DEF,Man United,4.0,0.1,7,1.593,,1.593,model,3.055,0.279,0.488,0.0,0.0,7.358
G.Jesus,FWD,Arsenal,6.0,0.4,7,1.592,,1.592,model,2.706,0.0,0.0,0.0,1.0,7.353
Schuster,DEF,Brentford,4.5,0.1,7,1.59,,1.59,model,2.945,0.277,0.418,0.0,0.0,7.358
Tóth.A,MID,Bournemouth,5.0,0.0,7,1.589,,1.589,model,3.237,0.148,0.144,0.0,0.0,7.664
Bamba,MID,Newcastle,5.0,0.1,7,1.589,,1.589,model,3.094,0.18,0.098,0.0,0.0,8.358
Bergvall,MID,Tottenham,5.5,0.2,7,1.587,,1.587,model,2.263,0.009,0.113,0.0,1.0,7.358
Smith,DEF,Bournemouth,4.5,0.1,7,1.587,,1.587,model,2.3,0.007,0.606,0.0,1.0,6.358
Gannon-Doak,MID,Bournemouth,5.0,0.1,7,1.581,,1.581,model,3.083,0.132,0.136,0.0,0.0,8.358
Piroe,FWD,Leeds,5.0,0.5,7,1.578,,1.578,model,3.177,0.015,0.0,0.0,0.0,7.353
Dowell,MID,Hull,4.5,0.5,7,1.561,,1.561,model,2.327,0.147,0.07,0.0,2.0,5.0
Grimes,MID,Coventry,5.0,0.2,7,1.555,,1.555,model,2.761,0.145,0.08,0.0,0.0,5.627
Kesler-Hayden,DEF,Coventry,4.0,0.1,7,1.543,,1.543,model,2.734,0.482,0.346,0.0,0.0,7.358
Livramento,DEF,Newcastle,5.0,0.1,7,1.542,,1.542,model,2.323,0.005,0.529,0.0,1.0,6.358
Nørgaard,MID,Everton,5.0,0.5,7,1.542,,1.542,model,2.332,0.0,0.109,0.0,1.0,7.358
Bidwell,DEF,Coventry,4.0,0.1,7,1.538,,1.538,model,2.569,0.498,0.372,0.0,0.0,7.358
Alcaraz,MID,Everton,5.0,0.1,7,1.536,,1.536,model,2.293,0.011,0.062,0.0,1.0,7.358
Mingueza,DEF,Crystal Palace,4.5,0.1,7,1.535,,1.535,model,2.785,0.273,0.431,0.0,0.0,7.358
Kostoulas,FWD,Brighton,5.5,0.3,7,1.53,,1.53,model,2.52,0.021,0.0,0.0,1.0,6.353
Shepherd,MID,Coventry,4.5,0.3,7,1.524,,1.524,model,2.427,0.159,0.088,0.0,0.0,5.0
Thomas-Asante,FWD,Coventry,5.0,0.9,7,1.522,,1.522,model,2.777,0.012,0.0,0.0,0.0,7.353
Lerma,MID,Crystal Palace,5.0,0.1,7,1.522,,1.522,model,1.862,0.055,0.101,0.0,1.0,5.0
Bailey,MID,Aston Villa,5.5,0.1,7,1.519,,1.519,model,2.289,0.003,0.053,0.0,1.0,6.664
Meslier,GK,Arsenal,5.0,0.1,7,1.519,,1.519,model,2.421,0.0,0.81,0.0,0.0,6.51
Brau,DEF,Coventry,4.0,0.1,7,1.515,,1.515,model,2.599,0.478,0.325,0.0,0.0,7.358
Iroegbunam,MID,Everton,5.0,0.1,7,1.515,,1.515,model,1.99,0.159,0.092,0.0,1.0,5.0
Gittens,MID,Chelsea,6.0,0.1,7,1.515,,1.515,model,1.954,0.014,0.037,0.0,1.0,7.358
Steur,MID,Newcastle,5.0,0.1,7,1.512,,1.512,model,2.801,0.197,0.101,0.0,0.0,6.627
Abraham,FWD,Aston Villa,5.5,0.1,7,1.511,,1.511,model,2.188,0.0,0.0,0.0,1.0,6.353
Torp,MID,Coventry,5.5,0.2,7,1.509,,1.509,model,2.511,0.14,0.08,0.0,0.0,5.627
Lucky,DEF,Liverpool,4.0,0.1,7,1.504,,1.504,model,2.836,0.369,0.359,0.0,0.0,7.358
Onyeka,MID,Coventry,5.0,0.2,7,1.504,,1.504,model,2.562,0.16,0.081,0.0,0.0,5.0
Adingra,MID,Sunderland,5.0,0.3,7,1.502,,1.502,model,2.082,0.0,0.074,0.0,1.0,5.627
J.Fletcher,MID,Man United,5.0,0.0,7,1.501,,1.501,model,3.247,0.121,0.094,0.0,0.0,8.358
George,MID,Everton,5.5,0.1,7,1.499,,1.499,model,2.107,0.019,0.036,0.0,1.0,7.358
Awoniyi,FWD,Nott'm Forest,5.5,0.4,7,1.499,,1.499,model,2.057,0.001,0.0,0.0,1.0,6.353
Collyer,MID,Man United,5.0,0.0,7,1.499,,1.499,model,3.143,0.126,0.097,0.0,0.0,8.358
Phillips,MID,Man City,5.0,0.0,7,1.499,,1.499,model,2.997,0.0,0.152,0.0,0.0,7.358
Simms,FWD,Coventry,5.0,0.6,7,1.498,,1.498,model,2.877,0.013,0.0,0.0,0.0,7.353
Cairney,MID,Fulham,5.0,0.0,7,1.496,,1.496,model,2.338,0.007,0.072,0.0,1.0,7.358
Nyoni,MID,Liverpool,5.0,0.1,7,1.496,,1.496,model,2.891,0.144,0.081,0.0,0.0,8.358
Bindon,DEF,Nott'm Forest,4.0,0.2,7,1.494,,1.494,model,2.536,0.317,0.389,0.0,0.0,6.358
Walle Egeli,FWD,Ipswich,4.5,2.1,7,1.494,,1.494,model,2.241,0.012,0.0,0.0,2.0,7.353
Boscagli,DEF,Brighton,4.5,0.1,7,1.492,,1.492,model,2.713,0.2,0.482,0.0,0.0,7.358
Anselmino,DEF,Chelsea,4.5,0.0,7,1.489,,1.489,model,2.832,0.265,0.395,0.0,0.0,6.358
Guessand,MID,Aston Villa,5.5,0.0,7,1.484,,1.484,model,2.322,0.063,0.052,0.0,1.0,7.358
Mheuka,FWD,Chelsea,4.5,0.4,7,1.484,,1.484,model,3.031,0.016,0.0,0.0,0.0,7.353
Abbott,DEF,Nott'm Forest,4.0,0.2,7,1.482,,1.482,model,2.527,0.277,0.442,0.0,0.0,6.358
Carvalho,MID,Brentford,5.0,0.0,7,1.479,,1.479,model,2.192,0.0,0.008,0.0,1.0,7.358
O.Richards,DEF,Nott'm Forest,4.0,0.2,7,1.476,,1.476,model,2.375,0.289,0.427,0.0,0.0,6.358
McCarthy,DEF,Hull,4.0,0.1,7,1.471,,1.471,model,2.421,0.659,0.214,0.0,0.0,6.358
Dasilva,MID,Brentford,5.0,0.0,7,1.464,,1.464,model,3.026,0.125,0.084,0.0,0.0,8.358
Koumas,MID,Liverpool,5.0,0.0,7,1.456,,1.456,model,2.914,0.183,0.08,0.0,0.0,5.627
Alysson,MID,Aston Villa,5.0,0.0,7,1.446,,1.446,model,2.941,0.134,0.09,0.0,0.0,6.627
Ndoye,MID,Nott'm Forest,5.5,0.5,7,1.445,,1.445,model,1.88,0.081,0.078,0.0,1.0,5.0
Nwaneri,MID,Arsenal,5.5,0.0,7,1.444,,1.444,model,2.132,0.003,0.061,0.0,1.0,7.358
Morato,DEF,Nott'm Forest,5.0,0.1,7,1.444,,1.444,model,2.121,0.182,0.341,0.0,1.0,6.358
Tosin,DEF,Chelsea,4.5,0.2,7,1.442,,1.442,model,2.225,0.131,0.366,0.0,1.0,6.358
McNair,DEF,Hull,4.0,0.1,7,1.441,,1.441,model,2.438,0.623,0.228,0.0,0.0,6.372
Willock,MID,Newcastle,5.0,0.1,7,1.437,,1.437,model,2.04,0.014,0.059,0.0,1.0,5.627
Ji-soo,DEF,Brentford,4.5,0.0,7,1.437,,1.437,model,2.768,0.254,0.405,0.0,0.0,7.358
Henry,DEF,Brentford,4.5,0.2,7,1.437,,1.437,model,2.02,0.04,0.365,0.0,1.0,6.358
Heaven,DEF,Man United,4.5,0.3,7,1.432,,1.432,model,2.336,0.221,0.337,0.0,1.0,6.358
Arrizabalaga,GK,Arsenal,5.0,0.1,7,1.431,,1.431,model,2.434,0.0,0.75,0.0,0.0,6.51
Bettinelli,GK,Man City,4.5,0.0,7,1.429,,1.429,model,2.422,0.0,0.776,0.0,0.0,6.51
Barco,MID,Chelsea,5.5,0.0,7,1.428,,1.428,model,2.825,0.143,0.091,0.0,0.0,5.627
Longstaff,MID,Leeds,5.0,0.2,7,1.427,,1.427,model,1.965,0.035,0.055,0.0,1.0,5.627
Hirst,FWD,Ipswich,5.0,0.4,7,1.426,,1.426,model,1.91,0.0,0.0,0.0,1.0,6.353
Buonanotte,MID,Brighton,5.0,0.1,7,1.423,,1.423,model,2.327,0.0,0.075,0.0,1.0,7.358
McNally,GK,Fulham,4.0,0.2,7,1.422,,1.422,model,2.374,0.0,0.782,0.0,0.0,6.51
Gelhardt,MID,Leeds,5.0,0.0,7,1.42,,1.42,model,3.003,0.133,0.07,0.0,0.0,5.627
Iling Jr,MID,Aston Villa,5.0,0.0,7,1.417,,1.417,model,2.848,0.13,0.078,0.0,0.0,6.627
Borges Rodrigues,MID,Coventry,4.5,0.2,7,1.415,,1.415,model,2.379,0.138,0.084,0.0,0.0,5.0
Mundle,MID,Sunderland,5.0,0.0,7,1.415,,1.415,model,1.593,0.029,0.02,0.0,1.0,4.627
Schlager,MID,Nott'm Forest,5.0,0.1,7,1.413,,1.413,model,2.497,0.155,0.084,0.0,0.0,5.0
Trafford,GK,Leeds,5.0,1.9,7,1.408,,1.408,model,2.101,0.0,0.528,0.0,1.0,6.51
Talbi,MID,Sunderland,5.5,0.2,7,1.407,,1.407,model,2.021,0.014,0.073,0.0,1.0,5.627
Esse,MID,Crystal Palace,5.0,0.1,7,1.391,,1.391,model,2.547,0.158,0.094,0.0,0.0,5.0
Forster,GK,Bournemouth,4.0,3.1,7,1.389,,1.389,model,2.403,0.0,0.645,0.0,0.0,6.51
Sosa,DEF,Crystal Palace,4.5,0.0,7,1.383,,1.383,model,2.613,0.265,0.391,0.0,0.0,6.358
Seelt,DEF,Sunderland,4.5,0.0,7,1.381,,1.381,model,2.554,0.253,0.388,0.0,0.0,6.358
Doucouré,MID,Crystal Palace,5.0,0.1,7,1.372,,1.372,model,2.347,0.173,0.095,0.0,0.0,5.0
Horníček,GK,Newcastle,5.0,0.3,7,1.361,,1.361,model,2.177,0.0,0.577,0.0,0.0,6.51
Tsimikas,DEF,Liverpool,5.0,0.1,7,1.353,,1.353,model,2.251,0.007,0.222,0.0,1.0,6.358
Dominguez,MID,Nott'm Forest,5.0,0.1,7,1.349,,1.349,model,1.631,0.024,0.064,0.0,1.0,3.0
Cardines,DEF,Crystal Palace,4.5,0.0,7,1.34,,1.34,model,2.378,0.262,0.408,0.0,0.0,6.358
Acheampong,DEF,Chelsea,4.5,0.2,7,1.34,,1.34,model,2.235,0.085,0.286,0.0,1.0,6.358
Núñez,MID,Ipswich,5.0,0.2,7,1.321,,1.321,model,2.091,0.134,0.033,0.0,0.0,4.0
Jocelin.T,MID,Sunderland,5.0,0.0,7,1.321,,1.321,model,2.675,0.13,0.082,0.0,0.0,5.0
O'Riley,MID,Brighton,5.5,0.1,7,1.32,,1.32,model,2.449,0.001,0.075,0.0,1.0,7.358
Nelson,MID,Arsenal,5.5,0.0,7,1.315,,1.315,model,2.518,0.022,0.041,0.0,1.0,7.358
Gnonto,MID,Leeds,5.0,0.1,7,1.312,,1.312,model,1.726,0.061,0.025,0.0,1.0,4.627
Clarke,MID,Ipswich,5.5,0.3,7,1.308,,1.308,model,1.581,0.0,0.014,0.0,1.0,3.0
Tchaouna,MID,Coventry,5.5,0.1,7,1.302,,1.302,model,1.831,0.011,0.045,0.0,1.0,4.646
Sakamoto,MID,Coventry,5.0,0.1,7,1.301,,1.301,model,2.403,0.139,0.076,0.0,0.0,5.0
Jair Cunha,DEF,Nott'm Forest,4.5,0.4,7,1.3,,1.3,model,2.123,0.155,0.296,0.0,1.0,6.358
Drakes-Thomas,MID,Crystal Palace,4.5,0.1,7,1.299,,1.299,model,2.315,0.151,0.094,0.0,0.0,4.0
Gruev,MID,Leeds,5.0,0.0,7,1.299,,1.299,model,1.872,0.077,0.07,0.0,1.0,4.627
Furlong,DEF,Ipswich,4.0,0.4,7,1.297,,1.297,model,2.176,0.627,0.132,0.0,0.0,4.0
Kipré,DEF,Ipswich,4.0,0.4,7,1.285,,1.285,model,2.075,0.637,0.135,0.0,0.0,4.0
Hickey,DEF,Brentford,4.5,0.1,7,1.268,,1.268,model,2.099,0.1,0.216,0.0,1.0,6.358
Austin,GK,Tottenham,4.0,0.6,7,1.259,,1.259,model,2.127,0.0,0.621,0.0,0.0,6.51
Akpom,FWD,Ipswich,5.0,0.5,7,1.259,,1.259,model,2.255,0.017,0.0,0.0,0.0,7.353
Palmer,GK,Ipswich,4.0,5.9,7,1.259,,1.259,model,3.222,0.0,0.168,0.0,0.0,10.019
Gomez,DEF,Liverpool,5.0,0.1,7,1.248,,1.248,model,1.859,0.055,0.186,0.0,1.0,5.64
James,MID,Leeds,5.0,0.1,7,1.244,,1.244,model,1.827,0.011,0.024,0.0,1.0,4.627
J.Rak-Sakyi,MID,Crystal Palace,5.0,0.0,7,1.243,,1.243,model,2.262,0.132,0.091,0.0,0.0,4.05
Morita,MID,Hull,5.0,0.1,7,1.239,,1.239,model,2.231,0.11,0.053,0.0,0.0,4.0
Dennis,GK,Bournemouth,4.0,0.2,7,1.237,,1.237,model,2.16,0.0,0.613,0.0,0.0,6.51
Eccles,MID,Coventry,5.0,0.0,7,1.233,,1.233,model,2.4,0.089,0.061,0.0,0.0,5.0
Philogene,MID,Ipswich,5.5,0.2,7,1.23,,1.23,model,1.588,0.0,0.016,0.0,1.0,3.0
Davis,DEF,Ipswich,4.0,4.0,7,1.226,,1.226,model,2.116,0.001,0.273,-1.0,1.0,6.358
Kamara,MID,Hull,5.0,0.0,7,1.219,,1.219,model,2.329,0.103,0.054,0.0,0.0,4.0
M.França,MID,Crystal Palace,5.0,0.0,7,1.213,,1.213,model,2.239,0.147,0.083,0.0,0.0,4.0
Marc Guiu,FWD,Chelsea,5.0,0.4,7,1.213,,1.213,model,2.2,0.001,0.0,0.0,1.0,6.353
Markelo,FWD,Coventry,5.0,0.1,7,1.213,,1.213,model,2.384,0.009,0.0,0.0,0.0,7.353
Lavia,MID,Chelsea,5.0,0.0,7,1.208,,1.208,model,1.671,0.004,0.043,0.0,1.0,3.0
Armstrong,MID,Everton,5.0,0.1,7,1.204,,1.204,model,2.104,0.039,0.047,0.0,1.0,5.627
Darlow,GK,Man United,4.5,0.1,7,1.202,,1.202,model,2.05,0.0,0.499,0.0,0.0,6.51
Millar,MID,Hull,5.0,0.1,7,1.195,,1.195,model,2.141,0.099,0.052,0.0,0.0,4.0
Travers,GK,Everton,5.0,0.1,7,1.195,,1.195,model,2.064,0.0,0.528,0.0,0.0,6.51
Matthews,GK,Crystal Palace,4.0,1.7,7,1.185,,1.185,model,1.94,0.0,0.483,0.0,0.0,6.51
Mehmeti,MID,Ipswich,5.0,0.1,7,1.185,,1.185,model,2.027,0.123,0.031,0.0,0.0,4.0
Igor,DEF,Brighton,4.5,0.1,7,1.183,,1.183,model,2.116,0.007,0.431,0.0,0.0,6.358
Lewis-Skelly,MID,Arsenal,5.5,0.3,7,1.183,,1.183,model,1.403,0.0,0.124,0.0,1.0,3.0
Lindelöf,DEF,Aston Villa,4.5,0.2,7,1.181,,1.181,model,1.937,0.011,0.339,0.0,1.0,6.358
Endo,MID,Liverpool,5.0,0.0,7,1.18,,1.18,model,1.511,0.014,0.014,0.0,1.0,4.0
Kalimuendo,FWD,Nott'm Forest,5.5,0.1,7,1.178,,1.178,model,2.357,0.019,0.0,0.0,0.0,7.353
Milambo,MID,Brentford,5.0,0.0,7,1.17,,1.17,model,2.674,0.119,0.07,0.0,0.0,5.0
Rudoni,MID,Coventry,5.0,0.3,7,1.15,,1.15,model,2.368,0.1,0.061,0.0,0.0,4.0
Akintola,MID,Hull,5.0,0.0,7,1.143,,1.143,model,2.047,0.104,0.048,0.0,0.0,4.0
Fatawu,MID,Ipswich,5.5,0.3,7,1.137,,1.137,model,1.641,0.005,0.022,0.0,1.0,3.0
Ömür,MID,Hull,5.0,0.0,7,1.134,,1.134,model,2.111,0.107,0.046,0.0,0.0,4.0
Emersonn,FWD,Ipswich,5.5,0.3,7,1.133,,1.133,model,2.097,0.009,0.0,0.0,0.0,5.627
Szmodics,MID,Ipswich,5.0,0.1,7,1.13,,1.13,model,1.821,0.0,0.019,0.0,1.0,3.0
Röhl,MID,Everton,5.0,0.1,7,1.125,,1.125,model,2.022,0.065,0.05,0.0,1.0,5.0
Devenny,MID,Crystal Palace,5.0,0.0,7,1.121,,1.121,model,1.756,0.014,0.036,0.0,1.0,4.0
Ogbene,MID,Ipswich,5.0,0.0,7,1.12,,1.12,model,1.975,0.124,0.025,0.0,0.0,4.0
Rushworth,GK,Coventry,4.5,0.9,7,1.115,,1.115,model,1.856,0.0,0.427,0.0,0.0,6.51
McAtee,MID,Nott'm Forest,5.5,0.1,7,1.114,,1.114,model,1.572,0.024,0.022,0.0,1.0,4.0
Diop,DEF,Ipswich,4.0,19.1,7,1.109,,1.109,model,1.821,0.159,0.216,0.0,1.0,5.358
Dibling,MID,Everton,5.5,0.1,7,1.099,,1.099,model,1.768,0.001,0.057,0.0,1.0,3.0
Tzimas,FWD,Brighton,5.5,0.0,7,1.097,,1.097,model,2.803,0.008,0.0,0.0,0.0,7.353
Dovin,GK,Coventry,4.0,2.6,7,1.082,,1.082,model,1.784,0.0,0.401,0.0,0.0,6.51
Burns,MID,Ipswich,5.0,0.1,7,1.078,,1.078,model,1.557,0.0,0.021,0.0,1.0,3.0
Rigg,MID,Sunderland,5.0,0.1,7,1.075,,1.075,model,1.835,0.037,0.038,0.0,1.0,4.0
Al-Hamadi,FWD,Ipswich,5.0,0.2,7,1.073,,1.073,model,2.033,0.009,0.0,0.0,0.0,4.081
King,GK,Everton,4.5,0.1,7,1.072,,1.072,model,2.094,0.0,0.475,0.0,0.0,6.51
B.Badiashile,DEF,Chelsea,4.5,0.0,7,1.059,,1.059,model,1.829,0.086,0.212,0.0,1.0,5.358
Angulo,MID,Sunderland,5.0,0.1,7,1.059,,1.059,model,1.822,0.001,0.053,0.0,1.0,3.0
Bogarde,MID,Aston Villa,5.0,0.1,7,1.055,,1.055,model,1.263,0.005,0.057,0.0,1.0,3.0
Pinnock,DEF,Brentford,4.5,0.1,7,1.044,,1.044,model,2.167,0.01,0.357,0.0,0.0,6.358
Wilson,GK,Coventry,4.5,0.6,7,1.031,,1.031,model,1.893,0.0,0.379,0.0,0.0,6.51
Woolfenden,DEF,Coventry,4.0,0.2,7,1.027,,1.027,model,1.833,0.01,0.311,0.0,0.0,5.358
Patterson,GK,Sunderland,4.0,1.0,7,1.024,,1.024,model,1.805,0.0,0.412,0.0,0.0,6.51
Jacob,DEF,Hull,4.0,0.0,7,1.023,,1.023,model,2.048,0.453,0.176,0.0,0.0,4.0
Bakwa,MID,Nott'm Forest,5.5,0.0,7,1.018,,1.018,model,1.566,0.024,0.027,0.0,1.0,3.0
Emegha,FWD,Chelsea,5.0,0.2,7,1.017,,1.017,model,2.482,0.011,0.0,0.0,0.0,7.353
Taylor,MID,Ipswich,4.5,0.2,7,1.014,,1.014,model,0.927,0.0,0.002,0.0,1.0,1.0
Netz,DEF,Nott'm Forest,4.5,0.0,7,1.007,,1.007,model,1.487,0.002,0.179,0.0,1.0,4.627
O'Shea,DEF,Ipswich,4.0,1.9,7,0.989,,0.989,model,1.793,0.0,0.251,-1.0,1.0,5.358
Woodman,GK,Liverpool,4.0,1.2,7,0.986,,0.986,model,1.775,0.0,0.388,0.0,0.0,6.51
Valdimarsson,GK,Brentford,4.5,0.1,7,0.982,,0.982,model,1.835,0.0,0.431,0.0,0.0,6.51
Jaouen,GK,Newcastle,4.5,0.1,7,0.972,,0.972,model,1.807,0.0,0.404,0.0,0.0,6.51
Perri,GK,Leeds,4.5,0.7,7,0.971,,0.971,model,1.847,0.0,0.383,0.0,0.0,5.51
Heaton,GK,Man United,4.0,0.3,7,0.966,,0.966,model,1.869,0.0,0.403,0.0,0.0,6.51
Penders,GK,Chelsea,4.5,0.1,7,0.955,,0.955,model,1.81,0.0,0.413,0.0,0.0,6.51
Chadi Riad,DEF,Crystal Palace,4.5,0.1,7,0.954,,0.954,model,1.939,0.096,0.241,0.0,0.0,5.358
Odobert,MID,Tottenham,5.5,0.0,7,0.948,,0.948,model,1.661,0.0,0.003,0.0,1.0,4.627
Gillespie,GK,Newcastle,4.5,0.0,7,0.943,,0.943,model,1.793,0.0,0.382,0.0,0.0,6.51
Mamardashvili,GK,Liverpool,5.0,0.2,7,0.905,,0.905,model,1.807,0.0,0.335,0.0,0.0,5.51
Phillips,GK,Hull,4.0,2.0,7,0.883,,0.883,model,1.617,0.0,0.325,0.0,0.0,5.51
Davies,GK,Liverpool,4.0,0.1,7,0.877,,0.877,model,1.72,0.0,0.352,0.0,0.0,5.51
Benitez,GK,Crystal Palace,4.5,0.1,7,0.869,,0.869,model,1.847,0.0,0.349,0.0,0.0,6.51
Bornauw,DEF,Leeds,4.5,0.0,7,0.85,,0.85,model,1.661,0.13,0.118,0.0,0.0,4.0
Pecsi,GK,Liverpool,4.0,0.1,7,0.847,,0.847,model,1.676,0.0,0.341,0.0,0.0,5.51
Patterson,DEF,Everton,4.5,0.0,7,0.816,,0.816,model,1.841,0.032,0.17,0.0,0.0,4.627
Jörgensen,GK,Chelsea,5.0,0.1,7,0.815,,0.815,model,1.699,0.0,0.319,0.0,0.0,5.51
Greaves,DEF,Ipswich,4.0,0.5,7,0.772,,0.772,model,1.657,0.001,0.169,-1.0,0.0,4.627
Kroupi.Jr,MID,Bournemouth,7.5,4.1,7,0.751,,0.751,model,1.801,0.001,0.002,0.0,0.0,4.627
Harrison,MID,Leeds,5.0,0.0,7,0.732,,0.732,model,1.214,0.0,0.0,0.0,1.0,1.0
Johnson,DEF,Ipswich,4.0,0.1,7,0.722,,0.722,model,1.39,0.009,0.096,0.0,0.0,2.0
Christie,MID,Bournemouth,5.0,0.0,7,0.686,,0.686,model,1.166,0.0,0.003,0.0,1.0,1.0
Lo-Tutala,GK,Hull,4.0,0.2,7,0.661,,0.661,model,1.539,0.0,0.231,0.0,0.0,4.51
Tzolakis,GK,Hull,4.5,0.1,7,0.643,,0.643,model,1.437,0.0,0.238,0.0,0.0,4.51
Bradley,DEF,Liverpool,5.0,0.0,7,0.625,,0.625,model,1.088,0.006,0.01,0.0,1.0,1.0
Ekitiké,FWD,Liverpool,7.5,0.2,7,0.616,,0.616,model,1.628,0.0,0.0,0.0,0.0,2.0
John,GK,Nott'm Forest,4.5,0.1,7,0.615,,0.615,model,1.546,0.0,0.231,0.0,0.0,5.51
Xavi,MID,Tottenham,6.0,0.0,7,0.614,,0.614,model,1.402,0.001,0.004,0.0,0.0,1.0
L.Miley,MID,Newcastle,5.5,0.0,7,0.594,,0.594,model,1.014,0.003,0.003,0.0,0.0,1.0
Bayindir,GK,Man United,4.5,0.2,7,0.581,,0.581,model,1.575,0.0,0.242,0.0,0.0,5.51
Ugarte,MID,Man United,5.0,0.0,7,0.517,,0.517,model,0.957,0.001,0.001,0.0,0.0,1.0
Henderson,MID,Chelsea,5.0,0.0,7,0.512,,0.512,model,0.918,0.005,0.003,0.0,0.0,1.0
M.Bizot,GK,Aston Villa,4.5,0.1,7,0.489,,0.489,model,1.338,0.0,0.192,0.0,0.0,2.0
Scherpen,GK,Ipswich,4.5,0.3,7,0.472,,0.472,model,1.251,0.0,0.143,0.0,0.0,2.0
Mitoma,MID,Brighton,6.0,0.2,7,0.463,,0.463,model,1.207,0.0,0.004,0.0,0.0,1.0
Baleba,MID,Brighton,5.0,0.5,7,0.449,,0.449,model,0.907,0.0,0.004,0.0,0.0,1.0
Ellborg,GK,Sunderland,4.5,0.1,7,0.443,,0.443,model,1.322,0.0,0.18,0.0,0.0,2.0
Rodrigo,MID,Man City,6.5,0.1,7,0.434,,0.434,model,1.141,0.005,0.003,0.0,0.0,1.0
Button,GK,Ipswich,4.0,0.5,7,0.416,,0.416,model,1.108,0.0,0.125,0.0,0.0,2.0
Van Oevelen,GK,Ipswich,4.5,0.1,7,0.396,,0.396,model,1.094,0.0,0.113,0.0,0.0,2.0
Walton,GK,Ipswich,4.5,0.6,7,0.38,,0.38,model,1.125,0.0,0.099,0.0,0.0,2.0
Savona,DEF,Nott'm Forest,4.5,0.0,7,0.331,,0.331,model,0.679,0.001,0.004,0.0,0.0,1.0
Fofana,DEF,Chelsea,5.0,0.0,7,0.319,,0.319,model,0.907,0.009,0.013,0.0,0.0,1.0
Kulusevski,MID,Tottenham,6.5,0.0,7,0.309,,0.309,model,1.061,0.0,0.003,0.0,0.0,1.0
Onana,MID,Aston Villa,5.0,0.0,7,0.294,,0.294,model,0.684,0.002,0.002,0.0,0.0,1.0
Milosavljević,DEF,Bournemouth,5.0,0.1,7,0.284,,0.284,model,0.882,0.012,0.016,0.0,0.0,1.0
De Ligt,DEF,Man United,5.0,0.0,7,0.213,,0.213,model,0.859,0.005,0.016,0.0,0.0,1.0
J.Timber,DEF,Arsenal,6.5,0.5,7,0.193,,0.193,model,0.826,0.001,0.015,0.0,0.0,1.0
Gudmundsson,DEF,Leeds,4.5,0.4,7,0.175,,0.175,model,0.645,0.003,0.004,0.0,0.0,1.0
Saliba,DEF,Arsenal,6.0,0.5,7,0.128,,0.128,model,0.657,0.0,0.013,0.0,0.0,1.0
Andersen,DEF,Fulham,5.0,0.1,7,0.115,,0.115,model,0.715,0.007,0.022,0.0,0.0,1.0
Garner,MID,Everton,6.0,0.6,7,0.062,,0.062,model,0.476,0.005,0.004,0.0,0.0,0.0
Danns,FWD,Liverpool,4.5,0.0,7,0.053,,0.053,model,0.57,0.0,0.0,0.0,0.0,0.0
Burstow,FWD,Hull,4.5,0.6,7,0.045,,0.045,model,0.526,0.0,0.0,0.0,0.0,0.0
Ferguson,FWD,Brighton,5.0,0.0,7,0.043,,0.043,model,0.58,0.0,0.0,0.0,0.0,0.0
Mateo Joseph,FWD,Leeds,4.5,0.2,7,0.039,,0.039,model,0.656,0.0,0.0,0.0,0.0,0.0
Uche,FWD,Crystal Palace,5.0,0.0,7,0.038,,0.038,model,0.636,0.001,0.0,0.0,0.0,0.0
Watson,MID,Brighton,5.0,0.0,7,0.036,,0.036,model,0.521,0.005,0.003,0.0,0.0,0.0
Drameh,DEF,Hull,4.0,0.1,7,0.035,,0.035,model,0.433,0.016,0.009,0.0,0.0,0.0
Bajcetic,MID,Liverpool,5.0,0.0,7,0.034,,0.034,model,0.386,0.002,0.003,0.0,0.0,0.0
Zambrano,MID,Hull,4.5,0.4,7,0.031,,0.031,model,0.338,0.002,0.002,0.0,0.0,0.0
Matazo,MID,Hull,4.5,0.0,7,0.031,,0.031,model,0.349,0.003,0.002,0.0,0.0,0.0
Henderson,GK,Crystal Palace,5.0,3.1,7,0.031,,0.031,model,0.361,0.0,0.014,0.0,0.0,0.0
Gyabi,MID,Hull,4.5,0.2,7,0.028,,0.028,model,0.341,0.005,0.001,0.0,0.0,0.0
Jaros,GK,Liverpool,4.0,0.0,7,0.028,,0.028,model,0.348,0.0,0.012,0.0,0.0,0.0
Bassette,FWD,Coventry,4.5,0.4,7,0.025,,0.025,model,0.289,0.0,0.0,0.0,0.0,0.0
Leoni,DEF,Liverpool,4.0,0.1,7,0.022,,0.022,model,0.305,0.007,0.007,0.0,0.0,0.0
Matusiwa,MID,Ipswich,5.0,0.0,7,0.021,,0.021,model,0.277,0.002,0.001,0.0,0.0,0.0
Cartwright,GK,Hull,4.0,0.1,7,0.018,,0.018,model,0.265,0.0,0.008,0.0,0.0,0.0
Butland,GK,Hull,4.5,0.9,7,0.014,,0.014,model,0.213,0.0,0.003,0.0,0.0,0.0
Haaland,FWD,Man City,15.5,74.4,8,6.52,,6.52,model,5.59,0.0,0.0,0.0,7.353,18.06
B.Fernandes,MID,Man United,12.0,48.6,8,5.903,,5.903,model,5.037,0.035,0.262,0.0,5.627,15.618
Mbeumo,MID,Man United,8.0,20.2,8,5.787,,5.787,model,5.198,0.001,0.242,0.0,3.0,15.717
Palmer,MID,Chelsea,9.5,11.7,8,5.471,,5.471,model,5.303,0.003,0.281,0.0,3.0,15.717
Saka,MID,Arsenal,9.5,10.8,8,5.288,,5.288,model,5.538,0.022,0.37,0.0,3.0,15.717
Gabriel,DEF,Arsenal,8.0,26.5,8,5.114,,5.114,model,3.969,0.299,2.038,0.0,5.627,13.254
Thiago,FWD,Brentford,8.0,16.1,8,5.064,,5.064,model,4.976,0.025,0.0,0.0,2.0,12.707
Enzo,MID,Chelsea,7.0,5.5,8,4.711,,4.711,model,4.388,0.014,0.289,0.0,3.0,14.717
João Pedro,FWD,Chelsea,7.5,54.9,8,4.693,,4.693,model,4.539,0.0,0.0,0.0,2.0,12.707
Isak,FWD,Liverpool,9.0,11.4,8,4.389,,4.389,model,4.761,0.0,0.0,0.0,2.0,12.707
Cunha,MID,Man United,8.0,13.6,8,4.368,,4.368,model,4.495,0.014,0.227,0.0,2.0,14.717
Semenyo,MID,Man City,8.5,23.2,8,4.356,,4.356,model,3.923,0.008,0.294,0.0,3.0,11.985
Rogers,MID,Chelsea,7.5,28.8,8,4.305,,4.305,model,3.763,0.015,0.312,0.0,3.0,11.985
Schade,MID,Brentford,6.0,2.1,8,4.304,,4.304,model,4.84,0.008,0.273,0.0,2.0,14.717
Calafiori,DEF,Arsenal,5.5,16.8,8,4.229,,4.229,model,4.299,0.12,1.54,0.0,2.0,13.254
Rice,MID,Arsenal,7.5,22.4,8,4.206,,4.206,model,3.492,0.168,0.467,0.0,3.0,10.358
Gibbs-White,MID,Nott'm Forest,8.0,11.6,8,4.147,,4.147,model,3.822,0.002,0.314,0.0,2.0,11.985
O.Dango,MID,Brentford,6.5,1.4,8,4.135,,4.135,model,4.865,0.013,0.252,0.0,2.0,14.717
Lacroix,DEF,Chelsea,6.0,11.7,8,4.094,,4.094,model,3.498,0.493,1.283,0.0,3.0,9.985
Mukiele,DEF,Sunderland,5.5,7.5,8,4.086,,4.086,model,3.414,0.774,1.277,0.0,4.0,9.896
O'Reilly,DEF,Man City,6.5,22.5,8,4.084,,4.084,model,4.319,0.073,1.114,0.0,2.0,13.254
Raya,GK,Arsenal,6.0,31.0,8,4.049,,4.049,model,2.567,0.0,2.237,1.0,2.0,6.51
Virgil,DEF,Liverpool,6.5,16.5,8,4.03,,4.03,model,3.384,0.479,1.215,0.0,3.0,9.985
Wirtz,MID,Liverpool,7.5,12.6,8,4.0,,4.0,model,4.02,0.097,0.232,0.0,2.0,11.985
Hincapie,DEF,Arsenal,5.5,4.2,8,3.98,,3.98,model,3.778,0.489,1.578,0.0,3.0,9.985
Szoboszlai,MID,Liverpool,7.0,46.5,8,3.919,,3.919,model,3.415,0.078,0.268,0.0,2.0,10.254
Guéhi,DEF,Man City,6.0,23.5,8,3.89,,3.89,model,3.379,0.094,1.312,0.0,2.0,9.985
Collins,DEF,Brentford,5.5,2.0,8,3.884,,3.884,model,3.563,0.224,1.392,0.0,2.0,9.985
Van den Berg,DEF,Brentford,5.0,0.7,8,3.846,,3.846,model,3.807,0.198,1.353,0.0,2.0,10.896
Thiaw,DEF,Newcastle,5.0,2.0,8,3.846,,3.846,model,3.631,0.767,0.982,0.0,3.0,10.896
Kayode,DEF,Brentford,4.5,3.8,8,3.836,,3.836,model,3.424,0.244,1.418,0.0,2.0,9.985
Cherki,MID,Man City,7.5,9.2,8,3.825,,3.825,model,4.324,0.084,0.191,0.0,2.0,12.881
Mosquera,DEF,Arsenal,5.5,15.7,8,3.803,,3.803,model,3.598,0.563,1.443,0.0,2.0,8.896
Gakpo,MID,Liverpool,7.0,3.4,8,3.785,,3.785,model,4.098,0.003,0.219,0.0,2.0,11.985
Sarr,MID,Crystal Palace,6.5,8.8,8,3.778,,3.778,model,4.074,0.001,0.235,0.0,2.0,11.985
Foden,MID,Man City,7.0,7.3,8,3.77,,3.77,model,4.307,0.015,0.213,0.0,2.0,12.985
Eze,MID,Arsenal,6.5,3.2,8,3.734,,3.734,model,4.312,0.001,0.339,0.0,2.0,12.985
Palestra,DEF,Chelsea,5.5,1.8,8,3.721,,3.721,model,4.391,0.541,1.133,0.0,2.0,10.896
Gvardiol,DEF,Man City,5.5,12.6,8,3.701,,3.701,model,3.872,0.008,1.17,0.0,2.0,12.254
van Ewijk,DEF,Coventry,4.0,15.9,8,3.686,,3.686,model,3.388,1.019,0.963,0.0,3.0,8.358
Ballard,DEF,Sunderland,5.0,3.8,8,3.662,,3.662,model,3.493,0.915,0.989,0.0,3.0,9.896
Tzolis,MID,Arsenal,6.5,2.3,8,3.641,,3.641,model,4.773,0.354,0.376,0.0,3.0,14.717
Alderete,DEF,Sunderland,5.0,1.1,8,3.625,,3.625,model,3.282,0.881,1.079,0.0,3.0,8.358
Amad,MID,Man United,6.0,1.6,8,3.598,,3.598,model,4.119,0.019,0.184,0.0,2.0,11.985
Muñoz,DEF,Crystal Palace,5.5,11.6,8,3.551,,3.551,model,3.531,0.024,1.114,0.0,2.0,9.985
Watkins,FWD,Aston Villa,8.0,12.7,8,3.526,,3.526,model,3.648,0.0,0.0,0.0,2.0,12.707
Anderson,MID,Man City,6.5,12.0,8,3.522,,3.522,model,2.747,0.502,0.272,0.0,3.0,9.358
Havertz,FWD,Arsenal,7.5,3.8,8,3.517,,3.517,model,4.55,0.0,0.0,0.0,2.0,12.707
N.Williams,DEF,Nott'm Forest,5.0,12.5,8,3.512,,3.512,model,3.279,0.109,1.235,0.0,2.0,9.254
Gyökeres,FWD,Arsenal,7.5,13.1,8,3.508,,3.508,model,4.141,0.001,0.0,0.0,2.0,12.707
Thomas,DEF,Coventry,4.0,8.7,8,3.494,,3.494,model,3.107,0.997,0.915,0.0,3.0,8.358
Mateta,FWD,Crystal Palace,6.5,6.8,8,3.476,,3.476,model,4.023,0.0,0.0,0.0,2.0,12.707
E.Le Fée,MID,Sunderland,6.0,12.8,8,3.469,,3.469,model,2.854,0.43,0.289,0.0,3.0,9.358
Neto,MID,Chelsea,6.5,1.3,8,3.439,,3.439,model,3.766,0.001,0.244,0.0,2.0,10.254
Senesi,DEF,Tottenham,6.0,10.6,8,3.401,,3.401,model,2.809,1.131,0.609,0.0,3.0,8.358
Wood,FWD,Nott'm Forest,6.0,1.8,8,3.346,,3.346,model,4.162,0.0,0.0,0.0,2.0,12.707
Ndiaye,MID,Everton,6.0,15.9,8,3.344,,3.344,model,3.154,0.069,0.15,0.0,2.0,9.358
Chalobah,DEF,Chelsea,5.5,1.9,8,3.329,,3.329,model,3.311,0.301,1.084,0.0,2.0,8.896
Welbeck,FWD,Chelsea,6.0,2.7,8,3.325,,3.325,model,3.992,0.0,0.0,0.0,2.0,12.707
Calvert-Lewin,FWD,Leeds,6.0,24.1,8,3.31,,3.31,model,3.504,0.0,0.0,0.0,2.0,12.707
Damsgaard,MID,Brentford,5.5,0.7,8,3.304,,3.304,model,3.798,0.037,0.254,0.0,2.0,10.254
Groß,MID,Brighton,5.5,9.3,8,3.296,,3.296,model,3.357,0.009,0.18,0.0,2.0,9.358
Xhaka,MID,Sunderland,5.5,5.6,8,3.288,,3.288,model,2.559,0.669,0.292,0.0,3.0,8.358
Bruno G.,MID,Newcastle,7.0,10.0,8,3.274,,3.274,model,2.924,0.006,0.241,0.0,2.0,9.358
Shaw,DEF,Man United,4.5,24.5,8,3.268,,3.268,model,2.989,0.315,1.034,0.0,2.0,8.896
Tavernier,MID,Bournemouth,6.0,1.9,8,3.265,,3.265,model,3.593,0.039,0.104,0.0,2.0,9.403
Rodon,DEF,Leeds,4.5,1.8,8,3.253,,3.253,model,2.984,0.756,0.994,0.0,2.0,8.358
Kelleher,GK,Brentford,5.0,5.6,8,3.251,,3.251,model,2.564,0.0,1.592,0.0,2.0,6.51
Ampadu,MID,Leeds,5.5,1.6,8,3.218,,3.218,model,2.528,0.807,0.224,0.0,3.0,8.358
Dalot,DEF,Man United,5.0,3.0,8,3.213,,3.213,model,3.567,0.055,0.96,0.0,2.0,9.985
Robinson,DEF,Fulham,4.5,2.6,8,3.212,,3.212,model,3.559,0.016,1.055,0.0,2.0,9.985
Mitchell,DEF,Crystal Palace,4.5,6.8,8,3.209,,3.209,model,3.077,0.108,1.156,0.0,2.0,8.896
Milenković,DEF,Nott'm Forest,5.5,2.3,8,3.203,,3.203,model,2.856,0.144,1.22,0.0,2.0,8.358
Rashford,MID,Man United,7.0,1.4,8,3.195,,3.195,model,4.416,0.0,0.149,0.0,2.0,12.985
Richards,DEF,Crystal Palace,5.0,0.8,8,3.192,,3.192,model,3.183,0.373,1.031,0.0,2.0,8.896
Hume,DEF,Sunderland,4.5,2.9,8,3.167,,3.167,model,3.293,0.207,1.098,0.0,2.0,8.896
Jacquet,DEF,Liverpool,5.0,1.6,8,3.143,,3.143,model,3.973,0.512,0.911,0.0,2.0,8.896
Estêvão,MID,Chelsea,6.5,1.7,8,3.131,,3.131,model,4.211,0.021,0.148,0.0,1.0,11.985
Aina,DEF,Nott'm Forest,4.5,4.4,8,3.127,,3.127,model,2.867,0.029,1.267,0.0,2.0,7.896
Ødegaard,MID,Arsenal,6.5,2.9,8,3.126,,3.126,model,3.891,0.003,0.302,0.0,2.0,10.254
Matheus N.,DEF,Man City,6.0,4.8,8,3.106,,3.106,model,3.145,0.053,1.098,0.0,2.0,8.896
Rayan,MID,Bournemouth,6.5,3.5,8,3.103,,3.103,model,3.52,0.099,0.118,0.0,2.0,9.358
Doku,MID,Man City,7.5,6.4,8,3.09,,3.09,model,3.519,0.011,0.198,0.0,2.0,9.358
Evanilson,FWD,Bournemouth,6.0,2.0,8,3.068,,3.068,model,3.396,0.0,0.0,0.0,2.0,7.353
Anthony,MID,Brentford,6.0,0.2,8,3.057,,3.057,model,3.646,0.14,0.239,0.0,2.0,9.358
Truffert,DEF,Bournemouth,5.5,4.8,8,3.052,,3.052,model,2.714,0.886,0.555,0.0,2.0,8.358
James,DEF,Chelsea,5.5,7.9,8,2.997,,2.997,model,3.496,0.127,0.936,0.0,2.0,9.254
Maguire,DEF,Man United,5.0,8.7,8,2.985,,2.985,model,3.258,0.151,0.896,0.0,2.0,8.896
Merino,MID,Arsenal,6.0,1.2,8,2.972,,2.972,model,4.003,0.021,0.234,0.0,1.0,9.358
Vuskovic,DEF,Brighton,5.0,2.9,8,2.953,,2.953,model,3.537,0.565,0.726,0.0,2.0,8.358
Roefs,GK,Sunderland,5.0,5.0,8,2.948,,2.948,model,2.523,0.0,1.369,0.0,2.0,6.51
Iwobi,MID,Fulham,5.5,0.9,8,2.944,,2.944,model,2.973,0.011,0.253,0.0,2.0,9.254
Van Hecke,DEF,Tottenham,5.0,8.3,8,2.942,,2.942,model,2.91,0.507,0.678,0.0,2.0,8.896
Stach,MID,Leeds,6.0,1.2,8,2.927,,2.927,model,2.806,0.443,0.206,0.0,2.0,8.627
Caicedo,MID,Chelsea,5.5,3.9,8,2.927,,2.927,model,2.465,0.149,0.29,0.0,2.0,8.358
Masuaku,DEF,Sunderland,4.0,1.5,8,2.927,,2.927,model,3.602,0.429,1.033,0.0,2.0,8.358
Murillo,DEF,Nott'm Forest,5.5,0.2,8,2.901,,2.901,model,2.896,0.12,1.196,0.0,2.0,7.896
Colwill,DEF,Chelsea,5.0,1.7,8,2.886,,2.886,model,3.217,0.0,1.09,0.0,2.0,8.896
Zubimendi,MID,Arsenal,5.5,1.5,8,2.885,,2.885,model,3.027,0.126,0.37,0.0,2.0,9.358
Sangaré,MID,Brentford,5.5,1.3,8,2.882,,2.882,model,4.111,0.209,0.251,0.0,2.0,9.358
Rúben,DEF,Man City,5.5,1.4,8,2.878,,2.878,model,2.974,0.036,1.13,0.0,2.0,7.896
Donnarumma,GK,Man City,5.5,11.0,8,2.873,,2.873,model,2.376,0.0,1.29,0.0,2.0,6.51
Muharemović,DEF,Leeds,5.0,1.4,8,2.871,,2.871,model,3.351,0.617,0.811,0.0,2.0,8.358
N.Jackson,FWD,Chelsea,6.5,0.4,8,2.869,,2.869,model,4.4,0.0,0.0,0.0,1.0,12.707
Scott,MID,Bournemouth,6.0,1.6,8,2.866,,2.866,model,2.921,0.489,0.09,0.0,2.0,9.254
Aït-Nouri,DEF,Man City,5.5,1.1,8,2.859,,2.859,model,3.515,0.001,0.908,0.0,2.0,9.291
Bogle,DEF,Leeds,4.5,0.4,8,2.858,,2.858,model,3.106,0.383,0.864,0.0,2.0,8.358
A.Becker,GK,Liverpool,5.5,4.1,8,2.833,,2.833,model,2.368,0.0,1.273,0.0,2.0,6.51
Botman,DEF,Newcastle,5.0,0.4,8,2.831,,2.831,model,3.323,0.676,0.732,0.0,2.0,8.358
Struijk,DEF,Brighton,5.0,0.5,8,2.825,,2.825,model,3.185,0.534,0.692,0.0,2.0,8.896
Gusto,DEF,Chelsea,5.0,1.1,8,2.811,,2.811,model,3.343,0.034,0.886,0.0,2.0,8.985
Munoz,MID,Liverpool,6.5,0.8,8,2.801,,2.801,model,4.419,0.283,0.178,0.0,2.0,10.358
Sels,GK,Nott'm Forest,5.0,1.4,8,2.794,,2.794,model,2.45,0.0,1.308,0.0,2.0,6.51
Wilson,MID,Leeds,6.5,8.3,8,2.784,,2.784,model,3.055,0.012,0.189,0.0,2.0,8.358
Kusi-Asare,FWD,Fulham,4.5,7.8,8,2.771,,2.771,model,3.829,0.029,0.0,0.0,2.0,12.707
Sessegnon,DEF,Fulham,4.5,0.4,8,2.766,,2.766,model,3.578,0.355,0.696,0.0,1.0,9.896
Sánchez,GK,Chelsea,5.0,2.0,8,2.759,,2.759,model,2.456,0.0,1.24,0.0,2.0,6.51
Ajer,DEF,Brentford,4.5,1.6,8,2.756,,2.756,model,3.241,0.192,0.96,0.0,2.0,8.896
Targett,DEF,Hull,4.0,2.7,8,2.748,,2.748,model,3.126,1.115,0.477,0.0,2.0,8.358
Gravenberch,MID,Liverpool,6.0,1.9,8,2.746,,2.746,model,2.41,0.037,0.26,0.0,2.0,8.358
Madueke,MID,Arsenal,6.5,0.4,8,2.744,,2.744,model,3.86,0.0,0.216,0.0,1.0,9.358
Leno,GK,Fulham,4.5,3.2,8,2.74,,2.74,model,2.354,0.0,1.246,0.0,2.0,6.51
Bijol,DEF,Leeds,5.0,0.3,8,2.738,,2.738,model,3.105,0.801,0.716,0.0,2.0,8.358
Manzambi,MID,Aston Villa,6.0,2.1,8,2.731,,2.731,model,3.573,0.241,0.142,0.0,2.0,9.358
Lewis-Potter,MID,Brentford,5.5,0.5,8,2.727,,2.727,model,3.251,0.0,0.229,0.0,2.0,9.358
Hall,DEF,Newcastle,5.0,4.0,8,2.723,,2.723,model,2.986,0.07,0.904,0.0,2.0,8.896
Canvot,DEF,Crystal Palace,5.0,0.6,8,2.722,,2.722,model,3.337,0.627,0.723,0.0,1.0,8.358
Fernandes,MID,Tottenham,6.0,3.3,8,2.717,,2.717,model,2.356,0.249,0.145,0.0,2.0,8.358
Mac Allister,MID,Liverpool,5.5,1.9,8,2.71,,2.71,model,2.847,0.019,0.225,0.0,2.0,8.358
Bassey,DEF,Fulham,4.5,0.6,8,2.709,,2.709,model,2.804,0.077,1.029,0.0,2.0,7.358
Ngumoha,MID,Liverpool,6.0,1.6,8,2.697,,2.697,model,3.568,0.028,0.133,0.0,1.0,9.358
F.Kadıoğlu,DEF,Brighton,4.5,2.9,8,2.674,,2.674,model,2.947,0.137,0.761,0.0,2.0,8.358
Lammens,GK,Man United,5.0,20.2,8,2.671,,2.671,model,2.26,0.0,1.192,0.0,2.0,6.51
Brobbey,FWD,Sunderland,6.0,18.7,8,2.659,,2.659,model,2.959,0.001,0.0,0.0,2.0,7.353
Kerkez,DEF,Liverpool,5.5,5.5,8,2.657,,2.657,model,2.88,0.039,0.94,0.0,2.0,7.896
Burn,DEF,Newcastle,5.0,2.7,8,2.642,,2.642,model,2.696,0.159,0.975,0.0,2.0,7.358
Reinildo,DEF,Sunderland,4.5,0.5,8,2.637,,2.637,model,2.918,0.353,0.947,0.0,2.0,8.358
Barnes,MID,Newcastle,6.0,1.2,8,2.62,,2.62,model,3.423,0.001,0.145,0.0,2.0,9.358
Gomez,MID,Brighton,5.0,1.8,8,2.597,,2.597,model,3.217,0.073,0.135,0.0,2.0,9.358
Pedro Porro,DEF,Tottenham,5.5,23.5,8,2.596,,2.596,model,2.778,0.212,0.648,0.0,2.0,7.9
Frimpong,DEF,Liverpool,5.5,3.0,8,2.587,,2.587,model,3.207,0.028,0.739,0.0,1.0,8.896
Wharton,MID,Crystal Palace,5.5,0.3,8,2.556,,2.556,model,2.721,0.226,0.188,0.0,2.0,8.358
Romero,DEF,Tottenham,5.0,1.1,8,2.555,,2.555,model,2.925,0.575,0.565,0.0,2.0,8.358
Šeško,FWD,Man United,7.0,2.6,8,2.545,,2.545,model,3.866,0.001,0.0,0.0,1.0,12.707
White,DEF,Arsenal,5.5,0.4,8,2.537,,2.537,model,3.396,0.021,1.039,0.0,1.0,8.896
Solanke,FWD,Tottenham,6.0,2.6,8,2.534,,2.534,model,3.217,0.001,0.0,0.0,2.0,7.353
Jensen,MID,Brentford,5.5,0.1,8,2.504,,2.504,model,3.279,0.079,0.176,0.0,1.0,9.358
Minteh,MID,Brighton,6.0,0.7,8,2.489,,2.489,model,3.008,0.012,0.119,0.0,2.0,8.358
Wieffer,DEF,Brighton,5.0,0.3,8,2.48,,2.48,model,3.063,0.588,0.468,0.0,1.0,8.358
Khusanov,DEF,Man City,5.5,2.0,8,2.475,,2.475,model,2.955,0.144,0.84,0.0,1.0,8.358
McGinn,MID,Aston Villa,5.5,2.7,8,2.475,,2.475,model,2.598,0.002,0.142,0.0,2.0,8.358
Martinelli,MID,Arsenal,6.5,0.3,8,2.471,,2.471,model,3.677,0.0,0.166,0.0,1.0,9.358
Hill,DEF,Bournemouth,5.5,1.2,8,2.47,,2.47,model,2.773,0.779,0.436,0.0,2.0,8.358
Tete,DEF,Fulham,4.5,0.2,8,2.446,,2.446,model,2.983,0.12,0.873,0.0,2.0,8.358
Tarkowski,DEF,Everton,6.0,9.9,8,2.445,,2.445,model,2.409,0.286,0.713,0.0,2.0,6.358
Van de Ven,DEF,Tottenham,5.0,6.8,8,2.425,,2.425,model,2.617,0.357,0.6,0.0,2.0,7.896
Yarmoliuk,MID,Brentford,5.0,1.5,8,2.417,,2.417,model,2.51,0.243,0.247,0.0,2.0,8.358
Martinez,DEF,Man United,5.0,0.6,8,2.415,,2.415,model,2.981,0.056,0.814,0.0,1.0,7.896
Davis,DEF,Ipswich,4.0,4.0,8,2.408,,2.408,model,2.816,0.0,0.767,0.0,2.0,7.896
Aaronson,MID,Leeds,5.5,0.8,8,2.395,,2.395,model,2.785,0.151,0.168,0.0,2.0,8.358
Meunier,DEF,Sunderland,4.5,0.5,8,2.389,,2.389,model,3.339,0.362,0.789,0.0,1.0,8.358
Dorgu,MID,Man United,6.0,1.7,8,2.384,,2.384,model,3.011,0.017,0.144,0.0,2.0,8.358
Cash,DEF,Aston Villa,4.5,7.8,8,2.383,,2.383,model,2.547,0.03,0.731,0.0,2.0,6.358
Smith Rowe,MID,Fulham,5.5,0.4,8,2.381,,2.381,model,3.072,0.005,0.173,0.0,2.0,8.358
Sangaré,MID,Nott'm Forest,5.0,0.6,8,2.371,,2.371,model,2.521,0.415,0.178,0.0,2.0,7.664
Hinshelwood,MID,Brighton,6.0,0.3,8,2.351,,2.351,model,2.961,0.003,0.119,0.0,2.0,8.358
Sadiki,MID,Sunderland,5.0,0.4,8,2.342,,2.342,model,2.215,0.147,0.251,0.0,2.0,7.627
Kluivert,MID,Bournemouth,6.0,1.1,8,2.342,,2.342,model,3.059,0.001,0.08,0.0,2.0,8.358
Egan,DEF,Hull,4.0,1.2,8,2.326,,2.326,model,2.754,0.979,0.408,0.0,2.0,8.358
Woltemade,FWD,Newcastle,6.0,1.8,8,2.325,,2.325,model,3.206,0.005,0.0,0.0,2.0,7.353
Maddison,MID,Tottenham,6.5,1.9,8,2.321,,2.321,model,3.211,0.001,0.071,0.0,1.0,8.358
Pope,GK,Newcastle,5.0,1.1,8,2.318,,2.318,model,2.376,0.0,1.027,0.0,2.0,6.51
A.Murphy,DEF,Newcastle,4.0,0.8,8,2.317,,2.317,model,3.129,0.421,0.715,0.0,1.0,8.358
Igor Jesus,FWD,Nott'm Forest,6.0,5.1,8,2.314,,2.314,model,2.887,0.007,0.0,0.0,2.0,7.353
Delap,FWD,Chelsea,5.5,0.5,8,2.314,,2.314,model,3.33,0.0,0.0,0.0,1.0,7.353
Wissa,FWD,Newcastle,6.0,1.4,8,2.307,,2.307,model,3.426,0.0,0.0,0.0,1.0,7.353
Tonali,MID,Tottenham,5.5,4.1,8,2.302,,2.302,model,2.286,0.039,0.122,0.0,2.0,8.358
Kitching,DEF,Coventry,4.0,0.5,8,2.298,,2.298,model,3.184,0.617,0.607,0.0,1.0,8.358
Konsa,DEF,Aston Villa,4.5,16.6,8,2.296,,2.296,model,2.405,0.027,0.767,0.0,2.0,6.358
Dunk,DEF,Brighton,4.5,0.8,8,2.293,,2.293,model,2.687,0.209,0.613,0.0,2.0,7.896
Hughes,DEF,Hull,4.0,0.9,8,2.293,,2.293,model,2.902,0.933,0.405,0.0,2.0,8.358
Reed,MID,Fulham,4.5,1.1,8,2.292,,2.292,model,3.225,0.237,0.196,0.0,2.0,8.358
Justin,DEF,Leeds,4.5,0.5,8,2.29,,2.29,model,2.815,0.093,0.786,0.0,1.0,7.896
Schär,DEF,Newcastle,5.0,0.2,8,2.28,,2.28,model,3.027,0.051,0.739,0.0,1.0,7.896
Dewsbury-Hall,MID,Everton,6.5,3.8,8,2.273,,2.273,model,2.155,0.128,0.12,0.0,2.0,7.627
Okafor,MID,Leeds,6.0,0.7,8,2.272,,2.272,model,2.978,0.047,0.147,0.0,2.0,8.358
Wilson,FWD,Brentford,5.5,0.4,8,2.267,,2.267,model,3.359,0.0,0.0,0.0,1.0,7.353
J.Murphy,MID,Newcastle,6.0,0.2,8,2.237,,2.237,model,2.99,0.0,0.138,0.0,2.0,8.358
Yoro,DEF,Man United,5.0,0.7,8,2.234,,2.234,model,3.026,0.189,0.588,0.0,1.0,8.358
Buendía,MID,Aston Villa,6.0,0.9,8,2.23,,2.23,model,3.126,0.047,0.079,0.0,1.0,8.358
Dasilva,DEF,Coventry,4.0,0.5,8,2.225,,2.225,model,3.035,0.616,0.597,0.0,1.0,8.358
Tielemans,MID,Man United,6.0,0.9,8,2.225,,2.225,model,2.899,0.013,0.151,0.0,2.0,8.358
Palmer,GK,Ipswich,4.0,5.9,8,2.216,,2.216,model,3.776,0.0,0.63,0.0,1.0,12.019
Yeremy,MID,Crystal Palace,5.5,0.2,8,2.209,,2.209,model,3.145,0.069,0.126,0.0,1.0,8.627
Verbruggen,GK,Brighton,4.5,17.0,8,2.205,,2.205,model,2.097,0.0,0.843,0.0,2.0,6.51
Keane,DEF,Everton,5.0,1.6,8,2.202,,2.202,model,2.445,0.489,0.542,0.0,2.0,7.358
Hato,DEF,Chelsea,4.5,1.0,8,2.196,,2.196,model,2.845,0.251,0.651,0.0,1.0,8.358
Richarlison,FWD,Tottenham,6.0,2.0,8,2.193,,2.193,model,2.916,0.018,0.0,0.0,1.0,7.353
Reijnders,MID,Man City,6.0,0.4,8,2.189,,2.189,model,3.463,0.02,0.126,0.0,1.0,9.358
Ajayi,DEF,Hull,4.0,0.7,8,2.18,,2.18,model,2.702,0.909,0.362,0.0,2.0,7.919
Slater,MID,Hull,4.5,2.0,8,2.172,,2.172,model,2.509,0.207,0.109,0.0,2.0,8.358
Brooks,MID,Bournemouth,5.0,0.2,8,2.166,,2.166,model,3.289,0.012,0.042,0.0,1.0,8.358
Zirkzee,FWD,Man United,5.5,0.7,8,2.164,,2.164,model,3.237,0.0,0.0,0.0,1.0,7.353
O'Shea,DEF,Ipswich,4.0,1.9,8,2.162,,2.162,model,2.566,0.0,0.793,0.0,1.0,6.358
Andrey Santos,MID,Man United,5.0,1.4,8,2.162,,2.162,model,2.991,0.141,0.119,0.0,1.0,8.358
Dowman,MID,Arsenal,5.5,0.2,8,2.155,,2.155,model,4.071,0.159,0.24,0.0,0.0,9.358
Savinho,MID,Man City,6.5,0.1,8,2.154,,2.154,model,3.242,0.0,0.092,0.0,1.0,8.358
Ayari,MID,Brighton,5.5,0.7,8,2.15,,2.15,model,2.572,0.075,0.121,0.0,2.0,8.358
Garnacho,MID,Aston Villa,6.0,1.0,8,2.145,,2.145,model,2.986,0.0,0.085,0.0,1.0,8.358
C.Jones,MID,Liverpool,5.5,0.1,8,2.14,,2.14,model,2.994,0.062,0.12,0.0,1.0,8.358
Disasi,DEF,Chelsea,4.5,0.1,8,2.131,,2.131,model,2.944,0.0,0.828,0.0,1.0,6.358
Crooks,MID,Hull,4.5,0.7,8,2.126,,2.126,model,3.151,0.18,0.073,0.0,2.0,8.358
Amenda,DEF,Coventry,4.0,0.5,8,2.125,,2.125,model,3.004,0.598,0.571,0.0,0.0,8.358
Hutchinson,MID,Nott'm Forest,5.5,0.2,8,2.125,,2.125,model,2.782,0.003,0.159,0.0,2.0,8.358
Gomes,MID,Aston Villa,5.5,0.3,8,2.11,,2.11,model,2.007,0.049,0.145,0.0,2.0,5.627
Schuster,DEF,Brentford,4.5,0.1,8,2.104,,2.104,model,3.629,0.283,0.723,0.0,0.0,8.358
A.García,DEF,Aston Villa,4.0,1.6,8,2.104,,2.104,model,2.787,0.381,0.581,0.0,1.0,7.358
Strand Larsen,FWD,Crystal Palace,6.0,0.6,8,2.104,,2.104,model,2.609,0.0,0.0,0.0,2.0,7.353
De Cuyper,DEF,Brighton,4.5,1.3,8,2.098,,2.098,model,3.083,0.081,0.375,0.0,1.0,8.896
Berge,MID,Fulham,5.0,0.4,8,2.095,,2.095,model,2.07,0.056,0.23,0.0,2.0,5.627
Furo,FWD,Brentford,4.5,0.9,8,2.094,,2.094,model,4.392,0.015,0.0,0.0,0.0,9.254
Hudson-Odoi,MID,Nott'm Forest,6.0,0.0,8,2.088,,2.088,model,2.774,0.003,0.15,0.0,1.0,8.358
Obi,FWD,Man United,4.5,1.2,8,2.085,,2.085,model,3.984,0.015,0.0,0.0,0.0,9.435
Kipré,DEF,Ipswich,4.0,0.4,8,2.082,,2.082,model,2.991,0.629,0.495,0.0,0.0,8.358
Wright,FWD,Coventry,5.5,1.8,8,2.082,,2.082,model,3.377,0.013,0.0,0.0,2.0,7.353
O'Nien,DEF,Sunderland,4.0,2.4,8,2.081,,2.081,model,2.77,0.166,0.754,0.0,1.0,6.408
Mainoo,MID,Man United,5.5,1.3,8,2.071,,2.071,model,2.418,0.053,0.152,0.0,2.0,8.358
Hughes,MID,Crystal Palace,4.5,11.1,8,2.063,,2.063,model,2.212,0.019,0.166,0.0,2.0,7.358
Diop,DEF,Ipswich,4.0,19.1,8,2.06,,2.06,model,2.487,0.159,0.606,0.0,1.0,6.358
Burrowes,MID,Aston Villa,4.5,0.9,8,2.059,,2.059,model,3.006,0.201,0.108,0.0,2.0,8.358
Hjelde,DEF,Sunderland,4.0,0.3,8,2.042,,2.042,model,3.128,0.312,0.692,0.0,0.0,8.358
Martinez,GK,Aston Villa,5.0,4.8,8,2.04,,2.04,model,2.062,0.0,0.776,0.0,2.0,6.51
Furlong,DEF,Ipswich,4.0,0.4,8,2.029,,2.029,model,3.113,0.615,0.485,0.0,0.0,8.358
Giles,DEF,Hull,4.0,0.6,8,2.029,,2.029,model,2.755,0.852,0.317,0.0,1.0,7.358
Ramsay,DEF,Liverpool,4.0,0.2,8,2.026,,2.026,model,3.296,0.437,0.625,0.0,0.0,8.358
Olusesi,MID,Tottenham,4.5,0.9,8,2.023,,2.023,model,2.799,0.212,0.099,0.0,2.0,8.358
Castagne,DEF,Fulham,4.5,0.2,8,2.021,,2.021,model,2.769,0.047,0.694,0.0,1.0,7.358
Janelt,MID,Brentford,5.0,0.1,8,2.02,,2.02,model,2.691,0.039,0.189,0.0,1.0,8.358
Diarra,MID,Sunderland,5.5,0.1,8,2.008,,2.008,model,3.115,0.013,0.142,0.0,1.0,8.358
Osula,FWD,Newcastle,6.0,1.5,8,2.007,,2.007,model,2.843,0.001,0.0,0.0,1.0,7.353
Johnson,MID,Crystal Palace,6.0,0.1,8,2.003,,2.003,model,2.844,0.004,0.125,0.0,1.0,8.358
Kamada,MID,Crystal Palace,5.0,0.3,8,1.999,,1.999,model,2.477,0.07,0.149,0.0,2.0,8.358
Yates,MID,Nott'm Forest,4.5,7.1,8,1.993,,1.993,model,2.293,0.008,0.151,0.0,1.0,8.358
Spence,DEF,Tottenham,4.5,9.0,8,1.972,,1.972,model,2.508,0.065,0.542,0.0,1.0,6.358
Coyle,DEF,Hull,4.0,0.5,8,1.971,,1.971,model,2.717,0.821,0.343,0.0,0.5,8.358
Florentino,MID,Ipswich,5.0,0.0,8,1.969,,1.969,model,2.243,0.621,0.105,0.0,1.0,5.0
McAteer,MID,Ipswich,4.5,1.6,8,1.967,,1.967,model,2.449,0.0,0.114,0.0,2.0,8.358
D.Essugo,MID,Chelsea,4.5,0.2,8,1.961,,1.961,model,4.07,0.16,0.148,0.0,0.0,8.358
Awoniyi,FWD,Nott'm Forest,5.5,0.4,8,1.961,,1.961,model,2.785,0.001,0.0,0.0,1.0,7.353
García,FWD,Fulham,6.0,1.4,8,1.96,,1.96,model,3.492,0.019,0.0,0.0,2.0,7.353
Amass,DEF,Man United,4.0,0.2,8,1.956,,1.956,model,3.566,0.333,0.546,0.0,0.0,8.358
Bindon,DEF,Nott'm Forest,4.0,0.2,8,1.952,,1.952,model,3.107,0.328,0.651,0.0,0.0,8.358
Mazraoui,DEF,Man United,4.5,0.7,8,1.947,,1.947,model,2.65,0.02,0.616,0.0,1.0,6.358
Lucky,DEF,Liverpool,4.0,0.1,8,1.941,,1.941,model,3.224,0.433,0.565,0.0,0.0,8.358
O.Richards,DEF,Nott'm Forest,4.0,0.2,8,1.937,,1.937,model,3.193,0.278,0.699,0.0,0.0,8.358
Andrews,MID,Coventry,4.5,0.7,8,1.937,,1.937,model,2.838,0.185,0.136,0.0,2.0,8.358
Abbott,DEF,Nott'm Forest,4.0,0.2,8,1.933,,1.933,model,3.214,0.266,0.641,0.0,0.0,8.358
Mount,MID,Man United,5.5,0.1,8,1.923,,1.923,model,3.121,0.028,0.066,0.0,1.0,8.358
Pickford,GK,Everton,5.5,8.9,8,1.922,,1.922,model,1.933,0.0,0.679,0.0,1.0,6.51
Fletcher,MID,Man United,4.5,0.3,8,1.922,,1.922,model,3.463,0.145,0.139,0.0,0.0,8.358
Mykolenko,DEF,Everton,4.5,1.3,8,1.903,,1.903,model,2.163,0.052,0.575,0.0,1.0,6.358
Grealish,MID,Man City,6.5,0.2,8,1.903,,1.903,model,2.983,0.043,0.125,0.0,1.0,8.358
Lukić,MID,Fulham,5.0,0.1,8,1.902,,1.902,model,2.375,0.025,0.17,0.0,2.0,8.358
Danso,DEF,Tottenham,5.0,0.2,8,1.899,,1.899,model,2.432,0.561,0.334,0.0,1.0,7.358
Muniz,FWD,Fulham,5.5,0.7,8,1.896,,1.896,model,2.722,0.001,0.0,0.0,1.0,7.353
Ji-soo,DEF,Brentford,4.5,0.0,8,1.889,,1.889,model,3.621,0.237,0.631,0.0,0.0,8.358
Nketiah,FWD,Crystal Palace,5.5,0.5,8,1.888,,1.888,model,2.647,0.003,0.0,0.0,1.0,7.353
Marmoush,FWD,Man City,7.0,0.7,8,1.887,,1.887,model,2.895,0.001,0.0,0.0,1.0,7.353
Digne,DEF,Aston Villa,4.5,1.4,8,1.883,,1.883,model,2.606,0.007,0.51,0.0,1.0,6.358
Adams,MID,Bournemouth,5.0,0.7,8,1.876,,1.876,model,1.993,0.111,0.092,0.0,2.0,5.627
M.Sarr,DEF,Chelsea,4.5,0.1,8,1.869,,1.869,model,3.347,0.309,0.545,0.0,0.0,8.358
Bobb,MID,Fulham,5.5,0.4,8,1.86,,1.86,model,2.532,0.047,0.102,0.0,1.0,8.358
Bentancur,MID,Tottenham,5.5,0.1,8,1.859,,1.859,model,2.04,0.249,0.093,0.0,2.0,5.627
O'Brien,DEF,Everton,5.0,0.5,8,1.853,,1.853,model,2.177,0.105,0.596,0.0,1.0,6.358
Kudus,MID,Tottenham,6.5,0.2,8,1.85,,1.85,model,2.688,0.006,0.089,0.0,2.0,8.358
Enes Ünal,FWD,Bournemouth,5.5,0.2,8,1.85,,1.85,model,2.507,0.002,0.0,0.0,1.0,6.353
Anselmino,DEF,Chelsea,4.5,0.0,8,1.848,,1.848,model,3.706,0.265,0.552,0.0,0.0,8.358
Maeda,MID,Ipswich,5.5,0.4,8,1.846,,1.846,model,2.991,0.163,0.121,0.0,2.0,8.358
Destan,FWD,Hull,4.5,2.5,8,1.846,,1.846,model,2.871,0.012,0.0,0.0,2.0,7.353
Chiesa,MID,Liverpool,5.5,0.2,8,1.839,,1.839,model,2.808,0.03,0.041,0.0,1.0,7.358
Elanga,MID,Newcastle,6.0,0.7,8,1.829,,1.829,model,2.441,0.0,0.119,0.0,1.0,8.358
G.Jesus,FWD,Arsenal,6.0,0.4,8,1.828,,1.828,model,3.113,0.0,0.0,0.0,1.0,7.353
Quenda,MID,Chelsea,5.5,0.1,8,1.826,,1.826,model,3.772,0.169,0.128,0.0,0.0,8.358
Ndoye,MID,Nott'm Forest,5.5,0.5,8,1.821,,1.821,model,2.481,0.094,0.124,0.0,1.0,7.627
Beto,FWD,Everton,5.5,3.2,8,1.82,,1.82,model,2.352,0.001,0.0,0.0,1.0,7.353
Dowell,MID,Hull,4.5,0.5,8,1.819,,1.819,model,2.884,0.159,0.076,0.0,2.0,8.358
Walle Egeli,FWD,Ipswich,4.5,2.1,8,1.814,,1.814,model,3.125,0.015,0.0,0.0,2.0,7.353
Henry,DEF,Brentford,4.5,0.2,8,1.81,,1.81,model,2.503,0.045,0.612,0.0,1.0,6.358
Georginio,FWD,Brighton,5.5,0.8,8,1.806,,1.806,model,2.435,0.009,0.0,0.0,1.0,7.353
Lewis,DEF,Man City,4.5,0.2,8,1.801,,1.801,model,2.785,0.001,0.517,0.0,1.0,6.358
Dubravka,GK,Tottenham,4.0,23.3,8,1.799,,1.799,model,2.032,0.0,0.666,0.0,1.0,6.51
Scarlett,FWD,Tottenham,4.5,1.7,8,1.797,,1.797,model,2.984,0.017,0.0,0.0,2.0,7.353
Mheuka,FWD,Chelsea,4.5,0.4,8,1.796,,1.796,model,3.814,0.019,0.0,0.0,0.0,7.353
Nedeljkovic,DEF,Aston Villa,4.0,0.6,8,1.795,,1.795,model,2.664,0.385,0.442,0.0,1.0,7.358
Gallagher,MID,Tottenham,5.5,0.2,8,1.79,,1.79,model,2.395,0.208,0.083,0.0,1.0,7.358
McBurnie,FWD,Hull,5.5,1.7,8,1.787,,1.787,model,2.964,0.017,0.0,0.0,2.0,7.353
J.Ramsey,MID,Newcastle,5.0,0.4,8,1.785,,1.785,model,2.298,0.03,0.118,0.0,1.0,7.358
Brau,DEF,Coventry,4.0,0.1,8,1.77,,1.77,model,3.023,0.494,0.424,0.0,0.0,8.358
Gittens,MID,Chelsea,6.0,0.1,8,1.762,,1.762,model,2.579,0.019,0.045,0.0,1.0,7.358
Mingueza,DEF,Crystal Palace,4.5,0.1,8,1.761,,1.761,model,3.061,0.311,0.545,0.0,0.0,8.358
Mason-Clark,MID,Coventry,5.5,0.3,8,1.759,,1.759,model,3.042,0.148,0.126,0.0,0.0,8.358
Alleyne,DEF,Man City,5.0,0.0,8,1.759,,1.759,model,3.247,0.181,0.587,0.0,0.0,8.358
Lacey,MID,Man United,5.0,0.1,8,1.758,,1.758,model,3.657,0.105,0.117,0.0,0.0,8.358
Kesler-Hayden,DEF,Coventry,4.0,0.1,8,1.737,,1.737,model,3.024,0.482,0.429,0.0,0.0,8.358
Tel,MID,Tottenham,6.0,0.4,8,1.731,,1.731,model,2.402,0.019,0.06,0.0,1.0,7.358
N.Gonzalez,MID,Man City,5.5,0.1,8,1.729,,1.729,model,2.416,0.195,0.137,0.0,1.0,6.627
Maatsen,DEF,Aston Villa,4.5,0.6,8,1.729,,1.729,model,2.522,0.062,0.388,0.0,1.0,6.358
Greaves,DEF,Ipswich,4.0,0.5,8,1.729,,1.729,model,2.479,0.001,0.616,0.0,1.0,6.358
Robertson,DEF,Tottenham,4.5,1.9,8,1.728,,1.728,model,2.498,0.006,0.429,0.0,1.0,6.358
Carvalho,MID,Brentford,5.0,0.0,8,1.728,,1.728,model,2.534,0.003,0.014,0.0,1.0,7.358
Belloumi,MID,Hull,5.0,0.5,8,1.725,,1.725,model,2.649,0.175,0.073,0.0,2.0,5.627
Meslier,GK,Arsenal,5.0,0.1,8,1.725,,1.725,model,2.591,0.0,0.955,0.0,0.0,6.51
Seelt,DEF,Sunderland,4.5,0.0,8,1.72,,1.72,model,3.169,0.267,0.556,0.0,0.0,8.358
Joelinton,MID,Newcastle,5.5,0.0,8,1.72,,1.72,model,2.454,0.056,0.12,0.0,1.0,8.358
Elliott,MID,Liverpool,5.5,0.1,8,1.713,,1.713,model,2.431,0.01,0.034,0.0,1.0,7.358
Touré,MID,Newcastle,6.0,0.2,8,1.711,,1.711,model,3.094,0.219,0.113,0.0,0.0,8.358
Kamara,MID,Aston Villa,5.0,0.1,8,1.71,,1.71,model,1.946,0.041,0.128,0.0,2.0,5.0
Barco,MID,Chelsea,5.5,0.0,8,1.71,,1.71,model,3.721,0.148,0.111,0.0,0.0,8.358
Morato,DEF,Nott'm Forest,5.0,0.1,8,1.709,,1.709,model,2.582,0.154,0.504,0.0,1.0,6.358
Vicario,GK,Tottenham,4.5,1.5,8,1.706,,1.706,model,1.966,0.0,0.645,0.0,1.0,6.51
Fábio Vieira,MID,Arsenal,5.5,0.0,8,1.704,,1.704,model,3.697,0.115,0.196,0.0,0.0,8.358
McConnell,MID,Liverpool,4.5,0.2,8,1.704,,1.704,model,3.205,0.163,0.126,0.0,0.0,8.358
Trafford,GK,Leeds,5.0,1.9,8,1.698,,1.698,model,2.311,0.0,0.719,0.0,1.0,6.51
Nmecha,FWD,Leeds,5.5,0.6,8,1.696,,1.696,model,2.414,0.003,0.0,0.0,1.0,7.353
Isidor,FWD,Sunderland,5.5,1.2,8,1.684,,1.684,model,2.411,0.001,0.0,0.0,1.0,7.353
Adingra,MID,Sunderland,5.0,0.3,8,1.674,,1.674,model,2.274,0.003,0.106,0.0,1.0,7.358
Latibeaudiere,DEF,Coventry,4.0,0.1,8,1.673,,1.673,model,2.717,0.479,0.44,0.0,0.0,8.358
P.M.Sarr,MID,Tottenham,5.0,0.4,8,1.663,,1.663,model,2.139,0.064,0.067,0.0,1.0,7.358
Pau,DEF,Aston Villa,4.5,0.3,8,1.66,,1.66,model,2.363,0.031,0.524,0.0,1.0,6.358
Fredricson,DEF,Man United,4.0,0.1,8,1.659,,1.659,model,3.047,0.299,0.471,0.0,0.0,7.358
Petrović,GK,Bournemouth,4.5,3.7,8,1.659,,1.659,model,1.956,0.0,0.564,0.0,1.0,6.51
Kinsky,GK,Tottenham,4.5,19.2,8,1.655,,1.655,model,2.063,0.0,0.607,0.0,1.0,6.51
Bendito Mantato,MID,Man United,4.5,0.2,8,1.651,,1.651,model,3.209,0.13,0.111,0.0,0.0,8.358
Dasilva,MID,Brentford,5.0,0.0,8,1.649,,1.649,model,3.514,0.139,0.147,0.0,0.0,8.358
Acheampong,DEF,Chelsea,4.5,0.2,8,1.647,,1.647,model,2.789,0.113,0.433,0.0,1.0,7.896
Hirst,FWD,Ipswich,5.0,0.4,8,1.644,,1.644,model,2.265,0.0,0.0,0.0,1.0,6.353
Nyoni,MID,Liverpool,5.0,0.1,8,1.644,,1.644,model,3.377,0.145,0.117,0.0,0.0,8.358
Cardines,DEF,Crystal Palace,4.5,0.0,8,1.639,,1.639,model,3.05,0.259,0.501,0.0,0.0,7.896
Bidwell,DEF,Coventry,4.0,0.1,8,1.639,,1.639,model,2.79,0.461,0.416,0.0,0.0,8.358
Soler,DEF,Bournemouth,4.0,0.6,8,1.63,,1.63,model,2.778,0.435,0.327,0.0,0.0,6.385
Branthwaite,DEF,Everton,5.5,1.9,8,1.629,,1.629,model,2.021,0.005,0.523,0.0,1.0,6.358
Lerma,MID,Crystal Palace,5.0,0.1,8,1.627,,1.627,model,2.051,0.05,0.126,0.0,1.0,5.627
George Hemmings,MID,Aston Villa,4.5,0.3,8,1.627,,1.627,model,2.636,0.16,0.093,0.0,0.0,5.0
Palacios,MID,Fulham,5.5,0.1,8,1.623,,1.623,model,3.205,0.134,0.125,0.0,0.0,8.358
Tosin,DEF,Chelsea,4.5,0.2,8,1.622,,1.622,model,2.612,0.105,0.456,0.0,1.0,6.358
Thomas-Asante,FWD,Coventry,5.0,0.9,8,1.62,,1.62,model,3.025,0.011,0.0,0.0,0.0,7.353
Shepherd,MID,Coventry,4.5,0.3,8,1.613,,1.613,model,2.732,0.138,0.119,0.0,0.0,5.627
Adli,MID,Bournemouth,5.0,0.2,8,1.612,,1.612,model,2.216,0.115,0.027,0.0,1.0,7.358
King,MID,Fulham,5.5,0.1,8,1.611,,1.611,model,2.398,0.044,0.078,0.0,1.0,7.358
Dominguez,MID,Nott'm Forest,5.0,0.1,8,1.609,,1.609,model,2.157,0.03,0.105,0.0,1.0,7.358
McCarthy,DEF,Hull,4.0,0.1,8,1.603,,1.603,model,2.681,0.665,0.273,0.0,0.0,7.358
Vitor Reis,DEF,Man City,4.5,0.0,8,1.601,,1.601,model,3.252,0.187,0.501,0.0,0.0,7.358
Koumas,MID,Liverpool,5.0,0.0,8,1.599,,1.599,model,3.145,0.182,0.114,0.0,0.0,8.358
Mings,DEF,Aston Villa,4.5,0.2,8,1.599,,1.599,model,2.41,0.076,0.465,0.0,1.0,6.358
Collyer,MID,Man United,5.0,0.0,8,1.59,,1.59,model,3.626,0.113,0.104,0.0,0.0,8.358
Silva,DEF,Bournemouth,5.0,0.2,8,1.586,,1.586,model,2.718,0.415,0.293,0.0,0.0,7.358
Talbi,MID,Sunderland,5.5,0.2,8,1.586,,1.586,model,2.249,0.017,0.124,0.0,1.0,7.358
Arrizabalaga,GK,Arsenal,5.0,0.1,8,1.585,,1.585,model,2.613,0.0,0.858,0.0,0.0,6.51
Schlager,MID,Nott'm Forest,5.0,0.1,8,1.585,,1.585,model,3.053,0.162,0.131,0.0,0.0,7.627
Jair Cunha,DEF,Nott'm Forest,4.5,0.4,8,1.584,,1.584,model,2.505,0.145,0.436,0.0,1.0,6.358
Howell,MID,Brighton,4.5,0.3,8,1.581,,1.581,model,2.784,0.158,0.09,0.0,0.0,5.627
Tanaka,MID,Leeds,5.0,0.3,8,1.581,,1.581,model,2.269,0.179,0.081,0.0,1.0,5.677
Sosa,DEF,Crystal Palace,4.5,0.0,8,1.578,,1.578,model,2.946,0.257,0.49,0.0,0.0,7.358
J.Fletcher,MID,Man United,5.0,0.0,8,1.577,,1.577,model,3.63,0.123,0.095,0.0,0.0,8.358
Cook,MID,Bournemouth,5.0,0.1,8,1.577,,1.577,model,1.883,0.019,0.065,0.0,1.0,5.627
Tsimikas,DEF,Liverpool,5.0,0.1,8,1.576,,1.576,model,2.688,0.009,0.314,0.0,1.0,6.64
Barkley,MID,Aston Villa,5.0,0.2,8,1.572,,1.572,model,2.197,0.018,0.041,0.0,1.0,7.358
Oriola,MID,Brighton,4.5,0.2,8,1.571,,1.571,model,2.736,0.168,0.098,0.0,0.0,5.0
Barry,FWD,Everton,5.5,0.9,8,1.57,,1.57,model,2.05,0.0,0.0,0.0,1.0,7.353
Hickey,DEF,Brentford,4.5,0.1,8,1.566,,1.566,model,2.565,0.103,0.381,0.0,1.0,6.358
Svoboda,DEF,Brighton,5.0,0.1,8,1.562,,1.562,model,2.854,0.268,0.375,0.0,0.0,7.358
Kevin,MID,Fulham,5.5,0.1,8,1.561,,1.561,model,2.093,0.036,0.07,0.0,1.0,6.627
Torp,MID,Coventry,5.5,0.2,8,1.555,,1.555,model,2.79,0.124,0.114,0.0,0.0,8.358
Livramento,DEF,Newcastle,5.0,0.1,8,1.554,,1.554,model,2.321,0.006,0.545,0.0,1.0,6.358
Onyeka,MID,Coventry,5.0,0.2,8,1.554,,1.554,model,2.764,0.151,0.107,0.0,0.0,5.627
Mukasa,MID,Man City,4.5,0.1,8,1.547,,1.547,model,3.063,0.131,0.132,0.0,0.0,6.627
Núñez,MID,Ipswich,5.0,0.2,8,1.546,,1.546,model,2.899,0.123,0.105,0.0,0.0,5.627
Doucouré,MID,Crystal Palace,5.0,0.1,8,1.544,,1.544,model,3.047,0.153,0.122,0.0,0.0,5.627
Kovačić,MID,Man City,5.5,0.0,8,1.536,,1.536,model,2.382,0.001,0.103,0.0,1.0,7.358
Souza,DEF,Tottenham,4.0,0.3,8,1.535,,1.535,model,2.606,0.412,0.325,0.0,0.0,6.896
Heaven,DEF,Man United,4.5,0.3,8,1.532,,1.532,model,2.547,0.223,0.4,0.0,1.0,7.358
Philogene,MID,Ipswich,5.5,0.2,8,1.532,,1.532,model,2.311,0.001,0.056,0.0,1.0,7.358
Nwaneri,MID,Arsenal,5.5,0.0,8,1.529,,1.529,model,2.324,0.001,0.072,0.0,1.0,7.358
Clarke,MID,Ipswich,5.5,0.3,8,1.524,,1.524,model,2.005,0.0,0.062,0.0,1.0,5.627
Grimes,MID,Coventry,5.0,0.2,8,1.522,,1.522,model,2.644,0.126,0.111,0.0,0.0,5.627
Esse,MID,Crystal Palace,5.0,0.1,8,1.522,,1.522,model,2.998,0.144,0.115,0.0,0.0,6.677
Kalimuendo,FWD,Nott'm Forest,5.5,0.1,8,1.519,,1.519,model,3.362,0.019,0.0,0.0,0.0,7.353
Udogie,DEF,Tottenham,4.5,0.4,8,1.514,,1.514,model,2.102,0.03,0.402,0.0,1.0,6.358
Steur,MID,Newcastle,5.0,0.1,8,1.514,,1.514,model,2.796,0.18,0.107,0.0,0.0,5.627
McNair,DEF,Hull,4.0,0.1,8,1.509,,1.509,model,2.614,0.623,0.244,0.0,0.0,7.358
Simms,FWD,Coventry,5.0,0.6,8,1.509,,1.509,model,2.895,0.012,0.0,0.0,0.0,7.353
Akpom,FWD,Ipswich,5.0,0.5,8,1.508,,1.508,model,2.897,0.011,0.0,0.0,0.0,7.353
Bailey,MID,Aston Villa,5.5,0.1,8,1.507,,1.507,model,2.248,0.006,0.044,0.0,1.0,6.627
Mundle,MID,Sunderland,5.0,0.0,8,1.504,,1.504,model,1.93,0.022,0.028,0.0,1.0,7.358
Neave,FWD,Newcastle,4.5,0.7,8,1.501,,1.501,model,2.849,0.017,0.0,0.0,0.0,7.353
Rodríguez,FWD,Bournemouth,6.0,0.3,8,1.498,,1.498,model,2.986,0.016,0.0,0.0,0.0,7.353
Echeverri,MID,Man City,5.0,0.0,8,1.497,,1.497,model,3.085,0.14,0.113,0.0,0.0,8.358
Drakes-Thomas,MID,Crystal Palace,4.5,0.1,8,1.492,,1.492,model,2.7,0.153,0.112,0.0,0.0,5.627
Borges Rodrigues,MID,Coventry,4.5,0.2,8,1.487,,1.487,model,2.559,0.119,0.118,0.0,0.0,5.0
Jocelin.T,MID,Sunderland,5.0,0.0,8,1.487,,1.487,model,3.065,0.139,0.131,0.0,0.0,5.627
Gannon-Doak,MID,Bournemouth,5.0,0.1,8,1.486,,1.486,model,2.787,0.137,0.058,0.0,0.0,8.358
McAtee,MID,Nott'm Forest,5.5,0.1,8,1.483,,1.483,model,2.44,0.021,0.038,0.0,1.0,7.358
J.Cuenca,DEF,Fulham,4.5,0.0,8,1.481,,1.481,model,2.464,0.209,0.427,0.0,0.0,6.358
Bamba,MID,Newcastle,5.0,0.1,8,1.47,,1.47,model,2.761,0.193,0.106,0.0,0.0,5.0
Abraham,FWD,Aston Villa,5.5,0.1,8,1.468,,1.468,model,2.14,0.001,0.0,0.0,1.0,6.353
Steele,GK,Brighton,4.0,4.5,8,1.465,,1.465,model,2.042,0.0,0.583,0.0,1.0,6.51
Moore,MID,Tottenham,5.0,0.1,8,1.464,,1.464,model,2.85,0.161,0.061,0.0,0.0,5.627
Monga,MID,Man City,5.0,0.0,8,1.461,,1.461,model,3.325,0.121,0.113,0.0,0.0,6.627
Horníček,GK,Newcastle,5.0,0.3,8,1.461,,1.461,model,2.101,0.0,0.657,0.0,0.0,6.51
J.Rak-Sakyi,MID,Crystal Palace,5.0,0.0,8,1.459,,1.459,model,2.789,0.149,0.112,0.0,0.0,5.627
Piroe,FWD,Leeds,5.0,0.5,8,1.455,,1.455,model,2.678,0.016,0.0,0.0,0.0,7.353
Szmodics,MID,Ipswich,5.0,0.1,8,1.454,,1.454,model,2.517,0.0,0.067,0.0,1.0,7.358
Pinnock,DEF,Brentford,4.5,0.1,8,1.453,,1.453,model,2.751,0.011,0.601,0.0,0.0,6.358
Kostoulas,FWD,Brighton,5.5,0.3,8,1.431,,1.431,model,2.268,0.021,0.0,0.0,1.0,6.353
Sakamoto,MID,Coventry,5.0,0.1,8,1.431,,1.431,model,2.706,0.127,0.098,0.0,0.0,5.627
Yohanna,MID,Brighton,5.0,0.1,8,1.428,,1.428,model,2.571,0.175,0.083,0.0,0.0,5.627
Tóth.A,MID,Bournemouth,5.0,0.0,8,1.42,,1.42,model,3.04,0.124,0.057,0.0,0.0,7.627
Gray,MID,Tottenham,5.0,0.2,8,1.417,,1.417,model,1.768,0.013,0.068,0.0,1.0,4.0
Iling Jr,MID,Aston Villa,5.0,0.0,8,1.413,,1.413,model,2.786,0.146,0.076,0.0,0.0,5.677
Fatawu,MID,Ipswich,5.5,0.3,8,1.412,,1.412,model,2.255,0.003,0.063,0.0,1.0,5.677
Rowswell,DEF,Tottenham,4.0,0.1,8,1.411,,1.411,model,2.626,0.367,0.323,0.0,0.0,6.358
Willock,MID,Newcastle,5.0,0.1,8,1.403,,1.403,model,1.941,0.013,0.06,0.0,1.0,5.627
Phillips,DEF,Tottenham,4.5,0.1,8,1.398,,1.398,model,2.733,0.363,0.296,0.0,0.0,6.358
Marc Guiu,FWD,Chelsea,5.0,0.4,8,1.394,,1.394,model,2.639,0.001,0.0,0.0,1.0,6.353
Lecomte,GK,Fulham,4.0,1.4,8,1.391,,1.391,model,2.159,0.0,0.657,0.0,0.0,6.51
Hackney,MID,Everton,5.5,0.3,8,1.388,,1.388,model,2.207,0.117,0.076,0.0,0.0,4.0
Gomez,DEF,Liverpool,5.0,0.1,8,1.387,,1.387,model,2.141,0.059,0.264,0.0,1.0,6.358
Davies,DEF,Tottenham,4.0,0.8,8,1.381,,1.381,model,2.309,0.009,0.363,0.0,1.0,6.358
Longstaff,MID,Leeds,5.0,0.2,8,1.376,,1.376,model,1.859,0.033,0.067,0.0,1.0,5.0
Alysson,MID,Aston Villa,5.0,0.0,8,1.375,,1.375,model,2.82,0.136,0.068,0.0,0.0,5.0
Gelhardt,MID,Leeds,5.0,0.0,8,1.374,,1.374,model,2.668,0.147,0.105,0.0,0.0,5.0
Nelson,MID,Arsenal,5.5,0.0,8,1.373,,1.373,model,2.534,0.026,0.05,0.0,1.0,7.358
Rushworth,GK,Coventry,4.5,0.9,8,1.367,,1.367,model,2.022,0.0,0.598,0.0,0.0,6.51
Gruev,MID,Leeds,5.0,0.0,8,1.365,,1.365,model,1.832,0.089,0.098,0.0,1.0,4.031
Angulo,MID,Sunderland,5.0,0.1,8,1.365,,1.365,model,2.45,0.002,0.091,0.0,1.0,7.358
Dovin,GK,Coventry,4.0,2.6,8,1.36,,1.36,model,2.056,0.0,0.588,0.0,0.0,6.51
Guessand,MID,Aston Villa,5.5,0.0,8,1.36,,1.36,model,1.994,0.053,0.04,0.0,1.0,5.627
Coppola,DEF,Brighton,4.5,0.0,8,1.358,,1.358,model,2.639,0.284,0.331,0.0,0.0,6.358
Emersonn,FWD,Ipswich,5.5,0.3,8,1.358,,1.358,model,2.746,0.009,0.0,0.0,0.0,7.353
Valdimarsson,GK,Brentford,4.5,0.1,8,1.354,,1.354,model,2.381,0.0,0.664,0.0,0.0,6.51
Al-Hamadi,FWD,Ipswich,5.0,0.2,8,1.348,,1.348,model,2.762,0.011,0.0,0.0,0.0,7.353
Iroegbunam,MID,Everton,5.0,0.1,8,1.347,,1.347,model,1.567,0.195,0.055,0.0,1.0,4.0
Sanchez,DEF,Bournemouth,4.5,0.0,8,1.34,,1.34,model,2.849,0.325,0.266,0.0,0.0,6.358
Morita,MID,Hull,5.0,0.1,8,1.339,,1.339,model,2.444,0.108,0.062,0.0,0.0,5.0
Lavia,MID,Chelsea,5.0,0.0,8,1.337,,1.337,model,2.013,0.005,0.051,0.0,1.0,5.627
Rudoni,MID,Coventry,5.0,0.3,8,1.335,,1.335,model,2.674,0.111,0.091,0.0,0.0,5.0
Buonanotte,MID,Brighton,5.0,0.1,8,1.33,,1.33,model,2.108,0.0,0.044,0.0,1.0,6.627
Mehmeti,MID,Ipswich,5.0,0.1,8,1.33,,1.33,model,2.58,0.113,0.09,0.0,0.0,5.0
M.França,MID,Crystal Palace,5.0,0.0,8,1.33,,1.33,model,2.555,0.138,0.105,0.0,0.0,5.0
Devenny,MID,Crystal Palace,5.0,0.0,8,1.329,,1.329,model,2.193,0.02,0.049,0.0,1.0,7.358
Tchaouna,MID,Coventry,5.5,0.1,8,1.325,,1.325,model,1.883,0.012,0.064,0.0,1.0,4.627
Bergvall,MID,Tottenham,5.5,0.2,8,1.324,,1.324,model,1.683,0.008,0.049,0.0,1.0,4.0
Byfield,DEF,Tottenham,4.0,0.1,8,1.324,,1.324,model,2.478,0.37,0.288,0.0,0.0,6.358
J.Araujo,DEF,Bournemouth,4.5,0.1,8,1.324,,1.324,model,2.43,0.325,0.279,0.0,0.0,6.358
McNeil,MID,Everton,5.5,0.1,8,1.323,,1.323,model,1.741,0.02,0.058,0.0,1.0,5.627
Woodman,GK,Liverpool,4.0,1.2,8,1.314,,1.314,model,2.125,0.0,0.618,0.0,0.0,6.51
Matthews,GK,Crystal Palace,4.0,1.7,8,1.314,,1.314,model,2.029,0.0,0.589,0.0,0.0,6.51
Ogbene,MID,Ipswich,5.0,0.0,8,1.312,,1.312,model,2.575,0.111,0.084,0.0,0.0,5.0
James,MID,Leeds,5.0,0.1,8,1.312,,1.312,model,1.899,0.021,0.032,0.0,1.0,4.627
Milambo,MID,Brentford,5.0,0.0,8,1.308,,1.308,model,3.399,0.097,0.118,0.0,0.0,5.677
Costinha,DEF,Brighton,4.5,0.0,8,1.295,,1.295,model,2.491,0.232,0.352,0.0,0.0,6.358
Millar,MID,Hull,5.0,0.1,8,1.286,,1.286,model,2.389,0.121,0.055,0.0,0.0,4.0
Patterson,GK,Sunderland,4.0,1.0,8,1.284,,1.284,model,2.102,0.0,0.591,0.0,0.0,6.51
Cairney,MID,Fulham,5.0,0.0,8,1.281,,1.281,model,1.871,0.009,0.047,0.0,1.0,4.627
Akintola,MID,Hull,5.0,0.0,8,1.273,,1.273,model,2.49,0.105,0.061,0.0,0.0,4.0
Darlow,GK,Man United,4.5,0.1,8,1.27,,1.27,model,2.072,0.0,0.555,0.0,0.0,6.51
Kamara,MID,Hull,5.0,0.0,8,1.262,,1.262,model,2.345,0.11,0.065,0.0,0.0,4.0
Netz,DEF,Nott'm Forest,4.5,0.0,8,1.261,,1.261,model,2.063,0.005,0.273,0.0,1.0,6.358
Gnonto,MID,Leeds,5.0,0.1,8,1.257,,1.257,model,1.684,0.069,0.029,0.0,1.0,4.0
Rigg,MID,Sunderland,5.0,0.1,8,1.256,,1.256,model,2.139,0.031,0.071,0.0,1.0,5.627
Nørgaard,MID,Everton,5.0,0.5,8,1.251,,1.251,model,1.629,0.0,0.067,0.0,1.0,3.0
Eccles,MID,Coventry,5.0,0.0,8,1.245,,1.245,model,2.442,0.122,0.087,0.0,0.0,5.0
Markelo,FWD,Coventry,5.0,0.1,8,1.241,,1.241,model,2.731,0.013,0.0,0.0,0.0,7.353
Ömür,MID,Hull,5.0,0.0,8,1.239,,1.239,model,2.39,0.116,0.058,0.0,0.0,4.0
Johnson,DEF,Ipswich,4.0,0.1,8,1.233,,1.233,model,2.036,0.007,0.299,0.0,1.0,6.358
Phillips,MID,Man City,5.0,0.0,8,1.23,,1.23,model,2.365,0.0,0.094,0.0,0.0,3.081
Bakwa,MID,Nott'm Forest,5.5,0.0,8,1.23,,1.23,model,2.088,0.021,0.05,0.0,1.0,5.627
Wilson,GK,Coventry,4.5,0.6,8,1.225,,1.225,model,2.042,0.0,0.522,0.0,0.0,6.51
Emegha,FWD,Chelsea,5.0,0.2,8,1.222,,1.222,model,3.21,0.013,0.0,0.0,0.0,7.353
George,MID,Everton,5.5,0.1,8,1.199,,1.199,model,1.407,0.015,0.015,0.0,1.0,3.0
Burns,MID,Ipswich,5.0,0.1,8,1.195,,1.195,model,1.809,0.0,0.054,0.0,1.0,3.081
Woolfenden,DEF,Coventry,4.0,0.2,8,1.183,,1.183,model,1.979,0.007,0.413,0.0,0.0,6.358
Alcaraz,MID,Everton,5.0,0.1,8,1.182,,1.182,model,1.476,0.014,0.037,0.0,1.0,3.0
Lewis-Skelly,MID,Arsenal,5.5,0.3,8,1.179,,1.179,model,1.423,0.001,0.131,0.0,1.0,3.0
Diakité,DEF,Bournemouth,5.0,0.2,8,1.17,,1.17,model,2.083,0.357,0.203,0.0,0.0,5.372
Perri,GK,Leeds,4.5,0.7,8,1.158,,1.158,model,1.969,0.0,0.486,0.0,0.0,6.51
Penders,GK,Chelsea,4.5,0.1,8,1.154,,1.154,model,2.059,0.0,0.546,0.0,0.0,6.51
O'Riley,MID,Brighton,5.5,0.1,8,1.149,,1.149,model,2.042,0.0,0.034,0.0,1.0,5.627
Endo,MID,Liverpool,5.0,0.0,8,1.139,,1.139,model,1.538,0.009,0.018,0.0,1.0,3.0
Aznou,DEF,Everton,4.0,0.2,8,1.129,,1.129,model,2.067,0.225,0.26,0.0,0.0,5.919
Taylor,MID,Ipswich,4.5,0.2,8,1.12,,1.12,model,1.214,0.001,0.002,0.0,1.0,2.0
B.Badiashile,DEF,Chelsea,4.5,0.0,8,1.104,,1.104,model,1.876,0.092,0.247,0.0,1.0,6.358
Bettinelli,GK,Man City,4.5,0.0,8,1.103,,1.103,model,1.976,0.0,0.505,0.0,0.0,6.51
Mamardashvili,GK,Liverpool,5.0,0.2,8,1.093,,1.093,model,2.016,0.0,0.473,0.0,0.0,6.51
Chadi Riad,DEF,Crystal Palace,4.5,0.1,8,1.092,,1.092,model,2.145,0.086,0.315,0.0,0.0,6.358
Smith,DEF,Bournemouth,4.5,0.1,8,1.086,,1.086,model,1.754,0.015,0.254,0.0,1.0,5.358
McNally,GK,Fulham,4.0,0.2,8,1.084,,1.084,model,1.992,0.0,0.513,0.0,0.0,6.51
Jaouen,GK,Newcastle,4.5,0.1,8,1.078,,1.078,model,1.934,0.0,0.489,0.0,0.0,6.51
Scherpen,GK,Ipswich,4.5,0.3,8,1.071,,1.071,model,1.897,0.0,0.467,0.0,0.0,6.51
Boscagli,DEF,Brighton,4.5,0.1,8,1.07,,1.07,model,2.171,0.189,0.209,0.0,0.0,5.664
Lindelöf,DEF,Aston Villa,4.5,0.2,8,1.069,,1.069,model,1.673,0.011,0.304,0.0,1.0,5.358
Tzimas,FWD,Brighton,5.5,0.0,8,1.066,,1.066,model,2.725,0.011,0.0,0.0,0.0,7.353
Bogarde,MID,Aston Villa,5.0,0.1,8,1.057,,1.057,model,1.251,0.007,0.051,0.0,1.0,3.0
Davies,GK,Liverpool,4.0,0.1,8,1.045,,1.045,model,1.968,0.0,0.475,0.0,0.0,6.51
Pecsi,GK,Liverpool,4.0,0.1,8,1.043,,1.043,model,1.912,0.0,0.475,0.0,0.0,6.51
Heaton,GK,Man United,4.0,0.3,8,1.031,,1.031,model,1.901,0.0,0.449,0.0,0.0,6.51
Gillespie,GK,Newcastle,4.5,0.0,8,1.026,,1.026,model,1.913,0.0,0.44,0.0,0.0,6.51
Benitez,GK,Crystal Palace,4.5,0.1,8,0.999,,0.999,model,1.898,0.0,0.437,0.0,0.0,6.51
Armstrong,MID,Everton,5.0,0.1,8,0.995,,0.995,model,1.519,0.045,0.03,0.0,1.0,3.0
Jacob,DEF,Hull,4.0,0.0,8,0.995,,0.995,model,2.147,0.403,0.17,0.0,0.0,4.0
Jörgensen,GK,Chelsea,5.0,0.1,8,0.982,,0.982,model,1.934,0.0,0.419,0.0,0.0,6.51
Button,GK,Ipswich,4.0,0.5,8,0.975,,0.975,model,1.841,0.0,0.409,0.0,0.0,6.51
Röhl,MID,Everton,5.0,0.1,8,0.967,,0.967,model,1.468,0.075,0.028,0.0,1.0,4.0
Dibling,MID,Everton,5.5,0.1,8,0.964,,0.964,model,1.379,0.001,0.038,0.0,1.0,3.0
Phillips,GK,Hull,4.0,2.0,8,0.94,,0.94,model,1.645,0.0,0.335,0.0,0.0,5.51
Van Oevelen,GK,Ipswich,4.5,0.1,8,0.925,,0.925,model,1.775,0.0,0.397,0.0,0.0,6.51
Bornauw,DEF,Leeds,4.5,0.0,8,0.911,,0.911,model,1.744,0.127,0.153,0.0,0.0,4.0
Forster,GK,Bournemouth,4.0,3.1,8,0.841,,0.841,model,1.751,0.0,0.274,0.0,0.0,5.51
Igor,DEF,Brighton,4.5,0.1,8,0.836,,0.836,model,1.635,0.009,0.208,0.0,0.0,5.358
Walton,GK,Ipswich,4.5,0.6,8,0.828,,0.828,model,1.78,0.0,0.325,0.0,0.0,5.51
Austin,GK,Tottenham,4.0,0.6,8,0.816,,0.816,model,1.562,0.0,0.301,0.0,0.0,5.51
Odobert,MID,Tottenham,5.5,0.0,8,0.81,,0.81,model,1.237,0.0,0.001,0.0,1.0,1.0
Travers,GK,Everton,5.0,0.1,8,0.806,,0.806,model,1.608,0.0,0.274,0.0,0.0,5.51
John,GK,Nott'm Forest,4.5,0.1,8,0.801,,0.801,model,1.885,0.0,0.38,0.0,0.0,6.51
Harrison,MID,Leeds,5.0,0.0,8,0.738,,0.738,model,1.195,0.0,0.003,0.0,1.0,1.0
Kroupi.Jr,MID,Bournemouth,7.5,4.1,8,0.719,,0.719,model,1.7,0.0,0.002,0.0,0.0,2.0
Bayindir,GK,Man United,4.5,0.2,8,0.704,,0.704,model,1.815,0.0,0.314,0.0,0.0,5.51
King,GK,Everton,4.5,0.1,8,0.698,,0.698,model,1.448,0.0,0.238,0.0,0.0,4.51
Ekitiké,FWD,Liverpool,7.5,0.2,8,0.68,,0.68,model,1.75,0.0,0.0,0.0,0.0,4.627
Dennis,GK,Bournemouth,4.0,0.2,8,0.678,,0.678,model,1.44,0.0,0.242,0.0,0.0,4.51
Christie,MID,Bournemouth,5.0,0.0,8,0.67,,0.67,model,1.084,0.0,0.001,0.0,1.0,1.0
Tzolakis,GK,Hull,4.5,0.1,8,0.652,,0.652,model,1.442,0.0,0.228,0.0,0.0,4.51
Patterson,DEF,Everton,4.5,0.0,8,0.651,,0.651,model,1.315,0.04,0.093,0.0,0.0,2.0
Bradley,DEF,Liverpool,5.0,0.0,8,0.645,,0.645,model,1.101,0.005,0.022,0.0,1.0,1.0
Ellborg,GK,Sunderland,4.5,0.1,8,0.633,,0.633,model,1.713,0.0,0.28,0.0,0.0,5.51
Lo-Tutala,GK,Hull,4.0,0.2,8,0.621,,0.621,model,1.353,0.0,0.207,0.0,0.0,2.0
L.Miley,MID,Newcastle,5.5,0.0,8,0.616,,0.616,model,1.109,0.003,0.003,0.0,0.0,1.0
Ugarte,MID,Man United,5.0,0.0,8,0.564,,0.564,model,1.012,0.002,0.003,0.0,0.0,1.0
Henderson,MID,Chelsea,5.0,0.0,8,0.545,,0.545,model,1.108,0.005,0.005,0.0,0.0,1.0
Xavi,MID,Tottenham,6.0,0.0,8,0.523,,0.523,model,1.107,0.003,0.002,0.0,0.0,1.0
M.Bizot,GK,Aston Villa,4.5,0.1,8,0.451,,0.451,model,1.259,0.0,0.161,0.0,0.0,2.0
Baleba,MID,Brighton,5.0,0.5,8,0.44,,0.44,model,0.852,0.0,0.001,0.0,0.0,1.0
Mitoma,MID,Brighton,6.0,0.2,8,0.431,,0.431,model,1.156,0.0,0.001,0.0,0.0,1.0
Rodrigo,MID,Man City,6.5,0.1,8,0.399,,0.399,model,0.988,0.009,0.003,0.0,0.0,1.0
Savona,DEF,Nott'm Forest,4.5,0.0,8,0.39,,0.39,model,1.021,0.002,0.01,0.0,0.0,1.0
Onana,MID,Aston Villa,5.0,0.0,8,0.304,,0.304,model,0.748,0.003,0.001,0.0,0.0,1.0
Fofana,DEF,Chelsea,5.0,0.0,8,0.286,,0.286,model,0.711,0.005,0.01,0.0,0.0,1.0
Kulusevski,MID,Tottenham,6.5,0.0,8,0.277,,0.277,model,0.816,0.0,0.003,0.0,0.0,1.0
Milosavljević,DEF,Bournemouth,5.0,0.1,8,0.254,,0.254,model,0.74,0.009,0.004,0.0,0.0,1.0
J.Timber,DEF,Arsenal,6.5,0.5,8,0.196,,0.196,model,0.856,0.0,0.026,0.0,0.0,1.0
De Ligt,DEF,Man United,5.0,0.0,8,0.187,,0.187,model,0.64,0.001,0.012,0.0,0.0,1.0
Gudmundsson,DEF,Leeds,4.5,0.4,8,0.175,,0.175,model,0.679,0.005,0.013,0.0,0.0,1.0
Saliba,DEF,Arsenal,6.0,0.5,8,0.141,,0.141,model,0.753,0.0,0.02,0.0,0.0,1.0
Andersen,DEF,Fulham,5.0,0.1,8,0.089,,0.089,model,0.597,0.005,0.016,0.0,0.0,1.0
Garner,MID,Everton,6.0,0.6,8,0.057,,0.057,model,0.379,0.007,0.001,0.0,0.0,0.0
Matusiwa,MID,Ipswich,5.0,0.0,8,0.048,,0.048,model,0.809,0.004,0.002,0.0,0.0,0.0
Zambrano,MID,Hull,4.5,0.4,8,0.043,,0.043,model,0.527,0.006,0.003,0.0,0.0,0.0
Danns,FWD,Liverpool,4.5,0.0,8,0.041,,0.041,model,0.692,0.0,0.0,0.0,0.0,0.0
Leoni,DEF,Liverpool,4.0,0.1,8,0.04,,0.04,model,0.568,0.007,0.01,0.0,0.0,0.0
Gyabi,MID,Hull,4.5,0.2,8,0.039,,0.039,model,0.417,0.007,0.002,0.0,0.0,0.0
Ferguson,FWD,Brighton,5.0,0.0,8,0.038,,0.038,model,0.538,0.0,0.0,0.0,0.0,0.0
Bassette,FWD,Coventry,4.5,0.4,8,0.035,,0.035,model,0.477,0.001,0.0,0.0,0.0,0.0
Burstow,FWD,Hull,4.5,0.6,8,0.034,,0.034,model,0.415,0.001,0.0,0.0,0.0,0.0
Jaros,GK,Liverpool,4.0,0.0,8,0.032,,0.032,model,0.395,0.0,0.018,0.0,0.0,0.0
Bajcetic,MID,Liverpool,5.0,0.0,8,0.03,,0.03,model,0.43,0.001,0.001,0.0,0.0,0.0
Mateo Joseph,FWD,Leeds,4.5,0.2,8,0.029,,0.029,model,0.419,0.0,0.0,0.0,0.0,0.0
Henderson,GK,Crystal Palace,5.0,3.1,8,0.028,,0.028,model,0.346,0.0,0.012,0.0,0.0,0.0
Uche,FWD,Crystal Palace,5.0,0.0,8,0.028,,0.028,model,0.404,0.001,0.0,0.0,0.0,0.0
Matazo,MID,Hull,4.5,0.0,8,0.022,,0.022,model,0.297,0.0,0.002,0.0,0.0,0.0
Drameh,DEF,Hull,4.0,0.1,8,0.021,,0.021,model,0.277,0.009,0.003,0.0,0.0,0.0
Butland,GK,Hull,4.5,0.9,8,0.021,,0.021,model,0.272,0.0,0.008,0.0,0.0,0.0
Cartwright,GK,Hull,4.0,0.1,8,0.02,,0.02,model,0.279,0.0,0.008,0.0,0.0,0.0
Watson,MID,Brighton,5.0,0.0,8,0.013,,0.013,model,0.216,0.0,0.001,0.0,0.0,0.0
Haaland,FWD,Man City,15.5,74.4,9,7.243,,7.243,model,5.985,0.0,0.0,0.0,7.353,18.06
B.Fernandes,MID,Man United,12.0,48.6,9,5.135,,5.135,model,4.499,0.033,0.191,0.0,3.0,14.717
Mbeumo,MID,Man United,8.0,20.2,9,4.917,,4.917,model,4.441,0.0,0.193,0.0,3.0,14.717
Palmer,MID,Chelsea,9.5,11.7,9,4.894,,4.894,model,4.981,0.0,0.178,0.0,2.0,14.717
O'Reilly,DEF,Man City,6.5,22.5,9,4.878,,4.878,model,4.765,0.077,1.47,0.0,2.0,13.254
Senesi,DEF,Tottenham,6.0,10.6,9,4.735,,4.735,model,3.481,1.176,1.332,0.0,4.0,10.896
Semenyo,MID,Man City,8.5,23.2,9,4.734,,4.734,model,4.436,0.01,0.356,0.0,3.0,14.717
Thiago,FWD,Brentford,8.0,16.1,9,4.702,,4.702,model,4.535,0.021,0.0,0.0,2.0,12.707
Guéhi,DEF,Man City,6.0,23.5,9,4.655,,4.655,model,3.75,0.101,1.7,0.0,4.0,12.626
Saka,MID,Arsenal,9.5,10.8,9,4.523,,4.523,model,4.903,0.029,0.265,0.0,3.0,14.717
Gvardiol,DEF,Man City,5.5,12.6,9,4.405,,4.405,model,4.166,0.005,1.53,0.0,2.0,13.254
Truffert,DEF,Bournemouth,5.5,4.8,9,4.336,,4.336,model,3.534,0.892,1.172,0.0,4.0,10.896
Enzo,MID,Chelsea,7.0,5.5,9,4.282,,4.282,model,4.072,0.007,0.179,0.0,2.0,12.881
João Pedro,FWD,Chelsea,7.5,54.9,9,4.282,,4.282,model,4.287,0.0,0.0,0.0,2.0,12.707
Thiaw,DEF,Newcastle,5.0,2.0,9,4.164,,4.164,model,3.903,0.777,1.129,0.0,3.0,11.985
Cherki,MID,Man City,7.5,9.2,9,4.133,,4.133,model,4.736,0.073,0.239,0.0,2.0,13.881
Watkins,FWD,Aston Villa,8.0,12.7,9,4.131,,4.131,model,4.256,0.0,0.0,0.0,2.0,12.707
Van Hecke,DEF,Tottenham,5.0,8.3,9,4.126,,4.126,model,3.364,0.53,1.345,0.0,3.0,9.985
Gabriel,DEF,Arsenal,8.0,26.5,9,4.124,,4.124,model,3.585,0.291,1.421,0.0,2.0,10.896
Foden,MID,Man City,7.0,7.3,9,4.046,,4.046,model,4.584,0.013,0.273,0.0,2.0,12.985
Mukiele,DEF,Sunderland,5.5,7.5,9,3.988,,3.988,model,3.299,0.763,1.236,0.0,3.0,8.896
Tavernier,MID,Bournemouth,6.0,1.9,9,3.937,,3.937,model,4.276,0.051,0.223,0.0,2.0,11.999
Rogers,MID,Chelsea,7.5,28.8,9,3.876,,3.876,model,3.511,0.009,0.188,0.0,2.0,9.358
van Ewijk,DEF,Coventry,4.0,15.9,9,3.873,,3.873,model,3.285,1.027,1.097,0.0,3.679,8.358
Cunha,MID,Man United,8.0,13.6,9,3.853,,3.853,model,3.935,0.011,0.18,0.0,2.0,11.985
Schade,MID,Brentford,6.0,2.1,9,3.831,,3.831,model,4.295,0.004,0.23,0.0,2.0,13.072
Ndiaye,MID,Everton,6.0,15.9,9,3.831,,3.831,model,3.526,0.068,0.206,0.0,2.0,9.358
Anderson,MID,Man City,6.5,12.0,9,3.778,,3.778,model,2.998,0.501,0.367,0.0,3.0,9.358
Thomas,DEF,Coventry,4.0,8.7,9,3.76,,3.76,model,3.348,0.995,1.045,0.0,3.0,8.358
Pedro Porro,DEF,Tottenham,5.5,23.5,9,3.733,,3.733,model,3.32,0.221,1.326,0.0,2.0,9.985
Rice,MID,Arsenal,7.5,22.4,9,3.688,,3.688,model,3.051,0.146,0.324,0.0,3.0,9.358
Rayan,MID,Bournemouth,6.5,3.5,9,3.677,,3.677,model,4.2,0.103,0.212,0.0,2.0,11.985
Ballard,DEF,Sunderland,5.0,3.8,9,3.655,,3.655,model,3.478,0.848,1.049,0.0,3.0,8.896
Van de Ven,DEF,Tottenham,5.0,6.8,9,3.616,,3.616,model,3.216,0.375,1.293,0.0,2.0,8.896
Evanilson,FWD,Bournemouth,6.0,2.0,9,3.605,,3.605,model,4.061,0.001,0.0,0.0,2.0,12.707
E.Le Fée,MID,Sunderland,6.0,12.8,9,3.581,,3.581,model,2.95,0.476,0.302,0.0,3.0,9.358
Alderete,DEF,Sunderland,5.0,1.1,9,3.577,,3.577,model,3.317,0.827,1.098,0.0,3.0,8.358
Tzolis,MID,Arsenal,6.5,2.3,9,3.574,,3.574,model,4.762,0.35,0.268,0.0,2.0,14.717
O.Dango,MID,Brentford,6.5,1.4,9,3.569,,3.569,model,4.18,0.012,0.22,0.0,2.0,11.985
Isak,FWD,Liverpool,9.0,11.4,9,3.56,,3.56,model,4.009,0.0,0.0,0.0,2.0,12.707
Calvert-Lewin,FWD,Leeds,6.0,24.1,9,3.536,,3.536,model,3.606,0.0,0.0,0.0,2.0,12.707
Bruno G.,MID,Newcastle,7.0,10.0,9,3.514,,3.514,model,3.107,0.009,0.284,0.0,2.0,9.358
Matheus N.,DEF,Man City,6.0,4.8,9,3.486,,3.486,model,3.278,0.056,1.396,0.0,2.0,8.985
Calafiori,DEF,Arsenal,5.5,16.8,9,3.435,,3.435,model,3.862,0.141,1.103,0.0,2.0,11.254
Lacroix,DEF,Chelsea,6.0,11.7,9,3.424,,3.424,model,3.28,0.487,0.923,0.0,2.0,8.896
Donnarumma,GK,Man City,5.5,11.0,9,3.414,,3.414,model,2.574,0.0,1.726,0.0,2.0,6.51
Muñoz,DEF,Crystal Palace,5.5,11.6,9,3.394,,3.394,model,3.389,0.033,1.055,0.0,2.0,8.999
Targett,DEF,Hull,4.0,2.7,9,3.393,,3.393,model,3.299,1.177,0.825,0.0,3.0,8.358
Sarr,MID,Crystal Palace,6.5,8.8,9,3.386,,3.386,model,3.617,0.002,0.217,0.0,2.0,9.358
Doku,MID,Man City,7.5,6.4,9,3.379,,3.379,model,3.87,0.008,0.254,0.0,2.0,10.254
Gibbs-White,MID,Nott'm Forest,8.0,11.6,9,3.377,,3.377,model,3.113,0.002,0.194,0.0,2.0,9.358
Collins,DEF,Brentford,5.5,2.0,9,3.372,,3.372,model,3.169,0.228,1.168,0.0,2.0,8.896
Xhaka,MID,Sunderland,5.5,5.6,9,3.36,,3.36,model,2.516,0.724,0.291,0.0,3.0,8.358
Rúben,DEF,Man City,5.5,1.4,9,3.343,,3.343,model,3.202,0.029,1.443,0.0,2.0,8.896
Romero,DEF,Tottenham,5.0,1.1,9,3.343,,3.343,model,3.344,0.564,1.062,0.0,2.0,8.896
Cash,DEF,Aston Villa,4.5,7.8,9,3.327,,3.327,model,3.046,0.029,1.292,0.0,2.0,8.896
Van den Berg,DEF,Brentford,5.0,0.7,9,3.318,,3.318,model,3.367,0.217,1.087,0.0,2.0,8.896
Raya,GK,Arsenal,6.0,31.0,9,3.306,,3.306,model,2.493,0.0,1.638,0.0,2.0,6.51
Aït-Nouri,DEF,Man City,5.5,1.1,9,3.304,,3.304,model,3.754,0.001,1.193,0.0,2.0,9.985
Eze,MID,Arsenal,6.5,3.2,9,3.288,,3.288,model,3.905,0.0,0.229,0.0,2.0,10.254
Mateta,FWD,Crystal Palace,6.5,6.8,9,3.287,,3.287,model,3.69,0.001,0.0,0.0,2.0,12.707
Scott,MID,Bournemouth,6.0,1.6,9,3.274,,3.274,model,3.35,0.513,0.21,0.0,2.0,10.358
Hill,DEF,Bournemouth,5.5,1.2,9,3.237,,3.237,model,3.373,0.772,0.872,0.0,2.0,8.358
Konsa,DEF,Aston Villa,4.5,16.6,9,3.234,,3.234,model,2.823,0.025,1.357,0.0,2.0,6.896
Havertz,FWD,Arsenal,7.5,3.8,9,3.22,,3.22,model,4.04,0.0,0.0,0.0,2.0,12.707
Kayode,DEF,Brentford,4.5,3.8,9,3.206,,3.206,model,3.002,0.214,1.145,0.0,2.0,8.358
Virgil,DEF,Liverpool,6.5,16.5,9,3.203,,3.203,model,2.814,0.517,0.862,0.0,2.0,8.358
Amad,MID,Man United,6.0,1.6,9,3.19,,3.19,model,3.855,0.019,0.14,0.0,2.0,9.403
Mosquera,DEF,Arsenal,5.5,15.7,9,3.188,,3.188,model,3.236,0.565,1.018,0.0,2.0,8.358
Ampadu,MID,Leeds,5.5,1.6,9,3.183,,3.183,model,2.459,0.827,0.149,0.0,3.0,8.358
Gyökeres,FWD,Arsenal,7.5,13.1,9,3.182,,3.182,model,3.826,0.001,0.0,0.0,2.0,12.707
Hincapie,DEF,Arsenal,5.5,4.2,9,3.163,,3.163,model,3.349,0.463,1.066,0.0,2.0,8.358
Hume,DEF,Sunderland,4.5,2.9,9,3.135,,3.135,model,3.196,0.228,1.087,0.0,2.0,8.896
Szoboszlai,MID,Liverpool,7.0,46.5,9,3.13,,3.13,model,2.73,0.077,0.195,0.0,2.0,8.358
Hall,DEF,Newcastle,5.0,4.0,9,3.116,,3.116,model,3.221,0.082,1.098,0.0,2.0,8.985
Tarkowski,DEF,Everton,6.0,9.9,9,3.115,,3.115,model,2.867,0.285,0.959,0.0,2.0,8.358
Manzambi,MID,Aston Villa,6.0,2.1,9,3.089,,3.089,model,4.167,0.241,0.248,0.0,2.0,10.358
Welbeck,FWD,Chelsea,6.0,2.7,9,3.086,,3.086,model,3.759,0.001,0.0,0.0,2.0,11.757
Palestra,DEF,Chelsea,5.5,1.8,9,3.082,,3.082,model,4.127,0.552,0.658,0.0,2.0,8.896
Neto,MID,Chelsea,6.5,1.3,9,3.081,,3.081,model,3.481,0.0,0.145,0.0,2.0,9.358
Botman,DEF,Newcastle,5.0,0.4,9,3.078,,3.078,model,3.585,0.691,0.798,0.0,2.0,8.896
Burn,DEF,Newcastle,5.0,2.7,9,3.056,,3.056,model,2.977,0.167,1.133,0.0,2.0,8.358
Wirtz,MID,Liverpool,7.5,12.6,9,3.05,,3.05,model,3.134,0.079,0.155,0.0,2.0,9.259
Fernandes,MID,Tottenham,6.0,3.3,9,3.043,,3.043,model,2.626,0.291,0.283,0.0,2.0,8.358
Stach,MID,Leeds,6.0,1.2,9,3.01,,3.01,model,3.014,0.443,0.127,0.0,2.0,9.254
Richards,DEF,Crystal Palace,5.0,0.8,9,3.0,,3.0,model,3.022,0.381,0.93,0.0,2.0,8.358
Gakpo,MID,Liverpool,7.0,3.4,9,2.981,,2.981,model,3.229,0.003,0.154,0.0,2.0,9.358
Roefs,GK,Sunderland,5.0,5.0,9,2.972,,2.972,model,2.405,0.0,1.386,0.0,2.0,6.51
Wood,FWD,Nott'm Forest,6.0,1.8,9,2.971,,2.971,model,3.614,0.0,0.0,0.0,2.0,10.98
Martinez,GK,Aston Villa,5.0,4.8,9,2.967,,2.967,model,2.443,0.0,1.401,0.0,2.0,6.51
Groß,MID,Brighton,5.5,9.3,9,2.966,,2.966,model,2.954,0.003,0.127,0.0,2.0,8.358
Wilson,MID,Leeds,6.5,8.3,9,2.963,,2.963,model,3.213,0.015,0.12,0.0,2.0,8.358
McGinn,MID,Aston Villa,5.5,2.7,9,2.946,,2.946,model,3.089,0.005,0.258,0.0,2.0,9.358
Egan,DEF,Hull,4.0,1.2,9,2.918,,2.918,model,3.422,0.982,0.68,0.0,3.0,8.358
Barnes,MID,Newcastle,6.0,1.2,9,2.916,,2.916,model,3.844,0.0,0.153,0.0,2.0,9.358
Damsgaard,MID,Brentford,5.5,0.7,9,2.89,,2.89,model,3.284,0.041,0.211,0.0,2.0,9.358
Solanke,FWD,Tottenham,6.0,2.6,9,2.889,,2.889,model,3.561,0.0,0.0,0.0,2.0,12.707
Mitchell,DEF,Crystal Palace,4.5,6.8,9,2.876,,2.876,model,2.788,0.105,1.014,0.0,2.0,8.358
Davis,DEF,Ipswich,4.0,4.0,9,2.875,,2.875,model,3.232,0.001,0.952,0.0,2.0,8.896
Kelleher,GK,Brentford,5.0,5.6,9,2.872,,2.872,model,2.44,0.0,1.279,0.0,2.0,6.51
Dewsbury-Hall,MID,Everton,6.5,3.8,9,2.866,,2.866,model,3.024,0.136,0.167,0.0,2.0,9.254
Ødegaard,MID,Arsenal,6.5,2.9,9,2.849,,2.849,model,3.374,0.003,0.22,0.0,2.0,9.358
Maddison,MID,Tottenham,6.5,1.9,9,2.807,,2.807,model,3.754,0.0,0.162,0.0,2.0,9.358
Merino,MID,Arsenal,6.0,1.2,9,2.803,,2.803,model,3.762,0.017,0.177,0.0,1.0,9.358
Khusanov,DEF,Man City,5.5,2.0,9,2.801,,2.801,model,3.169,0.134,1.097,0.0,2.0,8.358
A.García,DEF,Aston Villa,4.0,1.6,9,2.799,,2.799,model,3.398,0.389,0.965,0.0,2.0,8.358
Chalobah,DEF,Chelsea,5.5,1.9,9,2.788,,2.788,model,3.023,0.325,0.726,0.0,2.0,8.896
Wissa,FWD,Newcastle,6.0,1.4,9,2.782,,2.782,model,3.988,0.0,0.0,0.0,1.0,12.707
Spence,DEF,Tottenham,4.5,9.0,9,2.777,,2.777,model,3.03,0.067,1.031,0.0,2.0,8.358
Dubravka,GK,Tottenham,4.0,23.3,9,2.754,,2.754,model,2.402,0.0,1.312,0.0,2.0,6.51
Estêvão,MID,Chelsea,6.5,1.7,9,2.749,,2.749,model,3.696,0.033,0.088,0.0,1.0,9.358
Masuaku,DEF,Sunderland,4.0,1.5,9,2.748,,2.748,model,3.342,0.419,0.917,0.0,2.0,8.358
N.Williams,DEF,Nott'm Forest,5.0,12.5,9,2.739,,2.739,model,2.877,0.095,0.811,0.0,2.0,7.999
Shaw,DEF,Man United,4.5,24.5,9,2.737,,2.737,model,2.735,0.312,0.798,0.0,2.0,8.358
Rodon,DEF,Leeds,4.5,1.8,9,2.73,,2.73,model,2.691,0.79,0.617,0.0,2.0,8.358
Sangaré,MID,Brentford,5.5,1.3,9,2.729,,2.729,model,3.946,0.204,0.193,0.0,2.0,9.358
Anthony,MID,Brentford,6.0,0.2,9,2.723,,2.723,model,3.316,0.153,0.196,0.0,2.0,9.358
Keane,DEF,Everton,5.0,1.6,9,2.717,,2.717,model,2.897,0.515,0.758,0.0,2.0,8.358
Kluivert,MID,Bournemouth,6.0,1.1,9,2.715,,2.715,model,3.544,0.0,0.164,0.0,2.0,9.358
Dalot,DEF,Man United,5.0,3.0,9,2.698,,2.698,model,3.08,0.053,0.726,0.0,2.0,8.896
Rashford,MID,Man United,7.0,1.4,9,2.687,,2.687,model,3.761,0.0,0.111,0.0,2.0,9.358
Caicedo,MID,Chelsea,5.5,3.9,9,2.684,,2.684,model,2.328,0.135,0.188,0.0,2.0,8.358
Robinson,DEF,Fulham,4.5,2.6,9,2.672,,2.672,model,3.243,0.01,0.723,0.0,1.0,8.896
Hughes,DEF,Hull,4.0,0.9,9,2.669,,2.669,model,3.24,0.929,0.597,0.0,2.0,8.358
N.Jackson,FWD,Chelsea,6.5,0.4,9,2.652,,2.652,model,4.067,0.0,0.0,0.0,1.0,12.707
Iwobi,MID,Fulham,5.5,0.9,9,2.647,,2.647,model,2.55,0.006,0.181,0.0,2.0,8.358
Reinildo,DEF,Sunderland,4.5,0.5,9,2.643,,2.643,model,2.864,0.357,1.017,0.0,2.0,8.358
Zubimendi,MID,Arsenal,5.5,1.5,9,2.624,,2.624,model,2.761,0.125,0.257,0.0,2.0,8.358
Tonali,MID,Tottenham,5.5,4.1,9,2.617,,2.617,model,2.585,0.043,0.254,0.0,2.0,8.358
Brooks,MID,Bournemouth,5.0,0.2,9,2.613,,2.613,model,3.944,0.011,0.077,0.0,1.0,9.403
Danso,DEF,Tottenham,5.0,0.2,9,2.607,,2.607,model,3.086,0.589,0.78,0.0,1.0,8.358
Milenković,DEF,Nott'm Forest,5.5,2.3,9,2.605,,2.605,model,2.652,0.133,0.816,0.0,2.0,7.896
Brobbey,FWD,Sunderland,6.0,18.7,9,2.592,,2.592,model,2.981,0.001,0.0,0.0,2.0,7.353
Buendía,MID,Aston Villa,6.0,0.9,9,2.58,,2.58,model,3.579,0.053,0.128,0.0,1.0,9.358
Garnacho,MID,Aston Villa,6.0,1.0,9,2.565,,2.565,model,3.481,0.001,0.144,0.0,1.0,9.358
Digne,DEF,Aston Villa,4.5,1.4,9,2.565,,2.565,model,3.243,0.016,0.893,0.0,1.0,8.896
Vicario,GK,Tottenham,4.5,1.5,9,2.554,,2.554,model,2.46,0.0,1.183,0.0,2.0,6.51
Woltemade,FWD,Newcastle,6.0,1.8,9,2.551,,2.551,model,3.47,0.004,0.0,0.0,2.0,9.98
Schär,DEF,Newcastle,5.0,0.2,9,2.541,,2.541,model,3.235,0.053,0.841,0.0,1.0,8.896
Giles,DEF,Hull,4.0,0.6,9,2.53,,2.53,model,3.145,0.875,0.596,0.0,2.0,8.358
Petrović,GK,Bournemouth,4.5,3.7,9,2.514,,2.514,model,2.35,0.0,1.105,0.0,2.0,6.51
Aaronson,MID,Leeds,5.5,0.8,9,2.513,,2.513,model,2.932,0.153,0.117,0.0,2.0,8.358
Canvot,DEF,Crystal Palace,5.0,0.6,9,2.51,,2.51,model,3.158,0.625,0.61,0.0,1.0,8.358
Maguire,DEF,Man United,5.0,8.7,9,2.502,,2.502,model,2.91,0.159,0.681,0.0,2.0,8.358
Slater,MID,Hull,4.5,2.0,9,2.496,,2.496,model,3.249,0.207,0.175,0.0,2.0,8.358
Pickford,GK,Everton,5.5,8.9,9,2.485,,2.485,model,2.19,0.0,1.021,0.0,2.0,6.51
Wharton,MID,Crystal Palace,5.5,0.3,9,2.48,,2.48,model,2.633,0.207,0.168,0.0,2.0,8.358
James,DEF,Chelsea,5.5,7.9,9,2.476,,2.476,model,3.111,0.123,0.631,0.0,1.0,8.896
Muharemović,DEF,Leeds,5.0,1.4,9,2.473,,2.473,model,3.419,0.589,0.484,0.0,2.0,8.358
Kinsky,GK,Tottenham,4.5,19.2,9,2.472,,2.472,model,2.494,0.0,1.133,0.0,2.0,6.51
O'Shea,DEF,Ipswich,4.0,1.9,9,2.467,,2.467,model,2.855,0.001,0.952,0.0,2.0,6.358
Crooks,MID,Hull,4.5,0.7,9,2.461,,2.461,model,3.501,0.176,0.148,0.0,2.0,9.358
A.Murphy,DEF,Newcastle,4.0,0.8,9,2.46,,2.46,model,3.43,0.425,0.779,0.0,1.0,8.358
Jacquet,DEF,Liverpool,5.0,1.6,9,2.454,,2.454,model,2.989,0.511,0.651,0.0,2.0,8.358
Diop,DEF,Ipswich,4.0,19.1,9,2.454,,2.454,model,2.924,0.155,0.843,0.0,1.0,7.896
Meunier,DEF,Sunderland,4.5,0.5,9,2.447,,2.447,model,3.458,0.357,0.832,0.0,1.0,8.358
Pope,GK,Newcastle,5.0,1.1,9,2.446,,2.446,model,2.442,0.0,1.1,0.0,2.0,6.51
Madueke,MID,Arsenal,6.5,0.4,9,2.443,,2.443,model,3.474,0.001,0.155,0.0,1.0,9.358
Ajer,DEF,Brentford,4.5,1.6,9,2.442,,2.442,model,3.052,0.191,0.815,0.0,1.0,8.358
Aina,DEF,Nott'm Forest,4.5,4.4,9,2.441,,2.441,model,2.499,0.029,0.841,0.0,2.0,6.358
Nedeljkovic,DEF,Aston Villa,4.0,0.6,9,2.434,,2.434,model,3.44,0.369,0.819,0.0,1.0,8.358
Bijol,DEF,Leeds,5.0,0.3,9,2.423,,2.423,model,2.821,0.798,0.471,0.0,2.0,8.358
Mykolenko,DEF,Everton,4.5,1.3,9,2.402,,2.402,model,2.506,0.03,0.819,0.0,2.0,6.358
Ajayi,DEF,Hull,4.0,0.7,9,2.4,,2.4,model,3.114,0.857,0.552,0.0,1.0,8.358
O'Brien,DEF,Everton,5.0,0.5,9,2.397,,2.397,model,2.645,0.093,0.822,0.0,2.0,6.358
Coyle,DEF,Hull,4.0,0.5,9,2.396,,2.396,model,3.24,0.815,0.578,0.0,1.0,8.358
Vuskovic,DEF,Brighton,5.0,2.9,9,2.395,,2.395,model,2.895,0.537,0.519,0.0,2.0,7.896
Struijk,DEF,Brighton,5.0,0.5,9,2.395,,2.395,model,2.724,0.562,0.526,0.0,2.0,8.358
Gomes,MID,Aston Villa,5.5,0.3,9,2.393,,2.393,model,2.328,0.051,0.258,0.0,2.0,8.358
Okafor,MID,Leeds,6.0,0.7,9,2.392,,2.392,model,3.204,0.063,0.096,0.0,2.0,8.358
Robertson,DEF,Tottenham,4.5,1.9,9,2.389,,2.389,model,3.031,0.005,0.814,0.0,1.0,8.358
Reijnders,MID,Man City,6.0,0.4,9,2.388,,2.388,model,3.861,0.024,0.157,0.0,1.0,9.358
Burrowes,MID,Aston Villa,4.5,0.9,9,2.387,,2.387,model,3.7,0.197,0.2,0.0,2.0,8.358
Bogle,DEF,Leeds,4.5,0.4,9,2.384,,2.384,model,2.892,0.361,0.539,0.0,2.0,8.358
Dasilva,DEF,Coventry,4.0,0.5,9,2.375,,2.375,model,3.154,0.611,0.68,0.0,1.0,8.358
Amenda,DEF,Coventry,4.0,0.5,9,2.373,,2.373,model,3.208,0.631,0.694,0.0,1.0,8.358
Palmer,GK,Ipswich,4.0,5.9,9,2.36,,2.36,model,3.855,0.0,0.771,0.0,1.0,12.019
Gravenberch,MID,Liverpool,6.0,1.9,9,2.347,,2.347,model,1.845,0.036,0.184,0.0,2.0,6.627
Sadiki,MID,Sunderland,5.0,0.4,9,2.347,,2.347,model,2.117,0.139,0.257,0.0,2.0,6.627
Beto,FWD,Everton,5.5,3.2,9,2.345,,2.345,model,3.111,0.001,0.0,0.0,1.0,7.353
Kusi-Asare,FWD,Fulham,4.5,7.8,9,2.333,,2.333,model,3.157,0.019,0.0,0.0,2.0,7.353
Gomez,MID,Brighton,5.0,1.8,9,2.332,,2.332,model,2.835,0.064,0.086,0.0,2.0,8.358
Mings,DEF,Aston Villa,4.5,0.2,9,2.327,,2.327,model,3.134,0.076,0.831,0.0,1.0,8.358
J.Murphy,MID,Newcastle,6.0,0.2,9,2.324,,2.324,model,3.032,0.001,0.156,0.0,2.0,8.358
Lewis-Potter,MID,Brentford,5.5,0.5,9,2.324,,2.324,model,2.813,0.001,0.186,0.0,2.0,8.358
Gusto,DEF,Chelsea,5.0,1.1,9,2.285,,2.285,model,2.988,0.029,0.571,0.0,1.0,7.999
Soler,DEF,Bournemouth,4.0,0.6,9,2.282,,2.282,model,3.206,0.415,0.718,0.0,1.0,8.358
Kipré,DEF,Ipswich,4.0,0.4,9,2.28,,2.28,model,3.205,0.595,0.655,0.0,0.0,8.358
Munoz,MID,Liverpool,6.5,0.8,9,2.279,,2.279,model,3.343,0.281,0.119,0.0,2.0,8.358
A.Becker,GK,Liverpool,5.5,4.1,9,2.279,,2.279,model,2.153,0.0,0.9,0.0,2.0,6.51
Maatsen,DEF,Aston Villa,4.5,0.6,9,2.273,,2.273,model,3.135,0.054,0.633,0.0,1.0,8.896
Savinho,MID,Man City,6.5,0.1,9,2.269,,2.269,model,3.544,0.001,0.121,0.0,1.0,9.358
Osula,FWD,Newcastle,6.0,1.5,9,2.266,,2.266,model,3.232,0.002,0.0,0.0,1.0,7.353
Šeško,FWD,Man United,7.0,2.6,9,2.26,,2.26,model,3.449,0.0,0.0,0.0,1.0,7.353
Mac Allister,MID,Liverpool,5.5,1.9,9,2.26,,2.26,model,2.305,0.013,0.155,0.0,2.0,8.358
Kitching,DEF,Coventry,4.0,0.5,9,2.26,,2.26,model,3.235,0.598,0.619,0.0,1.0,8.358
Pau,DEF,Aston Villa,4.5,0.3,9,2.257,,2.257,model,2.87,0.027,0.876,0.0,1.0,6.358
Jensen,MID,Brentford,5.5,0.1,9,2.257,,2.257,model,3.0,0.091,0.146,0.0,1.0,8.358
Yarmoliuk,MID,Brentford,5.0,1.5,9,2.245,,2.245,model,2.296,0.245,0.201,0.0,2.0,6.664
Richarlison,FWD,Tottenham,6.0,2.0,9,2.244,,2.244,model,3.095,0.014,0.0,0.0,1.0,7.353
Lammens,GK,Man United,5.0,20.2,9,2.236,,2.236,model,2.141,0.0,0.893,0.0,2.0,6.51
Colwill,DEF,Chelsea,5.0,1.7,9,2.235,,2.235,model,2.725,0.0,0.7,0.0,1.0,7.896
Martinelli,MID,Arsenal,6.5,0.3,9,2.226,,2.226,model,3.307,0.0,0.117,0.0,1.0,8.403
Marmoush,FWD,Man City,7.0,0.7,9,2.222,,2.222,model,3.499,0.002,0.0,0.0,1.0,8.304
Wieffer,DEF,Brighton,5.0,0.3,9,2.216,,2.216,model,2.847,0.596,0.392,0.0,1.0,8.358
Leno,GK,Fulham,4.5,3.2,9,2.209,,2.209,model,2.118,0.0,0.906,0.0,2.0,6.51
Silva,DEF,Bournemouth,5.0,0.2,9,2.204,,2.204,model,3.78,0.392,0.619,0.0,0.0,8.358
Delap,FWD,Chelsea,5.5,0.5,9,2.199,,2.199,model,3.12,0.0,0.0,0.0,1.0,7.353
Sánchez,GK,Chelsea,5.0,2.0,9,2.197,,2.197,model,2.164,0.0,0.89,0.0,2.0,6.51
Furlong,DEF,Ipswich,4.0,0.4,9,2.193,,2.193,model,3.221,0.593,0.567,0.0,0.0,8.358
Dorgu,MID,Man United,6.0,1.7,9,2.192,,2.192,model,2.77,0.02,0.111,0.0,2.0,8.358
Bassey,DEF,Fulham,4.5,0.6,9,2.188,,2.188,model,2.404,0.067,0.737,0.0,2.0,6.358
Olusesi,MID,Tottenham,4.5,0.9,9,2.187,,2.187,model,3.527,0.2,0.197,0.0,2.0,8.358
Reed,MID,Fulham,4.5,1.1,9,2.185,,2.185,model,2.799,0.259,0.143,0.0,2.0,8.358
Sessegnon,DEF,Fulham,4.5,0.4,9,2.183,,2.183,model,2.877,0.361,0.45,0.0,1.0,8.358
Udogie,DEF,Tottenham,4.5,0.4,9,2.166,,2.166,model,2.611,0.021,0.857,0.0,1.0,6.358
Branthwaite,DEF,Everton,5.5,1.9,9,2.163,,2.163,model,2.643,0.006,0.731,0.0,1.0,6.358
Adams,MID,Bournemouth,5.0,0.7,9,2.153,,2.153,model,2.334,0.11,0.201,0.0,2.0,8.358
Souza,DEF,Tottenham,4.0,0.3,9,2.147,,2.147,model,3.145,0.459,0.693,0.0,0.0,8.358
Hjelde,DEF,Sunderland,4.0,0.3,9,2.143,,2.143,model,3.372,0.306,0.742,0.0,0.0,8.358
Elanga,MID,Newcastle,6.0,0.7,9,2.143,,2.143,model,2.866,0.0,0.139,0.0,1.0,8.358
McAteer,MID,Ipswich,4.5,1.6,9,2.134,,2.134,model,2.682,0.002,0.145,0.0,2.0,8.358
Tel,MID,Tottenham,6.0,0.4,9,2.127,,2.127,model,2.851,0.019,0.138,0.0,1.0,8.358
Murillo,DEF,Nott'm Forest,5.5,0.2,9,2.124,,2.124,model,2.419,0.125,0.684,0.0,2.0,6.358
Bentancur,MID,Tottenham,5.5,0.1,9,2.124,,2.124,model,2.354,0.27,0.195,0.0,2.0,6.627
Grealish,MID,Man City,6.5,0.2,9,2.119,,2.119,model,3.247,0.043,0.157,0.0,1.0,9.254
Ngumoha,MID,Liverpool,6.0,1.6,9,2.117,,2.117,model,2.687,0.029,0.085,0.0,1.0,8.358
Sangaré,MID,Nott'm Forest,5.0,0.6,9,2.114,,2.114,model,2.234,0.376,0.122,0.0,2.0,5.627
F.Kadıoğlu,DEF,Brighton,4.5,2.9,9,2.11,,2.11,model,2.54,0.113,0.555,0.0,1.0,6.896
Touré,MID,Newcastle,6.0,0.2,9,2.1,,2.1,model,3.78,0.226,0.139,0.0,0.0,9.358
Florentino,MID,Ipswich,5.0,0.0,9,2.098,,2.098,model,2.423,0.622,0.132,0.0,1.0,5.0
Kerkez,DEF,Liverpool,5.5,5.5,9,2.086,,2.086,model,2.457,0.03,0.667,0.0,1.0,6.358
Minteh,MID,Brighton,6.0,0.7,9,2.083,,2.083,model,2.574,0.014,0.088,0.0,2.0,8.358
Wilson,FWD,Brentford,5.5,0.4,9,2.082,,2.082,model,3.085,0.0,0.0,0.0,1.0,7.353
Lewis,DEF,Man City,4.5,0.2,9,2.072,,2.072,model,3.118,0.001,0.654,0.0,1.0,7.896
Hinshelwood,MID,Brighton,6.0,0.3,9,2.066,,2.066,model,2.511,0.002,0.088,0.0,2.0,8.358
Kudus,MID,Tottenham,6.5,0.2,9,2.063,,2.063,model,2.934,0.003,0.176,0.0,2.0,8.358
Igor Jesus,FWD,Nott'm Forest,6.0,5.1,9,2.061,,2.061,model,2.484,0.005,0.0,0.0,2.0,7.353
Sels,GK,Nott'm Forest,5.0,1.4,9,2.059,,2.059,model,2.132,0.0,0.807,0.0,2.0,6.51
Destan,FWD,Hull,4.5,2.5,9,2.055,,2.055,model,3.294,0.017,0.0,0.0,2.0,7.353
O'Nien,DEF,Sunderland,4.0,2.4,9,2.048,,2.048,model,2.714,0.163,0.703,0.0,1.0,7.358
Walle Egeli,FWD,Ipswich,4.5,2.1,9,2.046,,2.046,model,3.673,0.011,0.0,0.0,2.0,7.353
White,DEF,Arsenal,5.5,0.4,9,2.022,,2.022,model,2.825,0.023,0.697,0.0,1.0,6.372
Andrey Santos,MID,Man United,5.0,1.4,9,2.018,,2.018,model,2.731,0.145,0.087,0.0,1.0,8.358
Yeremy,MID,Crystal Palace,5.5,0.2,9,2.013,,2.013,model,2.768,0.085,0.104,0.0,1.0,8.358
Wright,FWD,Coventry,5.5,1.8,9,2.004,,2.004,model,3.266,0.013,0.0,0.0,2.0,7.353
Frimpong,DEF,Liverpool,5.5,3.0,9,1.998,,1.998,model,2.465,0.033,0.52,0.0,1.0,6.358
Diarra,MID,Sunderland,5.5,0.1,9,1.997,,1.997,model,3.015,0.021,0.15,0.0,1.0,8.358
Alleyne,DEF,Man City,5.0,0.0,9,1.993,,1.993,model,4.017,0.193,0.705,0.0,0.0,8.358
Enes Ünal,FWD,Bournemouth,5.5,0.2,9,1.985,,1.985,model,2.716,0.001,0.0,0.0,1.0,6.353
Smith Rowe,MID,Fulham,5.5,0.4,9,1.982,,1.982,model,2.475,0.013,0.11,0.0,2.0,8.358
Gallagher,MID,Tottenham,5.5,0.2,9,1.964,,1.964,model,2.628,0.213,0.157,0.0,1.0,8.358
Kesler-Hayden,DEF,Coventry,4.0,0.1,9,1.962,,1.962,model,3.237,0.517,0.532,0.0,0.0,8.358
Schuster,DEF,Brentford,4.5,0.1,9,1.958,,1.958,model,3.44,0.303,0.61,0.0,0.0,8.358
Tielemans,MID,Man United,6.0,0.9,9,1.952,,1.952,model,2.542,0.021,0.104,0.0,2.0,8.358
Tete,DEF,Fulham,4.5,0.2,9,1.949,,1.949,model,2.605,0.109,0.593,0.0,1.0,7.358
McCarthy,DEF,Hull,4.0,0.1,9,1.947,,1.947,model,3.107,0.662,0.458,0.0,0.0,8.358
Martinez,DEF,Man United,5.0,0.6,9,1.937,,1.937,model,2.539,0.056,0.535,0.0,1.0,6.358
Berge,MID,Fulham,5.0,0.4,9,1.935,,1.935,model,1.765,0.055,0.15,0.0,2.0,5.0
Zirkzee,FWD,Man United,5.5,0.7,9,1.928,,1.928,model,2.864,0.001,0.0,0.0,1.0,7.353
Phillips,DEF,Tottenham,4.5,0.1,9,1.923,,1.923,model,3.149,0.384,0.626,0.0,0.0,8.358
Byfield,DEF,Tottenham,4.0,0.1,9,1.919,,1.919,model,3.273,0.369,0.615,0.0,0.0,8.358
Andrews,MID,Coventry,4.5,0.7,9,1.918,,1.918,model,2.898,0.166,0.164,0.0,2.0,8.358
Ayari,MID,Brighton,5.5,0.7,9,1.915,,1.915,model,2.159,0.08,0.086,0.0,2.0,7.627
Maeda,MID,Ipswich,5.5,0.4,9,1.915,,1.915,model,3.252,0.155,0.148,0.0,0.0,8.358
Mainoo,MID,Man United,5.5,1.3,9,1.915,,1.915,model,2.081,0.055,0.121,0.0,2.0,5.627
Dowman,MID,Arsenal,5.5,0.2,9,1.913,,1.913,model,3.513,0.165,0.159,0.0,0.0,8.358
Barry,FWD,Everton,5.5,0.9,9,1.911,,1.911,model,2.664,0.0,0.0,0.0,1.0,7.353
Belloumi,MID,Hull,5.0,0.5,9,1.91,,1.91,model,3.413,0.143,0.119,0.0,2.0,8.358
Greaves,DEF,Ipswich,4.0,0.5,9,1.907,,1.907,model,2.683,0.001,0.715,0.0,1.0,6.358
Yoro,DEF,Man United,5.0,0.7,9,1.904,,1.904,model,2.683,0.186,0.426,0.0,1.0,7.896
McBurnie,FWD,Hull,5.5,1.7,9,1.9,,1.9,model,3.131,0.013,0.0,0.0,2.0,7.353
Johnson,MID,Crystal Palace,6.0,0.1,9,1.899,,1.899,model,2.617,0.005,0.116,0.0,1.0,8.358
Hughes,MID,Crystal Palace,4.5,11.1,9,1.898,,1.898,model,1.953,0.017,0.144,0.0,2.0,5.627
Kamada,MID,Crystal Palace,5.0,0.3,9,1.898,,1.898,model,2.215,0.081,0.136,0.0,2.0,6.627
Strand Larsen,FWD,Crystal Palace,6.0,0.6,9,1.894,,1.894,model,2.3,0.001,0.0,0.0,2.0,7.353
Dunk,DEF,Brighton,4.5,0.8,9,1.892,,1.892,model,2.231,0.209,0.522,0.0,1.0,6.358
Davies,DEF,Tottenham,4.0,0.8,9,1.89,,1.89,model,2.692,0.009,0.644,0.0,1.0,6.358
Furo,FWD,Brentford,4.5,0.9,9,1.889,,1.889,model,3.6,0.023,0.0,0.0,0.0,7.353
McNair,DEF,Hull,4.0,0.1,9,1.884,,1.884,model,2.983,0.655,0.443,0.0,0.0,8.358
Hudson-Odoi,MID,Nott'm Forest,6.0,0.0,9,1.881,,1.881,model,2.438,0.0,0.102,0.0,1.0,8.358
Hutchinson,MID,Nott'm Forest,5.5,0.2,9,1.879,,1.879,model,2.366,0.003,0.108,0.0,2.0,7.358
Scarlett,FWD,Tottenham,4.5,1.7,9,1.871,,1.871,model,3.38,0.019,0.0,0.0,0.0,7.353
Obi,FWD,Man United,4.5,1.2,9,1.867,,1.867,model,3.586,0.016,0.0,0.0,0.0,7.353
Rodríguez,FWD,Bournemouth,6.0,0.3,9,1.866,,1.866,model,3.956,0.017,0.0,0.0,0.0,7.353
George Hemmings,MID,Aston Villa,4.5,0.3,9,1.857,,1.857,model,3.332,0.174,0.168,0.0,0.0,8.358
Janelt,MID,Brentford,5.0,0.1,9,1.855,,1.855,model,2.282,0.042,0.168,0.0,2.0,6.627
Dowell,MID,Hull,4.5,0.5,9,1.849,,1.849,model,2.882,0.149,0.123,0.0,2.0,8.358
J.Araujo,DEF,Bournemouth,4.5,0.1,9,1.846,,1.846,model,3.31,0.328,0.545,0.0,0.0,8.358
Cook,MID,Bournemouth,5.0,0.1,9,1.843,,1.843,model,2.323,0.024,0.16,0.0,2.0,6.627
Verbruggen,GK,Brighton,4.5,17.0,9,1.842,,1.842,model,1.904,0.0,0.648,0.0,1.0,6.51
Vitor Reis,DEF,Man City,4.5,0.0,9,1.842,,1.842,model,3.401,0.185,0.697,0.0,0.0,8.358
García,FWD,Fulham,6.0,1.4,9,1.84,,1.84,model,3.07,0.02,0.0,0.0,2.0,7.353
Yates,MID,Nott'm Forest,4.5,7.1,9,1.839,,1.839,model,2.066,0.009,0.103,0.0,1.0,7.358
Kamara,MID,Aston Villa,5.0,0.1,9,1.835,,1.835,model,2.128,0.028,0.194,0.0,2.0,6.627
Rowswell,DEF,Tottenham,4.0,0.1,9,1.83,,1.83,model,3.05,0.383,0.571,0.0,0.0,8.358
Barkley,MID,Aston Villa,5.0,0.2,9,1.821,,1.821,model,2.586,0.019,0.083,0.0,1.0,7.358
Adli,MID,Bournemouth,5.0,0.2,9,1.819,,1.819,model,2.736,0.116,0.053,0.0,1.0,7.358
Justin,DEF,Leeds,4.5,0.5,9,1.809,,1.809,model,2.465,0.084,0.455,0.0,1.0,6.358
Lukić,MID,Fulham,5.0,0.1,9,1.808,,1.808,model,2.23,0.032,0.121,0.0,2.0,8.358
P.M.Sarr,MID,Tottenham,5.0,0.4,9,1.807,,1.807,model,2.374,0.057,0.122,0.0,1.0,8.358
J.Ramsey,MID,Newcastle,5.0,0.4,9,1.801,,1.801,model,2.302,0.028,0.134,0.0,1.0,7.358
Awoniyi,FWD,Nott'm Forest,5.5,0.4,9,1.799,,1.799,model,2.506,0.0,0.0,0.0,1.0,6.353
Joelinton,MID,Newcastle,5.5,0.0,9,1.792,,1.792,model,2.522,0.053,0.147,0.0,1.0,8.358
Sanchez,DEF,Bournemouth,4.5,0.0,9,1.792,,1.792,model,3.244,0.345,0.532,0.0,0.0,8.358
Hato,DEF,Chelsea,4.5,1.0,9,1.79,,1.79,model,2.403,0.259,0.384,0.0,1.0,7.358
Nmecha,FWD,Leeds,5.5,0.6,9,1.785,,1.785,model,2.527,0.003,0.0,0.0,1.0,7.353
Isidor,FWD,Sunderland,5.5,1.2,9,1.78,,1.78,model,2.551,0.001,0.0,0.0,1.0,7.353
Brau,DEF,Coventry,4.0,0.1,9,1.78,,1.78,model,2.955,0.494,0.485,0.0,0.0,8.358
D.Essugo,MID,Chelsea,4.5,0.2,9,1.773,,1.773,model,3.502,0.145,0.095,0.0,0.0,8.358
Hirst,FWD,Ipswich,5.0,0.4,9,1.763,,1.763,model,2.529,0.0,0.0,0.0,1.0,7.353
Livramento,DEF,Newcastle,5.0,0.1,9,1.755,,1.755,model,2.588,0.004,0.655,0.0,1.0,6.358
N.Gonzalez,MID,Man City,5.5,0.1,9,1.75,,1.75,model,2.463,0.189,0.174,0.0,1.0,6.627
C.Jones,MID,Liverpool,5.5,0.1,9,1.743,,1.743,model,2.295,0.07,0.087,0.0,1.0,7.358
De Cuyper,DEF,Brighton,4.5,1.3,9,1.741,,1.741,model,2.663,0.089,0.305,0.0,1.0,7.254
Bidwell,DEF,Coventry,4.0,0.1,9,1.739,,1.739,model,2.962,0.469,0.482,0.0,0.0,8.358
Disasi,DEF,Chelsea,4.5,0.1,9,1.733,,1.733,model,2.494,0.0,0.539,0.0,1.0,6.358
Fletcher,MID,Man United,4.5,0.3,9,1.723,,1.723,model,2.971,0.152,0.098,0.0,0.0,8.358
Mason-Clark,MID,Coventry,5.5,0.3,9,1.722,,1.722,model,2.937,0.137,0.145,0.0,0.0,8.358
Ji-soo,DEF,Brentford,4.5,0.0,9,1.722,,1.722,model,3.398,0.256,0.548,0.0,0.0,8.358
Nketiah,FWD,Crystal Palace,5.5,0.5,9,1.72,,1.72,model,2.406,0.0,0.0,0.0,1.0,7.353
Bobb,MID,Fulham,5.5,0.4,9,1.713,,1.713,model,2.183,0.052,0.075,0.0,1.0,7.358
Mount,MID,Man United,5.5,0.1,9,1.711,,1.711,model,2.686,0.033,0.058,0.0,1.0,8.358
Echeverri,MID,Man City,5.0,0.0,9,1.707,,1.707,model,3.513,0.157,0.151,0.0,0.0,8.358
Hackney,MID,Everton,5.5,0.3,9,1.7,,1.7,model,2.91,0.15,0.102,0.0,0.0,8.358
Núñez,MID,Ipswich,5.0,0.2,9,1.698,,1.698,model,3.179,0.131,0.128,0.0,0.0,8.358
Neave,FWD,Newcastle,4.5,0.7,9,1.693,,1.693,model,3.4,0.012,0.0,0.0,0.0,7.353
Onyeka,MID,Coventry,5.0,0.2,9,1.691,,1.691,model,2.744,0.167,0.127,0.0,0.0,8.358
Seelt,DEF,Sunderland,4.5,0.0,9,1.69,,1.69,model,2.969,0.259,0.572,0.0,0.0,7.358
Mukasa,MID,Man City,4.5,0.1,9,1.686,,1.686,model,3.282,0.159,0.163,0.0,0.0,8.358
Latibeaudiere,DEF,Coventry,4.0,0.1,9,1.686,,1.686,model,2.828,0.445,0.458,0.0,0.0,8.358
Amass,DEF,Man United,4.0,0.2,9,1.683,,1.683,model,3.068,0.331,0.439,0.0,0.0,7.358
Abraham,FWD,Aston Villa,5.5,0.1,9,1.679,,1.679,model,2.447,0.0,0.0,0.0,1.0,6.353
Ramsay,DEF,Liverpool,4.0,0.2,9,1.678,,1.678,model,2.643,0.434,0.433,0.0,0.0,7.358
Kovačić,MID,Man City,5.5,0.0,9,1.677,,1.677,model,2.767,0.0,0.138,0.0,1.0,7.358
Monga,MID,Man City,5.0,0.0,9,1.671,,1.671,model,3.614,0.13,0.154,0.0,0.0,8.358
Henry,DEF,Brentford,4.5,0.2,9,1.66,,1.66,model,2.374,0.041,0.497,0.0,1.0,6.358
Barco,MID,Chelsea,5.5,0.0,9,1.654,,1.654,model,3.468,0.167,0.077,0.0,0.0,8.358
Mheuka,FWD,Chelsea,4.5,0.4,9,1.654,,1.654,model,3.466,0.01,0.0,0.0,0.0,7.353
Mingueza,DEF,Crystal Palace,4.5,0.1,9,1.652,,1.652,model,2.769,0.293,0.5,0.0,0.0,7.358
Quenda,MID,Chelsea,5.5,0.1,9,1.647,,1.647,model,3.245,0.155,0.083,0.0,0.0,8.358
Muniz,FWD,Fulham,5.5,0.7,9,1.642,,1.642,model,2.312,0.0,0.0,0.0,1.0,7.353
Tóth.A,MID,Bournemouth,5.0,0.0,9,1.641,,1.641,model,3.42,0.144,0.129,0.0,0.0,8.358
Mazraoui,DEF,Man United,4.5,0.7,9,1.636,,1.636,model,2.245,0.028,0.466,0.0,1.0,6.358
Philogene,MID,Ipswich,5.5,0.2,9,1.633,,1.633,model,2.55,0.001,0.064,0.0,1.0,7.358
Lacey,MID,Man United,5.0,0.1,9,1.631,,1.631,model,3.412,0.123,0.078,0.0,0.0,8.358
Ndoye,MID,Nott'm Forest,5.5,0.5,9,1.631,,1.631,model,2.203,0.07,0.077,0.0,1.0,6.627
Gannon-Doak,MID,Bournemouth,5.0,0.1,9,1.626,,1.626,model,3.328,0.135,0.119,0.0,0.0,8.358
Adingra,MID,Sunderland,5.0,0.3,9,1.616,,1.616,model,2.314,0.001,0.104,0.0,1.0,6.627
Torp,MID,Coventry,5.5,0.2,9,1.613,,1.613,model,3.016,0.13,0.124,0.0,0.0,7.664
Bailey,MID,Aston Villa,5.5,0.1,9,1.612,,1.612,model,2.524,0.006,0.076,0.0,1.0,7.358
Bamba,MID,Newcastle,5.0,0.1,9,1.609,,1.609,model,3.021,0.207,0.122,0.0,0.0,7.627
Castagne,DEF,Fulham,4.5,0.2,9,1.608,,1.608,model,2.188,0.057,0.447,0.0,1.0,6.358
Szmodics,MID,Ipswich,5.0,0.1,9,1.608,,1.608,model,2.849,0.0,0.081,0.0,1.0,8.358
Lerma,MID,Crystal Palace,5.0,0.1,9,1.607,,1.607,model,1.972,0.047,0.119,0.0,1.0,5.627
Tanaka,MID,Leeds,5.0,0.3,9,1.604,,1.604,model,2.26,0.163,0.057,0.0,1.0,7.358
Georginio,FWD,Brighton,5.5,0.8,9,1.604,,1.604,model,2.05,0.008,0.0,0.0,1.0,7.353
McNeil,MID,Everton,5.5,0.1,9,1.601,,1.601,model,2.238,0.015,0.082,0.0,1.0,6.627
Bendito Mantato,MID,Man United,4.5,0.2,9,1.592,,1.592,model,2.803,0.129,0.097,0.0,0.0,7.627
Horníček,GK,Newcastle,5.0,0.3,9,1.583,,1.583,model,2.247,0.0,0.737,0.0,0.0,6.51
Shepherd,MID,Coventry,4.5,0.3,9,1.577,,1.577,model,2.446,0.141,0.135,0.0,0.0,5.627
M.Sarr,DEF,Chelsea,4.5,0.1,9,1.575,,1.575,model,2.882,0.287,0.389,0.0,0.0,7.358
Steur,MID,Newcastle,5.0,0.1,9,1.57,,1.57,model,3.041,0.187,0.128,0.0,0.0,5.627
G.Jesus,FWD,Arsenal,6.0,0.4,9,1.567,,1.567,model,2.656,0.0,0.0,0.0,1.0,7.353
Talbi,MID,Sunderland,5.5,0.2,9,1.565,,1.565,model,2.172,0.017,0.132,0.0,1.0,7.358
Thomas-Asante,FWD,Coventry,5.0,0.9,9,1.565,,1.565,model,2.829,0.008,0.0,0.0,0.0,7.353
Grimes,MID,Coventry,5.0,0.2,9,1.56,,1.56,model,2.932,0.125,0.125,0.0,0.0,5.627
Gray,MID,Tottenham,5.0,0.2,9,1.553,,1.553,model,1.958,0.014,0.139,0.0,1.0,5.627
Chiesa,MID,Liverpool,5.5,0.2,9,1.552,,1.552,model,2.208,0.032,0.025,0.0,1.0,7.358
Abbott,DEF,Nott'm Forest,4.0,0.2,9,1.55,,1.55,model,2.937,0.267,0.426,0.0,0.0,6.385
Willock,MID,Newcastle,5.0,0.1,9,1.546,,1.546,model,2.236,0.01,0.078,0.0,1.0,7.358
Fábio Vieira,MID,Arsenal,5.5,0.0,9,1.545,,1.545,model,3.023,0.134,0.128,0.0,0.0,8.358
Clarke,MID,Ipswich,5.5,0.3,9,1.544,,1.544,model,2.121,0.0,0.079,0.0,1.0,6.627
Sosa,DEF,Crystal Palace,4.5,0.0,9,1.538,,1.538,model,2.763,0.279,0.459,0.0,0.0,7.358
Mehmeti,MID,Ipswich,5.0,0.1,9,1.534,,1.534,model,3.017,0.112,0.112,0.0,0.0,8.358
Emersonn,FWD,Ipswich,5.5,0.3,9,1.534,,1.534,model,3.333,0.01,0.0,0.0,0.0,7.353
Diakité,DEF,Bournemouth,5.0,0.2,9,1.525,,1.525,model,2.53,0.366,0.408,0.0,0.0,7.358
Smith,DEF,Bournemouth,4.5,0.1,9,1.522,,1.522,model,2.278,0.009,0.506,0.0,1.0,6.358
Simms,FWD,Coventry,5.0,0.6,9,1.511,,1.511,model,2.812,0.013,0.0,0.0,0.0,7.353
Bindon,DEF,Nott'm Forest,4.0,0.2,9,1.511,,1.511,model,2.544,0.329,0.407,0.0,0.0,6.358
O.Richards,DEF,Nott'm Forest,4.0,0.2,9,1.505,,1.505,model,2.628,0.253,0.445,0.0,0.0,6.358
Borges Rodrigues,MID,Coventry,4.5,0.2,9,1.505,,1.505,model,2.449,0.122,0.122,0.0,0.0,5.0
Jocelin.T,MID,Sunderland,5.0,0.0,9,1.504,,1.504,model,3.003,0.141,0.125,0.0,0.0,8.358
Al-Hamadi,FWD,Ipswich,5.0,0.2,9,1.503,,1.503,model,3.178,0.01,0.0,0.0,0.0,7.353
Alysson,MID,Aston Villa,5.0,0.0,9,1.503,,1.503,model,2.926,0.13,0.146,0.0,0.0,6.677
Piroe,FWD,Leeds,5.0,0.5,9,1.502,,1.502,model,2.899,0.009,0.0,0.0,0.0,7.353
Iling Jr,MID,Aston Villa,5.0,0.0,9,1.499,,1.499,model,3.038,0.129,0.141,0.0,0.0,6.627
Anselmino,DEF,Chelsea,4.5,0.0,9,1.499,,1.499,model,3.047,0.275,0.395,0.0,0.0,6.919
Guessand,MID,Aston Villa,5.5,0.0,9,1.495,,1.495,model,2.255,0.056,0.076,0.0,1.0,7.358
Akpom,FWD,Ipswich,5.0,0.5,9,1.495,,1.495,model,3.211,0.009,0.0,0.0,0.0,7.353
Carvalho,MID,Brentford,5.0,0.0,9,1.491,,1.491,model,2.188,0.001,0.007,0.0,1.0,7.358
Gittens,MID,Chelsea,6.0,0.1,9,1.484,,1.484,model,1.984,0.009,0.032,0.0,1.0,6.627
Elliott,MID,Liverpool,5.5,0.1,9,1.482,,1.482,model,1.97,0.009,0.027,0.0,1.0,7.358
Fatawu,MID,Ipswich,5.5,0.3,9,1.475,,1.475,model,2.314,0.005,0.087,0.0,1.0,6.627
Rushworth,GK,Coventry,4.5,0.9,9,1.474,,1.474,model,2.225,0.0,0.657,0.0,0.0,6.51
Sakamoto,MID,Coventry,5.0,0.1,9,1.473,,1.473,model,2.649,0.116,0.125,0.0,0.0,5.627
Nørgaard,MID,Everton,5.0,0.5,9,1.47,,1.47,model,2.239,0.0,0.091,0.0,1.0,5.627
Dovin,GK,Coventry,4.0,2.6,9,1.469,,1.469,model,2.124,0.0,0.678,0.0,0.0,6.51
Schlager,MID,Nott'm Forest,5.0,0.1,9,1.466,,1.466,model,2.675,0.148,0.089,0.0,0.0,7.627
Aznou,DEF,Everton,4.0,0.2,9,1.463,,1.463,model,2.436,0.235,0.466,0.0,0.0,6.358
Dasilva,MID,Brentford,5.0,0.0,9,1.462,,1.462,model,2.972,0.132,0.115,0.0,0.0,7.627
Bergvall,MID,Tottenham,5.5,0.2,9,1.46,,1.46,model,2.004,0.009,0.113,0.0,1.0,5.627
Collyer,MID,Man United,5.0,0.0,9,1.453,,1.453,model,3.16,0.125,0.075,0.0,0.0,8.358
Morato,DEF,Nott'm Forest,5.0,0.1,9,1.45,,1.45,model,2.176,0.175,0.318,0.0,1.0,6.358
Doucouré,MID,Crystal Palace,5.0,0.1,9,1.441,,1.441,model,2.647,0.157,0.113,0.0,0.0,5.0
Koumas,MID,Liverpool,5.0,0.0,9,1.441,,1.441,model,2.695,0.181,0.083,0.0,0.0,5.0
Ogbene,MID,Ipswich,5.0,0.0,9,1.44,,1.44,model,2.912,0.115,0.122,0.0,0.0,5.627
McConnell,MID,Liverpool,4.5,0.2,9,1.439,,1.439,model,2.381,0.157,0.095,0.0,0.0,5.0
Howell,MID,Brighton,4.5,0.3,9,1.439,,1.439,model,2.24,0.168,0.063,0.0,0.0,5.0
Nwaneri,MID,Arsenal,5.5,0.0,9,1.438,,1.438,model,2.112,0.002,0.051,0.0,1.0,7.358
Iroegbunam,MID,Everton,5.0,0.1,9,1.438,,1.438,model,1.856,0.178,0.084,0.0,1.0,4.646
Alcaraz,MID,Everton,5.0,0.1,9,1.436,,1.436,model,2.11,0.017,0.054,0.0,1.0,6.627
Moore,MID,Tottenham,5.0,0.1,9,1.435,,1.435,model,2.66,0.142,0.117,0.0,0.0,5.627
Millar,MID,Hull,5.0,0.1,9,1.426,,1.426,model,2.76,0.113,0.098,0.0,0.0,5.0
Heaven,DEF,Man United,4.5,0.3,9,1.424,,1.424,model,2.344,0.226,0.336,0.0,1.0,6.358
Mundle,MID,Sunderland,5.0,0.0,9,1.423,,1.423,model,1.759,0.028,0.028,0.0,1.0,4.627
Lindelöf,DEF,Aston Villa,4.5,0.2,9,1.422,,1.422,model,2.176,0.014,0.529,0.0,1.0,6.358
Hickey,DEF,Brentford,4.5,0.1,9,1.416,,1.416,model,2.175,0.084,0.317,0.0,1.0,6.358
Kevin,MID,Fulham,5.5,0.1,9,1.415,,1.415,model,1.765,0.049,0.043,0.0,1.0,4.627
Ömür,MID,Hull,5.0,0.0,9,1.411,,1.411,model,2.896,0.111,0.101,0.0,0.0,5.0
Palacios,MID,Fulham,5.5,0.1,9,1.41,,1.41,model,2.52,0.137,0.087,0.0,0.0,5.627
King,MID,Fulham,5.5,0.1,9,1.407,,1.407,model,1.927,0.049,0.053,0.0,1.0,5.627
Fredricson,DEF,Man United,4.0,0.1,9,1.401,,1.401,model,2.742,0.287,0.357,0.0,0.0,6.358
J.Rak-Sakyi,MID,Crystal Palace,5.0,0.0,9,1.401,,1.401,model,2.773,0.144,0.108,0.0,0.0,5.0
Oriola,MID,Brighton,4.5,0.2,9,1.4,,1.4,model,2.375,0.16,0.068,0.0,0.0,5.0
Longstaff,MID,Leeds,5.0,0.2,9,1.399,,1.399,model,1.985,0.049,0.051,0.0,1.0,5.627
Johnson,DEF,Ipswich,4.0,0.1,9,1.396,,1.396,model,2.39,0.003,0.388,0.0,1.0,6.358
Akintola,MID,Hull,5.0,0.0,9,1.393,,1.393,model,2.733,0.103,0.098,0.0,0.0,6.627
Cardines,DEF,Crystal Palace,4.5,0.0,9,1.393,,1.393,model,2.735,0.243,0.411,0.0,0.0,6.358
Kamara,MID,Hull,5.0,0.0,9,1.391,,1.391,model,3.022,0.107,0.087,0.0,0.0,5.0
Jair Cunha,DEF,Nott'm Forest,4.5,0.4,9,1.389,,1.389,model,2.358,0.137,0.325,0.0,1.0,6.358
Meslier,GK,Arsenal,5.0,0.1,9,1.388,,1.388,model,2.296,0.0,0.679,0.0,0.0,6.51
J.Fletcher,MID,Man United,5.0,0.0,9,1.387,,1.387,model,2.823,0.113,0.082,0.0,0.0,5.627
Gelhardt,MID,Leeds,5.0,0.0,9,1.387,,1.387,model,2.864,0.137,0.066,0.0,0.0,5.627
George,MID,Everton,5.5,0.1,9,1.385,,1.385,model,1.906,0.011,0.028,0.0,1.0,5.627
Marc Guiu,FWD,Chelsea,5.0,0.4,9,1.383,,1.383,model,2.462,0.001,0.0,0.0,1.0,6.353
Drakes-Thomas,MID,Crystal Palace,4.5,0.1,9,1.383,,1.383,model,2.491,0.154,0.11,0.0,0.0,5.0
Nyoni,MID,Liverpool,5.0,0.1,9,1.378,,1.378,model,2.602,0.147,0.091,0.0,0.0,5.0
Dominguez,MID,Nott'm Forest,5.0,0.1,9,1.375,,1.375,model,1.829,0.03,0.058,0.0,1.0,4.627
Morita,MID,Hull,5.0,0.1,9,1.374,,1.374,model,2.522,0.115,0.099,0.0,0.0,5.0
Jacob,DEF,Hull,4.0,0.0,9,1.373,,1.373,model,2.84,0.445,0.337,0.0,0.0,8.358
Wilson,GK,Coventry,4.5,0.6,9,1.372,,1.372,model,2.124,0.0,0.612,0.0,0.0,6.51
Kalimuendo,FWD,Nott'm Forest,5.5,0.1,9,1.371,,1.371,model,2.757,0.015,0.0,0.0,0.0,7.353
Esse,MID,Crystal Palace,5.0,0.1,9,1.37,,1.37,model,2.392,0.159,0.105,0.0,0.0,5.0
Bettinelli,GK,Man City,4.5,0.0,9,1.369,,1.369,model,2.472,0.0,0.703,0.0,0.0,6.51
Lucky,DEF,Liverpool,4.0,0.1,9,1.366,,1.366,model,2.453,0.362,0.321,0.0,0.0,6.358
Nelson,MID,Arsenal,5.5,0.0,9,1.344,,1.344,model,2.427,0.024,0.033,0.0,1.0,7.358
Tchaouna,MID,Coventry,5.5,0.1,9,1.343,,1.343,model,1.927,0.013,0.082,0.0,1.0,4.627
Tosin,DEF,Chelsea,4.5,0.2,9,1.331,,1.331,model,2.055,0.112,0.317,0.0,1.0,6.358
Eccles,MID,Coventry,5.0,0.0,9,1.328,,1.328,model,2.656,0.114,0.102,0.0,0.0,5.0
Trafford,GK,Leeds,5.0,1.9,9,1.32,,1.32,model,2.049,0.0,0.487,0.0,1.0,6.51
Forster,GK,Bournemouth,4.0,3.1,9,1.317,,1.317,model,2.378,0.0,0.571,0.0,0.0,6.51
McAtee,MID,Nott'm Forest,5.5,0.1,9,1.31,,1.31,model,2.091,0.026,0.026,0.0,1.0,6.627
Gruev,MID,Leeds,5.0,0.0,9,1.305,,1.305,model,1.757,0.093,0.063,0.0,1.0,4.0
Acheampong,DEF,Chelsea,4.5,0.2,9,1.303,,1.303,model,2.233,0.101,0.246,0.0,1.0,6.358
Tsimikas,DEF,Liverpool,5.0,0.1,9,1.303,,1.303,model,2.211,0.009,0.206,0.0,1.0,6.358
Woolfenden,DEF,Coventry,4.0,0.2,9,1.295,,1.295,model,2.142,0.007,0.482,0.0,0.0,6.358
M.França,MID,Crystal Palace,5.0,0.0,9,1.293,,1.293,model,2.484,0.152,0.095,0.0,0.0,5.0
Phillips,GK,Hull,4.0,2.0,9,1.282,,1.282,model,2.028,0.0,0.568,0.0,0.0,6.51
Arrizabalaga,GK,Arsenal,5.0,0.1,9,1.28,,1.28,model,2.214,0.0,0.628,0.0,0.0,6.51
Lavia,MID,Chelsea,5.0,0.0,9,1.273,,1.273,model,1.822,0.005,0.035,0.0,1.0,4.627
Svoboda,DEF,Brighton,5.0,0.1,9,1.271,,1.271,model,2.301,0.283,0.295,0.0,0.0,6.358
Patterson,GK,Sunderland,4.0,1.0,9,1.267,,1.267,model,2.073,0.0,0.598,0.0,0.0,6.51
James,MID,Leeds,5.0,0.1,9,1.265,,1.265,model,1.782,0.019,0.022,0.0,1.0,4.627
Matthews,GK,Crystal Palace,4.0,1.7,9,1.264,,1.264,model,2.007,0.0,0.559,0.0,0.0,6.51
Burns,MID,Ipswich,5.0,0.1,9,1.261,,1.261,model,2.09,0.0,0.061,0.0,1.0,5.627
Buonanotte,MID,Brighton,5.0,0.1,9,1.26,,1.26,model,2.098,0.0,0.025,0.0,1.0,5.627
Gnonto,MID,Leeds,5.0,0.1,9,1.252,,1.252,model,1.677,0.044,0.017,0.0,1.0,4.627
Rudoni,MID,Coventry,5.0,0.3,9,1.252,,1.252,model,2.545,0.1,0.096,0.0,0.0,5.0
Coppola,DEF,Brighton,4.5,0.0,9,1.235,,1.235,model,2.378,0.295,0.283,0.0,0.0,6.358
Pinnock,DEF,Brentford,4.5,0.1,9,1.23,,1.23,model,2.365,0.004,0.494,0.0,0.0,6.358
Phillips,MID,Man City,5.0,0.0,9,1.227,,1.227,model,2.182,0.0,0.12,0.0,0.0,5.627
Austin,GK,Tottenham,4.0,0.6,9,1.226,,1.226,model,2.173,0.0,0.558,0.0,0.0,6.51
Gomez,DEF,Liverpool,5.0,0.1,9,1.223,,1.223,model,1.792,0.055,0.18,0.0,1.0,5.358
J.Cuenca,DEF,Fulham,4.5,0.0,9,1.21,,1.21,model,2.029,0.225,0.292,0.0,0.0,6.358
Lewis-Skelly,MID,Arsenal,5.5,0.3,9,1.21,,1.21,model,1.508,0.001,0.108,0.0,1.0,3.0
Kostoulas,FWD,Brighton,5.5,0.3,9,1.209,,1.209,model,1.816,0.019,0.0,0.0,1.0,6.353
Scherpen,GK,Ipswich,4.5,0.3,9,1.203,,1.203,model,2.019,0.0,0.559,0.0,0.0,6.51
Markelo,FWD,Coventry,5.0,0.1,9,1.203,,1.203,model,2.536,0.006,0.0,0.0,0.0,7.353
Yohanna,MID,Brighton,5.0,0.1,9,1.201,,1.201,model,2.292,0.154,0.052,0.0,0.0,4.0
Costinha,DEF,Brighton,4.5,0.0,9,1.196,,1.196,model,2.528,0.22,0.262,0.0,0.0,6.358
Emegha,FWD,Chelsea,5.0,0.2,9,1.177,,1.177,model,2.935,0.014,0.0,0.0,0.0,7.353
Cairney,MID,Fulham,5.0,0.0,9,1.176,,1.176,model,1.649,0.004,0.035,0.0,1.0,4.031
Angulo,MID,Sunderland,5.0,0.1,9,1.174,,1.174,model,2.088,0.001,0.074,0.0,1.0,5.627
Rigg,MID,Sunderland,5.0,0.1,9,1.158,,1.158,model,1.915,0.039,0.061,0.0,1.0,5.0
Gillespie,GK,Newcastle,4.5,0.0,9,1.154,,1.154,model,2.148,0.0,0.537,0.0,0.0,6.51
Jaouen,GK,Newcastle,4.5,0.1,9,1.153,,1.153,model,2.081,0.0,0.546,0.0,0.0,6.51
Taylor,MID,Ipswich,4.5,0.2,9,1.152,,1.152,model,1.362,0.0,0.002,0.0,1.0,1.0
Armstrong,MID,Everton,5.0,0.1,9,1.129,,1.129,model,1.915,0.055,0.04,0.0,1.0,4.0
Steele,GK,Brighton,4.0,4.5,9,1.127,,1.127,model,1.703,0.0,0.376,0.0,1.0,5.51
O'Riley,MID,Brighton,5.5,0.1,9,1.126,,1.126,model,2.013,0.001,0.036,0.0,1.0,4.627
Valdimarsson,GK,Brentford,4.5,0.1,9,1.109,,1.109,model,2.001,0.0,0.519,0.0,0.0,6.51
Röhl,MID,Everton,5.0,0.1,9,1.105,,1.105,model,1.946,0.066,0.039,0.0,1.0,4.627
Netz,DEF,Nott'm Forest,4.5,0.0,9,1.098,,1.098,model,1.768,0.008,0.164,0.0,1.0,5.358
Bogarde,MID,Aston Villa,5.0,0.1,9,1.097,,1.097,model,1.298,0.007,0.087,0.0,1.0,3.0
Lecomte,GK,Fulham,4.0,1.4,9,1.096,,1.096,model,1.867,0.0,0.448,0.0,0.0,6.51
Milambo,MID,Brentford,5.0,0.0,9,1.091,,1.091,model,2.629,0.103,0.082,0.0,0.0,5.0
Van Oevelen,GK,Ipswich,4.5,0.1,9,1.091,,1.091,model,1.995,0.0,0.496,0.0,0.0,6.51
Darlow,GK,Man United,4.5,0.1,9,1.09,,1.09,model,1.986,0.0,0.445,0.0,0.0,6.51
Devenny,MID,Crystal Palace,5.0,0.0,9,1.079,,1.079,model,1.657,0.017,0.041,0.0,1.0,3.0
Button,GK,Ipswich,4.0,0.5,9,1.076,,1.076,model,1.929,0.0,0.486,0.0,0.0,6.51
Dennis,GK,Bournemouth,4.0,0.2,9,1.068,,1.068,model,2.022,0.0,0.478,0.0,0.0,6.51
Endo,MID,Liverpool,5.0,0.0,9,1.058,,1.058,model,1.201,0.015,0.014,0.0,1.0,2.0
Bakwa,MID,Nott'm Forest,5.5,0.0,9,1.047,,1.047,model,1.588,0.023,0.029,0.0,1.0,4.0
Travers,GK,Everton,5.0,0.1,9,1.046,,1.046,model,1.859,0.0,0.443,0.0,0.0,6.51
Dibling,MID,Everton,5.5,0.1,9,1.044,,1.044,model,1.734,0.001,0.043,0.0,1.0,3.0
Woodman,GK,Liverpool,4.0,1.2,9,1.042,,1.042,model,1.893,0.0,0.425,0.0,0.0,6.51
Chadi Riad,DEF,Crystal Palace,4.5,0.1,9,1.04,,1.04,model,2.143,0.09,0.292,0.0,0.0,6.358
Benitez,GK,Crystal Palace,4.5,0.1,9,1.023,,1.023,model,1.951,0.0,0.451,0.0,0.0,6.51
B.Badiashile,DEF,Chelsea,4.5,0.0,9,0.995,,0.995,model,1.712,0.09,0.173,0.0,1.0,4.627
Lo-Tutala,GK,Hull,4.0,0.2,9,0.978,,0.978,model,1.851,0.0,0.436,0.0,0.0,6.51
Tzolakis,GK,Hull,4.5,0.1,9,0.964,,0.964,model,1.825,0.0,0.421,0.0,0.0,6.51
Walton,GK,Ipswich,4.5,0.6,9,0.921,,0.921,model,1.918,0.0,0.407,0.0,0.0,6.51
Perri,GK,Leeds,4.5,0.7,9,0.913,,0.913,model,1.698,0.0,0.313,0.0,0.0,5.51
Pecsi,GK,Liverpool,4.0,0.1,9,0.909,,0.909,model,1.723,0.0,0.362,0.0,0.0,5.51
Penders,GK,Chelsea,4.5,0.1,9,0.905,,0.905,model,1.903,0.0,0.356,0.0,0.0,5.51
Heaton,GK,Man United,4.0,0.3,9,0.904,,0.904,model,2.262,0.0,0.365,0.0,0.0,5.51
King,GK,Everton,4.5,0.1,9,0.904,,0.904,model,1.727,0.0,0.358,0.0,0.0,5.51
Tzimas,FWD,Brighton,5.5,0.0,9,0.903,,0.903,model,2.131,0.01,0.0,0.0,0.0,4.0
Davies,GK,Liverpool,4.0,0.1,9,0.887,,0.887,model,1.74,0.0,0.355,0.0,0.0,5.51
Boscagli,DEF,Brighton,4.5,0.1,9,0.886,,0.886,model,1.8,0.183,0.15,0.0,0.0,4.0
McNally,GK,Fulham,4.0,0.2,9,0.882,,0.882,model,1.718,0.0,0.35,0.0,0.0,5.51
Odobert,MID,Tottenham,5.5,0.0,9,0.848,,0.848,model,1.336,0.001,0.003,0.0,1.0,1.0
Bornauw,DEF,Leeds,4.5,0.0,9,0.838,,0.838,model,1.682,0.125,0.106,0.0,0.0,4.0
Mamardashvili,GK,Liverpool,5.0,0.2,9,0.829,,0.829,model,1.718,0.0,0.289,0.0,0.0,5.51
Kroupi.Jr,MID,Bournemouth,7.5,4.1,9,0.782,,0.782,model,1.858,0.0,0.005,0.0,0.0,5.677
Christie,MID,Bournemouth,5.0,0.0,9,0.782,,0.782,model,1.391,0.001,0.003,0.0,1.0,1.0
Patterson,DEF,Everton,4.5,0.0,9,0.762,,0.762,model,1.656,0.038,0.129,0.0,0.0,4.0
Jörgensen,GK,Chelsea,5.0,0.1,9,0.753,,0.753,model,1.635,0.0,0.257,0.0,0.0,5.51
Harrison,MID,Leeds,5.0,0.0,9,0.75,,0.75,model,1.166,0.0,0.001,0.0,1.0,1.0
Igor,DEF,Brighton,4.5,0.1,9,0.74,,0.74,model,1.372,0.011,0.148,0.0,0.0,2.0
L.Miley,MID,Newcastle,5.5,0.0,9,0.626,,0.626,model,1.112,0.004,0.003,0.0,0.0,1.0
John,GK,Nott'm Forest,4.5,0.1,9,0.622,,0.622,model,1.552,0.0,0.25,0.0,0.0,5.51
Ellborg,GK,Sunderland,4.5,0.1,9,0.607,,0.607,model,1.628,0.0,0.298,0.0,0.0,5.51
M.Bizot,GK,Aston Villa,4.5,0.1,9,0.589,,0.589,model,1.599,0.0,0.244,0.0,0.0,5.51
Ekitiké,FWD,Liverpool,7.5,0.2,9,0.561,,0.561,model,1.362,0.0,0.0,0.0,0.0,1.0
Bradley,DEF,Liverpool,5.0,0.0,9,0.556,,0.556,model,0.832,0.003,0.01,0.0,0.0,1.0
Ugarte,MID,Man United,5.0,0.0,9,0.523,,0.523,model,0.968,0.001,0.003,0.0,0.0,1.0
Henderson,MID,Chelsea,5.0,0.0,9,0.512,,0.512,model,0.996,0.005,0.002,0.0,0.0,1.0
Bayindir,GK,Man United,4.5,0.2,9,0.509,,0.509,model,1.536,0.0,0.204,0.0,0.0,2.0
Xavi,MID,Tottenham,6.0,0.0,9,0.507,,0.507,model,1.117,0.003,0.003,0.0,0.0,1.0
Rodrigo,MID,Man City,6.5,0.1,9,0.441,,0.441,model,1.143,0.009,0.006,0.0,0.0,1.0
Baleba,MID,Brighton,5.0,0.5,9,0.434,,0.434,model,0.752,0.0,0.002,0.0,0.0,1.0
Mitoma,MID,Brighton,6.0,0.2,9,0.379,,0.379,model,0.943,0.0,0.001,0.0,0.0,1.0
Onana,MID,Aston Villa,5.0,0.0,9,0.363,,0.363,model,0.926,0.003,0.004,0.0,0.0,1.0
Savona,DEF,Nott'm Forest,4.5,0.0,9,0.359,,0.359,model,0.839,0.003,0.009,0.0,0.0,1.0
Kulusevski,MID,Tottenham,6.5,0.0,9,0.339,,0.339,model,1.058,0.0,0.004,0.0,0.0,1.0
Fofana,DEF,Chelsea,5.0,0.0,9,0.277,,0.277,model,0.717,0.005,0.012,0.0,0.0,1.0
Milosavljević,DEF,Bournemouth,5.0,0.1,9,0.268,,0.268,model,0.8,0.011,0.012,0.0,0.0,1.0
De Ligt,DEF,Man United,5.0,0.0,9,0.218,,0.218,model,1.194,0.005,0.006,0.0,0.0,1.0
Gudmundsson,DEF,Leeds,4.5,0.4,9,0.191,,0.191,model,0.722,0.005,0.012,0.0,0.0,1.0
J.Timber,DEF,Arsenal,6.5,0.5,9,0.185,,0.185,model,0.74,0.001,0.015,0.0,0.0,1.0
Saliba,DEF,Arsenal,6.0,0.5,9,0.131,,0.131,model,0.607,0.001,0.013,0.0,0.0,1.0
Andersen,DEF,Fulham,5.0,0.1,9,0.086,,0.086,model,0.475,0.003,0.015,0.0,0.0,1.0
Garner,MID,Everton,6.0,0.6,9,0.066,,0.066,model,0.382,0.004,0.002,0.0,0.0,0.0
Drameh,DEF,Hull,4.0,0.1,9,0.057,,0.057,model,0.55,0.02,0.016,0.0,0.0,0.0
Matusiwa,MID,Ipswich,5.0,0.0,9,0.054,,0.054,model,0.712,0.003,0.002,0.0,0.0,0.0
Bajcetic,MID,Liverpool,5.0,0.0,9,0.042,,0.042,model,0.518,0.005,0.003,0.0,0.0,0.0
Mateo Joseph,FWD,Leeds,4.5,0.2,9,0.041,,0.041,model,0.626,0.0,0.0,0.0,0.0,0.0
Leoni,DEF,Liverpool,4.0,0.1,9,0.039,,0.039,model,0.486,0.008,0.006,0.0,0.0,0.0
Ferguson,FWD,Brighton,5.0,0.0,9,0.038,,0.038,model,0.47,0.001,0.0,0.0,0.0,0.0
Uche,FWD,Crystal Palace,5.0,0.0,9,0.038,,0.038,model,0.601,0.001,0.0,0.0,0.0,0.0
Henderson,GK,Crystal Palace,5.0,3.1,9,0.037,,0.037,model,0.444,0.0,0.021,0.0,0.0,0.0
Burstow,FWD,Hull,4.5,0.6,9,0.036,,0.036,model,0.49,0.0,0.0,0.0,0.0,0.0
Butland,GK,Hull,4.5,0.9,9,0.034,,0.034,model,0.418,0.0,0.02,0.0,0.0,0.0
Bassette,FWD,Coventry,4.5,0.4,9,0.031,,0.031,model,0.471,0.0,0.0,0.0,0.0,0.0
Danns,FWD,Liverpool,4.5,0.0,9,0.03,,0.03,model,0.39,0.0,0.0,0.0,0.0,0.0
Matazo,MID,Hull,4.5,0.0,9,0.03,,0.03,model,0.331,0.005,0.003,0.0,0.0,0.0
Jaros,GK,Liverpool,4.0,0.0,9,0.029,,0.029,model,0.364,0.0,0.014,0.0,0.0,0.0
Cartwright,GK,Hull,4.0,0.1,9,0.028,,0.028,model,0.348,0.0,0.014,0.0,0.0,0.0
Zambrano,MID,Hull,4.5,0.4,9,0.027,,0.027,model,0.413,0.001,0.002,0.0,0.0,0.0
Gyabi,MID,Hull,4.5,0.2,9,0.026,,0.026,model,0.338,0.003,0.002,0.0,0.0,0.0
Watson,MID,Brighton,5.0,0.0,9,0.024,,0.024,model,0.401,0.004,0.0,0.0,0.0,0.0
Saka,MID,Arsenal,9.5,10.8,10,7.05,,7.05,model,7.094,0.027,0.444,0.0,5.627,21.075
Haaland,FWD,Man City,15.5,74.4,10,6.57,,6.57,model,5.525,0.0,0.0,0.0,7.353,18.06
Gabriel,DEF,Arsenal,8.0,26.5,10,6.245,,6.245,model,4.675,0.313,2.492,0.0,6.358,15.254
Mbeumo,MID,Man United,8.0,20.2,10,5.496,,5.496,model,5.008,0.0,0.26,0.0,3.0,14.717
B.Fernandes,MID,Man United,12.0,48.6,10,5.4,,5.4,model,4.762,0.023,0.271,0.0,3.0,14.717
Rice,MID,Arsenal,7.5,22.4,10,5.301,,5.301,model,4.467,0.154,0.575,0.0,3.0,14.717
Calafiori,DEF,Arsenal,5.5,16.8,10,5.235,,5.235,model,5.273,0.141,1.813,0.0,5.358,15.254
Eze,MID,Arsenal,6.5,3.2,10,5.069,,5.069,model,5.715,0.0,0.404,0.0,3.0,15.717
Havertz,FWD,Arsenal,7.5,3.8,10,5.057,,5.057,model,6.386,0.0,0.0,0.0,2.0,18.06
Gyökeres,FWD,Arsenal,7.5,13.1,10,4.951,,4.951,model,5.709,0.002,0.0,0.0,2.0,18.06
Tzolis,MID,Arsenal,6.5,2.3,10,4.774,,4.774,model,6.957,0.354,0.459,0.0,3.0,17.717
Raya,GK,Arsenal,6.0,31.0,10,4.639,,4.639,model,2.531,0.0,2.742,1.0,6.51,6.51
Hincapie,DEF,Arsenal,5.5,4.2,10,4.613,,4.613,model,4.399,0.473,1.894,0.0,4.0,12.523
O'Reilly,DEF,Man City,6.5,22.5,10,4.577,,4.577,model,4.683,0.081,1.299,0.0,2.0,13.254
Semenyo,MID,Man City,8.5,23.2,10,4.574,,4.574,model,4.208,0.005,0.343,0.0,3.0,14.717
Mosquera,DEF,Arsenal,5.5,15.7,10,4.498,,4.498,model,4.14,0.58,1.815,0.0,4.0,11.985
Palmer,MID,Chelsea,9.5,11.7,10,4.494,,4.494,model,4.506,0.001,0.244,0.0,2.0,14.717
Truffert,DEF,Bournemouth,5.5,4.8,10,4.422,,4.422,model,3.358,0.894,1.286,0.0,4.0,10.896
Ndiaye,MID,Everton,6.0,15.9,10,4.401,,4.401,model,3.968,0.075,0.358,0.0,3.0,11.985
Tarkowski,DEF,Everton,6.0,9.9,10,4.331,,4.331,model,3.451,0.307,1.585,0.0,4.0,10.896
Guéhi,DEF,Man City,6.0,23.5,10,4.305,,4.305,model,3.534,0.089,1.537,0.0,2.0,11.523
Cunha,MID,Man United,8.0,13.6,10,4.249,,4.249,model,4.451,0.011,0.241,0.0,2.0,14.717
Ødegaard,MID,Arsenal,6.5,2.9,10,4.12,,4.12,model,4.898,0.001,0.367,0.0,3.0,14.717
Merino,MID,Arsenal,6.0,1.2,10,4.047,,4.047,model,5.365,0.023,0.281,0.0,1.0,15.717
Cherki,MID,Man City,7.5,9.2,10,4.047,,4.047,model,4.623,0.075,0.218,0.0,2.0,12.985
Thiago,FWD,Brentford,8.0,16.1,10,4.009,,4.009,model,3.938,0.025,0.0,0.0,2.0,12.707
Senesi,DEF,Tottenham,6.0,10.6,10,4.004,,4.004,model,3.194,1.155,0.864,0.0,3.0,9.896
Isak,FWD,Liverpool,9.0,11.4,10,3.981,,3.981,model,4.364,0.0,0.0,0.0,2.0,12.707
Calvert-Lewin,FWD,Leeds,6.0,24.1,10,3.963,,3.963,model,4.177,0.0,0.0,0.0,2.0,12.707
Gvardiol,DEF,Man City,5.5,12.6,10,3.953,,3.953,model,3.922,0.005,1.274,0.0,2.0,12.254
Enzo,MID,Chelsea,7.0,5.5,10,3.875,,3.875,model,3.638,0.013,0.259,0.0,2.0,11.985
Tavernier,MID,Bournemouth,6.0,1.9,10,3.867,,3.867,model,4.245,0.051,0.24,0.0,2.0,11.985
Virgil,DEF,Liverpool,6.5,16.5,10,3.804,,3.804,model,3.16,0.454,1.162,0.0,2.0,8.896
João Pedro,FWD,Chelsea,7.5,54.9,10,3.787,,3.787,model,3.729,0.0,0.0,0.0,2.0,12.707
Mukiele,DEF,Sunderland,5.5,7.5,10,3.766,,3.766,model,3.224,0.739,1.11,0.0,3.0,8.896
Foden,MID,Man City,7.0,7.3,10,3.743,,3.743,model,4.357,0.014,0.225,0.0,2.0,12.03
Evanilson,FWD,Bournemouth,6.0,2.0,10,3.722,,3.722,model,4.111,0.0,0.0,0.0,2.0,12.707
Madueke,MID,Arsenal,6.5,0.4,10,3.7,,3.7,model,5.135,0.001,0.27,0.0,1.0,14.717
Groß,MID,Brighton,5.5,9.3,10,3.692,,3.692,model,3.712,0.008,0.261,0.0,2.0,10.254
Rayan,MID,Bournemouth,6.5,3.5,10,3.681,,3.681,model,4.135,0.092,0.216,0.0,2.0,11.985
Anderson,MID,Man City,6.5,12.0,10,3.676,,3.676,model,2.939,0.533,0.318,0.0,3.0,9.358
Wirtz,MID,Liverpool,7.5,12.6,10,3.668,,3.668,model,3.769,0.074,0.236,0.0,2.0,10.358
Lacroix,DEF,Chelsea,6.0,11.7,10,3.647,,3.647,model,3.157,0.494,1.139,0.0,2.0,8.896
Watkins,FWD,Aston Villa,8.0,12.7,10,3.644,,3.644,model,3.712,0.0,0.0,0.0,2.0,12.707
Keane,DEF,Everton,5.0,1.6,10,3.626,,3.626,model,3.564,0.509,1.248,0.0,2.0,8.896
Amad,MID,Man United,6.0,1.6,10,3.608,,3.608,model,4.15,0.021,0.197,0.0,2.0,11.985
Szoboszlai,MID,Liverpool,7.0,46.5,10,3.603,,3.603,model,3.085,0.083,0.244,0.0,2.0,9.358
Rogers,MID,Chelsea,7.5,28.8,10,3.598,,3.598,model,3.05,0.014,0.278,0.0,2.0,9.358
Zubimendi,MID,Arsenal,5.5,1.5,10,3.565,,3.565,model,3.867,0.132,0.465,0.0,3.0,10.358
Thiaw,DEF,Newcastle,5.0,2.0,10,3.559,,3.559,model,3.554,0.764,0.828,0.0,3.0,9.985
Sarr,MID,Crystal Palace,6.5,8.8,10,3.537,,3.537,model,3.833,0.001,0.185,0.0,2.0,9.358
Pickford,GK,Everton,5.5,8.9,10,3.532,,3.532,model,2.531,0.0,1.795,0.0,2.0,6.51
Mateta,FWD,Crystal Palace,6.5,6.8,10,3.517,,3.517,model,4.098,0.0,0.0,0.0,2.0,12.707
Gakpo,MID,Liverpool,7.0,3.4,10,3.507,,3.507,model,3.852,0.003,0.206,0.0,2.0,10.254
Vuskovic,DEF,Brighton,5.0,2.9,10,3.493,,3.493,model,3.874,0.509,1.106,0.0,2.0,8.896
Dewsbury-Hall,MID,Everton,6.5,3.8,10,3.47,,3.47,model,3.648,0.136,0.284,0.0,2.0,10.254
Ballard,DEF,Sunderland,5.0,3.8,10,3.466,,3.466,model,3.457,0.874,0.901,0.0,3.0,9.896
Rodon,DEF,Leeds,4.5,1.8,10,3.449,,3.449,model,3.084,0.801,1.008,0.0,3.0,8.358
Mykolenko,DEF,Everton,4.5,1.3,10,3.443,,3.443,model,3.036,0.036,1.45,0.0,2.0,8.358
Shaw,DEF,Man United,4.5,24.5,10,3.425,,3.425,model,3.045,0.318,1.14,0.0,2.0,8.896
Struijk,DEF,Brighton,5.0,0.5,10,3.39,,3.39,model,3.456,0.553,1.018,0.0,2.0,9.896
E.Le Fée,MID,Sunderland,6.0,12.8,10,3.388,,3.388,model,2.798,0.443,0.232,0.0,2.0,9.254
Ampadu,MID,Leeds,5.5,1.6,10,3.387,,3.387,model,2.72,0.819,0.243,0.0,3.0,9.358
Stach,MID,Leeds,6.0,1.2,10,3.371,,3.371,model,3.232,0.446,0.226,0.0,2.0,9.358
Scott,MID,Bournemouth,6.0,1.6,10,3.341,,3.341,model,3.395,0.51,0.223,0.0,2.0,10.358
Gibbs-White,MID,Nott'm Forest,8.0,11.6,10,3.338,,3.338,model,3.202,0.001,0.171,0.0,2.0,9.358
van Ewijk,DEF,Coventry,4.0,15.9,10,3.316,,3.316,model,3.109,1.033,0.731,0.0,3.0,8.358
Hill,DEF,Bournemouth,5.5,1.2,10,3.315,,3.315,model,3.387,0.792,0.912,0.0,2.0,8.896
Wilson,MID,Leeds,6.5,8.3,10,3.314,,3.314,model,3.61,0.011,0.218,0.0,2.0,9.358
F.Kadıoğlu,DEF,Brighton,4.5,2.9,10,3.313,,3.313,model,3.278,0.108,1.177,0.0,2.0,8.985
Palestra,DEF,Chelsea,5.5,1.8,10,3.303,,3.303,model,3.694,0.523,0.998,0.0,2.0,8.896
Van Hecke,DEF,Tottenham,5.0,8.3,10,3.298,,3.298,model,3.027,0.52,0.853,0.0,2.0,8.358
O'Brien,DEF,Everton,5.0,0.5,10,3.293,,3.293,model,3.116,0.083,1.35,0.0,2.0,8.896
Muñoz,DEF,Crystal Palace,5.5,11.6,10,3.289,,3.289,model,3.401,0.023,0.981,0.0,2.0,8.985
Martinelli,MID,Arsenal,6.5,0.3,10,3.281,,3.281,model,4.868,0.001,0.196,0.0,1.0,14.612
Bogle,DEF,Leeds,4.5,0.4,10,3.266,,3.266,model,3.523,0.347,1.021,0.0,2.0,9.896
Schade,MID,Brentford,6.0,2.1,10,3.26,,3.26,model,3.558,0.012,0.174,0.0,2.0,9.358
Alderete,DEF,Sunderland,5.0,1.1,10,3.225,,3.225,model,3.084,0.821,0.911,0.0,2.0,8.358
Muharemović,DEF,Leeds,5.0,1.4,10,3.205,,3.205,model,3.828,0.623,0.96,0.0,2.0,8.358
Xhaka,MID,Sunderland,5.5,5.6,10,3.202,,3.202,model,2.482,0.675,0.243,0.0,3.0,8.358
Matheus N.,DEF,Man City,6.0,4.8,10,3.198,,3.198,model,3.061,0.051,1.225,0.0,2.0,8.896
Bruno G.,MID,Newcastle,7.0,10.0,10,3.153,,3.153,model,2.739,0.004,0.225,0.0,2.0,9.254
Donnarumma,GK,Man City,5.5,11.0,10,3.139,,3.139,model,2.483,0.0,1.499,0.0,2.0,6.51
Rúben,DEF,Man City,5.5,1.4,10,3.115,,3.115,model,3.028,0.031,1.226,0.0,2.0,8.896
Dalot,DEF,Man United,5.0,3.0,10,3.102,,3.102,model,3.326,0.045,0.995,0.0,2.0,8.896
Jacquet,DEF,Liverpool,5.0,1.6,10,3.1,,3.1,model,3.619,0.553,0.909,0.0,2.0,8.358
Thomas,DEF,Coventry,4.0,8.7,10,3.081,,3.081,model,2.87,0.973,0.703,0.0,3.0,8.358
Robinson,DEF,Fulham,4.5,2.6,10,3.034,,3.034,model,3.482,0.014,0.873,0.0,2.0,8.985
Chalobah,DEF,Chelsea,5.5,1.9,10,3.014,,3.014,model,3.035,0.31,1.0,0.0,2.0,8.358
Beto,FWD,Everton,5.5,3.2,10,3.009,,3.009,model,4.061,0.001,0.0,0.0,1.0,12.707
Branthwaite,DEF,Everton,5.5,1.9,10,3.001,,3.001,model,3.181,0.009,1.241,0.0,2.0,8.896
Doku,MID,Man City,7.5,6.4,10,3.001,,3.001,model,3.495,0.007,0.229,0.0,2.0,9.358
Dunk,DEF,Brighton,4.5,0.8,10,2.996,,2.996,model,3.026,0.218,1.079,0.0,2.0,8.358
White,DEF,Arsenal,5.5,0.4,10,2.982,,2.982,model,4.053,0.019,1.248,0.0,1.0,9.985
Bijol,DEF,Leeds,5.0,0.3,10,2.974,,2.974,model,3.308,0.805,0.805,0.0,2.0,8.358
O.Dango,MID,Brentford,6.5,1.4,10,2.973,,2.973,model,3.627,0.013,0.142,0.0,2.0,9.358
Pedro Porro,DEF,Tottenham,5.5,23.5,10,2.969,,2.969,model,2.983,0.2,0.84,0.0,2.0,8.896
Rashford,MID,Man United,7.0,1.4,10,2.944,,2.944,model,3.951,0.001,0.146,0.0,2.0,10.254
Neto,MID,Chelsea,6.5,1.3,10,2.937,,2.937,model,3.223,0.001,0.209,0.0,2.0,9.358
Aït-Nouri,DEF,Man City,5.5,1.1,10,2.935,,2.935,model,3.416,0.003,1.01,0.0,2.0,9.254
Mitchell,DEF,Crystal Palace,4.5,6.8,10,2.898,,2.898,model,2.848,0.109,0.966,0.0,2.0,8.358
Gomez,MID,Brighton,5.0,1.8,10,2.895,,2.895,model,3.609,0.057,0.166,0.0,2.0,9.358
Verbruggen,GK,Brighton,4.5,17.0,10,2.887,,2.887,model,2.299,0.0,1.359,0.0,2.0,6.51
Aaronson,MID,Leeds,5.5,0.8,10,2.88,,2.88,model,3.461,0.159,0.194,0.0,2.0,9.358
Maguire,DEF,Man United,5.0,8.7,10,2.87,,2.87,model,3.17,0.149,0.931,0.0,2.0,8.896
Iwobi,MID,Fulham,5.5,0.9,10,2.864,,2.864,model,2.783,0.006,0.239,0.0,2.0,8.358
Kluivert,MID,Bournemouth,6.0,1.1,10,2.86,,2.86,model,3.771,0.0,0.172,0.0,2.0,9.358
Fernandes,MID,Tottenham,6.0,3.3,10,2.86,,2.86,model,2.473,0.275,0.182,0.0,2.0,8.358
Collins,DEF,Brentford,5.5,2.0,10,2.843,,2.843,model,2.937,0.241,0.862,0.0,2.0,8.358
Wieffer,DEF,Brighton,5.0,0.3,10,2.837,,2.837,model,3.489,0.571,0.676,0.0,1.0,8.985
Richards,DEF,Crystal Palace,5.0,0.8,10,2.829,,2.829,model,2.967,0.379,0.828,0.0,2.0,8.358
Van de Ven,DEF,Tottenham,5.0,6.8,10,2.82,,2.82,model,2.81,0.368,0.806,0.0,2.0,8.358
Hume,DEF,Sunderland,4.5,2.9,10,2.814,,2.814,model,3.023,0.22,0.899,0.0,2.0,8.358
Romero,DEF,Tottenham,5.0,1.1,10,2.787,,2.787,model,3.127,0.563,0.639,0.0,2.0,8.358
Welbeck,FWD,Chelsea,6.0,2.7,10,2.782,,2.782,model,3.297,0.001,0.0,0.0,2.0,7.353
Lammens,GK,Man United,5.0,20.2,10,2.78,,2.78,model,2.315,0.0,1.252,0.0,2.0,6.51
Manzambi,MID,Aston Villa,6.0,2.1,10,2.75,,2.75,model,3.747,0.215,0.127,0.0,2.0,9.358
Okafor,MID,Leeds,6.0,0.7,10,2.746,,2.746,model,3.744,0.049,0.173,0.0,2.0,9.358
A.Becker,GK,Liverpool,5.5,4.1,10,2.746,,2.746,model,2.375,0.0,1.216,0.0,2.0,6.51
Wood,FWD,Nott'm Forest,6.0,1.8,10,2.743,,2.743,model,3.335,0.0,0.0,0.0,2.0,7.353
Khusanov,DEF,Man City,5.5,2.0,10,2.721,,2.721,model,3.16,0.124,1.033,0.0,2.0,8.358
Kayode,DEF,Brentford,4.5,3.8,10,2.694,,2.694,model,2.771,0.237,0.811,0.0,2.0,8.358
Leno,GK,Fulham,4.5,3.2,10,2.671,,2.671,model,2.336,0.0,1.215,0.0,2.0,6.51
Munoz,MID,Liverpool,6.5,0.8,10,2.668,,2.668,model,4.166,0.297,0.16,0.0,2.0,10.358
Caicedo,MID,Chelsea,5.5,3.9,10,2.666,,2.666,model,2.105,0.141,0.248,0.0,2.0,7.627
Roefs,GK,Sunderland,5.0,5.0,10,2.653,,2.653,model,2.405,0.0,1.168,0.0,2.0,6.51
Kusi-Asare,FWD,Fulham,4.5,7.8,10,2.652,,2.652,model,3.725,0.025,0.0,0.0,2.0,10.98
Bassey,DEF,Fulham,4.5,0.6,10,2.649,,2.649,model,2.748,0.07,1.011,0.0,2.0,6.896
Dowman,MID,Arsenal,5.5,0.2,10,2.642,,2.642,model,5.613,0.163,0.291,0.0,0.0,11.358
Petrović,GK,Bournemouth,4.5,3.7,10,2.641,,2.641,model,2.384,0.0,1.207,0.0,2.0,6.51
Van den Berg,DEF,Brentford,5.0,0.7,10,2.64,,2.64,model,2.918,0.213,0.774,0.0,2.0,8.358
Botman,DEF,Newcastle,5.0,0.4,10,2.639,,2.639,model,3.114,0.656,0.62,0.0,1.5,8.358
Solanke,FWD,Tottenham,6.0,2.6,10,2.633,,2.633,model,3.477,0.001,0.0,0.0,2.0,7.353
Mac Allister,MID,Liverpool,5.5,1.9,10,2.629,,2.629,model,2.797,0.019,0.213,0.0,2.0,8.358
Colwill,DEF,Chelsea,5.0,1.7,10,2.626,,2.626,model,2.844,0.0,0.973,0.0,2.0,7.896
James,DEF,Chelsea,5.5,7.9,10,2.626,,2.626,model,3.016,0.145,0.811,0.0,2.0,8.358
Brooks,MID,Bournemouth,5.0,0.2,10,2.612,,2.612,model,4.011,0.008,0.092,0.0,1.0,10.986
Gusto,DEF,Chelsea,5.0,1.1,10,2.604,,2.604,model,3.034,0.032,0.872,0.0,1.0,8.896
Gravenberch,MID,Liverpool,6.0,1.9,10,2.6,,2.6,model,2.3,0.042,0.253,0.0,2.0,8.358
Kerkez,DEF,Liverpool,5.5,5.5,10,2.592,,2.592,model,2.741,0.04,0.962,0.0,2.0,6.358
Hinshelwood,MID,Brighton,6.0,0.3,10,2.59,,2.59,model,3.33,0.006,0.183,0.0,2.0,9.358
Brobbey,FWD,Sunderland,6.0,18.7,10,2.587,,2.587,model,2.927,0.0,0.0,0.0,2.0,7.353
Frimpong,DEF,Liverpool,5.5,3.0,10,2.582,,2.582,model,3.099,0.029,0.763,0.0,1.0,8.896
Minteh,MID,Brighton,6.0,0.7,10,2.575,,2.575,model,3.196,0.015,0.179,0.0,2.0,9.358
Masuaku,DEF,Sunderland,4.0,1.5,10,2.57,,2.57,model,3.13,0.437,0.78,0.0,2.0,8.358
McGinn,MID,Aston Villa,5.5,2.7,10,2.563,,2.563,model,2.818,0.004,0.119,0.0,2.0,8.358
Sessegnon,DEF,Fulham,4.5,0.4,10,2.563,,2.563,model,3.396,0.355,0.622,0.0,1.0,8.896
Barnes,MID,Newcastle,6.0,1.2,10,2.56,,2.56,model,3.417,0.0,0.113,0.0,1.0,9.358
Estêvão,MID,Chelsea,6.5,1.7,10,2.542,,2.542,model,3.295,0.03,0.13,0.0,1.0,9.358
Sánchez,GK,Chelsea,5.0,2.0,10,2.541,,2.541,model,2.258,0.0,1.142,0.0,2.0,6.51
Maddison,MID,Tottenham,6.5,1.9,10,2.532,,2.532,model,3.367,0.0,0.111,0.0,2.0,9.254
Justin,DEF,Leeds,4.5,0.5,10,2.527,,2.527,model,3.115,0.091,0.846,0.0,1.0,8.896
Wharton,MID,Crystal Palace,5.5,0.3,10,2.521,,2.521,model,2.721,0.204,0.174,0.0,2.0,8.358
Hall,DEF,Newcastle,5.0,4.0,10,2.509,,2.509,model,2.857,0.072,0.76,0.0,2.0,7.999
Damsgaard,MID,Brentford,5.5,0.7,10,2.508,,2.508,model,2.8,0.047,0.151,0.0,2.0,8.358
Ngumoha,MID,Liverpool,6.0,1.6,10,2.502,,2.502,model,3.36,0.028,0.128,0.0,1.0,9.254
N.Williams,DEF,Nott'm Forest,5.0,12.5,10,2.497,,2.497,model,2.699,0.104,0.722,0.0,2.0,7.896
Burn,DEF,Newcastle,5.0,2.7,10,2.491,,2.491,model,2.64,0.171,0.853,0.0,2.0,7.358
Šeško,FWD,Man United,7.0,2.6,10,2.475,,2.475,model,3.853,0.0,0.0,0.0,1.0,12.707
G.Jesus,FWD,Arsenal,6.0,0.4,10,2.465,,2.465,model,4.264,0.0,0.0,0.0,1.0,11.707
De Cuyper,DEF,Brighton,4.5,1.3,10,2.458,,2.458,model,3.554,0.093,0.538,0.0,1.0,9.985
Canvot,DEF,Crystal Palace,5.0,0.6,10,2.436,,2.436,model,3.105,0.644,0.548,0.0,1.0,8.358
Wissa,FWD,Newcastle,6.0,1.4,10,2.42,,2.42,model,3.408,0.0,0.0,0.0,1.0,7.353
Dorgu,MID,Man United,6.0,1.7,10,2.413,,2.413,model,2.99,0.026,0.164,0.0,2.0,8.358
Tonali,MID,Tottenham,5.5,4.1,10,2.408,,2.408,model,2.352,0.041,0.16,0.0,2.0,8.358
Milenković,DEF,Nott'm Forest,5.5,2.3,10,2.408,,2.408,model,2.482,0.138,0.757,0.0,2.0,6.358
Martinez,DEF,Man United,5.0,0.6,10,2.403,,2.403,model,3.005,0.049,0.83,0.0,1.0,8.358
Woltemade,FWD,Newcastle,6.0,1.8,10,2.39,,2.39,model,3.223,0.005,0.0,0.0,2.0,7.353
Sangaré,MID,Brentford,5.5,1.3,10,2.388,,2.388,model,3.388,0.204,0.135,0.0,2.0,8.358
Silva,DEF,Bournemouth,5.0,0.2,10,2.374,,2.374,model,4.098,0.423,0.692,0.0,0.0,8.358
Anthony,MID,Brentford,6.0,0.2,10,2.362,,2.362,model,2.727,0.152,0.14,0.0,2.0,8.358
N.Jackson,FWD,Chelsea,6.5,0.4,10,2.342,,2.342,model,3.511,0.0,0.0,0.0,1.0,9.254
Barry,FWD,Everton,5.5,0.9,10,2.334,,2.334,model,3.38,0.0,0.0,0.0,1.0,7.353
Smith Rowe,MID,Fulham,5.5,0.4,10,2.332,,2.332,model,3.154,0.007,0.149,0.0,2.0,9.254
Reed,MID,Fulham,4.5,1.1,10,2.331,,2.331,model,3.367,0.221,0.175,0.0,2.0,8.358
Savinho,MID,Man City,6.5,0.1,10,2.32,,2.32,model,3.561,0.001,0.11,0.0,1.0,9.358
Kelleher,GK,Brentford,5.0,5.6,10,2.318,,2.318,model,2.212,0.0,0.948,0.0,2.0,6.51
Buendía,MID,Aston Villa,6.0,0.9,10,2.314,,2.314,model,3.134,0.057,0.065,0.0,1.0,8.358
Reinildo,DEF,Sunderland,4.5,0.5,10,2.301,,2.301,model,2.62,0.362,0.745,0.0,2.0,7.358
Sadiki,MID,Sunderland,5.0,0.4,10,2.3,,2.3,model,2.039,0.163,0.215,0.0,2.0,6.627
Ayari,MID,Brighton,5.5,0.7,10,2.272,,2.272,model,2.695,0.068,0.176,0.0,2.0,8.358
Soler,DEF,Bournemouth,4.0,0.6,10,2.271,,2.271,model,3.322,0.396,0.708,0.0,1.0,8.358
J.Murphy,MID,Newcastle,6.0,0.2,10,2.264,,2.264,model,3.039,0.001,0.122,0.0,2.0,8.358
Richarlison,FWD,Tottenham,6.0,2.0,10,2.261,,2.261,model,3.02,0.014,0.0,0.0,1.0,7.353
Spence,DEF,Tottenham,4.5,9.0,10,2.228,,2.228,model,2.559,0.068,0.713,0.0,1.0,6.358
Schär,DEF,Newcastle,5.0,0.2,10,2.227,,2.227,model,2.87,0.055,0.678,0.0,1.0,7.896
Yoro,DEF,Man United,5.0,0.7,10,2.215,,2.215,model,2.859,0.195,0.638,0.0,1.0,8.358
Tete,DEF,Fulham,4.5,0.2,10,2.204,,2.204,model,2.92,0.115,0.735,0.0,1.0,7.896
Meunier,DEF,Sunderland,4.5,0.5,10,2.202,,2.202,model,3.153,0.385,0.684,0.0,1.0,8.358
Cash,DEF,Aston Villa,4.5,7.8,10,2.187,,2.187,model,2.449,0.022,0.642,0.0,2.0,6.358
Andrey Santos,MID,Man United,5.0,1.4,10,2.185,,2.185,model,3.056,0.119,0.119,0.0,1.0,8.358
Aina,DEF,Nott'm Forest,4.5,4.4,10,2.183,,2.183,model,2.433,0.024,0.715,0.0,1.0,6.358
Danso,DEF,Tottenham,5.0,0.2,10,2.179,,2.179,model,2.747,0.589,0.5,0.0,1.0,8.358
Fábio Vieira,MID,Arsenal,5.5,0.0,10,2.17,,2.17,model,4.956,0.118,0.236,0.0,0.0,9.358
Gomes,MID,Aston Villa,5.5,0.3,10,2.166,,2.166,model,2.175,0.062,0.118,0.0,2.0,8.358
Sangaré,MID,Nott'm Forest,5.0,0.6,10,2.156,,2.156,model,2.275,0.42,0.099,0.0,2.0,5.627
Enes Ünal,FWD,Bournemouth,5.5,0.2,10,2.138,,2.138,model,2.956,0.001,0.0,0.0,1.0,7.353
Konsa,DEF,Aston Villa,4.5,16.6,10,2.136,,2.136,model,2.349,0.027,0.664,0.0,1.0,6.358
Lewis-Potter,MID,Brentford,5.5,0.5,10,2.135,,2.135,model,2.553,0.0,0.133,0.0,2.0,8.358
Adams,MID,Bournemouth,5.0,0.7,10,2.131,,2.131,model,2.351,0.12,0.203,0.0,2.0,8.358
Yeremy,MID,Crystal Palace,5.5,0.2,10,2.131,,2.131,model,3.006,0.063,0.098,0.0,1.0,8.358
A.Murphy,DEF,Newcastle,4.0,0.8,10,2.127,,2.127,model,3.068,0.4,0.629,0.0,1.0,7.896
Garnacho,MID,Aston Villa,6.0,1.0,10,2.112,,2.112,model,2.843,0.001,0.079,0.0,1.0,8.358
Tielemans,MID,Man United,6.0,0.9,10,2.101,,2.101,model,2.768,0.018,0.15,0.0,2.0,8.358
Yarmoliuk,MID,Brentford,5.0,1.5,10,2.095,,2.095,model,2.058,0.245,0.146,0.0,2.0,5.627
Davis,DEF,Ipswich,4.0,4.0,10,2.086,,2.086,model,2.785,0.0,0.52,0.0,1.0,7.896
Dubravka,GK,Tottenham,4.0,23.3,10,2.085,,2.085,model,2.164,0.0,0.822,0.0,2.0,6.51
García,FWD,Fulham,6.0,1.4,10,2.084,,2.084,model,3.747,0.015,0.0,0.0,2.0,7.353
Igor Jesus,FWD,Nott'm Forest,6.0,5.1,10,2.083,,2.083,model,2.42,0.011,0.0,0.0,2.0,7.353
Obi,FWD,Man United,4.5,1.2,10,2.075,,2.075,model,3.923,0.017,0.0,0.0,0.0,7.353
Berge,MID,Fulham,5.0,0.4,10,2.074,,2.074,model,2.11,0.057,0.213,0.0,2.0,5.627
Pope,GK,Newcastle,5.0,1.1,10,2.07,,2.07,model,2.267,0.0,0.86,0.0,2.0,6.51
Reijnders,MID,Man City,6.0,0.4,10,2.07,,2.07,model,3.324,0.013,0.138,0.0,1.0,9.254
Strand Larsen,FWD,Crystal Palace,6.0,0.6,10,2.063,,2.063,model,2.55,0.0,0.0,0.0,2.0,7.353
Hughes,MID,Crystal Palace,4.5,11.1,10,2.037,,2.037,model,2.272,0.02,0.14,0.0,2.0,7.358
Olusesi,MID,Tottenham,4.5,0.9,10,2.035,,2.035,model,2.921,0.207,0.122,0.0,2.0,8.358
Wright,FWD,Coventry,5.5,1.8,10,2.035,,2.035,model,3.202,0.01,0.0,0.0,2.0,7.353
Lewis,DEF,Man City,4.5,0.2,10,2.028,,2.028,model,3.078,0.001,0.625,0.0,1.0,7.896
Nmecha,FWD,Leeds,5.5,0.6,10,2.021,,2.021,model,2.988,0.003,0.0,0.0,1.0,7.353
Murillo,DEF,Nott'm Forest,5.5,0.2,10,2.016,,2.016,model,2.377,0.131,0.612,0.0,1.0,6.358
Aznou,DEF,Everton,4.0,0.2,10,2.011,,2.011,model,3.231,0.226,0.764,0.0,0.0,8.358
Ajer,DEF,Brentford,4.5,1.6,10,2.009,,2.009,model,2.597,0.189,0.583,0.0,1.0,6.919
Meslier,GK,Arsenal,5.0,0.1,10,2.009,,2.009,model,2.943,0.0,1.191,0.0,0.0,6.51
C.Jones,MID,Liverpool,5.5,0.1,10,2.008,,2.008,model,2.715,0.075,0.114,0.0,1.0,8.358
A.García,DEF,Aston Villa,4.0,1.6,10,2.005,,2.005,model,2.946,0.357,0.455,0.0,1.0,7.358
Mainoo,MID,Man United,5.5,1.3,10,2.001,,2.001,model,2.249,0.039,0.163,0.0,2.0,6.627
Hato,DEF,Chelsea,4.5,1.0,10,1.997,,1.997,model,2.608,0.251,0.556,0.0,1.0,7.64
Bentancur,MID,Tottenham,5.5,0.1,10,1.995,,1.995,model,2.207,0.269,0.132,0.0,2.0,5.627
Florentino,MID,Ipswich,5.0,0.0,10,1.991,,1.991,model,2.264,0.635,0.079,0.0,1.0,5.0
Grealish,MID,Man City,6.5,0.2,10,1.986,,1.986,model,3.012,0.042,0.151,0.0,1.0,8.358
Bobb,MID,Fulham,5.5,0.4,10,1.965,,1.965,model,2.722,0.057,0.104,0.0,1.0,8.358
Delap,FWD,Chelsea,5.5,0.5,10,1.965,,1.965,model,2.76,0.0,0.0,0.0,1.0,7.353
Hackney,MID,Everton,5.5,0.3,10,1.965,,1.965,model,3.823,0.135,0.179,0.0,0.0,8.358
Diarra,MID,Sunderland,5.5,0.1,10,1.963,,1.963,model,3.024,0.019,0.11,0.0,1.0,8.358
O'Nien,DEF,Sunderland,4.0,2.4,10,1.96,,1.96,model,2.681,0.181,0.629,0.0,1.0,7.358
Marmoush,FWD,Man City,7.0,0.7,10,1.96,,1.96,model,3.016,0.001,0.0,0.0,1.0,7.353
McNeil,MID,Everton,5.5,0.1,10,1.959,,1.959,model,2.972,0.018,0.15,0.0,1.0,8.358
Robertson,DEF,Tottenham,4.5,1.9,10,1.959,,1.959,model,2.719,0.006,0.516,0.0,1.0,7.896
Fletcher,MID,Man United,4.5,0.3,10,1.955,,1.955,model,3.782,0.138,0.135,0.0,0.0,8.358
Amenda,DEF,Coventry,4.0,0.5,10,1.952,,1.952,model,2.785,0.604,0.453,0.0,0.0,8.358
Zirkzee,FWD,Man United,5.5,0.7,10,1.95,,1.95,model,2.986,0.0,0.0,0.0,1.0,7.353
Ramsay,DEF,Liverpool,4.0,0.2,10,1.95,,1.95,model,3.15,0.44,0.572,0.0,0.0,8.358
Mazraoui,DEF,Man United,4.5,0.7,10,1.944,,1.944,model,2.601,0.02,0.645,0.0,1.0,6.358
Diop,DEF,Ipswich,4.0,19.1,10,1.944,,1.944,model,2.563,0.173,0.514,0.0,1.0,7.372
Sels,GK,Nott'm Forest,5.0,1.4,10,1.942,,1.942,model,2.09,0.0,0.703,0.0,2.0,6.51
Vicario,GK,Tottenham,4.5,1.5,10,1.938,,1.938,model,2.102,0.0,0.776,0.0,2.0,6.51
Adli,MID,Bournemouth,5.0,0.2,10,1.934,,1.934,model,2.953,0.107,0.068,0.0,1.0,8.358
Hjelde,DEF,Sunderland,4.0,0.3,10,1.933,,1.933,model,3.043,0.315,0.604,0.0,0.0,7.64
Burrowes,MID,Aston Villa,4.5,0.9,10,1.929,,1.929,model,2.662,0.189,0.095,0.0,2.0,8.358
Targett,DEF,Hull,4.0,2.7,10,1.929,,1.929,model,2.095,1.153,0.189,0.0,2.0,5.358
Fredricson,DEF,Man United,4.0,0.1,10,1.928,,1.928,model,3.532,0.318,0.564,0.0,0.0,8.358
Trafford,GK,Leeds,5.0,1.9,10,1.926,,1.926,model,2.644,0.0,0.872,0.0,1.0,6.51
Kitching,DEF,Coventry,4.0,0.5,10,1.922,,1.922,model,2.713,0.612,0.44,0.0,0.0,8.358
Castagne,DEF,Fulham,4.5,0.2,10,1.921,,1.921,model,2.608,0.049,0.631,0.0,1.0,6.358
Svoboda,DEF,Brighton,5.0,0.1,10,1.918,,1.918,model,3.583,0.253,0.571,0.0,0.0,8.358
Slater,MID,Hull,4.5,2.0,10,1.917,,1.917,model,1.934,0.213,0.045,0.0,2.0,4.0
Johnson,MID,Crystal Palace,6.0,0.1,10,1.916,,1.916,model,2.714,0.005,0.101,0.0,1.0,8.358
Jensen,MID,Brentford,5.5,0.1,10,1.916,,1.916,model,2.581,0.071,0.113,0.0,1.0,7.627
Furlong,DEF,Ipswich,4.0,0.4,10,1.914,,1.914,model,2.849,0.631,0.405,0.0,0.0,7.627
Dasilva,DEF,Coventry,4.0,0.5,10,1.913,,1.913,model,2.857,0.617,0.398,0.0,0.0,8.358
McAteer,MID,Ipswich,4.5,1.6,10,1.909,,1.909,model,2.528,0.001,0.084,0.0,1.0,8.358
Osula,FWD,Newcastle,6.0,1.5,10,1.906,,1.906,model,2.603,0.001,0.0,0.0,1.0,7.353
Palmer,GK,Ipswich,4.0,5.9,10,1.903,,1.903,model,3.426,0.0,0.473,0.0,1.0,12.019
Kamada,MID,Crystal Palace,5.0,0.3,10,1.903,,1.903,model,2.269,0.085,0.123,0.0,2.0,6.627
Disasi,DEF,Chelsea,4.5,0.1,10,1.899,,1.899,model,2.598,0.0,0.761,0.0,1.0,6.358
Tel,MID,Tottenham,6.0,0.4,10,1.898,,1.898,model,2.528,0.021,0.09,0.0,1.0,8.358
Steele,GK,Brighton,4.0,4.5,10,1.891,,1.891,model,2.342,0.0,0.894,0.0,1.0,6.51
Lukić,MID,Fulham,5.0,0.1,10,1.891,,1.891,model,2.402,0.021,0.154,0.0,2.0,8.358
Rodríguez,FWD,Bournemouth,6.0,0.3,10,1.886,,1.886,model,3.94,0.015,0.0,0.0,0.0,9.435
Nwaneri,MID,Arsenal,5.5,0.0,10,1.884,,1.884,model,3.052,0.001,0.086,0.0,1.0,7.358
Amass,DEF,Man United,4.0,0.2,10,1.884,,1.884,model,3.265,0.346,0.567,0.0,0.0,8.358
Kinsky,GK,Tottenham,4.5,19.2,10,1.882,,1.882,model,2.246,0.0,0.726,0.0,1.0,6.51
Kudus,MID,Tottenham,6.5,0.2,10,1.88,,1.88,model,2.726,0.002,0.107,0.0,2.0,8.358
Walle Egeli,FWD,Ipswich,4.5,2.1,10,1.879,,1.879,model,3.039,0.015,0.0,0.0,2.0,7.353
Cook,MID,Bournemouth,5.0,0.1,10,1.873,,1.873,model,2.314,0.025,0.161,0.0,2.0,6.627
Elanga,MID,Newcastle,6.0,0.7,10,1.87,,1.87,model,2.379,0.0,0.108,0.0,1.0,8.358
Andrews,MID,Coventry,4.5,0.7,10,1.863,,1.863,model,2.692,0.175,0.109,0.0,2.0,8.358
Scarlett,FWD,Tottenham,4.5,1.7,10,1.86,,1.86,model,3.289,0.019,0.0,0.0,2.0,7.353
Arrizabalaga,GK,Arsenal,5.0,0.1,10,1.85,,1.85,model,2.866,0.0,1.091,0.0,0.0,6.51
Alleyne,DEF,Man City,5.0,0.0,10,1.85,,1.85,model,3.551,0.179,0.644,0.0,0.0,8.358
Kipré,DEF,Ipswich,4.0,0.4,10,1.843,,1.843,model,2.841,0.614,0.352,0.0,0.0,7.358
Georginio,FWD,Brighton,5.5,0.8,10,1.842,,1.842,model,2.587,0.005,0.0,0.0,1.0,7.353
Muniz,FWD,Fulham,5.5,0.7,10,1.839,,1.839,model,2.62,0.001,0.0,0.0,1.0,7.353
Martinez,GK,Aston Villa,5.0,4.8,10,1.837,,1.837,model,1.998,0.0,0.637,0.0,1.0,6.51
O'Shea,DEF,Ipswich,4.0,1.9,10,1.829,,1.829,model,2.35,0.0,0.596,0.0,1.0,6.358
Nketiah,FWD,Crystal Palace,5.5,0.5,10,1.823,,1.823,model,2.547,0.001,0.0,0.0,1.0,7.353
J.Araujo,DEF,Bournemouth,4.5,0.1,10,1.816,,1.816,model,3.193,0.311,0.558,0.0,0.0,8.358
Mount,MID,Man United,5.5,0.1,10,1.814,,1.814,model,2.871,0.027,0.077,0.0,1.0,8.358
Crooks,MID,Hull,4.5,0.7,10,1.807,,1.807,model,2.48,0.155,0.038,0.0,2.0,8.358
Hutchinson,MID,Nott'm Forest,5.5,0.2,10,1.8,,1.8,model,2.153,0.001,0.095,0.0,2.0,6.627
Chiesa,MID,Liverpool,5.5,0.2,10,1.798,,1.798,model,2.918,0.036,0.04,0.0,1.0,7.358
Gallagher,MID,Tottenham,5.5,0.2,10,1.797,,1.797,model,2.413,0.201,0.101,0.0,1.0,7.627
Howell,MID,Brighton,4.5,0.3,10,1.795,,1.795,model,3.092,0.175,0.143,0.0,0.0,8.358
Piroe,FWD,Leeds,5.0,0.5,10,1.79,,1.79,model,3.547,0.015,0.0,0.0,0.0,7.353
Alcaraz,MID,Everton,5.0,0.1,10,1.79,,1.79,model,2.812,0.011,0.106,0.0,1.0,8.358
Maeda,MID,Ipswich,5.5,0.4,10,1.785,,1.785,model,2.981,0.16,0.086,0.0,2.0,8.358
M.Sarr,DEF,Chelsea,4.5,0.1,10,1.779,,1.779,model,2.98,0.289,0.562,0.0,0.0,8.358
Lucky,DEF,Liverpool,4.0,0.1,10,1.776,,1.776,model,3.132,0.382,0.495,0.0,0.0,8.358
Hudson-Odoi,MID,Nott'm Forest,6.0,0.0,10,1.767,,1.767,model,2.274,0.001,0.091,0.0,1.0,6.627
Digne,DEF,Aston Villa,4.5,1.4,10,1.763,,1.763,model,2.529,0.01,0.447,0.0,1.0,6.358
Nørgaard,MID,Everton,5.0,0.5,10,1.757,,1.757,model,2.646,0.0,0.161,0.0,1.0,8.358
Yates,MID,Nott'm Forest,4.5,7.1,10,1.755,,1.755,model,1.904,0.007,0.089,0.0,1.0,5.627
Tanaka,MID,Leeds,5.0,0.3,10,1.745,,1.745,model,2.561,0.18,0.093,0.0,1.0,7.627
Souza,DEF,Tottenham,4.0,0.3,10,1.744,,1.744,model,2.807,0.435,0.447,0.0,0.0,7.358
Lacey,MID,Man United,5.0,0.1,10,1.744,,1.744,model,3.536,0.133,0.121,0.0,0.0,8.358
N.Gonzalez,MID,Man City,5.5,0.1,10,1.733,,1.733,model,2.43,0.187,0.162,0.0,1.0,6.627
Oriola,MID,Brighton,4.5,0.2,10,1.73,,1.73,model,3.143,0.145,0.139,0.0,0.0,8.358
J.Ramsey,MID,Newcastle,5.0,0.4,10,1.723,,1.723,model,2.168,0.028,0.099,0.0,1.0,7.358
Janelt,MID,Brentford,5.0,0.1,10,1.723,,1.723,model,2.104,0.051,0.117,0.0,2.0,5.627
Nelson,MID,Arsenal,5.5,0.0,10,1.722,,1.722,model,3.228,0.023,0.061,0.0,1.0,7.358
Touré,MID,Newcastle,6.0,0.2,10,1.714,,1.714,model,3.209,0.181,0.105,0.0,0.0,8.358
Udogie,DEF,Tottenham,4.5,0.4,10,1.702,,1.702,model,2.283,0.028,0.536,0.0,1.0,6.358
Sanchez,DEF,Bournemouth,4.5,0.0,10,1.699,,1.699,model,3.104,0.334,0.514,0.0,0.0,8.358
Elliott,MID,Liverpool,5.5,0.1,10,1.699,,1.699,model,2.391,0.008,0.039,0.0,1.0,7.358
Coppola,DEF,Brighton,4.5,0.0,10,1.694,,1.694,model,3.095,0.281,0.542,0.0,0.0,8.358
Awoniyi,FWD,Nott'm Forest,5.5,0.4,10,1.692,,1.692,model,2.243,0.0,0.0,0.0,1.0,6.353
Furo,FWD,Brentford,4.5,0.9,10,1.684,,1.684,model,3.084,0.017,0.0,0.0,0.0,7.353
D.Essugo,MID,Chelsea,4.5,0.2,10,1.678,,1.678,model,3.022,0.165,0.131,0.0,0.0,8.358
Maatsen,DEF,Aston Villa,4.5,0.6,10,1.676,,1.676,model,2.479,0.061,0.321,0.0,1.0,7.358
King,MID,Fulham,5.5,0.1,10,1.676,,1.676,model,2.378,0.046,0.087,0.0,1.0,7.358
Mukasa,MID,Man City,4.5,0.1,10,1.673,,1.673,model,3.29,0.141,0.132,0.0,0.0,8.358
Kamara,MID,Aston Villa,5.0,0.1,10,1.672,,1.672,model,1.831,0.04,0.094,0.0,2.0,5.627
George,MID,Everton,5.5,0.1,10,1.669,,1.669,model,2.646,0.014,0.048,0.0,1.0,7.358
Nedeljkovic,DEF,Aston Villa,4.0,0.6,10,1.668,,1.668,model,2.654,0.357,0.381,0.0,0.0,6.64
Adingra,MID,Sunderland,5.0,0.3,10,1.667,,1.667,model,2.315,0.001,0.092,0.0,1.0,7.358
Bendito Mantato,MID,Man United,4.5,0.2,10,1.664,,1.664,model,3.161,0.138,0.123,0.0,0.0,8.358
Joelinton,MID,Newcastle,5.5,0.0,10,1.662,,1.662,model,2.403,0.051,0.109,0.0,1.0,8.358
Wilson,FWD,Brentford,5.5,0.4,10,1.658,,1.658,model,2.389,0.0,0.0,0.0,1.0,7.353
Vitor Reis,DEF,Man City,4.5,0.0,10,1.655,,1.655,model,3.11,0.159,0.571,0.0,0.0,7.358
Yohanna,MID,Brighton,5.0,0.1,10,1.652,,1.652,model,3.027,0.179,0.129,0.0,0.0,8.358
P.M.Sarr,MID,Tottenham,5.0,0.4,10,1.651,,1.651,model,2.074,0.056,0.088,0.0,1.0,5.677
Isidor,FWD,Sunderland,5.5,1.2,10,1.648,,1.648,model,2.369,0.001,0.0,0.0,1.0,7.353
Talbi,MID,Sunderland,5.5,0.2,10,1.645,,1.645,model,2.367,0.023,0.108,0.0,1.0,7.358
Lerma,MID,Crystal Palace,5.0,0.1,10,1.643,,1.643,model,2.03,0.054,0.107,0.0,1.0,5.627
Collyer,MID,Man United,5.0,0.0,10,1.641,,1.641,model,3.454,0.125,0.115,0.0,0.0,8.358
Hirst,FWD,Ipswich,5.0,0.4,10,1.639,,1.639,model,2.241,0.0,0.0,0.0,1.0,6.353
Quenda,MID,Chelsea,5.5,0.1,10,1.636,,1.636,model,3.108,0.157,0.121,0.0,0.0,8.358
Davies,DEF,Tottenham,4.0,0.8,10,1.633,,1.633,model,2.561,0.016,0.446,0.0,1.0,6.358
Barkley,MID,Aston Villa,5.0,0.2,10,1.632,,1.632,model,2.259,0.017,0.037,0.0,1.0,7.358
Palacios,MID,Fulham,5.5,0.1,10,1.632,,1.632,model,3.111,0.145,0.125,0.0,0.0,8.358
McConnell,MID,Liverpool,4.5,0.2,10,1.627,,1.627,model,3.002,0.144,0.126,0.0,0.0,8.358
Gannon-Doak,MID,Bournemouth,5.0,0.1,10,1.626,,1.626,model,3.159,0.141,0.133,0.0,0.0,8.358
Longstaff,MID,Leeds,5.0,0.2,10,1.625,,1.625,model,2.422,0.044,0.078,0.0,1.0,7.358
Mason-Clark,MID,Coventry,5.5,0.3,10,1.624,,1.624,model,2.777,0.142,0.093,0.0,0.0,5.627
Costinha,DEF,Brighton,4.5,0.0,10,1.617,,1.617,model,3.076,0.225,0.51,0.0,0.0,7.627
Hughes,DEF,Hull,4.0,0.9,10,1.617,,1.617,model,2.099,0.946,0.177,0.0,1.0,4.358
George Hemmings,MID,Aston Villa,4.5,0.3,10,1.615,,1.615,model,2.682,0.159,0.07,0.0,0.0,5.627
Phillips,DEF,Tottenham,4.5,0.1,10,1.606,,1.606,model,2.863,0.398,0.402,0.0,0.0,7.358
Neave,FWD,Newcastle,4.5,0.7,10,1.601,,1.601,model,3.121,0.012,0.0,0.0,0.0,7.353
Anselmino,DEF,Chelsea,4.5,0.0,10,1.595,,1.595,model,3.039,0.281,0.5,0.0,0.0,7.358
Tóth.A,MID,Bournemouth,5.0,0.0,10,1.592,,1.592,model,3.467,0.122,0.113,0.0,0.0,8.358
Heaven,DEF,Man United,4.5,0.3,10,1.589,,1.589,model,2.619,0.23,0.423,0.0,1.0,7.358
Diakité,DEF,Bournemouth,5.0,0.2,10,1.588,,1.588,model,2.568,0.375,0.472,0.0,0.0,7.896
Egan,DEF,Hull,4.0,1.2,10,1.587,,1.587,model,2.031,0.961,0.132,0.0,1.0,4.0
Smith,DEF,Bournemouth,4.5,0.1,10,1.587,,1.587,model,2.334,0.018,0.517,0.0,1.0,6.358
J.Fletcher,MID,Man United,5.0,0.0,10,1.586,,1.586,model,3.344,0.106,0.109,0.0,0.0,8.358
Núñez,MID,Ipswich,5.0,0.2,10,1.585,,1.585,model,2.94,0.119,0.076,0.0,0.0,8.358
Buonanotte,MID,Brighton,5.0,0.1,10,1.572,,1.572,model,2.792,0.001,0.064,0.0,1.0,8.358
Latibeaudiere,DEF,Coventry,4.0,0.1,10,1.571,,1.571,model,2.698,0.509,0.344,0.0,0.0,7.358
Monga,MID,Man City,5.0,0.0,10,1.569,,1.569,model,3.305,0.123,0.131,0.0,0.0,8.358
Mings,DEF,Aston Villa,4.5,0.2,10,1.568,,1.568,model,2.483,0.075,0.405,0.0,1.0,6.358
Echeverri,MID,Man City,5.0,0.0,10,1.568,,1.568,model,3.311,0.124,0.144,0.0,0.0,8.358
Steur,MID,Newcastle,5.0,0.1,10,1.563,,1.563,model,3.02,0.188,0.108,0.0,0.0,6.627
Mingueza,DEF,Crystal Palace,4.5,0.1,10,1.56,,1.56,model,2.88,0.268,0.429,0.0,0.0,7.358
Kovačić,MID,Man City,5.5,0.0,10,1.551,,1.551,model,2.611,0.001,0.111,0.0,1.0,7.358
Philogene,MID,Ipswich,5.5,0.2,10,1.548,,1.548,model,2.401,0.002,0.043,0.0,1.0,7.358
Bamba,MID,Newcastle,5.0,0.1,10,1.546,,1.546,model,3.088,0.193,0.098,0.0,0.0,5.0
Shepherd,MID,Coventry,4.5,0.3,10,1.545,,1.545,model,2.427,0.134,0.096,0.0,0.0,5.0
Ndoye,MID,Nott'm Forest,5.5,0.5,10,1.541,,1.541,model,2.051,0.087,0.066,0.0,1.0,5.627
Thomas-Asante,FWD,Coventry,5.0,0.9,10,1.54,,1.54,model,2.786,0.013,0.0,0.0,0.0,7.353
Kostoulas,FWD,Brighton,5.5,0.3,10,1.53,,1.53,model,2.553,0.014,0.0,0.0,1.0,6.353
Schuster,DEF,Brentford,4.5,0.1,10,1.528,,1.528,model,2.794,0.277,0.401,0.0,0.0,7.358
Greaves,DEF,Ipswich,4.0,0.5,10,1.527,,1.527,model,2.421,0.002,0.501,0.0,1.0,6.358
Rowswell,DEF,Tottenham,4.0,0.1,10,1.527,,1.527,model,2.684,0.397,0.382,0.0,0.0,7.358
Iroegbunam,MID,Everton,5.0,0.1,10,1.524,,1.524,model,2.081,0.155,0.13,0.0,1.0,5.0
Kevin,MID,Fulham,5.5,0.1,10,1.523,,1.523,model,2.023,0.042,0.057,0.0,1.0,5.627
Pau,DEF,Aston Villa,4.5,0.3,10,1.521,,1.521,model,2.294,0.031,0.413,0.0,1.0,6.358
Koumas,MID,Liverpool,5.0,0.0,10,1.521,,1.521,model,2.982,0.183,0.108,0.0,0.0,8.358
Tsimikas,DEF,Liverpool,5.0,0.1,10,1.518,,1.518,model,2.449,0.011,0.311,0.0,1.0,6.358
Brau,DEF,Coventry,4.0,0.1,10,1.517,,1.517,model,2.502,0.497,0.325,0.0,0.0,7.358
Sosa,DEF,Crystal Palace,4.5,0.0,10,1.516,,1.516,model,2.806,0.281,0.401,0.0,0.0,7.358
Tosin,DEF,Chelsea,4.5,0.2,10,1.514,,1.514,model,2.376,0.097,0.439,0.0,1.0,6.358
Byfield,DEF,Tottenham,4.0,0.1,10,1.51,,1.51,model,2.714,0.355,0.382,0.0,0.0,7.358
Mundle,MID,Sunderland,5.0,0.0,10,1.507,,1.507,model,1.839,0.026,0.032,0.0,1.0,5.627
Gelhardt,MID,Leeds,5.0,0.0,10,1.505,,1.505,model,3.126,0.126,0.117,0.0,0.0,8.358
Gittens,MID,Chelsea,6.0,0.1,10,1.503,,1.503,model,1.987,0.016,0.04,0.0,1.0,7.358
Doucouré,MID,Crystal Palace,5.0,0.1,10,1.503,,1.503,model,2.783,0.153,0.103,0.0,0.0,5.627
Nyoni,MID,Liverpool,5.0,0.1,10,1.501,,1.501,model,2.79,0.137,0.114,0.0,0.0,8.358
Emersonn,FWD,Ipswich,5.5,0.3,10,1.5,,1.5,model,3.041,0.011,0.0,0.0,0.0,7.353
Bindon,DEF,Nott'm Forest,4.0,0.2,10,1.494,,1.494,model,2.507,0.323,0.378,0.0,0.0,7.358
Seelt,DEF,Sunderland,4.5,0.0,10,1.493,,1.493,model,2.742,0.236,0.459,0.0,0.0,7.358
Livramento,DEF,Newcastle,5.0,0.1,10,1.488,,1.488,model,2.206,0.004,0.507,0.0,1.0,6.358
Mheuka,FWD,Chelsea,4.5,0.4,10,1.487,,1.487,model,2.978,0.014,0.0,0.0,0.0,7.353
Grimes,MID,Coventry,5.0,0.2,10,1.482,,1.482,model,2.532,0.141,0.092,0.0,0.0,5.0
Ajayi,DEF,Hull,4.0,0.7,10,1.48,,1.48,model,2.082,0.849,0.153,0.0,0.0,4.0
Cardines,DEF,Crystal Palace,4.5,0.0,10,1.477,,1.477,model,2.789,0.272,0.42,0.0,0.0,7.358
Esse,MID,Crystal Palace,5.0,0.1,10,1.477,,1.477,model,2.837,0.157,0.101,0.0,0.0,5.627
Simms,FWD,Coventry,5.0,0.6,10,1.473,,1.473,model,2.708,0.008,0.0,0.0,0.0,7.353
Akpom,FWD,Ipswich,5.0,0.5,10,1.471,,1.471,model,2.96,0.011,0.0,0.0,0.0,7.353
Bidwell,DEF,Coventry,4.0,0.1,10,1.468,,1.468,model,2.454,0.478,0.317,0.0,0.0,6.385
Torp,MID,Coventry,5.5,0.2,10,1.452,,1.452,model,2.569,0.121,0.087,0.0,0.0,5.627
Clarke,MID,Ipswich,5.5,0.3,10,1.449,,1.449,model,1.872,0.001,0.047,0.0,1.0,5.627
Guessand,MID,Aston Villa,5.5,0.0,10,1.447,,1.447,model,2.285,0.067,0.04,0.0,1.0,7.358
Abraham,FWD,Aston Villa,5.5,0.1,10,1.446,,1.446,model,2.136,0.001,0.0,0.0,1.0,6.353
Belloumi,MID,Hull,5.0,0.5,10,1.446,,1.446,model,1.91,0.149,0.036,0.0,2.0,4.0
Barco,MID,Chelsea,5.5,0.0,10,1.439,,1.439,model,2.907,0.137,0.115,0.0,0.0,7.627
M.França,MID,Crystal Palace,5.0,0.0,10,1.437,,1.437,model,2.927,0.129,0.095,0.0,0.0,5.627
Onyeka,MID,Coventry,5.0,0.2,10,1.436,,1.436,model,2.499,0.14,0.076,0.0,0.0,5.0
Kesler-Hayden,DEF,Coventry,4.0,0.1,10,1.431,,1.431,model,2.429,0.478,0.315,0.0,0.0,7.358
Drakes-Thomas,MID,Crystal Palace,4.5,0.1,10,1.429,,1.429,model,2.692,0.162,0.107,0.0,0.0,5.0
Travers,GK,Everton,5.0,0.1,10,1.427,,1.427,model,2.329,0.0,0.717,0.0,0.0,6.51
Borges Rodrigues,MID,Coventry,4.5,0.2,10,1.425,,1.425,model,2.338,0.133,0.088,0.0,0.0,5.0
Dowell,MID,Hull,4.5,0.5,10,1.424,,1.424,model,1.928,0.145,0.033,0.0,2.0,4.0
O.Richards,DEF,Nott'm Forest,4.0,0.2,10,1.423,,1.423,model,2.485,0.281,0.375,0.0,0.0,6.358
James,MID,Leeds,5.0,0.1,10,1.419,,1.419,model,2.155,0.015,0.045,0.0,1.0,7.358
Dominguez,MID,Nott'm Forest,5.0,0.1,10,1.417,,1.417,model,1.844,0.032,0.063,0.0,1.0,5.627
Giles,DEF,Hull,4.0,0.6,10,1.41,,1.41,model,2.028,0.849,0.147,0.0,0.0,4.0
Bailey,MID,Aston Villa,5.5,0.1,10,1.407,,1.407,model,2.115,0.004,0.033,0.0,1.0,5.627
Abbott,DEF,Nott'm Forest,4.0,0.2,10,1.407,,1.407,model,2.593,0.272,0.354,0.0,0.0,6.358
Mehmeti,MID,Ipswich,5.0,0.1,10,1.405,,1.405,model,2.794,0.105,0.081,0.0,0.0,5.0
Gray,MID,Tottenham,5.0,0.2,10,1.404,,1.404,model,1.693,0.013,0.1,0.0,1.0,3.0
Szmodics,MID,Ipswich,5.0,0.1,10,1.397,,1.397,model,2.482,0.0,0.04,0.0,1.0,8.358
Destan,FWD,Hull,4.5,2.5,10,1.396,,1.396,model,1.99,0.019,0.0,0.0,2.0,7.353
Gruev,MID,Leeds,5.0,0.0,10,1.396,,1.396,model,2.076,0.071,0.095,0.0,1.0,5.0
Gomez,DEF,Liverpool,5.0,0.1,10,1.396,,1.396,model,2.185,0.054,0.285,0.0,1.0,6.358
Willock,MID,Newcastle,5.0,0.1,10,1.389,,1.389,model,1.894,0.009,0.057,0.0,1.0,5.627
Acheampong,DEF,Chelsea,4.5,0.2,10,1.386,,1.386,model,2.363,0.091,0.343,0.0,1.0,6.358
Gnonto,MID,Leeds,5.0,0.1,10,1.383,,1.383,model,1.948,0.059,0.035,0.0,1.0,5.0
Carvalho,MID,Brentford,5.0,0.0,10,1.382,,1.382,model,1.999,0.001,0.01,0.0,1.0,7.358
Horníček,GK,Newcastle,5.0,0.3,10,1.378,,1.378,model,2.074,0.0,0.603,0.0,0.0,6.51
J.Cuenca,DEF,Fulham,4.5,0.0,10,1.375,,1.375,model,2.346,0.219,0.356,0.0,0.0,6.358
Ogbene,MID,Ipswich,5.0,0.0,10,1.372,,1.372,model,2.625,0.118,0.067,0.0,0.0,5.627
J.Rak-Sakyi,MID,Crystal Palace,5.0,0.0,10,1.369,,1.369,model,2.875,0.132,0.088,0.0,0.0,5.0
Alysson,MID,Aston Villa,5.0,0.0,10,1.369,,1.369,model,2.714,0.149,0.066,0.0,0.0,5.0
McBurnie,FWD,Hull,5.5,1.7,10,1.358,,1.358,model,2.0,0.012,0.0,0.0,2.0,5.627
Moore,MID,Tottenham,5.0,0.1,10,1.357,,1.357,model,2.545,0.151,0.088,0.0,0.0,5.0
Lewis-Skelly,MID,Arsenal,5.5,0.3,10,1.357,,1.357,model,1.877,0.001,0.178,0.0,1.0,3.0
Morato,DEF,Nott'm Forest,5.0,0.1,10,1.356,,1.356,model,2.097,0.18,0.248,0.0,1.0,6.358
Armstrong,MID,Everton,5.0,0.1,10,1.353,,1.353,model,2.394,0.059,0.065,0.0,1.0,7.358
Ji-soo,DEF,Brentford,4.5,0.0,10,1.351,,1.351,model,2.733,0.248,0.343,0.0,0.0,6.358
Bergvall,MID,Tottenham,5.5,0.2,10,1.348,,1.348,model,1.789,0.001,0.062,0.0,1.0,4.627
Coyle,DEF,Hull,4.0,0.5,10,1.34,,1.34,model,1.988,0.782,0.132,0.0,0.0,4.0
O'Riley,MID,Brighton,5.5,0.1,10,1.338,,1.338,model,2.421,0.001,0.068,0.0,1.0,7.358
Sakamoto,MID,Coventry,5.0,0.1,10,1.335,,1.335,model,2.39,0.13,0.082,0.0,0.0,5.0
Darlow,GK,Man United,4.5,0.1,10,1.332,,1.332,model,2.127,0.0,0.583,0.0,0.0,6.51
Fatawu,MID,Ipswich,5.5,0.3,10,1.33,,1.33,model,2.148,0.003,0.039,0.0,1.0,5.627
Cairney,MID,Fulham,5.0,0.0,10,1.308,,1.308,model,1.978,0.005,0.044,0.0,1.0,5.627
Al-Hamadi,FWD,Ipswich,5.0,0.2,10,1.306,,1.306,model,2.649,0.01,0.0,0.0,0.0,7.353
Iling Jr,MID,Aston Villa,5.0,0.0,10,1.305,,1.305,model,2.723,0.119,0.059,0.0,0.0,5.0
Dasilva,MID,Brentford,5.0,0.0,10,1.301,,1.301,model,2.625,0.117,0.089,0.0,0.0,5.0
Henry,DEF,Brentford,4.5,0.2,10,1.298,,1.298,model,1.8,0.047,0.32,0.0,1.0,6.358
Lecomte,GK,Fulham,4.0,1.4,10,1.296,,1.296,model,2.057,0.0,0.583,0.0,0.0,6.51
Jocelin.T,MID,Sunderland,5.0,0.0,10,1.295,,1.295,model,2.524,0.126,0.098,0.0,0.0,5.0
Perri,GK,Leeds,4.5,0.7,10,1.292,,1.292,model,2.114,0.0,0.586,0.0,0.0,6.51
King,GK,Everton,4.5,0.1,10,1.286,,1.286,model,2.206,0.0,0.669,0.0,0.0,6.51
Forster,GK,Bournemouth,4.0,3.1,10,1.267,,1.267,model,2.202,0.0,0.567,0.0,0.0,6.51
Schlager,MID,Nott'm Forest,5.0,0.1,10,1.264,,1.264,model,2.2,0.147,0.078,0.0,0.0,4.0
Eccles,MID,Coventry,5.0,0.0,10,1.259,,1.259,model,2.336,0.105,0.074,0.0,0.0,5.0
Woodman,GK,Liverpool,4.0,1.2,10,1.259,,1.259,model,2.036,0.0,0.571,0.0,0.0,6.51
Bettinelli,GK,Man City,4.5,0.0,10,1.256,,1.256,model,2.263,0.0,0.64,0.0,0.0,6.51
Boscagli,DEF,Brighton,4.5,0.1,10,1.243,,1.243,model,2.343,0.189,0.325,0.0,0.0,6.358
Tchaouna,MID,Coventry,5.5,0.1,10,1.235,,1.235,model,1.661,0.009,0.048,0.0,1.0,3.0
Hickey,DEF,Brentford,4.5,0.1,10,1.231,,1.231,model,1.863,0.1,0.215,0.0,1.0,5.358
Patterson,GK,Sunderland,4.0,1.0,10,1.228,,1.228,model,2.097,0.0,0.568,0.0,0.0,6.51
Kalimuendo,FWD,Nott'm Forest,5.5,0.1,10,1.227,,1.227,model,2.553,0.017,0.0,0.0,0.0,7.353
Marc Guiu,FWD,Chelsea,5.0,0.4,10,1.224,,1.224,model,2.126,0.0,0.0,0.0,1.0,6.353
Dibling,MID,Everton,5.5,0.1,10,1.222,,1.222,model,1.901,0.0,0.08,0.0,1.0,5.627
Tzimas,FWD,Brighton,5.5,0.0,10,1.213,,1.213,model,3.233,0.004,0.0,0.0,0.0,7.353
McAtee,MID,Nott'm Forest,5.5,0.1,10,1.212,,1.212,model,1.742,0.015,0.019,0.0,1.0,4.627
Phillips,MID,Man City,5.0,0.0,10,1.208,,1.208,model,2.112,0.0,0.111,0.0,0.0,4.677
Röhl,MID,Everton,5.0,0.1,10,1.206,,1.206,model,2.12,0.069,0.075,0.0,1.0,5.627
Burns,MID,Ipswich,5.0,0.1,10,1.193,,1.193,model,1.812,0.001,0.042,0.0,1.0,4.627
Devenny,MID,Crystal Palace,5.0,0.0,10,1.183,,1.183,model,1.931,0.012,0.037,0.0,1.0,4.627
Lavia,MID,Chelsea,5.0,0.0,10,1.181,,1.181,model,1.683,0.005,0.048,0.0,1.0,3.0
Dovin,GK,Coventry,4.0,2.6,10,1.177,,1.177,model,1.909,0.0,0.478,0.0,0.0,6.51
Matthews,GK,Crystal Palace,4.0,1.7,10,1.174,,1.174,model,1.908,0.0,0.489,0.0,0.0,6.51
Markelo,FWD,Coventry,5.0,0.1,10,1.168,,1.168,model,2.318,0.012,0.0,0.0,0.0,7.353
Rudoni,MID,Coventry,5.0,0.3,10,1.166,,1.166,model,2.457,0.103,0.066,0.0,0.0,4.0
Rigg,MID,Sunderland,5.0,0.1,10,1.153,,1.153,model,1.997,0.036,0.051,0.0,1.0,4.627
Jair Cunha,DEF,Nott'm Forest,4.5,0.4,10,1.14,,1.14,model,1.89,0.129,0.235,0.0,1.0,5.627
Angulo,MID,Sunderland,5.0,0.1,10,1.14,,1.14,model,2.06,0.002,0.058,0.0,1.0,4.646
Rushworth,GK,Coventry,4.5,0.9,10,1.127,,1.127,model,1.895,0.0,0.421,0.0,0.0,6.51
Morita,MID,Hull,5.0,0.1,10,1.124,,1.124,model,1.914,0.114,0.028,0.0,0.0,4.0
Johnson,DEF,Ipswich,4.0,0.1,10,1.123,,1.123,model,1.951,0.006,0.25,0.0,1.0,5.896
Mamardashvili,GK,Liverpool,5.0,0.2,10,1.122,,1.122,model,2.054,0.0,0.501,0.0,0.0,6.51
Heaton,GK,Man United,4.0,0.3,10,1.115,,1.115,model,2.121,0.0,0.517,0.0,0.0,6.51
B.Badiashile,DEF,Chelsea,4.5,0.0,10,1.112,,1.112,model,1.843,0.096,0.26,0.0,1.0,6.358
Millar,MID,Hull,5.0,0.1,10,1.103,,1.103,model,1.805,0.129,0.021,0.0,0.0,4.0
Emegha,FWD,Chelsea,5.0,0.2,10,1.1,,1.1,model,2.828,0.011,0.0,0.0,0.0,7.353
Penders,GK,Chelsea,4.5,0.1,10,1.097,,1.097,model,1.968,0.0,0.511,0.0,0.0,6.51
Taylor,MID,Ipswich,4.5,0.2,10,1.073,,1.073,model,1.151,0.0,0.001,0.0,1.0,1.0
McNair,DEF,Hull,4.0,0.1,10,1.072,,1.072,model,1.846,0.641,0.097,0.0,0.0,4.0
Ömür,MID,Hull,5.0,0.0,10,1.069,,1.069,model,1.886,0.116,0.018,0.0,0.0,4.0
McCarthy,DEF,Hull,4.0,0.1,10,1.059,,1.059,model,1.802,0.629,0.093,0.0,0.0,4.0
Endo,MID,Liverpool,5.0,0.0,10,1.058,,1.058,model,1.31,0.008,0.015,0.0,1.0,2.0
Dennis,GK,Bournemouth,4.0,0.2,10,1.055,,1.055,model,1.941,0.0,0.48,0.0,0.0,6.51
Bogarde,MID,Aston Villa,5.0,0.1,10,1.048,,1.048,model,1.288,0.005,0.044,0.0,1.0,3.0
Davies,GK,Liverpool,4.0,0.1,10,1.047,,1.047,model,1.89,0.0,0.46,0.0,0.0,6.51
Bakwa,MID,Nott'm Forest,5.5,0.0,10,1.042,,1.042,model,1.685,0.015,0.025,0.0,1.0,4.0
Akintola,MID,Hull,5.0,0.0,10,1.037,,1.037,model,1.791,0.113,0.018,0.0,0.0,4.0
Kamara,MID,Hull,5.0,0.0,10,1.035,,1.035,model,1.65,0.106,0.025,0.0,0.0,4.0
Igor,DEF,Brighton,4.5,0.1,10,1.031,,1.031,model,1.973,0.01,0.317,0.0,0.0,6.358
Netz,DEF,Nott'm Forest,4.5,0.0,10,1.023,,1.023,model,1.661,0.008,0.154,0.0,1.0,4.627
Wilson,GK,Coventry,4.5,0.6,10,1.018,,1.018,model,1.784,0.0,0.425,0.0,0.0,6.51
McNally,GK,Fulham,4.0,0.2,10,1.009,,1.009,model,1.932,0.0,0.46,0.0,0.0,6.51
Woolfenden,DEF,Coventry,4.0,0.2,10,1.0,,1.0,model,1.76,0.011,0.309,0.0,0.0,6.358
Chadi Riad,DEF,Crystal Palace,4.5,0.1,10,0.998,,0.998,model,2.026,0.092,0.27,0.0,0.0,6.358
Gillespie,GK,Newcastle,4.5,0.0,10,0.997,,0.997,model,1.9,0.0,0.449,0.0,0.0,6.51
Milambo,MID,Brentford,5.0,0.0,10,0.993,,0.993,model,2.423,0.083,0.072,0.0,0.0,4.0
Pecsi,GK,Liverpool,4.0,0.1,10,0.981,,0.981,model,1.863,0.0,0.434,0.0,0.0,6.51
Jaouen,GK,Newcastle,4.5,0.1,10,0.98,,0.98,model,1.821,0.0,0.401,0.0,0.0,6.51
Pinnock,DEF,Brentford,4.5,0.1,10,0.961,,0.961,model,1.998,0.009,0.343,0.0,0.0,6.358
Lindelöf,DEF,Aston Villa,4.5,0.2,10,0.961,,0.961,model,1.612,0.007,0.215,0.0,1.0,5.358
Valdimarsson,GK,Brentford,4.5,0.1,10,0.956,,0.956,model,1.908,0.0,0.394,0.0,0.0,6.51
Bornauw,DEF,Leeds,4.5,0.0,10,0.954,,0.954,model,1.923,0.123,0.189,0.0,0.0,5.358
Austin,GK,Tottenham,4.0,0.6,10,0.934,,0.934,model,1.765,0.0,0.365,0.0,0.0,5.51
Benitez,GK,Crystal Palace,4.5,0.1,10,0.922,,0.922,model,1.76,0.0,0.382,0.0,0.0,6.51
Patterson,DEF,Everton,4.5,0.0,10,0.91,,0.91,model,1.99,0.035,0.214,0.0,0.0,6.358
Jörgensen,GK,Chelsea,5.0,0.1,10,0.888,,0.888,model,1.81,0.0,0.374,0.0,0.0,6.51
Scherpen,GK,Ipswich,4.5,0.3,10,0.822,,0.822,model,1.578,0.0,0.281,0.0,0.0,5.51
Button,GK,Ipswich,4.0,0.5,10,0.803,,0.803,model,1.591,0.0,0.31,0.0,0.0,5.51
Kroupi.Jr,MID,Bournemouth,7.5,4.1,10,0.782,,0.782,model,1.966,0.0,0.003,0.0,0.0,4.627
Harrison,MID,Leeds,5.0,0.0,10,0.779,,0.779,model,1.357,0.0,0.004,0.0,1.0,1.0
Christie,MID,Bournemouth,5.0,0.0,10,0.777,,0.777,model,1.425,0.0,0.003,0.0,1.0,1.0
Odobert,MID,Tottenham,5.5,0.0,10,0.769,,0.769,model,1.175,0.0,0.003,0.0,1.0,1.0
Van Oevelen,GK,Ipswich,4.5,0.1,10,0.757,,0.757,model,1.643,0.0,0.266,0.0,0.0,5.51
Jacob,DEF,Hull,4.0,0.0,10,0.751,,0.751,model,1.637,0.431,0.08,0.0,0.0,4.0
Walton,GK,Ipswich,4.5,0.6,10,0.734,,0.734,model,1.686,0.0,0.262,0.0,0.0,5.51
Bradley,DEF,Liverpool,5.0,0.0,10,0.626,,0.626,model,1.117,0.001,0.012,0.0,0.0,1.0
L.Miley,MID,Newcastle,5.5,0.0,10,0.611,,0.611,model,1.041,0.002,0.001,0.0,0.0,1.0
Ugarte,MID,Man United,5.0,0.0,10,0.598,,0.598,model,1.147,0.003,0.003,0.0,0.0,1.0
Bayindir,GK,Man United,4.5,0.2,10,0.596,,0.596,model,1.595,0.0,0.262,0.0,0.0,5.51
Ekitiké,FWD,Liverpool,7.5,0.2,10,0.593,,0.593,model,1.452,0.0,0.0,0.0,0.0,2.0
Ellborg,GK,Sunderland,4.5,0.1,10,0.552,,0.552,model,1.619,0.0,0.233,0.0,0.0,4.51
Xavi,MID,Tottenham,6.0,0.0,10,0.532,,0.532,model,1.148,0.001,0.001,0.0,0.0,1.0
John,GK,Nott'm Forest,4.5,0.1,10,0.529,,0.529,model,1.419,0.0,0.191,0.0,0.0,2.0
Henderson,MID,Chelsea,5.0,0.0,10,0.512,,0.512,model,0.935,0.005,0.004,0.0,0.0,1.0
Mitoma,MID,Brighton,6.0,0.2,10,0.505,,0.505,model,1.318,0.0,0.005,0.0,0.0,1.0
Baleba,MID,Brighton,5.0,0.5,10,0.482,,0.482,model,0.947,0.001,0.003,0.0,0.0,1.0
Phillips,GK,Hull,4.0,2.0,10,0.454,,0.454,model,1.226,0.0,0.117,-1.0,0.0,2.0
Rodrigo,MID,Man City,6.5,0.1,10,0.386,,0.386,model,0.92,0.009,0.002,0.0,0.0,1.0
M.Bizot,GK,Aston Villa,4.5,0.1,10,0.37,,0.37,model,1.07,0.0,0.11,0.0,0.0,2.0
Lo-Tutala,GK,Hull,4.0,0.2,10,0.357,,0.357,model,1.134,0.0,0.108,0.0,0.0,2.0
Tzolakis,GK,Hull,4.5,0.1,10,0.357,,0.357,model,1.106,0.0,0.116,-0.05,0.0,2.0
Savona,DEF,Nott'm Forest,4.5,0.0,10,0.346,,0.346,model,0.836,0.001,0.009,0.0,0.0,1.0
Onana,MID,Aston Villa,5.0,0.0,10,0.334,,0.334,model,0.802,0.005,0.002,0.0,0.0,1.0
Kulusevski,MID,Tottenham,6.5,0.0,10,0.299,,0.299,model,0.945,0.0,0.003,0.0,0.0,1.0
Milosavljević,DEF,Bournemouth,5.0,0.1,10,0.289,,0.289,model,0.982,0.007,0.016,0.0,0.0,1.0
Fofana,DEF,Chelsea,5.0,0.0,10,0.284,,0.284,model,0.774,0.007,0.009,0.0,0.0,1.0
J.Timber,DEF,Arsenal,6.5,0.5,10,0.259,,0.259,model,1.229,0.001,0.025,0.0,0.0,1.0
De Ligt,DEF,Man United,5.0,0.0,10,0.208,,0.208,model,0.764,0.002,0.015,0.0,0.0,1.0
Gudmundsson,DEF,Leeds,4.5,0.4,10,0.173,,0.173,model,0.651,0.006,0.007,0.0,0.0,1.0
Saliba,DEF,Arsenal,6.0,0.5,10,0.157,,0.157,model,0.77,0.001,0.022,0.0,0.0,1.0
Garner,MID,Everton,6.0,0.6,10,0.085,,0.085,model,0.584,0.007,0.005,0.0,0.0,0.0
Andersen,DEF,Fulham,5.0,0.1,10,0.083,,0.083,model,0.559,0.005,0.016,0.0,0.0,0.0
Ferguson,FWD,Brighton,5.0,0.0,10,0.061,,0.061,model,1.117,0.0,0.0,0.0,0.0,0.0
Watson,MID,Brighton,5.0,0.0,10,0.05,,0.05,model,0.666,0.003,0.003,0.0,0.0,0.0
Bajcetic,MID,Liverpool,5.0,0.0,10,0.049,,0.049,model,0.604,0.003,0.004,0.0,0.0,0.0
Mateo Joseph,FWD,Leeds,4.5,0.2,10,0.048,,0.048,model,0.621,0.0,0.0,0.0,0.0,0.0
Danns,FWD,Liverpool,4.5,0.0,10,0.044,,0.044,model,0.569,0.001,0.0,0.0,0.0,0.0
Leoni,DEF,Liverpool,4.0,0.1,10,0.038,,0.038,model,0.486,0.006,0.006,0.0,0.0,0.0
Uche,FWD,Crystal Palace,5.0,0.0,10,0.033,,0.033,model,0.427,0.0,0.0,0.0,0.0,0.0
Jaros,GK,Liverpool,4.0,0.0,10,0.032,,0.032,model,0.369,0.0,0.012,0.0,0.0,0.0
Bassette,FWD,Coventry,4.5,0.4,10,0.031,,0.031,model,0.426,0.001,0.0,0.0,0.0,0.0
Matusiwa,MID,Ipswich,5.0,0.0,10,0.031,,0.031,model,0.343,0.004,0.002,0.0,0.0,0.0
Matazo,MID,Hull,4.5,0.0,10,0.029,,0.029,model,0.354,0.003,0.0,0.0,0.0,0.0
Zambrano,MID,Hull,4.5,0.4,10,0.028,,0.028,model,0.446,0.0,0.001,0.0,0.0,0.0
Henderson,GK,Crystal Palace,5.0,3.1,10,0.025,,0.025,model,0.334,0.0,0.012,0.0,0.0,0.0
Drameh,DEF,Hull,4.0,0.1,10,0.021,,0.021,model,0.26,0.015,0.001,0.0,0.0,0.0
Burstow,FWD,Hull,4.5,0.6,10,0.017,,0.017,model,0.185,0.0,0.0,0.0,0.0,0.0
Gyabi,MID,Hull,4.5,0.2,10,0.016,,0.016,model,0.252,0.001,0.0,0.0,0.0,0.0
Butland,GK,Hull,4.5,0.9,10,0.013,,0.013,model,0.208,0.0,0.003,0.0,0.0,0.0
Cartwright,GK,Hull,4.0,0.1,10,0.011,,0.011,model,0.239,0.0,0.005,0.0,0.0,0.0
